Day,Total_Posts,Total_Questions,Total_Answers,Active_Users,Total_Unanswered_Q,Total_Accepted_Q,Sum_Len_Q,Sum_CodeLen_Q,Sum_Len_A,Sum_CodeLen_A,Sum_Len_Unanswered_Q,Sum_CodeLen_Unanswered_Q,Sum_Len_Q_with_Accepted,Sum_CodeLen_Q_with_Accepted,Sum_Answers_on_Accepted_Q,Sum_Score,Sum_Views,Sum_Comments,Sum_Readability
2021-01-01T00:00:00.000000,722.0,317,405,474.0,66.0,189.0,451064.0,79167.0,566472.0,124415.0,118285.0,16599.0,263070.0,50601.0,265.0,1092.0,91160.0,1401.0,40601.04815138943
2021-01-02T00:00:00.000000,841.0,376,465,590.0,76.0,208.0,517220.0,95147.0,678188.0,150333.0,119424.0,20629.0,291314.0,55869.0,348.0,1402.0,111874.0,1700.0,48000.27062327721
2021-01-03T00:00:00.000000,823.0,389,434,604.0,71.0,207.0,522217.0,100312.0,715571.0,149140.0,115462.0,21982.0,276342.0,55539.0,330.0,1332.0,123000.0,1492.0,43800.558511616466
2021-01-04T00:00:00.000000,782.0,402,380,607.0,83.0,211.0,495522.0,91189.0,517930.0,118840.0,103695.0,17549.0,269054.0,53593.0,301.0,1116.0,117274.0,1476.0,44150.32497286125
2021-01-05T00:00:00.000000,792.0,425,367,622.0,86.0,233.0,536295.0,99034.0,490783.0,108829.0,110281.0,19680.0,301992.0,58686.0,340.0,1155.0,126517.0,1581.0,44440.39643391487
2021-01-06T00:00:00.000000,698.0,389,307,540.0,88.0,194.0,532164.0,110151.0,428013.0,81500.0,143042.0,32431.0,260486.0,57206.0,272.0,938.0,106342.0,1410.0,39779.337018742124
2021-01-07T00:00:00.000000,765.0,428,337,598.0,83.0,236.0,573286.0,108487.0,426059.0,99598.0,121255.0,18955.0,320692.0,65162.0,345.0,1306.0,156742.0,1414.0,42464.49083740996
2021-01-08T00:00:00.000000,681.0,372,309,538.0,72.0,203.0,477056.0,88733.0,497224.0,107977.0,102362.0,17874.0,252310.0,49407.0,308.0,939.0,93767.0,1282.0,37957.259317687494
2021-01-09T00:00:00.000000,646.0,375,271,504.0,79.0,225.0,488030.0,96399.0,367461.0,81781.0,125253.0,24395.0,283137.0,59942.0,329.0,889.0,100008.0,1348.0,37861.61418027341
2021-01-10T00:00:00.000000,604.0,364,240,501.0,86.0,190.0,474155.0,99098.0,343390.0,84102.0,136451.0,31536.0,222805.0,42275.0,286.0,889.0,151400.0,1171.0,33975.477690278996
2021-01-11T00:00:00.000000,686.0,408,278,555.0,96.0,194.0,509214.0,101400.0,388973.0,85184.0,135171.0,31781.0,245782.0,46783.0,281.0,1128.0,147570.0,1486.0,39866.91201113244
2021-01-12T00:00:00.000000,632.0,407,225,543.0,100.0,198.0,511259.0,90406.0,359273.0,97501.0,139987.0,23369.0,255460.0,45738.0,262.0,847.0,141331.0,1496.0,36774.090374966894
2021-01-13T00:00:00.000000,585.0,384,201,496.0,83.0,190.0,490276.0,84183.0,268498.0,58995.0,140857.0,22390.0,220221.0,42777.0,269.0,729.0,110235.0,1248.0,33773.14140113707
2021-01-14T00:00:00.000000,652.0,391,261,522.0,80.0,213.0,455089.0,89138.0,360691.0,74716.0,107565.0,23871.0,247922.0,48689.0,311.0,1118.0,145886.0,1304.0,36566.89260577689
2021-01-15T00:00:00.000000,611.0,391,220,516.0,95.0,208.0,466992.0,79519.0,341406.0,74010.0,124322.0,21890.0,250944.0,42626.0,309.0,804.0,110879.0,1304.0,34300.437866259235
2021-01-16T00:00:00.000000,528.0,344,184,417.0,78.0,172.0,443273.0,80852.0,263455.0,51540.0,102266.0,18830.0,218027.0,43300.0,233.0,652.0,87670.0,1143.0,28969.690690847958
2021-01-17T00:00:00.000000,579.0,386,193,480.0,79.0,202.0,480774.0,89442.0,287031.0,61147.0,97322.0,17971.0,256351.0,48276.0,270.0,850.0,98302.0,1195.0,32877.090737994775
2021-01-18T00:00:00.000000,623.0,406,215,505.0,92.0,214.0,492771.0,93117.0,301283.0,70529.0,120600.0,19240.0,247712.0,45938.0,331.0,866.0,116906.0,1361.0,30871.645218569618
2021-01-19T00:00:00.000000,641.0,437,204,539.0,88.0,236.0,489515.0,88848.0,286461.0,58024.0,111451.0,21510.0,266845.0,49696.0,346.0,874.0,113103.0,1320.0,36619.88062552502
2021-01-20T00:00:00.000000,599.0,398,201,519.0,97.0,199.0,493190.0,85415.0,261541.0,50482.0,132199.0,22871.0,258698.0,45419.0,290.0,690.0,109055.0,1283.0,34312.933424703944
2021-01-21T00:00:00.000000,585.0,372,213,497.0,86.0,194.0,451862.0,85692.0,290055.0,66314.0,124225.0,26708.0,231408.0,43743.0,269.0,857.0,149877.0,1072.0,32113.36139534382
2021-01-22T00:00:00.000000,521.0,360,161,449.0,92.0,175.0,471507.0,94902.0,241641.0,54438.0,150596.0,28850.0,224907.0,47897.0,260.0,639.0,90871.0,1074.0,29977.153859205504
2021-01-23T00:00:00.000000,484.0,332,152,401.0,60.0,167.0,386917.0,71039.0,193505.0,43050.0,78166.0,13873.0,211242.0,40673.0,237.0,670.0,95737.0,945.0,29052.125284213533
2021-01-24T00:00:00.000000,543.0,364,179,434.0,72.0,176.0,461582.0,89022.0,231713.0,42749.0,108572.0,22754.0,210051.0,38860.0,275.0,656.0,108430.0,1083.0,31745.74312118097
2021-01-25T00:00:00.000000,543.0,384,159,472.0,78.0,179.0,438223.0,87003.0,220523.0,50764.0,99292.0,22640.0,217647.0,44840.0,268.0,600.0,84782.0,1050.0,31966.173318342546
2021-01-26T00:00:00.000000,547.0,382,165,476.0,94.0,166.0,431111.0,80218.0,233115.0,54733.0,123494.0,23858.0,189332.0,36829.0,250.0,646.0,104916.0,1150.0,30874.10145460535
2021-01-27T00:00:00.000000,581.0,389,192,493.0,92.0,188.0,438123.0,83221.0,245922.0,47681.0,129931.0,24695.0,202571.0,39840.0,298.0,811.0,134337.0,1258.0,32967.89199902594
2021-01-28T00:00:00.000000,568.0,385,183,487.0,100.0,179.0,441749.0,83686.0,251194.0,66200.0,124921.0,24252.0,210217.0,41060.0,256.0,820.0,99796.0,1138.0,32171.597236299556
2021-01-29T00:00:00.000000,542.0,375,167,446.0,72.0,192.0,461559.0,93830.0,250055.0,50454.0,99562.0,24101.0,227196.0,42374.0,274.0,816.0,95793.0,1109.0,31254.13562293299
2021-01-30T00:00:00.000000,459.0,290,169,406.0,65.0,141.0,361863.0,71562.0,243501.0,53700.0,86753.0,16082.0,193545.0,41775.0,203.0,718.0,80828.0,852.0,25231.372601762523
2021-01-31T00:00:00.000000,491.0,351,140,407.0,91.0,164.0,424731.0,83079.0,185140.0,40391.0,122011.0,21982.0,201155.0,43592.0,237.0,648.0,84287.0,964.0,28426.215638109694
2021-02-01T00:00:00.000000,518.0,355,163,448.0,73.0,189.0,439330.0,85112.0,218348.0,48351.0,112413.0,21305.0,216210.0,41795.0,285.0,757.0,100997.0,1106.0,30120.781330271857
2021-02-02T00:00:00.000000,549.0,362,187,460.0,69.0,180.0,428769.0,77817.0,264553.0,58784.0,106250.0,19749.0,215895.0,39594.0,251.0,826.0,101996.0,1117.0,31843.348387999267
2021-02-03T00:00:00.000000,588.0,414,174,507.0,91.0,195.0,464893.0,86888.0,249631.0,50854.0,108851.0,19733.0,237434.0,47458.0,284.0,696.0,114553.0,1230.0,34800.578393371245
2021-02-04T00:00:00.000000,533.0,379,154,463.0,79.0,191.0,428977.0,76826.0,257678.0,57859.0,109422.0,19318.0,217284.0,39882.0,259.0,643.0,131309.0,1217.0,32079.22731294789
2021-02-05T00:00:00.000000,514.0,360,154,431.0,90.0,174.0,420427.0,75226.0,220782.0,44812.0,101924.0,17956.0,203914.0,39629.0,240.0,665.0,93163.0,1052.0,28980.113090105984
2021-02-06T00:00:00.000000,453.0,294,159,394.0,71.0,141.0,363635.0,61236.0,250013.0,51338.0,101030.0,17769.0,173578.0,29123.0,203.0,681.0,139499.0,993.0,25829.73091454724
2021-02-07T00:00:00.000000,487.0,331,156,404.0,63.0,185.0,385250.0,72673.0,250835.0,63829.0,79020.0,14507.0,211050.0,38813.0,285.0,675.0,96868.0,1031.0,29002.125188765913
2021-02-08T00:00:00.000000,515.0,365,148,444.0,95.0,167.0,427491.0,78209.0,205857.0,45524.0,134960.0,22717.0,183114.0,36864.0,242.0,658.0,94556.0,1029.0,28563.233387381133
2021-02-09T00:00:00.000000,511.0,354,157,437.0,69.0,171.0,404175.0,73908.0,232116.0,42835.0,90257.0,15721.0,192397.0,35330.0,253.0,599.0,121968.0,1024.0,28174.472175420717
2021-02-10T00:00:00.000000,570.0,395,175,469.0,87.0,189.0,435143.0,76186.0,256756.0,54893.0,107068.0,21129.0,211643.0,35958.0,268.0,638.0,124744.0,1181.0,31262.410304469955
2021-02-11T00:00:00.000000,505.0,373,132,437.0,86.0,193.0,448397.0,84718.0,173502.0,37661.0,128543.0,25406.0,215825.0,39108.0,273.0,677.0,102612.0,994.0,28164.988155970575
2021-02-12T00:00:00.000000,464.0,330,134,405.0,68.0,175.0,378246.0,72320.0,168576.0,34229.0,72606.0,11899.0,219263.0,44508.0,245.0,604.0,84278.0,921.0,26362.762187809618
2021-02-13T00:00:00.000000,422.0,283,139,349.0,70.0,147.0,315491.0,52700.0,241480.0,57050.0,95168.0,17936.0,161036.0,27045.0,199.0,618.0,77518.0,958.0,24819.288097549426
2021-02-14T00:00:00.000000,426.0,289,137,363.0,64.0,142.0,350939.0,67036.0,183232.0,50343.0,94374.0,13267.0,171623.0,35385.0,216.0,558.0,84232.0,820.0,24737.571161569693
2021-02-15T00:00:00.000000,416.0,314,102,366.0,80.0,145.0,356145.0,65956.0,172636.0,46295.0,116461.0,19862.0,158972.0,33528.0,191.0,540.0,78350.0,919.0,24103.40362142108
2021-02-16T00:00:00.000000,518.0,357,161,422.0,88.0,173.0,412612.0,76062.0,244577.0,63887.0,106151.0,20053.0,209477.0,38612.0,232.0,637.0,89939.0,1074.0,28417.966261068967
2021-02-17T00:00:00.000000,494.0,335,157,412.0,75.0,163.0,398704.0,70336.0,247218.0,53858.0,97481.0,19782.0,174774.0,28974.0,228.0,678.0,104792.0,959.0,28279.165145500876
2021-02-18T00:00:00.000000,464.0,326,138,410.0,77.0,139.0,370702.0,63004.0,188695.0,42757.0,116975.0,18522.0,142024.0,23245.0,192.0,589.0,93214.0,999.0,26076.19807095375
2021-02-19T00:00:00.000000,464.0,321,143,393.0,78.0,153.0,408951.0,70102.0,188676.0,45456.0,109655.0,20579.0,201622.0,36046.0,235.0,650.0,78613.0,990.0,27452.487405068547
2021-02-20T00:00:00.000000,447.0,305,142,399.0,73.0,152.0,351414.0,60857.0,183399.0,48579.0,94387.0,15484.0,170339.0,28689.0,223.0,541.0,81418.0,988.0,25050.499692310234
2021-02-21T00:00:00.000000,385.0,286,99,323.0,65.0,152.0,354964.0,64215.0,169902.0,38653.0,93015.0,19144.0,191605.0,31629.0,221.0,605.0,76196.0,926.0,21318.255929050054
2021-02-22T00:00:00.000000,479.0,346,133,403.0,87.0,178.0,418536.0,74979.0,200978.0,38240.0,115577.0,19912.0,219505.0,43050.0,242.0,549.0,84315.0,1036.0,26842.617256638012
2021-02-23T00:00:00.000000,437.0,320,117,375.0,70.0,156.0,379890.0,66310.0,152843.0,38704.0,94729.0,17551.0,182881.0,33145.0,227.0,539.0,105418.0,889.0,23029.881849791127
2021-02-24T00:00:00.000000,487.0,347,140,409.0,72.0,181.0,430828.0,87328.0,179295.0,39347.0,98162.0,20387.0,224612.0,47980.0,264.0,597.0,104712.0,1015.0,27791.686393137385
2021-02-25T00:00:00.000000,472.0,337,135,409.0,86.0,142.0,376870.0,65200.0,184730.0,41066.0,117051.0,19885.0,151247.0,27987.0,211.0,493.0,81472.0,1052.0,28723.67538175421
2021-02-26T00:00:00.000000,464.0,318,146,387.0,98.0,137.0,353876.0,65249.0,216816.0,42562.0,133238.0,23815.0,145069.0,25136.0,194.0,536.0,94580.0,1030.0,26141.029517649116
2021-02-27T00:00:00.000000,371.0,258,113,331.0,77.0,118.0,298417.0,56066.0,140682.0,31729.0,109565.0,24423.0,133591.0,23111.0,165.0,454.0,89393.0,753.0,20749.811598388875
2021-02-28T00:00:00.000000,413.0,284,129,347.0,68.0,145.0,349749.0,64167.0,184464.0,42499.0,105334.0,15035.0,154886.0,29217.0,201.0,565.0,76075.0,914.0,23532.534943351406
2021-03-01T00:00:00.000000,482.0,355,127,404.0,97.0,172.0,437368.0,83484.0,189370.0,56793.0,142639.0,32822.0,206213.0,37285.0,243.0,600.0,99220.0,1044.0,28098.43041505067
2021-03-02T00:00:00.000000,528.0,371,157,435.0,87.0,161.0,429075.0,74946.0,192714.0,42568.0,122209.0,19553.0,184613.0,33035.0,240.0,691.0,104346.0,1183.0,29947.6375038142
2021-03-03T00:00:00.000000,480.0,364,116,408.0,77.0,179.0,450117.0,87737.0,167642.0,37647.0,99652.0,21453.0,223410.0,45065.0,260.0,489.0,104884.0,957.0,28575.310495541617
2021-03-04T00:00:00.000000,544.0,395,149,471.0,92.0,196.0,451559.0,88890.0,186735.0,43756.0,123144.0,24405.0,220068.0,42850.0,286.0,632.0,102671.0,1042.0,31304.459153999243
2021-03-05T00:00:00.000000,491.0,358,133,416.0,96.0,186.0,445773.0,84101.0,160315.0,36482.0,114850.0,20881.0,241150.0,49067.0,254.0,590.0,121902.0,1032.0,27195.067308928246
2021-03-06T00:00:00.000000,382.0,284,98,324.0,64.0,148.0,314619.0,59471.0,184645.0,41909.0,66016.0,11193.0,176616.0,35805.0,208.0,437.0,77329.0,759.0,21249.353876697896
2021-03-07T00:00:00.000000,394.0,292,102,345.0,61.0,156.0,334899.0,64683.0,145326.0,33383.0,66937.0,14852.0,189944.0,35710.0,230.0,483.0,82392.0,811.0,23245.97785424251
2021-03-08T00:00:00.000000,402.0,298,104,361.0,78.0,130.0,357863.0,67298.0,158000.0,34226.0,107395.0,19263.0,150172.0,25836.0,193.0,480.0,76102.0,963.0,22974.54874807401
2021-03-09T00:00:00.000000,481.0,364,117,423.0,98.0,161.0,433930.0,81361.0,178705.0,43003.0,133301.0,23296.0,183631.0,35347.0,231.0,568.0,95300.0,1038.0,28025.43492990973
2021-03-10T00:00:00.000000,530.0,388,142,449.0,94.0,195.0,454838.0,80172.0,201245.0,52781.0,137635.0,24985.0,228145.0,43020.0,274.0,629.0,116737.0,1083.0,30359.29782411553
2021-03-11T00:00:00.000000,500.0,347,152,417.0,84.0,155.0,416492.0,74128.0,217867.0,54138.0,125429.0,22157.0,176367.0,31728.0,231.0,637.0,94174.0,1040.0,28714.911801127007
2021-03-12T00:00:00.000000,445.0,304,141,368.0,90.0,134.0,344257.0,65721.0,186978.0,38827.0,104919.0,17244.0,162757.0,35520.0,178.0,680.0,76280.0,1031.0,25174.322673242154
2021-03-13T00:00:00.000000,489.0,330,159,391.0,72.0,165.0,362304.0,63178.0,224923.0,46600.0,97862.0,16675.0,170606.0,31337.0,240.0,565.0,108198.0,954.0,29261.5907103166
2021-03-14T00:00:00.000000,437.0,298,139,368.0,65.0,145.0,342025.0,61623.0,211360.0,45209.0,83381.0,15288.0,168719.0,28767.0,219.0,479.0,82547.0,871.0,26014.510024347994
2021-03-15T00:00:00.000000,458.0,322,136,387.0,78.0,153.0,391570.0,81120.0,202670.0,48945.0,123418.0,28388.0,170282.0,34136.0,225.0,585.0,95950.0,1066.0,27114.10585070053
2021-03-16T00:00:00.000000,421.0,306,115,373.0,64.0,138.0,360097.0,62895.0,151121.0,30066.0,91750.0,16755.0,153512.0,22103.0,211.0,519.0,86487.0,927.0,24733.730515471554
2021-03-17T00:00:00.000000,477.0,340,137,419.0,70.0,161.0,388122.0,73580.0,210248.0,50866.0,81403.0,14127.0,196986.0,40836.0,213.0,495.0,78775.0,946.0,28527.043774555023
2021-03-18T00:00:00.000000,487.0,322,165,411.0,65.0,145.0,372462.0,72903.0,200480.0,42322.0,96072.0,19095.0,166811.0,31950.0,208.0,514.0,89922.0,868.0,28542.826293799844
2021-03-19T00:00:00.000000,418.0,300,118,351.0,73.0,130.0,346309.0,67762.0,173158.0,36772.0,105983.0,21920.0,146783.0,28543.0,196.0,466.0,70956.0,820.0,23896.311747459713
2021-03-20T00:00:00.000000,415.0,297,118,351.0,73.0,142.0,352663.0,69116.0,150606.0,34461.0,89861.0,20759.0,175511.0,32857.0,202.0,440.0,91224.0,852.0,24452.315646499017
2021-03-21T00:00:00.000000,395.0,284,111,337.0,71.0,144.0,335920.0,65052.0,181690.0,50575.0,92208.0,18263.0,177074.0,35413.0,206.0,521.0,63847.0,786.0,21796.58986980285
2021-03-22T00:00:00.000000,405.0,300,105,352.0,80.0,146.0,366593.0,72087.0,165597.0,36961.0,114373.0,22871.0,183049.0,34699.0,189.0,442.0,82435.0,926.0,23241.70534585998
2021-03-23T00:00:00.000000,424.0,301,123,377.0,70.0,149.0,378450.0,74243.0,175279.0,34421.0,104550.0,20971.0,184939.0,36153.0,208.0,545.0,73982.0,898.0,24283.944268112973
2021-03-24T00:00:00.000000,421.0,281,140,354.0,63.0,137.0,319400.0,63597.0,205275.0,52065.0,80771.0,15597.0,143637.0,26573.0,190.0,516.0,80256.0,881.0,22313.178387302014
2021-03-25T00:00:00.000000,427.0,312,115,377.0,76.0,163.0,339278.0,57997.0,196641.0,47270.0,95713.0,14626.0,177577.0,33456.0,218.0,512.0,80868.0,839.0,23316.39598888611
2021-03-26T00:00:00.000000,385.0,278,105,333.0,60.0,138.0,319467.0,65359.0,140627.0,39338.0,73110.0,16383.0,169162.0,35541.0,199.0,475.0,101384.0,840.0,21305.435665559675
2021-03-27T00:00:00.000000,315.0,231,84,276.0,48.0,113.0,264629.0,46375.0,109705.0,23178.0,66749.0,12963.0,123006.0,21326.0,154.0,410.0,75190.0,748.0,17414.35633749866
2021-03-28T00:00:00.000000,358.0,255,103,307.0,60.0,135.0,344734.0,62286.0,150032.0,47917.0,87003.0,15543.0,196307.0,36113.0,201.0,497.0,67649.0,740.0,19417.63157802732
2021-03-29T00:00:00.000000,406.0,291,115,344.0,71.0,134.0,348209.0,66074.0,209304.0,65744.0,87032.0,16288.0,164771.0,32365.0,206.0,554.0,77203.0,933.0,23096.65380175594
2021-03-30T00:00:00.000000,431.0,315,116,382.0,80.0,154.0,388789.0,74698.0,138500.0,24697.0,112897.0,19960.0,199622.0,41586.0,232.0,523.0,89459.0,984.0,24681.886094170513
2021-03-31T00:00:00.000000,444.0,316,128,373.0,87.0,133.0,370709.0,63993.0,149982.0,28733.0,110507.0,19584.0,163111.0,28721.0,204.0,587.0,85891.0,847.0,24129.816117295042
2021-04-01T00:00:00.000000,411.0,294,117,342.0,77.0,142.0,382398.0,79607.0,159132.0,32532.0,131822.0,26779.0,159192.0,33551.0,228.0,518.0,82555.0,890.0,23355.875443560602
2021-04-02T00:00:00.000000,412.0,288,124,346.0,66.0,150.0,375386.0,68048.0,131016.0,33235.0,86525.0,13285.0,199014.0,34871.0,211.0,535.0,84178.0,839.0,22062.568703492412
2021-04-03T00:00:00.000000,388.0,253,135,305.0,57.0,123.0,300196.0,53094.0,169219.0,40484.0,74354.0,11515.0,146277.0,29216.0,170.0,449.0,70570.0,706.0,21115.376088220215
2021-04-04T00:00:00.000000,335.0,252,83,288.0,70.0,121.0,300825.0,50304.0,130391.0,27187.0,96562.0,16260.0,133176.0,23503.0,168.0,412.0,63471.0,738.0,19206.12202154493
2021-04-05T00:00:00.000000,430.0,305,125,361.0,70.0,163.0,365981.0,68997.0,186062.0,43379.0,92307.0,19157.0,186344.0,33357.0,243.0,462.0,94596.0,832.0,24534.54341464402
2021-04-06T00:00:00.000000,375.0,289,86,326.0,74.0,138.0,338956.0,59943.0,131034.0,27525.0,86729.0,17280.0,162313.0,27180.0,184.0,468.0,79666.0,762.0,21069.45443528881
2021-04-07T00:00:00.000000,456.0,346,110,406.0,76.0,171.0,409685.0,73142.0,169460.0,31903.0,105576.0,17021.0,207749.0,38232.0,240.0,574.0,79012.0,969.0,26583.42439855687
2021-04-08T00:00:00.000000,428.0,309,119,364.0,73.0,144.0,357370.0,64923.0,151645.0,30388.0,92466.0,15803.0,169319.0,33409.0,193.0,498.0,96462.0,1004.0,26205.304926660472
2021-04-09T00:00:00.000000,397.0,289,108,359.0,64.0,136.0,336087.0,62307.0,127035.0,24292.0,86859.0,16951.0,157092.0,31988.0,216.0,473.0,67715.0,870.0,23501.798904793737
2021-04-10T00:00:00.000000,384.0,267,117,320.0,72.0,135.0,353011.0,68673.0,163021.0,35633.0,107420.0,20865.0,183181.0,37565.0,210.0,544.0,81277.0,801.0,21466.999818855158
2021-04-11T00:00:00.000000,369.0,275,94,326.0,58.0,141.0,313000.0,51995.0,121816.0,24028.0,68505.0,12657.0,165599.0,29751.0,200.0,479.0,77118.0,830.0,21172.114092144595
2021-04-12T00:00:00.000000,421.0,306,115,373.0,71.0,149.0,341026.0,58108.0,163221.0,35773.0,97020.0,15234.0,144208.0,26489.0,228.0,466.0,93857.0,943.0,24477.214938048
2021-04-13T00:00:00.000000,406.0,296,110,361.0,79.0,146.0,372226.0,68362.0,174427.0,34622.0,122059.0,23399.0,161951.0,29272.0,223.0,529.0,90627.0,875.0,23847.714115551495
2021-04-14T00:00:00.000000,400.0,304,96,363.0,71.0,158.0,349828.0,66688.0,133159.0,27336.0,79086.0,15217.0,192118.0,37379.0,220.0,484.0,84022.0,763.0,22746.317793290254
2021-04-15T00:00:00.000000,416.0,297,119,365.0,75.0,144.0,360309.0,61602.0,173073.0,34194.0,110286.0,19245.0,148418.0,26260.0,202.0,551.0,94322.0,942.0,22094.47851176207
2021-04-16T00:00:00.000000,366.0,269,97,333.0,69.0,125.0,294963.0,53678.0,133162.0,27101.0,75688.0,13153.0,149553.0,28623.0,172.0,454.0,76960.0,850.0,20386.801472363586
2021-04-17T00:00:00.000000,385.0,275,110,317.0,60.0,129.0,288392.0,53166.0,153820.0,27499.0,57224.0,8767.0,150108.0,29681.0,181.0,430.0,70517.0,841.0,21691.59710200545
2021-04-18T00:00:00.000000,399.0,303,96,343.0,69.0,145.0,334933.0,58091.0,114696.0,21597.0,74927.0,11359.0,153103.0,29569.0,201.0,424.0,67753.0,825.0,22677.934420181722
2021-04-19T00:00:00.000000,446.0,338,108,397.0,92.0,141.0,355804.0,64140.0,146678.0,28682.0,110520.0,15825.0,148250.0,29957.0,211.0,478.0,91258.0,925.0,24665.341635061606
2021-04-20T00:00:00.000000,394.0,296,98,363.0,87.0,127.0,342422.0,60827.0,125385.0,32659.0,107412.0,18128.0,145454.0,27006.0,188.0,519.0,76912.0,917.0,22788.731350695834
2021-04-21T00:00:00.000000,393.0,296,97,350.0,60.0,154.0,373574.0,73718.0,158992.0,32109.0,69845.0,13140.0,224403.0,47151.0,209.0,478.0,70023.0,845.0,22198.590591169672
2021-04-22T00:00:00.000000,426.0,306,120,377.0,72.0,140.0,375113.0,73526.0,191219.0,46604.0,103301.0,20160.0,148878.0,29215.0,203.0,517.0,75488.0,947.0,24117.4612488461
2021-04-23T00:00:00.000000,348.0,260,88,310.0,59.0,122.0,306410.0,50381.0,142753.0,34889.0,83936.0,12766.0,136325.0,22864.0,182.0,440.0,62840.0,821.0,19534.189659370684
2021-04-24T00:00:00.000000,325.0,251,74,270.0,64.0,113.0,299872.0,58127.0,108089.0,18822.0,84561.0,17876.0,128687.0,25883.0,168.0,347.0,56534.0,724.0,18725.892455134504
2021-04-25T00:00:00.000000,343.0,257,86,296.0,64.0,125.0,332429.0,65430.0,128285.0,38321.0,107674.0,26360.0,151600.0,27614.0,185.0,481.0,74661.0,682.0,19042.318262356555
2021-04-26T00:00:00.000000,355.0,265,90,320.0,56.0,121.0,312177.0,53552.0,149066.0,25576.0,85200.0,14803.0,137212.0,24158.0,173.0,499.0,71362.0,651.0,19013.509100157764
2021-04-27T00:00:00.000000,387.0,281,106,331.0,72.0,126.0,323981.0,60746.0,144993.0,31706.0,102518.0,19592.0,137814.0,25488.0,181.0,491.0,76739.0,802.0,21015.716521441394
2021-04-28T00:00:00.000000,350.0,267,83,307.0,87.0,107.0,342803.0,60224.0,110410.0,20165.0,128802.0,22963.0,126121.0,21788.0,145.0,468.0,83189.0,848.0,20317.699568337815
2021-04-29T00:00:00.000000,418.0,314,104,371.0,79.0,156.0,406795.0,74694.0,137296.0,27122.0,125938.0,20897.0,204344.0,40656.0,208.0,511.0,93262.0,872.0,24150.787558601372
2021-04-30T00:00:00.000000,328.0,241,87,284.0,64.0,115.0,276848.0,53408.0,108655.0,22173.0,82613.0,17240.0,143206.0,28840.0,168.0,413.0,59083.0,666.0,19522.159619134505
2021-05-01T00:00:00.000000,254.0,197,57,220.0,56.0,85.0,252927.0,46034.0,83973.0,19270.0,79987.0,13594.0,112053.0,24422.0,113.0,393.0,48765.0,600.0,13805.018875619116
2021-05-02T00:00:00.000000,347.0,254,93,310.0,53.0,137.0,286354.0,51100.0,139403.0,32109.0,78799.0,15935.0,143341.0,26366.0,185.0,405.0,62803.0,614.0,20089.718930012197
2021-05-03T00:00:00.000000,391.0,291,100,337.0,76.0,134.0,377565.0,72422.0,140506.0,23860.0,106870.0,17546.0,166228.0,34887.0,177.0,508.0,84052.0,759.0,21574.999301441596
2021-05-04T00:00:00.000000,355.0,274,81,313.0,61.0,134.0,333353.0,61148.0,123093.0,30143.0,72010.0,10402.0,180778.0,36009.0,191.0,430.0,65065.0,726.0,19895.1122027502
2021-05-05T00:00:00.000000,358.0,273,85,324.0,70.0,124.0,323303.0,59717.0,104220.0,26693.0,97026.0,19749.0,150623.0,26102.0,188.0,529.0,67765.0,855.0,20321.795459418787
2021-05-06T00:00:00.000000,377.0,276,101,325.0,65.0,125.0,342806.0,67573.0,114232.0,24834.0,79128.0,15883.0,155613.0,31095.0,177.0,418.0,70553.0,800.0,21318.931865966333
2021-05-07T00:00:00.000000,388.0,290,98,341.0,91.0,112.0,339121.0,58783.0,134367.0,27162.0,112270.0,17612.0,129840.0,24563.0,162.0,448.0,66649.0,851.0,22210.041342879736
2021-05-08T00:00:00.000000,302.0,237,65,284.0,69.0,109.0,300021.0,59532.0,115735.0,22054.0,82191.0,13970.0,150212.0,33393.0,143.0,370.0,62180.0,696.0,17948.269873110534
2021-05-09T00:00:00.000000,299.0,231,68,256.0,60.0,114.0,277345.0,50870.0,99027.0,21956.0,66654.0,10670.0,144653.0,27181.0,159.0,396.0,55427.0,668.0,16718.568476297532
2021-05-10T00:00:00.000000,378.0,271,107,323.0,72.0,123.0,341801.0,62568.0,158001.0,30290.0,111628.0,19727.0,137661.0,25570.0,163.0,476.0,60582.0,848.0,21078.169950371797
2021-05-11T00:00:00.000000,331.0,244,87,291.0,65.0,107.0,312566.0,58725.0,103340.0,17427.0,101059.0,17069.0,126461.0,26832.0,155.0,360.0,59104.0,754.0,17924.176076616022
2021-05-12T00:00:00.000000,373.0,269,104,319.0,70.0,135.0,331803.0,60197.0,156802.0,31044.0,94547.0,15539.0,172575.0,32575.0,179.0,524.0,60639.0,752.0,20763.588887635502
2021-05-13T00:00:00.000000,356.0,270,86,298.0,82.0,112.0,355271.0,70329.0,139462.0,27342.0,118896.0,22942.0,135578.0,23952.0,164.0,422.0,92372.0,919.0,19560.973294324514
2021-05-14T00:00:00.000000,334.0,241,93,269.0,65.0,108.0,303210.0,55293.0,169321.0,46828.0,98435.0,13835.0,120085.0,24144.0,162.0,369.0,61768.0,705.0,18779.41840078551
2021-05-15T00:00:00.000000,267.0,209,58,242.0,45.0,117.0,241219.0,44997.0,93816.0,22140.0,57655.0,10777.0,129381.0,22058.0,162.0,340.0,52868.0,608.0,15412.563370263877
2021-05-16T00:00:00.000000,271.0,205,66,237.0,58.0,102.0,248578.0,43821.0,108249.0,24281.0,78523.0,13384.0,124818.0,21309.0,149.0,337.0,49482.0,685.0,15110.946282897734
2021-05-17T00:00:00.000000,365.0,269,96,311.0,80.0,115.0,352848.0,64919.0,142030.0,28491.0,113731.0,21142.0,152666.0,29465.0,159.0,528.0,82835.0,801.0,20310.44085928786
2021-05-18T00:00:00.000000,383.0,288,95,328.0,91.0,113.0,362661.0,60615.0,148762.0,26450.0,133791.0,21982.0,119192.0,21803.0,164.0,496.0,68192.0,896.0,21258.242479532066
2021-05-19T00:00:00.000000,334.0,246,88,294.0,67.0,121.0,314278.0,60415.0,111530.0,25373.0,98614.0,14139.0,137665.0,28154.0,174.0,431.0,72682.0,826.0,18530.233317366925
2021-05-20T00:00:00.000000,322.0,246,76,290.0,66.0,111.0,351460.0,62258.0,113893.0,22135.0,117186.0,18044.0,150522.0,29863.0,144.0,496.0,73979.0,749.0,18452.161448390158
2021-05-21T00:00:00.000000,296.0,222,74,265.0,64.0,99.0,269123.0,45073.0,107321.0,25364.0,81100.0,13242.0,123335.0,21884.0,130.0,263.0,50801.0,740.0,16323.200107812392
2021-05-22T00:00:00.000000,260.0,203,57,227.0,57.0,89.0,270038.0,45988.0,105801.0,19980.0,88271.0,16298.0,107309.0,19021.0,108.0,298.0,148699.0,610.0,14844.628001589657
2021-05-23T00:00:00.000000,280.0,208,72,239.0,56.0,104.0,265310.0,50044.0,113201.0,22554.0,83496.0,15829.0,124904.0,24561.0,148.0,374.0,45611.0,740.0,16047.312737075217
2021-05-24T00:00:00.000000,320.0,226,94,287.0,58.0,99.0,284848.0,55494.0,133018.0,28024.0,91573.0,19704.0,115512.0,22133.0,147.0,484.0,74903.0,735.0,18277.185074695604
2021-05-25T00:00:00.000000,351.0,261,90,320.0,89.0,112.0,351909.0,67214.0,121667.0,25392.0,128241.0,29662.0,157856.0,26570.0,152.0,563.0,82695.0,807.0,18214.553498417925
2021-05-26T00:00:00.000000,353.0,263,90,288.0,77.0,119.0,318130.0,57762.0,128690.0,23063.0,97906.0,16258.0,146951.0,31449.0,166.0,494.0,63629.0,809.0,19555.516278845927
2021-05-27T00:00:00.000000,328.0,246,82,281.0,74.0,99.0,326538.0,58227.0,108654.0,29140.0,115252.0,17087.0,126694.0,26550.0,149.0,435.0,70185.0,875.0,17501.575234807107
2021-05-28T00:00:00.000000,281.0,208,73,245.0,66.0,86.0,261019.0,51240.0,125349.0,34920.0,82647.0,15112.0,111221.0,22027.0,114.0,350.0,47431.0,682.0,14728.939216651226
2021-05-29T00:00:00.000000,280.0,200,80,236.0,55.0,91.0,273792.0,45255.0,141268.0,24875.0,93228.0,17659.0,121471.0,19036.0,131.0,368.0,45286.0,566.0,15803.916391359233
2021-05-30T00:00:00.000000,256.0,186,70,217.0,58.0,75.0,233248.0,40237.0,93442.0,18944.0,72272.0,15946.0,89202.0,12971.0,106.0,316.0,43257.0,603.0,13981.069797583395
2021-05-31T00:00:00.000000,310.0,218,92,268.0,58.0,94.0,291541.0,51696.0,115891.0,21481.0,79832.0,12436.0,127701.0,24708.0,114.0,364.0,43480.0,602.0,17139.310644719768
2021-06-01T00:00:00.000000,317.0,224,93,272.0,66.0,105.0,288863.0,52317.0,139244.0,29299.0,98118.0,16546.0,137849.0,26683.0,155.0,470.0,57035.0,653.0,17451.36373118578
2021-06-02T00:00:00.000000,268.0,207,61,245.0,59.0,92.0,273659.0,48704.0,99279.0,20274.0,89682.0,17566.0,113203.0,19802.0,128.0,384.0,72074.0,606.0,15338.813162291925
2021-06-03T00:00:00.000000,294.0,219,75,258.0,65.0,107.0,278908.0,55732.0,115606.0,24586.0,88846.0,19598.0,147486.0,29954.0,141.0,393.0,46347.0,692.0,15129.822168426395
2021-06-04T00:00:00.000000,293.0,226,67,263.0,68.0,109.0,292402.0,51843.0,97766.0,17855.0,91925.0,19253.0,130585.0,22730.0,160.0,430.0,72336.0,665.0,16120.427093769844
2021-06-05T00:00:00.000000,268.0,187,81,237.0,47.0,90.0,236925.0,41367.0,110213.0,28010.0,64677.0,13851.0,112954.0,17433.0,115.0,332.0,44828.0,588.0,14676.620433188045
2021-06-06T00:00:00.000000,261.0,200,61,237.0,54.0,96.0,249703.0,46541.0,94525.0,15286.0,71021.0,12012.0,123387.0,24348.0,132.0,327.0,45693.0,652.0,15147.827164584167
2021-06-07T00:00:00.000000,301.0,229,72,260.0,54.0,106.0,277008.0,46586.0,89956.0,20788.0,82393.0,11021.0,124539.0,23332.0,138.0,402.0,63031.0,724.0,16878.69111063658
2021-06-08T00:00:00.000000,286.0,205,81,251.0,59.0,85.0,260936.0,49150.0,138805.0,41288.0,91498.0,19666.0,101582.0,17288.0,116.0,342.0,45373.0,696.0,16420.842781418516
2021-06-09T00:00:00.000000,289.0,205,84,247.0,52.0,94.0,274615.0,50332.0,124089.0,28002.0,77772.0,14171.0,124498.0,22011.0,123.0,379.0,49527.0,639.0,16248.736972862916
2021-06-10T00:00:00.000000,287.0,224,63,258.0,52.0,103.0,286385.0,52631.0,108547.0,24629.0,74697.0,12868.0,126276.0,24613.0,138.0,479.0,53048.0,641.0,15795.120841279968
2021-06-11T00:00:00.000000,278.0,200,78,244.0,59.0,96.0,260298.0,48090.0,113601.0,29197.0,96399.0,18623.0,112341.0,21103.0,133.0,369.0,47247.0,553.0,15581.231076569136
2021-06-12T00:00:00.000000,247.0,173,74,207.0,39.0,85.0,219121.0,48055.0,129853.0,26654.0,54655.0,14494.0,110209.0,23072.0,118.0,276.0,43862.0,490.0,14364.795343039526
2021-06-13T00:00:00.000000,268.0,183,85,235.0,46.0,82.0,237401.0,47053.0,128124.0,25109.0,61826.0,11139.0,114620.0,25862.0,124.0,385.0,49386.0,646.0,15332.897310067134
2021-06-14T00:00:00.000000,286.0,192,94,237.0,52.0,79.0,248303.0,38314.0,131167.0,19171.0,77134.0,11044.0,89959.0,14081.0,110.0,613.0,87237.0,736.0,14630.702717259197
2021-06-15T00:00:00.000000,274.0,203,71,247.0,70.0,78.0,262126.0,41918.0,129583.0,23539.0,107859.0,19536.0,95582.0,14306.0,119.0,395.0,62542.0,724.0,14821.156259739642
2021-06-16T00:00:00.000000,282.0,196,86,233.0,63.0,86.0,256322.0,49170.0,126552.0,27483.0,100732.0,22047.0,103013.0,17875.0,131.0,363.0,52928.0,705.0,14630.592465307795
2021-06-17T00:00:00.000000,304.0,211,93,253.0,67.0,95.0,254594.0,45449.0,134517.0,22290.0,84561.0,16413.0,121227.0,21473.0,124.0,482.0,56126.0,787.0,16963.225506857674
2021-06-18T00:00:00.000000,221.0,173,48,198.0,46.0,80.0,247366.0,47373.0,84382.0,17817.0,62289.0,10562.0,114877.0,22642.0,115.0,352.0,45287.0,548.0,12031.652055244365
2021-06-19T00:00:00.000000,244.0,176,68,215.0,58.0,75.0,243914.0,43863.0,111549.0,20268.0,100272.0,18582.0,96961.0,17842.0,97.0,342.0,46120.0,567.0,13980.604711180633
2021-06-20T00:00:00.000000,238.0,173,65,220.0,50.0,79.0,228882.0,37458.0,90822.0,20610.0,73171.0,13453.0,104659.0,16140.0,102.0,349.0,41772.0,527.0,11618.909624027514
2021-06-21T00:00:00.000000,357.0,245,112,282.0,66.0,112.0,326611.0,59731.0,139865.0,35683.0,94798.0,16248.0,145743.0,26405.0,141.0,470.0,72640.0,859.0,20352.730006022604
2021-06-22T00:00:00.000000,261.0,183,78,235.0,55.0,80.0,265693.0,49047.0,145010.0,43641.0,98569.0,19382.0,111288.0,19363.0,120.0,444.0,46849.0,645.0,13576.725850854871
2021-06-23T00:00:00.000000,282.0,214,68,243.0,64.0,105.0,271398.0,46106.0,115162.0,21768.0,92901.0,16730.0,122809.0,19238.0,134.0,389.0,51903.0,719.0,15264.424637127697
2021-06-24T00:00:00.000000,278.0,205,73,228.0,49.0,107.0,287274.0,57671.0,95857.0,29480.0,79881.0,17745.0,135069.0,25720.0,150.0,391.0,66232.0,650.0,14695.764127825192
2021-06-25T00:00:00.000000,243.0,174,69,217.0,47.0,74.0,239192.0,44312.0,91809.0,21579.0,75990.0,13737.0,103472.0,21154.0,99.0,336.0,47320.0,530.0,13488.074496439767
2021-06-26T00:00:00.000000,223.0,169,54,197.0,58.0,65.0,212718.0,39716.0,68470.0,15143.0,80107.0,14540.0,74662.0,12389.0,98.0,338.0,77007.0,470.0,11142.505436023555
2021-06-27T00:00:00.000000,210.0,160,50,181.0,47.0,75.0,213338.0,41609.0,59317.0,14811.0,64083.0,14161.0,106474.0,18716.0,93.0,312.0,44397.0,497.0,11917.17381738807
2021-06-28T00:00:00.000000,296.0,216,80,245.0,81.0,89.0,283232.0,52403.0,113981.0,28154.0,102917.0,18906.0,129247.0,24969.0,125.0,405.0,47716.0,639.0,15897.636862733032
2021-06-29T00:00:00.000000,243.0,189,54,226.0,62.0,81.0,244756.0,42391.0,76496.0,15207.0,87294.0,13827.0,101111.0,18544.0,109.0,330.0,54142.0,606.0,13825.791681590648
2021-06-30T00:00:00.000000,247.0,191,56,227.0,58.0,83.0,252062.0,46840.0,101846.0,20907.0,71509.0,10714.0,116536.0,21998.0,118.0,398.0,52276.0,643.0,13377.078952880913
2021-07-01T00:00:00.000000,248.0,186,62,219.0,51.0,88.0,268374.0,48655.0,98147.0,25558.0,78151.0,13747.0,122891.0,24685.0,129.0,404.0,54911.0,630.0,13365.540911019452
2021-07-02T00:00:00.000000,195.0,138,57,176.0,41.0,58.0,191964.0,32825.0,86201.0,19738.0,56461.0,11348.0,78200.0,12721.0,75.0,354.0,35698.0,474.0,10261.689164593268
2021-07-03T00:00:00.000000,181.0,129,52,147.0,45.0,57.0,165458.0,34120.0,71595.0,18528.0,62745.0,13348.0,75447.0,16831.0,75.0,241.0,32624.0,435.0,9824.659728443912
2021-07-04T00:00:00.000000,202.0,147,55,186.0,42.0,75.0,195004.0,34687.0,99781.0,22362.0,64774.0,10282.0,98203.0,19310.0,113.0,306.0,39253.0,464.0,11103.497007977096
2021-07-05T00:00:00.000000,243.0,181,62,210.0,48.0,92.0,236618.0,40817.0,96991.0,17441.0,72138.0,12616.0,125632.0,19599.0,139.0,327.0,49500.0,638.0,13034.549793304875
2021-07-06T00:00:00.000000,225.0,162,63,204.0,45.0,74.0,227315.0,38907.0,102644.0,25788.0,61569.0,9732.0,102694.0,19248.0,108.0,299.0,43987.0,539.0,11816.341066186236
2021-07-07T00:00:00.000000,215.0,158,57,193.0,43.0,70.0,227037.0,41871.0,97322.0,18116.0,69688.0,11678.0,102028.0,19980.0,95.0,322.0,47699.0,478.0,11702.503346155305
2021-07-08T00:00:00.000000,219.0,152,67,192.0,41.0,76.0,197269.0,39006.0,80016.0,17525.0,65702.0,15582.0,88899.0,15661.0,99.0,241.0,40424.0,510.0,12443.98595272314
2021-07-09T00:00:00.000000,244.0,163,81,207.0,41.0,76.0,210209.0,39192.0,100943.0,20083.0,50106.0,9131.0,107739.0,20472.0,115.0,340.0,43129.0,545.0,13043.9288857255
2021-07-10T00:00:00.000000,185.0,129,56,156.0,32.0,61.0,170727.0,30806.0,80914.0,18971.0,42061.0,7592.0,81506.0,15273.0,82.0,291.0,44992.0,389.0,9148.700759465903
2021-07-11T00:00:00.000000,169.0,123,46,153.0,28.0,64.0,172603.0,27224.0,101279.0,18539.0,37870.0,5928.0,84538.0,13020.0,88.0,240.0,38130.0,361.0,9675.82559031006
2021-07-12T00:00:00.000000,222.0,171,51,189.0,45.0,74.0,213279.0,34107.0,66995.0,17210.0,48477.0,6871.0,92134.0,14952.0,117.0,314.0,51015.0,602.0,12194.999179187986
2021-07-13T00:00:00.000000,243.0,176,67,211.0,48.0,79.0,240042.0,44988.0,101942.0,20690.0,60996.0,10960.0,108987.0,19632.0,108.0,310.0,42043.0,556.0,13868.709017075209
2021-07-14T00:00:00.000000,272.0,194,78,228.0,55.0,98.0,264650.0,52672.0,125769.0,34128.0,77725.0,17922.0,138753.0,26108.0,133.0,402.0,49119.0,663.0,14476.334475073494
2021-07-15T00:00:00.000000,280.0,204,76,240.0,67.0,101.0,306410.0,51241.0,103834.0,23804.0,116416.0,21846.0,140694.0,22230.0,136.0,543.0,52895.0,706.0,15368.565917290558
2021-07-16T00:00:00.000000,204.0,152,52,174.0,43.0,76.0,234597.0,38906.0,86461.0,17828.0,58901.0,9207.0,117988.0,20478.0,98.0,349.0,39268.0,523.0,11250.577891661505
2021-07-17T00:00:00.000000,203.0,133,70,173.0,38.0,60.0,211167.0,35924.0,122986.0,27259.0,59045.0,9812.0,87769.0,18101.0,80.0,265.0,34722.0,428.0,11076.693401765333
2021-07-18T00:00:00.000000,172.0,129,43,155.0,43.0,56.0,185692.0,35309.0,80452.0,19946.0,74729.0,15373.0,73597.0,12423.0,79.0,243.0,34890.0,440.0,9691.609456190696
2021-07-19T00:00:00.000000,232.0,172,60,201.0,49.0,78.0,211723.0,38208.0,97300.0,23321.0,61877.0,11648.0,93717.0,15691.0,126.0,314.0,49708.0,528.0,11906.342504952969
2021-07-20T00:00:00.000000,242.0,181,61,221.0,44.0,92.0,238675.0,43145.0,76578.0,16131.0,61644.0,14363.0,112811.0,18830.0,132.0,309.0,78440.0,616.0,13753.382390637396
2021-07-21T00:00:00.000000,209.0,144,65,177.0,42.0,71.0,198534.0,36995.0,88027.0,21773.0,70287.0,14545.0,94523.0,17877.0,92.0,305.0,34399.0,450.0,11492.292400393922
2021-07-22T00:00:00.000000,236.0,163,73,194.0,42.0,76.0,204668.0,34586.0,118568.0,24660.0,64023.0,13095.0,81343.0,11697.0,104.0,302.0,42218.0,559.0,12838.804521293981
2021-07-23T00:00:00.000000,217.0,164,53,194.0,51.0,65.0,226678.0,41160.0,73750.0,14683.0,67368.0,11996.0,93261.0,18100.0,85.0,358.0,59800.0,544.0,12004.680578957083
2021-07-24T00:00:00.000000,163.0,109,54,152.0,30.0,52.0,132147.0,21841.0,87638.0,20689.0,46141.0,9572.0,53043.0,7915.0,73.0,197.0,30283.0,378.0,8608.966616569382
2021-07-25T00:00:00.000000,234.0,174,60,198.0,53.0,73.0,238720.0,45128.0,115708.0,42168.0,75634.0,14978.0,101775.0,20303.0,116.0,382.0,42048.0,547.0,12817.77071976515
2021-07-26T00:00:00.000000,209.0,164,45,191.0,48.0,79.0,225952.0,44178.0,60095.0,11771.0,69626.0,15572.0,104681.0,19153.0,108.0,426.0,73960.0,515.0,10253.617566389341
2021-07-27T00:00:00.000000,201.0,157,44,187.0,31.0,70.0,222169.0,34050.0,61622.0,11486.0,53398.0,8162.0,97140.0,14208.0,100.0,282.0,73997.0,429.0,10895.544358403975
2021-07-28T00:00:00.000000,233.0,163,70,205.0,39.0,79.0,246752.0,39910.0,116843.0,17115.0,55300.0,9534.0,133964.0,22484.0,119.0,453.0,59838.0,550.0,12309.684791983133
2021-07-29T00:00:00.000000,244.0,167,77,207.0,49.0,72.0,223980.0,39988.0,111334.0,20403.0,64159.0,10676.0,101759.0,21526.0,111.0,302.0,51830.0,550.0,12601.073205799908
2021-07-30T00:00:00.000000,219.0,168,51,198.0,51.0,72.0,227946.0,41828.0,65330.0,13020.0,73010.0,13519.0,94925.0,18827.0,93.0,256.0,35075.0,418.0,11038.08093586586
2021-07-31T00:00:00.000000,194.0,130,64,164.0,36.0,53.0,175746.0,31750.0,78695.0,17764.0,52681.0,10473.0,75392.0,12750.0,78.0,305.0,47092.0,470.0,10234.740178305448
2021-08-01T00:00:00.000000,182.0,124,58,156.0,35.0,63.0,187589.0,35837.0,111662.0,22340.0,59524.0,11867.0,91540.0,17298.0,92.0,241.0,30700.0,437.0,10503.349214021004
2021-08-02T00:00:00.000000,263.0,190,73,228.0,64.0,83.0,258909.0,48803.0,112393.0,28035.0,87736.0,15831.0,114523.0,22913.0,120.0,348.0,56966.0,630.0,14457.870189356037
2021-08-03T00:00:00.000000,255.0,178,77,202.0,47.0,82.0,229178.0,41254.0,98630.0,24280.0,72032.0,11983.0,101385.0,19481.0,122.0,403.0,53670.0,620.0,13058.11367915849
2021-08-04T00:00:00.000000,240.0,174,66,208.0,54.0,87.0,232616.0,38165.0,98909.0,22376.0,86411.0,14345.0,108250.0,18067.0,120.0,293.0,47687.0,452.0,12290.124275847473
2021-08-05T00:00:00.000000,231.0,179,52,204.0,59.0,83.0,234221.0,39223.0,70687.0,23124.0,90100.0,16158.0,105670.0,16443.0,107.0,310.0,47551.0,680.0,12107.885969187158
2021-08-06T00:00:00.000000,237.0,172,65,195.0,45.0,91.0,266514.0,54375.0,108734.0,41092.0,60971.0,11231.0,151321.0,27948.0,127.0,367.0,50203.0,541.0,11092.216078689342
2021-08-07T00:00:00.000000,186.0,126,60,159.0,31.0,62.0,185827.0,30563.0,83519.0,16005.0,46786.0,7608.0,104834.0,18587.0,81.0,223.0,34123.0,441.0,9677.366881788746
2021-08-08T00:00:00.000000,238.0,163,75,186.0,34.0,86.0,232917.0,48212.0,119943.0,34081.0,61855.0,12956.0,105538.0,21344.0,127.0,345.0,59510.0,565.0,14143.692894888645
2021-08-09T00:00:00.000000,226.0,167,59,206.0,46.0,77.0,236239.0,41795.0,88999.0,18137.0,60442.0,10932.0,104619.0,18384.0,98.0,335.0,56468.0,557.0,12120.497468930897
2021-08-10T00:00:00.000000,253.0,165,88,212.0,46.0,81.0,204704.0,37136.0,117669.0,23972.0,65469.0,12094.0,94295.0,18417.0,120.0,475.0,51331.0,639.0,14620.442653850432
2021-08-11T00:00:00.000000,249.0,183,66,213.0,44.0,86.0,239357.0,40557.0,102236.0,22859.0,59733.0,9560.0,117633.0,21653.0,144.0,424.0,54133.0,655.0,12923.210244054791
2021-08-12T00:00:00.000000,238.0,169,69,208.0,49.0,70.0,238410.0,42152.0,82075.0,21721.0,97179.0,16651.0,83275.0,15991.0,96.0,298.0,47913.0,560.0,13158.989957651724
2021-08-13T00:00:00.000000,196.0,135,61,177.0,37.0,64.0,178236.0,34692.0,83959.0,15988.0,54140.0,9813.0,90290.0,20092.0,105.0,290.0,33993.0,478.0,11452.04354129477
2021-08-14T00:00:00.000000,160.0,107,53,141.0,29.0,53.0,125438.0,19466.0,70404.0,14343.0,38499.0,5756.0,60007.0,8835.0,72.0,232.0,25282.0,393.0,8269.04628341931
2021-08-15T00:00:00.000000,179.0,123,56,151.0,34.0,52.0,190279.0,32177.0,75558.0,15232.0,49523.0,7246.0,88335.0,14994.0,77.0,349.0,38549.0,385.0,9894.000862795529
2021-08-16T00:00:00.000000,254.0,183,71,202.0,39.0,81.0,219068.0,38001.0,121641.0,24735.0,49673.0,7843.0,98371.0,16714.0,116.0,425.0,50558.0,673.0,12735.179286140261
2021-08-17T00:00:00.000000,214.0,165,49,207.0,47.0,81.0,210144.0,37932.0,63933.0,16202.0,65127.0,11571.0,100972.0,17329.0,107.0,307.0,37750.0,476.0,10973.991625049865
2021-08-18T00:00:00.000000,251.0,184,67,222.0,67.0,73.0,246296.0,50998.0,100408.0,28555.0,105323.0,25177.0,85105.0,15407.0,111.0,419.0,51316.0,616.0,12744.349786166124
2021-08-19T00:00:00.000000,253.0,172,81,218.0,53.0,73.0,223083.0,40208.0,131575.0,26278.0,79627.0,14204.0,89423.0,16441.0,105.0,374.0,42549.0,537.0,12988.928900790186
2021-08-20T00:00:00.000000,203.0,155,48,186.0,43.0,69.0,195873.0,34578.0,57722.0,9489.0,62906.0,10905.0,90686.0,17413.0,93.0,261.0,37065.0,499.0,11523.356850621665
2021-08-21T00:00:00.000000,178.0,123,55,150.0,34.0,61.0,167435.0,36028.0,75674.0,13766.0,51201.0,8476.0,84721.0,22313.0,76.0,251.0,30275.0,390.0,9997.529041053185
2021-08-22T00:00:00.000000,195.0,140,55,157.0,34.0,64.0,199731.0,36796.0,80057.0,12914.0,50939.0,9725.0,89910.0,18008.0,86.0,313.0,52417.0,545.0,9176.21874551397
2021-08-23T00:00:00.000000,245.0,178,67,209.0,45.0,91.0,212861.0,38190.0,106625.0,22764.0,53268.0,11377.0,108078.0,18116.0,149.0,357.0,52374.0,656.0,13517.281248736654
2021-08-24T00:00:00.000000,229.0,163,66,202.0,46.0,88.0,205017.0,34672.0,94171.0,21686.0,66868.0,9671.0,102783.0,19627.0,132.0,317.0,45826.0,525.0,13064.11751285076
2021-08-25T00:00:00.000000,252.0,188,64,224.0,66.0,77.0,281544.0,56178.0,114447.0,36648.0,102870.0,21344.0,117867.0,24489.0,113.0,375.0,66268.0,739.0,13083.474253619152
2021-08-26T00:00:00.000000,238.0,177,61,216.0,46.0,76.0,236028.0,46293.0,115285.0,19038.0,62980.0,13494.0,89408.0,14820.0,112.0,326.0,53055.0,579.0,12729.763199264655
2021-08-27T00:00:00.000000,195.0,136,59,169.0,35.0,62.0,193155.0,39246.0,106235.0,23581.0,61726.0,15355.0,82861.0,14916.0,79.0,324.0,48655.0,457.0,10131.256248923954
2021-08-28T00:00:00.000000,217.0,152,65,175.0,39.0,73.0,218026.0,39793.0,93674.0,18029.0,81211.0,15641.0,89244.0,16682.0,111.0,315.0,39553.0,464.0,11195.912171566275
2021-08-29T00:00:00.000000,205.0,149,56,184.0,44.0,70.0,197755.0,33351.0,85881.0,15561.0,65164.0,12376.0,94278.0,15857.0,99.0,318.0,55745.0,459.0,11120.87862985511
2021-08-30T00:00:00.000000,230.0,179,51,207.0,71.0,69.0,236797.0,43109.0,76905.0,16825.0,110651.0,21980.0,85351.0,13995.0,96.0,289.0,54592.0,587.0,11987.61478896546
2021-08-31T00:00:00.000000,198.0,150,48,182.0,44.0,69.0,200224.0,36518.0,62579.0,9071.0,72102.0,15114.0,85677.0,16041.0,113.0,232.0,36743.0,583.0,10493.983025818536
2021-09-01T00:00:00.000000,236.0,174,62,206.0,47.0,74.0,234764.0,41135.0,80019.0,13797.0,69121.0,11433.0,104629.0,19060.0,100.0,298.0,40439.0,548.0,13232.161656937742
2021-09-02T00:00:00.000000,239.0,169,70,200.0,48.0,75.0,243718.0,53199.0,123569.0,42657.0,65499.0,12570.0,103663.0,18509.0,114.0,349.0,51260.0,606.0,13143.374384160004
2021-09-03T00:00:00.000000,198.0,152,46,180.0,51.0,67.0,203793.0,35949.0,54583.0,12034.0,63592.0,10462.0,98740.0,18870.0,110.0,234.0,43282.0,529.0,11345.028883422765
2021-09-04T00:00:00.000000,171.0,134,37,154.0,43.0,59.0,177179.0,30928.0,49280.0,8193.0,67575.0,12823.0,69785.0,11791.0,97.0,249.0,34627.0,439.0,8873.748001032365
2021-09-05T00:00:00.000000,189.0,132,57,166.0,40.0,54.0,155638.0,28882.0,73584.0,10579.0,44659.0,8276.0,70972.0,12852.0,83.0,232.0,29026.0,448.0,10892.242770094637
2021-09-06T00:00:00.000000,222.0,164,58,193.0,57.0,65.0,220042.0,48488.0,75231.0,15586.0,89067.0,22734.0,71683.0,12337.0,103.0,403.0,42119.0,533.0,12268.132886927126
2021-09-07T00:00:00.000000,247.0,192,55,222.0,58.0,74.0,247875.0,47557.0,68959.0,15114.0,93459.0,17968.0,83597.0,15417.0,102.0,307.0,47870.0,694.0,13348.564844274986
2021-09-08T00:00:00.000000,236.0,159,77,207.0,44.0,64.0,204014.0,41067.0,87474.0,16301.0,61754.0,13206.0,80464.0,16203.0,92.0,391.0,41499.0,584.0,13463.305405500842
2021-09-09T00:00:00.000000,226.0,171,55,206.0,53.0,82.0,249460.0,43046.0,95036.0,21537.0,83140.0,12275.0,119170.0,24254.0,123.0,375.0,51762.0,528.0,12444.257528066695
2021-09-10T00:00:00.000000,207.0,160,47,181.0,50.0,70.0,194655.0,26758.0,78656.0,13060.0,59999.0,7533.0,87977.0,13957.0,101.0,327.0,51903.0,632.0,10227.821421600724
2021-09-11T00:00:00.000000,223.0,161,62,191.0,46.0,63.0,202815.0,35207.0,92580.0,17402.0,57844.0,10670.0,74857.0,11212.0,88.0,305.0,37175.0,563.0,12070.879765017587
2021-09-12T00:00:00.000000,225.0,164,61,196.0,39.0,86.0,208698.0,38767.0,67219.0,13357.0,47575.0,6947.0,122237.0,23445.0,129.0,305.0,40241.0,464.0,12289.53825562296
2021-09-13T00:00:00.000000,250.0,190,60,218.0,48.0,98.0,247368.0,46649.0,92098.0,20695.0,72200.0,16613.0,123683.0,20744.0,136.0,458.0,65867.0,670.0,14448.38801173811
2021-09-14T00:00:00.000000,263.0,194,69,234.0,59.0,82.0,235364.0,46070.0,103638.0,29870.0,74827.0,15506.0,108866.0,22133.0,113.0,342.0,64160.0,597.0,13505.830733520173
2021-09-15T00:00:00.000000,274.0,216,58,241.0,59.0,97.0,273399.0,50027.0,121957.0,21602.0,83482.0,17221.0,115764.0,22266.0,137.0,421.0,69294.0,632.0,15471.359542390759
2021-09-16T00:00:00.000000,230.0,169,61,202.0,43.0,83.0,232938.0,38913.0,142536.0,30638.0,65597.0,12515.0,112664.0,20090.0,115.0,350.0,62855.0,616.0,12649.669305364372
2021-09-17T00:00:00.000000,234.0,173,61,214.0,38.0,83.0,220472.0,39120.0,101352.0,16529.0,52856.0,7906.0,111913.0,21051.0,119.0,425.0,41120.0,505.0,13019.746891562598
2021-09-18T00:00:00.000000,220.0,161,59,186.0,47.0,81.0,189959.0,40390.0,80867.0,19090.0,54456.0,10240.0,97706.0,23804.0,109.0,251.0,35361.0,527.0,12192.772111329237
2021-09-19T00:00:00.000000,203.0,152,51,187.0,41.0,74.0,185576.0,32548.0,92266.0,21170.0,47744.0,9759.0,81059.0,13984.0,107.0,295.0,89988.0,480.0,11879.802761305295
2021-09-20T00:00:00.000000,228.0,174,54,202.0,49.0,75.0,216122.0,40754.0,73684.0,17722.0,56526.0,10537.0,99413.0,20039.0,102.0,302.0,66877.0,561.0,13438.284331801377
2021-09-21T00:00:00.000000,249.0,180,69,206.0,51.0,79.0,216210.0,40786.0,77975.0,19018.0,60998.0,10065.0,89775.0,18520.0,105.0,326.0,46267.0,597.0,13751.669562818955
2021-09-22T00:00:00.000000,209.0,157,52,185.0,38.0,73.0,172438.0,32916.0,56875.0,11967.0,38685.0,7434.0,73931.0,15044.0,100.0,224.0,43652.0,497.0,11670.691020050263
2021-09-23T00:00:00.000000,250.0,179,71,221.0,42.0,82.0,223204.0,41865.0,132884.0,22836.0,64744.0,10360.0,97234.0,18771.0,116.0,325.0,41119.0,611.0,14195.564188339515
2021-09-24T00:00:00.000000,221.0,154,67,196.0,52.0,63.0,182626.0,33805.0,102688.0,20730.0,66221.0,11748.0,80291.0,18283.0,88.0,293.0,38137.0,508.0,11677.929614418574
2021-09-25T00:00:00.000000,219.0,159,60,178.0,49.0,56.0,181415.0,39649.0,74666.0,18549.0,46516.0,8457.0,79277.0,20172.0,89.0,238.0,36028.0,477.0,13224.821837962829
2021-09-26T00:00:00.000000,234.0,178,56,213.0,53.0,75.0,209671.0,40476.0,61793.0,12609.0,69954.0,11569.0,90350.0,20176.0,100.0,255.0,63461.0,510.0,14013.94898839907
2021-09-27T00:00:00.000000,233.0,190,43,206.0,57.0,89.0,225294.0,38957.0,67261.0,14893.0,68378.0,13947.0,111537.0,18504.0,120.0,253.0,57201.0,679.0,13408.79215369368
2021-09-28T00:00:00.000000,249.0,192,57,205.0,51.0,96.0,231810.0,44426.0,99963.0,22038.0,68821.0,14127.0,109777.0,20340.0,127.0,315.0,62650.0,529.0,13237.280207703576
2021-09-29T00:00:00.000000,221.0,177,44,205.0,52.0,74.0,231492.0,40701.0,55664.0,9337.0,80400.0,14260.0,95131.0,18196.0,101.0,281.0,55608.0,568.0,12998.500263322177
2021-09-30T00:00:00.000000,258.0,189,69,225.0,49.0,81.0,255148.0,50903.0,94452.0,20124.0,78288.0,14001.0,109656.0,24732.0,104.0,300.0,49736.0,573.0,14200.526784841912
2021-10-01T00:00:00.000000,204.0,153,51,186.0,38.0,58.0,203213.0,38028.0,85212.0,22374.0,59870.0,9400.0,67419.0,11512.0,79.0,217.0,51385.0,440.0,10294.822150488757
2021-10-02T00:00:00.000000,209.0,162,47,185.0,54.0,69.0,237716.0,47100.0,70052.0,14438.0,99767.0,20810.0,92226.0,19069.0,91.0,233.0,38303.0,538.0,11420.490596087444
2021-10-03T00:00:00.000000,232.0,187,45,212.0,56.0,80.0,238452.0,43764.0,90566.0,17352.0,80617.0,12006.0,107983.0,20763.0,115.0,242.0,58028.0,538.0,13696.627821990238
2021-10-04T00:00:00.000000,235.0,185,50,214.0,44.0,102.0,238379.0,39760.0,67769.0,12508.0,74713.0,13494.0,116471.0,18837.0,139.0,260.0,55481.0,550.0,13444.132000507656
2021-10-05T00:00:00.000000,237.0,196,41,224.0,73.0,68.0,252845.0,45435.0,66093.0,13020.0,97028.0,17929.0,93665.0,13317.0,96.0,302.0,50235.0,557.0,12383.664119491936
2021-10-06T00:00:00.000000,240.0,186,54,209.0,53.0,84.0,238413.0,41129.0,87226.0,21881.0,82461.0,13703.0,89057.0,16314.0,122.0,285.0,54864.0,589.0,13444.923034218045
2021-10-07T00:00:00.000000,261.0,200,61,234.0,56.0,95.0,234552.0,44772.0,81323.0,21055.0,68632.0,14321.0,112222.0,21096.0,118.0,261.0,53491.0,594.0,13021.868948042342
2021-10-08T00:00:00.000000,242.0,174,68,216.0,48.0,78.0,213714.0,40937.0,97720.0,18107.0,59957.0,11298.0,88164.0,15131.0,106.0,425.0,69490.0,612.0,13013.821738173236
2021-10-09T00:00:00.000000,199.0,156,43,180.0,44.0,65.0,192832.0,35280.0,43872.0,11296.0,67783.0,11858.0,71137.0,13137.0,98.0,273.0,39234.0,486.0,10143.96269305365
2021-10-10T00:00:00.000000,219.0,165,54,185.0,53.0,67.0,186684.0,29969.0,70467.0,13702.0,52727.0,8318.0,88505.0,14456.0,88.0,282.0,51947.0,518.0,11684.321312195165
2021-10-11T00:00:00.000000,253.0,195,58,220.0,62.0,82.0,234180.0,45100.0,75795.0,10637.0,83997.0,14987.0,89687.0,19373.0,118.0,299.0,51159.0,569.0,13315.160874940493
2021-10-12T00:00:00.000000,286.0,216,70,236.0,54.0,103.0,279326.0,54340.0,110403.0,30771.0,89141.0,16053.0,118390.0,24993.0,142.0,399.0,62418.0,617.0,16632.13678609332
2021-10-13T00:00:00.000000,274.0,202,72,240.0,67.0,75.0,248350.0,43141.0,89774.0,24024.0,78358.0,12291.0,97355.0,19929.0,104.0,254.0,39969.0,645.0,16309.058121127342
2021-10-14T00:00:00.000000,289.0,225,64,259.0,76.0,92.0,276548.0,56583.0,111909.0,21587.0,95174.0,19791.0,111434.0,22978.0,125.0,338.0,63482.0,576.0,15813.468349941997
2021-10-15T00:00:00.000000,234.0,185,49,210.0,60.0,68.0,215785.0,41547.0,62868.0,11667.0,78928.0,20325.0,79248.0,12119.0,88.0,241.0,40380.0,594.0,12486.633129255151
2021-10-16T00:00:00.000000,230.0,182,48,207.0,65.0,69.0,225491.0,44984.0,68669.0,17358.0,84049.0,18851.0,93482.0,17590.0,92.0,297.0,45884.0,501.0,13340.22161756871
2021-10-17T00:00:00.000000,221.0,184,37,190.0,54.0,80.0,226784.0,44649.0,45562.0,7332.0,72794.0,18664.0,89256.0,14122.0,109.0,247.0,46132.0,632.0,12149.417337862438
2021-10-18T00:00:00.000000,264.0,190,74,222.0,63.0,65.0,232393.0,43678.0,78262.0,14625.0,84312.0,15007.0,79953.0,16979.0,101.0,297.0,50142.0,549.0,14704.143504539556
2021-10-19T00:00:00.000000,312.0,243,69,280.0,71.0,105.0,310740.0,58089.0,110146.0,20454.0,94544.0,16992.0,138014.0,28152.0,138.0,347.0,70504.0,699.0,17486.27845247223
2021-10-20T00:00:00.000000,270.0,214,56,249.0,64.0,96.0,244659.0,46706.0,63159.0,11420.0,80834.0,15184.0,104258.0,20221.0,139.0,312.0,73222.0,631.0,15722.413773488703
2021-10-21T00:00:00.000000,293.0,222,71,251.0,70.0,99.0,272258.0,49863.0,91827.0,19105.0,100962.0,17200.0,120064.0,22525.0,129.0,350.0,59974.0,620.0,15461.034363016357
2021-10-22T00:00:00.000000,324.0,244,80,277.0,81.0,96.0,300243.0,46081.0,99348.0,21120.0,103406.0,17877.0,134906.0,19357.0,132.0,337.0,64382.0,711.0,18654.360858751395
2021-10-23T00:00:00.000000,262.0,190,72,221.0,56.0,81.0,226626.0,39813.0,81945.0,18985.0,67364.0,10465.0,90501.0,17126.0,122.0,287.0,53407.0,594.0,14898.61663287756
2021-10-24T00:00:00.000000,283.0,214,69,246.0,67.0,89.0,255879.0,48356.0,80350.0,18114.0,81110.0,16391.0,105464.0,17099.0,124.0,272.0,54399.0,623.0,16872.59880945748
2021-10-25T00:00:00.000000,299.0,218,81,248.0,59.0,100.0,266138.0,46255.0,75247.0,14931.0,64178.0,10401.0,130844.0,25019.0,132.0,297.0,53227.0,749.0,17018.098528623213
2021-10-26T00:00:00.000000,267.0,207,60,237.0,72.0,82.0,266057.0,51453.0,72518.0,17886.0,98091.0,17724.0,108337.0,23380.0,110.0,293.0,45979.0,584.0,14550.981419554728
2021-10-27T00:00:00.000000,276.0,219,57,247.0,69.0,95.0,277648.0,46499.0,59612.0,13036.0,104406.0,16753.0,113464.0,20290.0,114.0,266.0,60670.0,620.0,15704.045837927055
2021-10-28T00:00:00.000000,241.0,192,49,225.0,65.0,78.0,210902.0,37988.0,73407.0,14339.0,82000.0,15960.0,82876.0,15947.0,105.0,276.0,45603.0,555.0,13286.639748486983
2021-10-29T00:00:00.000000,295.0,210,85,242.0,62.0,78.0,248272.0,47165.0,121484.0,30268.0,69612.0,13633.0,88147.0,20453.0,107.0,364.0,48145.0,646.0,15670.374491688686
2021-10-30T00:00:00.000000,212.0,151,61,176.0,52.0,60.0,185582.0,39546.0,103026.0,22309.0,65298.0,11570.0,74661.0,17654.0,89.0,224.0,35472.0,416.0,11955.274027235786
2021-10-31T00:00:00.000000,243.0,180,63,200.0,71.0,60.0,215684.0,44139.0,94838.0,19673.0,95508.0,16957.0,76767.0,18822.0,79.0,348.0,35730.0,622.0,13182.464989545771
2021-11-01T00:00:00.000000,256.0,204,52,230.0,63.0,84.0,253137.0,48953.0,60663.0,11901.0,85643.0,17806.0,96970.0,18533.0,112.0,306.0,61497.0,562.0,14346.670593213703
2021-11-02T00:00:00.000000,271.0,212,59,239.0,67.0,79.0,272878.0,54044.0,86964.0,19284.0,96069.0,19679.0,93135.0,17932.0,103.0,309.0,52978.0,670.0,14864.557751505672
2021-11-03T00:00:00.000000,262.0,209,53,241.0,54.0,87.0,262309.0,46619.0,67215.0,16415.0,79035.0,11222.0,109433.0,22408.0,120.0,371.0,51912.0,529.0,14974.229764620673
2021-11-04T00:00:00.000000,283.0,220,63,244.0,59.0,93.0,290301.0,48752.0,91371.0,20869.0,87242.0,16113.0,116280.0,19344.0,125.0,316.0,49227.0,711.0,15457.025641117587
2021-11-05T00:00:00.000000,227.0,171,56,203.0,51.0,65.0,233283.0,45374.0,75831.0,12956.0,74301.0,13958.0,87076.0,16101.0,79.0,280.0,50514.0,510.0,13072.976269593799
2021-11-06T00:00:00.000000,207.0,149,58,180.0,44.0,68.0,176225.0,31822.0,80141.0,17049.0,49744.0,9043.0,81974.0,14949.0,94.0,264.0,43354.0,538.0,12024.298900057507
2021-11-07T00:00:00.000000,239.0,177,62,195.0,55.0,79.0,194758.0,37238.0,80975.0,18188.0,63416.0,11747.0,81445.0,16432.0,97.0,256.0,49605.0,543.0,12963.644469239742
2021-11-08T00:00:00.000000,254.0,190,64,217.0,57.0,77.0,227590.0,44852.0,81669.0,21787.0,75200.0,16826.0,79164.0,14177.0,106.0,311.0,35690.0,554.0,14547.762329883624
2021-11-09T00:00:00.000000,230.0,178,52,214.0,60.0,72.0,228445.0,34896.0,75708.0,16378.0,96610.0,14020.0,85686.0,13568.0,100.0,213.0,37100.0,525.0,13510.90049058311
2021-11-10T00:00:00.000000,265.0,207,58,226.0,67.0,76.0,246833.0,43115.0,86134.0,16331.0,81917.0,14429.0,86738.0,14347.0,99.0,305.0,47315.0,615.0,15351.892018194763
2021-11-11T00:00:00.000000,267.0,203,64,237.0,65.0,84.0,233472.0,38762.0,93824.0,21160.0,83080.0,14207.0,97009.0,14857.0,103.0,276.0,60795.0,637.0,15539.230896265302
2021-11-12T00:00:00.000000,286.0,221,65,256.0,71.0,100.0,243389.0,39545.0,87396.0,20266.0,75739.0,11645.0,111872.0,19165.0,140.0,312.0,50501.0,772.0,17330.874300872594
2021-11-13T00:00:00.000000,201.0,141,60,176.0,33.0,76.0,184309.0,34521.0,77874.0,20532.0,46006.0,8218.0,100183.0,17606.0,92.0,243.0,34998.0,480.0,11236.517245398189
2021-11-14T00:00:00.000000,204.0,158,46,183.0,47.0,69.0,229694.0,43694.0,78863.0,23289.0,66738.0,11523.0,108127.0,21190.0,86.0,263.0,35268.0,487.0,11932.913672465049
2021-11-15T00:00:00.000000,274.0,215,59,245.0,80.0,84.0,259637.0,52575.0,69632.0,15969.0,100208.0,21901.0,102987.0,20559.0,110.0,293.0,38919.0,741.0,16037.91771186829
2021-11-16T00:00:00.000000,295.0,210,85,253.0,67.0,82.0,226905.0,38274.0,109267.0,18686.0,70876.0,12347.0,91898.0,17616.0,102.0,429.0,46288.0,611.0,16968.38811105929
2021-11-17T00:00:00.000000,274.0,206,68,244.0,71.0,81.0,253006.0,46709.0,84715.0,16092.0,103633.0,17111.0,97734.0,20424.0,113.0,328.0,45709.0,652.0,16476.50630981563
2021-11-18T00:00:00.000000,269.0,196,73,242.0,61.0,84.0,240419.0,48306.0,97682.0,19112.0,93287.0,19546.0,94088.0,19594.0,124.0,300.0,57473.0,624.0,14933.234551490727
2021-11-19T00:00:00.000000,254.0,182,72,224.0,53.0,83.0,221623.0,41374.0,110017.0,22739.0,70913.0,15331.0,103671.0,17667.0,119.0,313.0,45996.0,591.0,13676.72025754654
2021-11-20T00:00:00.000000,221.0,175,46,200.0,63.0,69.0,195270.0,34351.0,67885.0,14831.0,74687.0,12302.0,69006.0,12654.0,97.0,198.0,38905.0,622.0,11968.753183704845
2021-11-21T00:00:00.000000,239.0,171,68,200.0,52.0,68.0,214154.0,35004.0,94599.0,18783.0,65073.0,10453.0,95954.0,15483.0,93.0,215.0,37566.0,560.0,13481.111039088453
2021-11-22T00:00:00.000000,266.0,196,70,236.0,61.0,79.0,211764.0,37248.0,87542.0,20346.0,79611.0,13650.0,81709.0,16631.0,107.0,268.0,42267.0,639.0,14535.28436574015
2021-11-23T00:00:00.000000,275.0,203,72,245.0,68.0,74.0,250664.0,47870.0,81209.0,24929.0,86769.0,15311.0,96919.0,19879.0,103.0,373.0,43615.0,701.0,15698.742980123869
2021-11-24T00:00:00.000000,230.0,176,54,204.0,58.0,66.0,213697.0,37300.0,58002.0,9675.0,72974.0,14261.0,84747.0,14929.0,94.0,225.0,50355.0,565.0,12978.614278038414
2021-11-25T00:00:00.000000,223.0,165,58,197.0,51.0,67.0,223007.0,42154.0,80346.0,16205.0,76654.0,13396.0,91348.0,17987.0,100.0,267.0,38561.0,546.0,11934.017066889965
2021-11-26T00:00:00.000000,209.0,162,47,198.0,49.0,74.0,205094.0,34018.0,55628.0,12373.0,74141.0,11075.0,87362.0,16188.0,96.0,284.0,45143.0,516.0,11326.627445922348
2021-11-27T00:00:00.000000,212.0,160,52,180.0,45.0,77.0,220613.0,39949.0,80699.0,18472.0,77858.0,14092.0,100651.0,18349.0,94.0,216.0,35186.0,466.0,11940.481728851832
2021-11-28T00:00:00.000000,203.0,156,47,175.0,50.0,71.0,185272.0,32317.0,60773.0,14403.0,56515.0,10598.0,93596.0,15748.0,88.0,207.0,39476.0,477.0,12313.85715568392
2021-11-29T00:00:00.000000,288.0,210,78,248.0,71.0,80.0,268695.0,48582.0,98927.0,20534.0,107712.0,22190.0,84871.0,13779.0,101.0,308.0,45447.0,670.0,15747.328302672535
2021-11-30T00:00:00.000000,285.0,210,75,252.0,87.0,75.0,256354.0,42714.0,85180.0,15313.0,132380.0,23424.0,78141.0,11710.0,99.0,260.0,45098.0,662.0,15948.869474754862
2021-12-01T00:00:00.000000,260.0,195,65,228.0,69.0,73.0,238142.0,39965.0,128765.0,27363.0,99009.0,17451.0,85068.0,12505.0,106.0,333.0,47710.0,619.0,15140.014964879387
2021-12-02T00:00:00.000000,248.0,195,53,225.0,68.0,78.0,237449.0,43535.0,50065.0,9837.0,88076.0,16346.0,87283.0,15659.0,111.0,339.0,46841.0,614.0,14210.231982825582
2021-12-03T00:00:00.000000,238.0,174,64,215.0,61.0,65.0,220221.0,36285.0,99068.0,21230.0,79688.0,10427.0,79758.0,16332.0,76.0,249.0,42156.0,653.0,13694.28746222218
2021-12-04T00:00:00.000000,197.0,156,41,177.0,53.0,61.0,181670.0,35067.0,61304.0,12043.0,63624.0,9681.0,71558.0,18241.0,75.0,230.0,31604.0,457.0,11618.506624324162
2021-12-05T00:00:00.000000,227.0,177,50,193.0,51.0,83.0,211365.0,37070.0,67003.0,10664.0,63778.0,10236.0,108052.0,19852.0,116.0,256.0,38388.0,489.0,13653.721447600901
2021-12-06T00:00:00.000000,258.0,205,53,237.0,65.0,84.0,287366.0,54824.0,97904.0,38493.0,90602.0,17186.0,113065.0,23037.0,112.0,353.0,55452.0,707.0,14384.082386676624
2021-12-07T00:00:00.000000,259.0,202,57,232.0,73.0,90.0,253252.0,47137.0,73981.0,14292.0,93966.0,19080.0,111465.0,19087.0,105.0,283.0,46820.0,640.0,14633.016545666664
2021-12-08T00:00:00.000000,245.0,184,61,223.0,65.0,73.0,221576.0,45867.0,93094.0,17485.0,97647.0,22669.0,76434.0,14805.0,98.0,296.0,42768.0,646.0,14585.837103836777
2021-12-09T00:00:00.000000,208.0,159,49,181.0,57.0,71.0,185059.0,32010.0,58989.0,15242.0,73798.0,11995.0,79187.0,15146.0,87.0,198.0,40776.0,487.0,12206.255122433846
2021-12-10T00:00:00.000000,231.0,171,60,204.0,57.0,71.0,227336.0,46883.0,101235.0,20245.0,86254.0,19049.0,84955.0,15454.0,96.0,244.0,41193.0,450.0,14062.139052241415
2021-12-11T00:00:00.000000,178.0,143,35,164.0,44.0,57.0,197909.0,46313.0,40482.0,9546.0,65949.0,18980.0,73746.0,14991.0,84.0,220.0,29248.0,417.0,9988.638519775628
2021-12-12T00:00:00.000000,179.0,138,41,160.0,44.0,60.0,174238.0,36360.0,64741.0,16205.0,60254.0,13007.0,72220.0,13772.0,86.0,240.0,31950.0,437.0,9746.741392162385
2021-12-13T00:00:00.000000,226.0,180,46,191.0,55.0,75.0,209204.0,39939.0,61847.0,20301.0,70182.0,14278.0,84443.0,16842.0,96.0,205.0,35174.0,561.0,13316.667222335986
2021-12-14T00:00:00.000000,239.0,185,54,212.0,56.0,73.0,214855.0,37754.0,79171.0,19455.0,71570.0,11296.0,80709.0,15529.0,103.0,327.0,48362.0,550.0,14490.858961101683
2021-12-15T00:00:00.000000,224.0,171,53,198.0,70.0,60.0,200315.0,38619.0,66061.0,11739.0,90219.0,16611.0,64860.0,12811.0,84.0,294.0,43141.0,568.0,11705.8220452339
2021-12-16T00:00:00.000000,226.0,166,60,198.0,48.0,65.0,217441.0,39669.0,99716.0,18198.0,52869.0,7159.0,84441.0,14667.0,90.0,256.0,45728.0,573.0,12684.490490211663
2021-12-17T00:00:00.000000,224.0,168,56,194.0,56.0,71.0,210422.0,37418.0,72918.0,14121.0,90744.0,17613.0,79859.0,13516.0,110.0,343.0,36103.0,533.0,12342.543405083778
2021-12-18T00:00:00.000000,174.0,130,44,151.0,33.0,62.0,164114.0,26196.0,49121.0,9198.0,50833.0,6948.0,67771.0,12173.0,82.0,197.0,25659.0,448.0,10429.752876139615
2021-12-19T00:00:00.000000,192.0,143,49,171.0,53.0,63.0,190937.0,34119.0,66094.0,11692.0,70491.0,12889.0,82696.0,14114.0,79.0,222.0,25000.0,430.0,10283.971148469314
2021-12-20T00:00:00.000000,207.0,151,56,187.0,49.0,49.0,203084.0,38862.0,98992.0,26128.0,70312.0,11171.0,66563.0,12535.0,70.0,294.0,38604.0,607.0,10758.413558357874
2021-12-21T00:00:00.000000,189.0,138,51,171.0,47.0,58.0,187736.0,36757.0,65762.0,12474.0,72252.0,16020.0,81132.0,15616.0,80.0,280.0,31744.0,518.0,10850.037303654773
2021-12-22T00:00:00.000000,194.0,152,42,179.0,51.0,59.0,214054.0,36208.0,68703.0,13975.0,75829.0,13175.0,83668.0,13322.0,83.0,255.0,39770.0,558.0,11230.5384156827
2021-12-23T00:00:00.000000,137.0,103,34,129.0,28.0,49.0,144000.0,26202.0,58722.0,16600.0,47154.0,7915.0,63084.0,11892.0,65.0,182.0,25657.0,321.0,8040.705965424212
2021-12-24T00:00:00.000000,129.0,102,27,124.0,28.0,44.0,135510.0,23904.0,39615.0,11649.0,43879.0,7841.0,56975.0,10284.0,58.0,193.0,18256.0,294.0,6424.806944293717
2021-12-25T00:00:00.000000,140.0,96,44,120.0,30.0,40.0,113249.0,18978.0,61970.0,13944.0,41029.0,5128.0,42269.0,7016.0,54.0,158.0,23304.0,297.0,7514.157575035088
2021-12-26T00:00:00.000000,143.0,109,34,136.0,41.0,34.0,151334.0,29296.0,77528.0,23374.0,55313.0,8278.0,57624.0,13090.0,40.0,168.0,24086.0,366.0,7688.349258409498
2021-12-27T00:00:00.000000,175.0,129,46,150.0,36.0,60.0,174061.0,28048.0,62536.0,11013.0,46101.0,6408.0,90813.0,16636.0,95.0,278.0,41021.0,420.0,9984.361040178715
2021-12-28T00:00:00.000000,179.0,126,53,153.0,35.0,63.0,162098.0,25683.0,69555.0,16360.0,46579.0,7544.0,82529.0,14972.0,82.0,245.0,37429.0,370.0,9497.9116661617
2021-12-29T00:00:00.000000,195.0,150,45,173.0,45.0,59.0,185180.0,29554.0,54096.0,10358.0,54298.0,8340.0,77995.0,14422.0,77.0,302.0,35634.0,419.0,10560.122670089942
2021-12-30T00:00:00.000000,177.0,125,52,152.0,30.0,63.0,158817.0,28250.0,67349.0,15540.0,45620.0,7766.0,74639.0,13981.0,93.0,176.0,31178.0,386.0,10045.297745871268
2021-12-31T00:00:00.000000,139.0,108,31,126.0,36.0,41.0,129172.0,22248.0,37894.0,6428.0,58009.0,12491.0,38230.0,5458.0,59.0,172.0,35275.0,392.0,7233.52005852627
2022-01-01T00:00:00.000000,124.0,102,22,110.0,30.0,42.0,137394.0,18479.0,52472.0,26177.0,37485.0,5179.0,55135.0,7433.0,56.0,187.0,29695.0,354.0,5438.8440571199
2022-01-02T00:00:00.000000,171.0,136,35,143.0,36.0,65.0,172851.0,31344.0,34744.0,9995.0,47487.0,8186.0,75245.0,13146.0,93.0,248.0,31698.0,386.0,9720.677875417015
2022-01-03T00:00:00.000000,224.0,166,58,201.0,59.0,64.0,198322.0,34565.0,78352.0,16163.0,72448.0,11385.0,76436.0,11298.0,90.0,284.0,36018.0,557.0,12308.452574934448
2022-01-04T00:00:00.000000,202.0,142,60,172.0,41.0,68.0,193206.0,35794.0,78997.0,15051.0,50874.0,8059.0,98974.0,19903.0,103.0,284.0,35533.0,530.0,10916.352304841606
2022-01-05T00:00:00.000000,186.0,135,51,175.0,50.0,45.0,178061.0,42739.0,87058.0,17435.0,61137.0,11068.0,64915.0,22244.0,68.0,225.0,30435.0,514.0,9657.807344138257
2022-01-06T00:00:00.000000,208.0,149,59,183.0,54.0,59.0,186129.0,34835.0,72355.0,16721.0,74304.0,14265.0,73090.0,13356.0,81.0,249.0,34203.0,490.0,10206.12067928881
2022-01-07T00:00:00.000000,184.0,148,36,163.0,39.0,72.0,227858.0,45793.0,53940.0,10836.0,58912.0,13459.0,118830.0,25041.0,91.0,282.0,34306.0,502.0,10726.556692428672
2022-01-08T00:00:00.000000,171.0,124,47,147.0,42.0,46.0,181372.0,33458.0,73837.0,16598.0,74266.0,12977.0,66224.0,13213.0,60.0,203.0,26082.0,386.0,9033.41923985483
2022-01-09T00:00:00.000000,202.0,145,57,177.0,47.0,68.0,184522.0,34023.0,75173.0,19348.0,73370.0,14643.0,77936.0,12725.0,84.0,237.0,32100.0,513.0,11454.998821106801
2022-01-10T00:00:00.000000,206.0,152,54,179.0,43.0,66.0,197329.0,34649.0,83840.0,20793.0,51843.0,9617.0,96088.0,17119.0,91.0,230.0,36840.0,494.0,12297.121393650697
2022-01-11T00:00:00.000000,243.0,170,73,212.0,43.0,80.0,214000.0,37895.0,114752.0,23039.0,68926.0,10126.0,96197.0,18838.0,123.0,274.0,51397.0,527.0,13607.329321937521
2022-01-12T00:00:00.000000,235.0,167,68,203.0,48.0,70.0,224585.0,42966.0,79472.0,14313.0,69346.0,10971.0,89317.0,19230.0,97.0,261.0,48520.0,614.0,13502.556313396972
2022-01-13T00:00:00.000000,277.0,196,81,228.0,62.0,77.0,232338.0,41056.0,127855.0,26805.0,72085.0,12497.0,98211.0,18449.0,105.0,281.0,40884.0,673.0,15084.350475716103
2022-01-14T00:00:00.000000,197.0,146,51,177.0,49.0,59.0,214070.0,37459.0,81935.0,15711.0,86246.0,16723.0,72831.0,12349.0,77.0,208.0,31005.0,516.0,10270.700441836228
2022-01-15T00:00:00.000000,168.0,137,31,161.0,54.0,52.0,164338.0,32508.0,47174.0,10046.0,72778.0,15447.0,54513.0,11558.0,65.0,175.0,29667.0,386.0,9783.182171419408
2022-01-16T00:00:00.000000,186.0,147,39,165.0,50.0,56.0,167962.0,28672.0,60575.0,10022.0,60728.0,8205.0,63499.0,12025.0,79.0,232.0,42650.0,471.0,10556.436497162485
2022-01-17T00:00:00.000000,215.0,158,57,186.0,45.0,65.0,209538.0,39201.0,61474.0,14474.0,78302.0,11938.0,79524.0,17464.0,90.0,270.0,34750.0,470.0,12081.125632771156
2022-01-18T00:00:00.000000,202.0,156,46,172.0,42.0,77.0,214129.0,41279.0,71028.0,14245.0,59259.0,10921.0,101688.0,19913.0,103.0,271.0,33771.0,450.0,11368.85563004583
2022-01-19T00:00:00.000000,213.0,151,62,184.0,37.0,69.0,196767.0,33466.0,102460.0,24217.0,45609.0,7149.0,98268.0,17168.0,98.0,291.0,35388.0,436.0,12164.135642906916
2022-01-20T00:00:00.000000,207.0,152,55,185.0,46.0,64.0,227722.0,44753.0,80838.0,19238.0,57984.0,11727.0,115619.0,21364.0,88.0,251.0,33155.0,444.0,11770.773281399104
2022-01-21T00:00:00.000000,230.0,170,60,199.0,51.0,75.0,200326.0,33757.0,79939.0,18732.0,64310.0,10381.0,91102.0,15417.0,98.0,235.0,36777.0,508.0,12235.43475881578
2022-01-22T00:00:00.000000,210.0,172,38,185.0,53.0,70.0,211147.0,36218.0,44502.0,9348.0,69787.0,10002.0,66855.0,11719.0,97.0,257.0,41606.0,516.0,10757.29791769644
2022-01-23T00:00:00.000000,152.0,119,33,140.0,36.0,50.0,138509.0,22901.0,44412.0,9138.0,43919.0,7789.0,55534.0,8212.0,73.0,224.0,38158.0,386.0,8497.995808402577
2022-01-24T00:00:00.000000,209.0,172,37,201.0,62.0,57.0,215265.0,34635.0,60154.0,10092.0,88696.0,16402.0,75945.0,11893.0,76.0,256.0,40819.0,525.0,10929.027897831294
2022-01-25T00:00:00.000000,235.0,185,50,208.0,67.0,78.0,254442.0,51054.0,62656.0,19803.0,82677.0,15267.0,108707.0,24472.0,106.0,271.0,38068.0,551.0,12313.692924678591
2022-01-26T00:00:00.000000,236.0,181,55,212.0,57.0,71.0,208092.0,37000.0,85548.0,19214.0,66595.0,10473.0,88792.0,18833.0,99.0,249.0,44730.0,651.0,13520.183171022276
2022-01-27T00:00:00.000000,213.0,177,36,195.0,58.0,68.0,233858.0,42086.0,53090.0,14091.0,65884.0,10233.0,92888.0,18577.0,94.0,261.0,45483.0,490.0,12699.085988354986
2022-01-28T00:00:00.000000,173.0,137,36,157.0,45.0,51.0,196118.0,30237.0,39127.0,8949.0,74538.0,9574.0,70178.0,12234.0,73.0,187.0,33490.0,381.0,9491.378782270816
2022-01-29T00:00:00.000000,176.0,122,54,142.0,35.0,57.0,140836.0,22706.0,69383.0,12731.0,42922.0,6819.0,70017.0,11357.0,76.0,180.0,35535.0,352.0,9750.872516630907
2022-01-30T00:00:00.000000,199.0,153,46,174.0,40.0,69.0,191102.0,33205.0,52982.0,12351.0,52913.0,8603.0,80612.0,13475.0,94.0,243.0,30464.0,474.0,11433.7507291818
2022-01-31T00:00:00.000000,219.0,178,41,199.0,57.0,60.0,240649.0,49324.0,76794.0,15176.0,76079.0,16974.0,86619.0,18725.0,90.0,285.0,41648.0,590.0,12226.956445391877
2022-02-01T00:00:00.000000,217.0,175,42,200.0,52.0,79.0,213312.0,36264.0,66510.0,11783.0,69978.0,11525.0,88925.0,17335.0,100.0,237.0,48637.0,544.0,12709.282594839038
2022-02-02T00:00:00.000000,207.0,150,57,181.0,49.0,58.0,210588.0,32196.0,80393.0,17735.0,82067.0,12741.0,73234.0,12945.0,73.0,263.0,41517.0,449.0,11006.925747471618
2022-02-03T00:00:00.000000,220.0,171,49,204.0,60.0,69.0,203496.0,36386.0,71217.0,14874.0,72684.0,11664.0,84890.0,16564.0,92.0,234.0,40244.0,519.0,12006.0794733749
2022-02-04T00:00:00.000000,212.0,162,50,176.0,50.0,59.0,204159.0,38330.0,77989.0,24565.0,51798.0,7465.0,81487.0,17282.0,79.0,234.0,40264.0,460.0,12166.269984905972
2022-02-05T00:00:00.000000,189.0,135,54,154.0,40.0,57.0,175156.0,33090.0,65714.0,15725.0,57145.0,10280.0,71156.0,12365.0,76.0,258.0,33833.0,391.0,10015.083656193356
2022-02-06T00:00:00.000000,174.0,128,46,143.0,40.0,51.0,196240.0,32368.0,61928.0,11883.0,65980.0,10147.0,67561.0,11562.0,73.0,209.0,33749.0,472.0,9072.333741889943
2022-02-07T00:00:00.000000,188.0,139,49,175.0,46.0,51.0,186422.0,29857.0,76662.0,13317.0,60135.0,10902.0,76190.0,12512.0,65.0,290.0,31007.0,379.0,10279.997258203977
2022-02-08T00:00:00.000000,208.0,157,51,193.0,51.0,57.0,240062.0,45164.0,72991.0,11046.0,92386.0,16080.0,81283.0,18762.0,80.0,212.0,33492.0,529.0,11100.470787646398
2022-02-09T00:00:00.000000,220.0,180,40,200.0,44.0,88.0,196232.0,32174.0,45517.0,7868.0,41297.0,5644.0,100063.0,16818.0,116.0,185.0,36939.0,519.0,13148.83652182813
2022-02-10T00:00:00.000000,217.0,167,50,193.0,54.0,64.0,196017.0,34097.0,59913.0,16661.0,73378.0,14062.0,71745.0,12144.0,84.0,219.0,36523.0,526.0,11673.489910977798
2022-02-11T00:00:00.000000,193.0,155,38,177.0,54.0,57.0,200087.0,39927.0,76084.0,23823.0,55334.0,8824.0,76951.0,16455.0,87.0,270.0,50961.0,490.0,10676.017571326178
2022-02-12T00:00:00.000000,170.0,134,36,155.0,43.0,49.0,153452.0,27198.0,78053.0,23791.0,50777.0,8416.0,54175.0,12011.0,61.0,204.0,31706.0,376.0,9291.413482702035
2022-02-13T00:00:00.000000,229.0,169,60,198.0,53.0,68.0,218279.0,40659.0,128459.0,22016.0,69403.0,11764.0,86762.0,17449.0,100.0,318.0,40450.0,483.0,11566.443167992673
2022-02-14T00:00:00.000000,222.0,167,55,194.0,47.0,64.0,199393.0,35205.0,65192.0,13778.0,60067.0,12529.0,74634.0,14128.0,82.0,231.0,43454.0,504.0,12930.949613537658
2022-02-15T00:00:00.000000,213.0,174,39,195.0,52.0,67.0,215476.0,35176.0,50630.0,10511.0,77045.0,11797.0,78906.0,14926.0,91.0,246.0,49247.0,542.0,12050.831508644509
2022-02-16T00:00:00.000000,241.0,190,51,206.0,56.0,73.0,227228.0,43720.0,64483.0,14113.0,69965.0,12497.0,87763.0,19043.0,101.0,248.0,55509.0,544.0,13979.973815576348
2022-02-17T00:00:00.000000,224.0,176,48,198.0,59.0,68.0,248220.0,54851.0,88047.0,17765.0,94100.0,26581.0,96247.0,18726.0,83.0,280.0,36273.0,499.0,12175.202288983235
2022-02-18T00:00:00.000000,200.0,157,43,176.0,44.0,69.0,201015.0,37074.0,67105.0,14195.0,59001.0,10785.0,88351.0,15991.0,108.0,270.0,35752.0,490.0,11186.214516871762
2022-02-19T00:00:00.000000,191.0,139,52,159.0,42.0,62.0,189938.0,29070.0,72943.0,17487.0,50091.0,8353.0,93765.0,14154.0,83.0,210.0,32182.0,460.0,10759.38947278685
2022-02-20T00:00:00.000000,183.0,142,41,173.0,52.0,50.0,186768.0,35041.0,72633.0,14580.0,68551.0,13763.0,69645.0,11628.0,61.0,191.0,26726.0,412.0,10646.624764756054
2022-02-21T00:00:00.000000,212.0,161,51,187.0,41.0,63.0,227563.0,39673.0,72560.0,14034.0,59128.0,12659.0,88494.0,17197.0,83.0,284.0,46218.0,526.0,11038.475075154882
2022-02-22T00:00:00.000000,208.0,157,51,191.0,50.0,65.0,178478.0,28086.0,73805.0,11232.0,53656.0,9483.0,85623.0,12782.0,85.0,259.0,38931.0,484.0,11438.370181348831
2022-02-23T00:00:00.000000,217.0,180,37,197.0,62.0,69.0,237224.0,42383.0,54748.0,12084.0,95415.0,20474.0,84185.0,13338.0,95.0,260.0,45931.0,495.0,11014.21441172106
2022-02-24T00:00:00.000000,195.0,157,38,178.0,51.0,60.0,186499.0,33727.0,48555.0,10852.0,63818.0,11979.0,71427.0,10992.0,85.0,253.0,40320.0,410.0,10536.440731314571
2022-02-25T00:00:00.000000,187.0,144,43,162.0,37.0,58.0,163954.0,30199.0,53054.0,12209.0,43318.0,8139.0,64725.0,12055.0,81.0,217.0,29745.0,445.0,10444.900464260862
2022-02-26T00:00:00.000000,187.0,139,48,158.0,31.0,60.0,156413.0,29856.0,68733.0,16668.0,40851.0,7813.0,67666.0,12093.0,81.0,183.0,34629.0,388.0,10800.541956070676
2022-02-27T00:00:00.000000,152.0,120,32,137.0,33.0,56.0,139666.0,23026.0,35812.0,6512.0,41521.0,5219.0,70508.0,13373.0,82.0,129.0,21845.0,317.0,9113.778174840085
2022-02-28T00:00:00.000000,168.0,134,34,158.0,42.0,63.0,158043.0,28245.0,41790.0,9623.0,49866.0,9999.0,76467.0,14502.0,91.0,171.0,36408.0,421.0,9365.898589996139
2022-03-01T00:00:00.000000,195.0,158,37,175.0,48.0,59.0,207235.0,40400.0,70712.0,9809.0,59934.0,11594.0,91501.0,17707.0,80.0,204.0,38127.0,460.0,10972.797889427406
2022-03-02T00:00:00.000000,202.0,157,45,184.0,57.0,61.0,198580.0,31907.0,53339.0,13537.0,73439.0,10912.0,78047.0,13882.0,79.0,207.0,27164.0,464.0,11848.464495328044
2022-03-03T00:00:00.000000,178.0,143,35,162.0,45.0,57.0,176854.0,33500.0,56625.0,7623.0,59510.0,9702.0,71950.0,14368.0,75.0,158.0,24640.0,472.0,9739.318708555551
2022-03-04T00:00:00.000000,195.0,158,37,176.0,60.0,46.0,225914.0,44123.0,61227.0,13234.0,94669.0,18261.0,54535.0,11430.0,61.0,199.0,33304.0,480.0,11471.595615140823
2022-03-05T00:00:00.000000,158.0,119,39,139.0,35.0,51.0,123127.0,21269.0,37876.0,7630.0,33665.0,5515.0,59254.0,10383.0,67.0,104.0,23397.0,322.0,9468.122252099369
2022-03-06T00:00:00.000000,211.0,167,44,167.0,46.0,81.0,218207.0,42872.0,65195.0,19811.0,68243.0,12346.0,106670.0,19745.0,104.0,225.0,35135.0,418.0,11848.859984493636
2022-03-07T00:00:00.000000,200.0,156,44,184.0,58.0,56.0,200053.0,37660.0,60079.0,12423.0,90555.0,19374.0,70743.0,12664.0,78.0,155.0,26393.0,443.0,10720.632311525813
2022-03-08T00:00:00.000000,169.0,143,26,158.0,43.0,70.0,176717.0,29482.0,41944.0,7414.0,50575.0,8751.0,94865.0,16514.0,89.0,201.0,36421.0,432.0,9955.004647123571
2022-03-09T00:00:00.000000,195.0,146,49,178.0,51.0,57.0,186326.0,29555.0,64745.0,10920.0,69819.0,12160.0,68100.0,11292.0,70.0,237.0,33994.0,463.0,10482.277422501846
2022-03-10T00:00:00.000000,200.0,162,38,187.0,55.0,55.0,191873.0,36824.0,50028.0,7915.0,66549.0,11727.0,74345.0,16247.0,75.0,234.0,42227.0,475.0,11376.612458916985
2022-03-11T00:00:00.000000,198.0,152,46,176.0,57.0,53.0,195701.0,38148.0,84390.0,15770.0,81149.0,16418.0,67047.0,13365.0,64.0,204.0,34488.0,510.0,10303.82161843842
2022-03-12T00:00:00.000000,175.0,134,41,157.0,48.0,52.0,188560.0,36860.0,68140.0,14882.0,78133.0,17289.0,72968.0,13955.0,75.0,195.0,32690.0,367.0,8792.928817921631
2022-03-13T00:00:00.000000,180.0,130,50,145.0,42.0,53.0,175430.0,34290.0,63213.0,12208.0,56921.0,13125.0,79014.0,13208.0,61.0,183.0,28134.0,387.0,9862.906807593125
2022-03-14T00:00:00.000000,249.0,197,52,221.0,67.0,76.0,235637.0,38552.0,74679.0,16977.0,85112.0,14686.0,89812.0,15159.0,97.0,336.0,48524.0,616.0,13192.248372140528
2022-03-15T00:00:00.000000,216.0,165,51,191.0,44.0,86.0,204659.0,37747.0,88845.0,16442.0,69919.0,13142.0,102639.0,19278.0,111.0,442.0,41742.0,454.0,11499.68752503109
2022-03-16T00:00:00.000000,216.0,163,53,198.0,55.0,65.0,223529.0,43729.0,78516.0,20433.0,83330.0,16603.0,82524.0,17808.0,84.0,299.0,33942.0,514.0,11852.420141700837
2022-03-17T00:00:00.000000,198.0,139,59,173.0,37.0,60.0,162712.0,29265.0,79567.0,15542.0,46722.0,9081.0,69424.0,14261.0,70.0,238.0,26798.0,408.0,10561.403358328953
2022-03-18T00:00:00.000000,131.0,95,36,118.0,21.0,40.0,106042.0,18781.0,70392.0,13002.0,25023.0,4089.0,45015.0,9164.0,58.0,165.0,20619.0,279.0,7374.623178538958
2022-03-19T00:00:00.000000,163.0,132,31,147.0,37.0,59.0,168188.0,33211.0,53004.0,11658.0,51574.0,11561.0,77580.0,14757.0,75.0,182.0,32898.0,338.0,8458.806788810414
2022-03-20T00:00:00.000000,174.0,137,37,158.0,38.0,57.0,190105.0,36249.0,56345.0,9760.0,62370.0,11950.0,66436.0,12460.0,71.0,243.0,31674.0,385.0,10039.226620080877
2022-03-21T00:00:00.000000,207.0,159,48,178.0,44.0,74.0,195529.0,33794.0,81303.0,18545.0,52486.0,9648.0,97612.0,17057.0,105.0,234.0,29056.0,471.0,11995.564227832852
2022-03-22T00:00:00.000000,194.0,149,45,172.0,42.0,59.0,173121.0,33613.0,55197.0,11003.0,53079.0,11567.0,68689.0,13650.0,76.0,242.0,28680.0,468.0,10384.571987501777
2022-03-23T00:00:00.000000,194.0,160,34,171.0,52.0,68.0,220361.0,42008.0,50783.0,15422.0,73704.0,16301.0,89828.0,15786.0,87.0,218.0,33971.0,496.0,10786.504134281402
2022-03-24T00:00:00.000000,225.0,177,48,201.0,61.0,61.0,231140.0,41423.0,95452.0,18310.0,83230.0,17130.0,64437.0,8866.0,79.0,264.0,40781.0,531.0,12348.898269796815
2022-03-25T00:00:00.000000,170.0,128,42,152.0,39.0,55.0,139252.0,23756.0,51306.0,9949.0,46737.0,7102.0,63152.0,11841.0,77.0,219.0,29282.0,434.0,9439.090101259071
2022-03-26T00:00:00.000000,179.0,137,42,150.0,33.0,61.0,177665.0,28559.0,68169.0,17166.0,39292.0,5606.0,92158.0,16212.0,80.0,156.0,32046.0,405.0,9304.10140319353
2022-03-27T00:00:00.000000,168.0,133,35,145.0,45.0,60.0,173056.0,26342.0,46089.0,11765.0,55780.0,8964.0,84030.0,11719.0,84.0,187.0,37501.0,392.0,9962.28651923006
2022-03-28T00:00:00.000000,212.0,164,48,187.0,63.0,64.0,203390.0,31558.0,69716.0,13000.0,76325.0,10795.0,82897.0,14574.0,81.0,210.0,26565.0,490.0,12049.23448123932
2022-03-29T00:00:00.000000,216.0,170,46,196.0,55.0,68.0,208005.0,40810.0,50146.0,9000.0,71136.0,13927.0,84281.0,17174.0,87.0,215.0,38879.0,534.0,12239.64727662464
2022-03-30T00:00:00.000000,216.0,160,56,183.0,46.0,71.0,202555.0,37781.0,79501.0,15233.0,69842.0,13084.0,77005.0,13397.0,103.0,198.0,33995.0,527.0,11757.263698444329
2022-03-31T00:00:00.000000,205.0,136,69,173.0,54.0,52.0,176535.0,31732.0,94638.0,20400.0,73021.0,13121.0,70774.0,12963.0,66.0,267.0,28242.0,441.0,11326.362452072986
2022-04-01T00:00:00.000000,204.0,162,42,182.0,51.0,77.0,189918.0,33554.0,54536.0,12611.0,74123.0,11399.0,86123.0,17594.0,110.0,201.0,42315.0,505.0,11958.630818679892
2022-04-02T00:00:00.000000,192.0,142,50,167.0,41.0,57.0,162243.0,23719.0,63427.0,14149.0,54526.0,9321.0,64906.0,8462.0,83.0,180.0,28611.0,411.0,10136.344327310451
2022-04-03T00:00:00.000000,181.0,131,50,162.0,37.0,50.0,174754.0,35515.0,61813.0,10697.0,49529.0,8040.0,73325.0,18432.0,74.0,194.0,28760.0,402.0,10870.142664564839
2022-04-04T00:00:00.000000,194.0,157,37,179.0,53.0,53.0,198768.0,39772.0,55139.0,9160.0,79199.0,13883.0,59239.0,12307.0,68.0,213.0,26997.0,488.0,11517.074200040346
2022-04-05T00:00:00.000000,205.0,160,45,184.0,63.0,64.0,182590.0,32446.0,70559.0,14144.0,63549.0,10939.0,81517.0,13275.0,86.0,225.0,31537.0,475.0,11325.749329492684
2022-04-06T00:00:00.000000,243.0,183,60,206.0,56.0,82.0,212261.0,39072.0,83994.0,19487.0,75810.0,12777.0,78091.0,16449.0,106.0,316.0,37507.0,545.0,14131.065110828755
2022-04-07T00:00:00.000000,214.0,159,55,183.0,49.0,61.0,191664.0,37038.0,87506.0,20806.0,66156.0,12829.0,71780.0,15120.0,80.0,207.0,33549.0,439.0,10987.948356730843
2022-04-08T00:00:00.000000,198.0,147,51,162.0,45.0,66.0,190473.0,36149.0,60873.0,10852.0,54593.0,9133.0,91693.0,17968.0,97.0,169.0,27960.0,449.0,11021.774204773423
2022-04-09T00:00:00.000000,186.0,139,47,157.0,34.0,65.0,163269.0,29082.0,61799.0,11837.0,36560.0,5885.0,80525.0,15506.0,92.0,183.0,48384.0,379.0,10674.081795488604
2022-04-10T00:00:00.000000,181.0,141,40,169.0,56.0,46.0,187247.0,29834.0,73313.0,13496.0,76359.0,12373.0,68551.0,11115.0,66.0,182.0,28640.0,411.0,9728.971693131827
2022-04-11T00:00:00.000000,226.0,182,44,202.0,61.0,68.0,208453.0,41874.0,66151.0,17434.0,64301.0,12480.0,83754.0,16317.0,89.0,263.0,41474.0,545.0,12854.038439165595
2022-04-12T00:00:00.000000,211.0,162,49,182.0,51.0,65.0,185524.0,34064.0,52985.0,10464.0,65972.0,12297.0,75274.0,13345.0,85.0,203.0,30416.0,499.0,11591.852308693838
2022-04-13T00:00:00.000000,245.0,182,63,209.0,70.0,57.0,219723.0,35401.0,86066.0,17833.0,92789.0,14222.0,68255.0,12251.0,67.0,236.0,36955.0,502.0,13956.430557869518
2022-04-14T00:00:00.000000,189.0,146,43,172.0,46.0,79.0,192840.0,35270.0,55170.0,10775.0,71842.0,12586.0,92648.0,17259.0,104.0,207.0,31841.0,409.0,10545.673198178363
2022-04-15T00:00:00.000000,171.0,130,41,143.0,40.0,56.0,146808.0,32052.0,58757.0,12582.0,54933.0,12707.0,61709.0,14096.0,72.0,167.0,31083.0,393.0,9517.790366856989
2022-04-16T00:00:00.000000,168.0,120,48,146.0,37.0,46.0,139555.0,23263.0,70670.0,13443.0,39177.0,6836.0,48689.0,7698.0,56.0,202.0,22255.0,362.0,9825.686853650013
2022-04-17T00:00:00.000000,179.0,143,36,156.0,39.0,61.0,179175.0,34493.0,68406.0,17231.0,38877.0,7671.0,90556.0,17663.0,78.0,231.0,46895.0,399.0,10560.36240572781
2022-04-18T00:00:00.000000,205.0,156,49,180.0,43.0,69.0,210780.0,37155.0,78246.0,22483.0,66802.0,13129.0,93837.0,17239.0,89.0,216.0,41600.0,422.0,11936.299134782144
2022-04-19T00:00:00.000000,223.0,172,51,204.0,45.0,73.0,215190.0,39196.0,102481.0,21479.0,52468.0,10478.0,95786.0,17290.0,86.0,273.0,44070.0,475.0,12631.690039528548
2022-04-20T00:00:00.000000,250.0,192,58,220.0,55.0,90.0,227662.0,39522.0,86927.0,14661.0,71226.0,12257.0,107910.0,20981.0,129.0,287.0,64182.0,508.0,14115.40947961157
2022-04-21T00:00:00.000000,215.0,169,46,191.0,63.0,65.0,195062.0,33255.0,68647.0,16255.0,77569.0,13867.0,75069.0,12925.0,78.0,208.0,29277.0,507.0,12264.952966164217
2022-04-22T00:00:00.000000,213.0,159,54,185.0,48.0,67.0,226132.0,49959.0,77743.0,17913.0,79185.0,19146.0,93340.0,21442.0,95.0,256.0,59044.0,494.0,12260.85705742443
2022-04-23T00:00:00.000000,183.0,130,53,152.0,27.0,60.0,155591.0,27673.0,72877.0,16619.0,39260.0,6988.0,70243.0,11562.0,66.0,227.0,44348.0,324.0,10706.858607632412
2022-04-24T00:00:00.000000,171.0,126,45,155.0,49.0,54.0,157020.0,27192.0,55373.0,12943.0,64740.0,10179.0,65702.0,12808.0,70.0,220.0,23055.0,358.0,9148.61140464955
2022-04-25T00:00:00.000000,254.0,195,59,215.0,57.0,81.0,238401.0,47194.0,80658.0,15558.0,72431.0,14568.0,93183.0,18769.0,101.0,266.0,39882.0,626.0,13384.165779789066
2022-04-26T00:00:00.000000,221.0,176,45,200.0,70.0,56.0,223244.0,43826.0,62157.0,14921.0,96812.0,19092.0,72008.0,13160.0,81.0,243.0,39836.0,546.0,12125.134830496216
2022-04-27T00:00:00.000000,219.0,159,60,184.0,49.0,63.0,195388.0,34752.0,81023.0,26554.0,65444.0,12405.0,69776.0,12831.0,79.0,212.0,35130.0,466.0,11165.35786224896
2022-04-28T00:00:00.000000,236.0,179,57,210.0,57.0,66.0,218096.0,39337.0,68978.0,14262.0,68442.0,11922.0,81406.0,16673.0,88.0,429.0,37781.0,590.0,13528.86174447741
2022-04-29T00:00:00.000000,188.0,146,42,172.0,34.0,64.0,181571.0,31457.0,67221.0,14381.0,42220.0,6286.0,81147.0,16104.0,87.0,226.0,42138.0,424.0,9228.901884098264
2022-04-30T00:00:00.000000,165.0,119,46,144.0,41.0,44.0,161056.0,29063.0,69766.0,19322.0,54928.0,11479.0,53210.0,8666.0,55.0,166.0,26047.0,352.0,9393.220025741117
2022-05-01T00:00:00.000000,174.0,134,40,155.0,42.0,57.0,176799.0,29415.0,76731.0,16396.0,55036.0,10046.0,74250.0,11639.0,73.0,208.0,25815.0,410.0,9974.525951873102
2022-05-02T00:00:00.000000,203.0,164,39,185.0,50.0,70.0,207137.0,39074.0,102275.0,13215.0,68079.0,10630.0,86917.0,18163.0,100.0,217.0,39998.0,490.0,11217.500000451753
2022-05-03T00:00:00.000000,243.0,189,54,215.0,73.0,62.0,220506.0,40121.0,87879.0,16097.0,93913.0,18374.0,69342.0,12018.0,72.0,217.0,35517.0,625.0,14535.963376729345
2022-05-04T00:00:00.000000,214.0,159,55,177.0,61.0,52.0,196688.0,37963.0,59062.0,11137.0,86109.0,13601.0,60938.0,14315.0,69.0,218.0,24611.0,548.0,12935.324952326537
2022-05-05T00:00:00.000000,214.0,170,44,191.0,61.0,68.0,203542.0,36914.0,80664.0,17093.0,81242.0,14396.0,82018.0,15478.0,93.0,215.0,30581.0,433.0,12189.15684294024
2022-05-06T00:00:00.000000,193.0,145,48,176.0,42.0,63.0,165552.0,28739.0,77299.0,27778.0,50809.0,7944.0,66937.0,11912.0,86.0,202.0,25748.0,483.0,10799.385162337247
2022-05-07T00:00:00.000000,171.0,125,46,150.0,36.0,49.0,157480.0,26548.0,50733.0,9248.0,51410.0,10221.0,58372.0,8259.0,64.0,200.0,22986.0,322.0,9715.425042642853
2022-05-08T00:00:00.000000,166.0,131,35,157.0,39.0,50.0,161962.0,28885.0,49004.0,11813.0,51232.0,10433.0,66042.0,10908.0,60.0,157.0,24290.0,338.0,9218.215787378003
2022-05-09T00:00:00.000000,192.0,157,35,175.0,52.0,66.0,200283.0,33881.0,34813.0,8111.0,78318.0,13098.0,82321.0,14170.0,82.0,212.0,44099.0,465.0,10811.41491773341
2022-05-10T00:00:00.000000,190.0,140,50,172.0,50.0,56.0,158207.0,27614.0,63669.0,16656.0,60559.0,8398.0,59072.0,13080.0,91.0,225.0,25365.0,453.0,11079.850293761901
2022-05-11T00:00:00.000000,187.0,143,44,174.0,41.0,55.0,191778.0,35762.0,68121.0,14132.0,76083.0,15014.0,65606.0,12862.0,76.0,236.0,21072.0,378.0,9627.592600013402
2022-05-12T00:00:00.000000,232.0,176,56,204.0,59.0,62.0,218229.0,39476.0,75184.0,14500.0,87225.0,13726.0,69777.0,14073.0,81.0,244.0,32323.0,590.0,13570.971593194034
2022-05-13T00:00:00.000000,160.0,132,28,147.0,45.0,48.0,173424.0,35620.0,24843.0,3718.0,66488.0,11349.0,66133.0,14321.0,60.0,160.0,32355.0,396.0,9207.046108232831
2022-05-14T00:00:00.000000,151.0,121,30,138.0,48.0,39.0,140971.0,30560.0,40611.0,8082.0,58260.0,12070.0,48521.0,11825.0,58.0,170.0,24012.0,422.0,8366.623256190029
2022-05-15T00:00:00.000000,149.0,117,32,138.0,39.0,42.0,142918.0,24253.0,33737.0,4835.0,51253.0,8810.0,45532.0,7425.0,51.0,150.0,20383.0,288.0,8075.435024373239
2022-05-16T00:00:00.000000,233.0,178,55,198.0,65.0,67.0,215966.0,36780.0,67089.0,12618.0,85365.0,14269.0,84213.0,16532.0,98.0,237.0,36047.0,548.0,13247.769085678578
2022-05-17T00:00:00.000000,223.0,168,55,195.0,54.0,67.0,252477.0,55864.0,74843.0,15055.0,60595.0,8299.0,129157.0,36736.0,86.0,228.0,31488.0,493.0,12367.30154025174
2022-05-18T00:00:00.000000,188.0,136,52,159.0,40.0,61.0,176014.0,34344.0,56766.0,10454.0,51953.0,12636.0,81438.0,14423.0,87.0,277.0,35916.0,553.0,9424.143810069087
2022-05-19T00:00:00.000000,195.0,153,42,172.0,42.0,71.0,191763.0,35548.0,65353.0,12997.0,53834.0,9460.0,82101.0,14954.0,87.0,280.0,37178.0,486.0,11678.561299682468
2022-05-20T00:00:00.000000,204.0,156,48,180.0,60.0,62.0,194451.0,34852.0,86526.0,15954.0,72646.0,11845.0,80345.0,14229.0,86.0,273.0,25915.0,425.0,10916.490467938711
2022-05-21T00:00:00.000000,170.0,128,42,139.0,37.0,59.0,192866.0,32512.0,62089.0,12903.0,68575.0,11041.0,76748.0,13708.0,87.0,180.0,26326.0,458.0,8412.580109114506
2022-05-22T00:00:00.000000,168.0,115,53,126.0,41.0,45.0,164474.0,28098.0,66773.0,17241.0,72541.0,11783.0,52889.0,11399.0,65.0,200.0,30932.0,444.0,9646.181536973381
2022-05-23T00:00:00.000000,218.0,165,53,194.0,52.0,63.0,204526.0,37749.0,67144.0,13860.0,67173.0,11159.0,85754.0,16655.0,91.0,278.0,34236.0,546.0,12452.221502409691
2022-05-24T00:00:00.000000,193.0,140,53,161.0,51.0,50.0,160219.0,27038.0,85291.0,19478.0,72882.0,14233.0,46179.0,6170.0,67.0,200.0,25603.0,498.0,10281.456706911682
2022-05-25T00:00:00.000000,188.0,145,43,167.0,58.0,50.0,189365.0,34417.0,65203.0,14218.0,74617.0,14432.0,69819.0,11675.0,69.0,246.0,39727.0,455.0,9936.482380688813
2022-05-26T00:00:00.000000,187.0,146,41,161.0,48.0,56.0,192455.0,36993.0,54262.0,9471.0,66600.0,11352.0,85309.0,19518.0,75.0,208.0,37413.0,457.0,9965.237267929495
2022-05-27T00:00:00.000000,223.0,171,52,182.0,63.0,61.0,236157.0,54677.0,64284.0,13431.0,104296.0,30053.0,74646.0,14196.0,84.0,215.0,34786.0,603.0,13112.255969798547
2022-05-28T00:00:00.000000,155.0,120,35,136.0,42.0,40.0,168481.0,29118.0,51183.0,10215.0,69397.0,11851.0,52570.0,10062.0,54.0,220.0,24696.0,445.0,9136.148165567149
2022-05-29T00:00:00.000000,140.0,108,32,127.0,42.0,38.0,139069.0,33499.0,58718.0,11758.0,46992.0,9891.0,59963.0,17463.0,48.0,125.0,22774.0,357.0,8061.89389447157
2022-05-30T00:00:00.000000,208.0,152,56,184.0,54.0,59.0,217285.0,45009.0,68752.0,14364.0,76533.0,16151.0,83919.0,18151.0,86.0,227.0,29439.0,552.0,11275.965356749812
2022-05-31T00:00:00.000000,206.0,163,43,187.0,55.0,60.0,197972.0,33267.0,73509.0,18587.0,66931.0,10513.0,71328.0,13009.0,78.0,280.0,40170.0,513.0,12304.991592909388
2022-06-01T00:00:00.000000,208.0,146,62,167.0,45.0,52.0,169640.0,29363.0,108360.0,25921.0,47229.0,8496.0,62471.0,11416.0,65.0,211.0,30692.0,434.0,11019.63805571677
2022-06-02T00:00:00.000000,202.0,145,57,170.0,42.0,63.0,162551.0,27872.0,70427.0,17012.0,62660.0,9865.0,61317.0,11098.0,96.0,233.0,31695.0,524.0,10853.002261244263
2022-06-03T00:00:00.000000,157.0,118,39,136.0,41.0,46.0,168656.0,36657.0,59718.0,12852.0,72130.0,16158.0,53358.0,9703.0,73.0,210.0,29021.0,411.0,9444.953365484631
2022-06-04T00:00:00.000000,187.0,132,55,161.0,33.0,52.0,190839.0,29233.0,72836.0,14142.0,42836.0,6988.0,68910.0,8807.0,69.0,253.0,40132.0,462.0,11036.981230930907
2022-06-05T00:00:00.000000,153.0,111,42,133.0,27.0,51.0,136603.0,23771.0,55771.0,11065.0,35571.0,7507.0,70576.0,12209.0,68.0,165.0,23672.0,291.0,8045.9144868884405
2022-06-06T00:00:00.000000,159.0,129,30,150.0,46.0,50.0,171195.0,37340.0,42809.0,8755.0,61148.0,15079.0,73674.0,14254.0,70.0,196.0,30803.0,438.0,9013.439227127856
2022-06-07T00:00:00.000000,198.0,149,49,174.0,44.0,67.0,209185.0,39186.0,74494.0,12490.0,66098.0,15000.0,91169.0,15205.0,90.0,262.0,32891.0,497.0,10438.077112208079
2022-06-08T00:00:00.000000,168.0,132,36,156.0,42.0,60.0,193729.0,32799.0,61841.0,14396.0,54094.0,8977.0,99357.0,15541.0,82.0,173.0,26902.0,406.0,9386.088086619158
2022-06-09T00:00:00.000000,217.0,156,61,172.0,39.0,71.0,190089.0,36717.0,88432.0,16803.0,46534.0,8428.0,93053.0,22025.0,99.0,285.0,36372.0,520.0,12123.531695990572
2022-06-10T00:00:00.000000,189.0,150,39,163.0,45.0,65.0,169939.0,29166.0,55342.0,12417.0,50222.0,10083.0,78974.0,12530.0,89.0,247.0,43072.0,468.0,11319.90232120278
2022-06-11T00:00:00.000000,174.0,123,51,160.0,41.0,46.0,158488.0,29404.0,58226.0,10462.0,56471.0,10805.0,55622.0,10990.0,60.0,228.0,29762.0,432.0,9652.545136563978
2022-06-12T00:00:00.000000,171.0,126,45,149.0,34.0,62.0,154467.0,30351.0,75846.0,20967.0,46703.0,9275.0,72293.0,14006.0,89.0,223.0,24923.0,380.0,9320.27708189683
2022-06-13T00:00:00.000000,192.0,150,42,180.0,65.0,47.0,214449.0,38046.0,73196.0,15233.0,87115.0,17163.0,74716.0,9652.0,63.0,236.0,30438.0,524.0,10757.65360034683
2022-06-14T00:00:00.000000,194.0,151,43,172.0,47.0,64.0,190342.0,33480.0,49160.0,11101.0,67234.0,11080.0,72107.0,12658.0,95.0,220.0,27049.0,439.0,9964.623807557653
2022-06-15T00:00:00.000000,167.0,114,53,142.0,35.0,45.0,150846.0,33499.0,72210.0,16755.0,47112.0,9485.0,70204.0,19379.0,66.0,191.0,19425.0,384.0,8921.550683851081
2022-06-16T00:00:00.000000,204.0,160,44,173.0,58.0,64.0,203182.0,34757.0,54495.0,11237.0,74696.0,10306.0,93576.0,15568.0,87.0,279.0,33243.0,496.0,11759.990415158378
2022-06-17T00:00:00.000000,197.0,139,58,166.0,48.0,63.0,146425.0,24658.0,81738.0,15308.0,51514.0,7818.0,65135.0,10739.0,91.0,235.0,30903.0,420.0,11047.65607204333
2022-06-18T00:00:00.000000,129.0,105,24,121.0,35.0,46.0,119623.0,19508.0,32353.0,8374.0,41233.0,7624.0,48331.0,7690.0,62.0,133.0,22415.0,307.0,7647.957070613193
2022-06-19T00:00:00.000000,160.0,122,38,144.0,38.0,48.0,135962.0,25571.0,58535.0,10989.0,52644.0,9526.0,49383.0,9977.0,62.0,197.0,22078.0,369.0,8671.453735399538
2022-06-20T00:00:00.000000,207.0,167,40,178.0,66.0,63.0,230631.0,44359.0,70646.0,17504.0,88985.0,15080.0,101000.0,21354.0,79.0,233.0,36455.0,492.0,11182.144366098233
2022-06-21T00:00:00.000000,168.0,129,39,159.0,45.0,45.0,173966.0,33248.0,58401.0,8382.0,64877.0,11823.0,57692.0,13049.0,64.0,176.0,23420.0,394.0,9204.802432745713
2022-06-22T00:00:00.000000,217.0,165,52,181.0,38.0,88.0,208599.0,41257.0,70609.0,17363.0,47469.0,9454.0,110846.0,21087.0,121.0,228.0,34898.0,507.0,12011.317421122167
2022-06-23T00:00:00.000000,201.0,159,42,174.0,61.0,56.0,202800.0,35558.0,43952.0,8191.0,99602.0,19367.0,59336.0,10637.0,77.0,283.0,37621.0,550.0,11212.503814384936
2022-06-24T00:00:00.000000,174.0,120,54,152.0,34.0,47.0,167275.0,40491.0,65077.0,15123.0,47550.0,6871.0,62067.0,15672.0,69.0,234.0,28519.0,377.0,9563.88793131445
2022-06-25T00:00:00.000000,133.0,102,31,118.0,28.0,40.0,117959.0,17957.0,56851.0,14149.0,39842.0,5322.0,43505.0,7092.0,54.0,192.0,18191.0,330.0,6379.521108719283
2022-06-26T00:00:00.000000,187.0,137,50,153.0,32.0,60.0,168799.0,29450.0,89685.0,15960.0,47335.0,8818.0,65668.0,10483.0,78.0,213.0,30886.0,474.0,10533.327051336835
2022-06-27T00:00:00.000000,161.0,120,41,152.0,43.0,40.0,143150.0,25905.0,57691.0,14009.0,60854.0,10668.0,47630.0,9175.0,62.0,158.0,24365.0,434.0,8501.240985756162
2022-06-28T00:00:00.000000,198.0,157,41,175.0,47.0,67.0,207514.0,40093.0,55208.0,10006.0,75080.0,15741.0,84251.0,14146.0,84.0,231.0,32882.0,546.0,11172.326312984631
2022-06-29T00:00:00.000000,198.0,135,63,168.0,32.0,61.0,186836.0,35424.0,128160.0,29107.0,63376.0,13377.0,74625.0,13932.0,82.0,231.0,34512.0,515.0,10877.873447828977
2022-06-30T00:00:00.000000,178.0,130,48,157.0,40.0,48.0,165244.0,27810.0,64599.0,9821.0,47764.0,9046.0,65624.0,10882.0,71.0,194.0,20960.0,377.0,10594.709377955698
2022-07-01T00:00:00.000000,126.0,103,23,118.0,38.0,37.0,137500.0,28751.0,30646.0,7571.0,38291.0,7497.0,52777.0,11805.0,54.0,171.0,34409.0,359.0,6984.954776892449
2022-07-02T00:00:00.000000,129.0,96,33,115.0,36.0,40.0,125727.0,24485.0,48870.0,9719.0,51821.0,10339.0,52969.0,8833.0,58.0,159.0,15042.0,265.0,7323.981333019376
2022-07-03T00:00:00.000000,141.0,109,32,124.0,39.0,50.0,146781.0,27569.0,36576.0,9170.0,68395.0,15575.0,56943.0,8745.0,77.0,213.0,28082.0,258.0,7424.589398270784
2022-07-04T00:00:00.000000,143.0,111,32,132.0,46.0,41.0,162425.0,33097.0,50175.0,12595.0,70124.0,16468.0,52327.0,9865.0,61.0,187.0,19015.0,345.0,7539.0990581084325
2022-07-05T00:00:00.000000,184.0,148,36,155.0,41.0,77.0,212218.0,39627.0,60020.0,10352.0,55783.0,10828.0,116534.0,20652.0,105.0,244.0,25653.0,533.0,9952.097418803698
2022-07-06T00:00:00.000000,151.0,117,34,131.0,34.0,53.0,148711.0,26372.0,52337.0,12809.0,53287.0,6058.0,62773.0,13341.0,72.0,205.0,21682.0,400.0,8582.002126488464
2022-07-07T00:00:00.000000,173.0,128,45,162.0,42.0,52.0,154359.0,26381.0,57261.0,12088.0,57162.0,9578.0,59419.0,12035.0,75.0,216.0,28361.0,403.0,9273.072598857654
2022-07-08T00:00:00.000000,183.0,138,45,161.0,39.0,64.0,174351.0,35949.0,59149.0,13385.0,50716.0,15787.0,86669.0,15764.0,100.0,184.0,25561.0,423.0,9122.510206998955
2022-07-09T00:00:00.000000,147.0,122,25,135.0,46.0,54.0,184922.0,33417.0,36588.0,11382.0,74889.0,12238.0,85190.0,14862.0,66.0,185.0,26181.0,367.0,7592.640966885724
2022-07-10T00:00:00.000000,154.0,113,41,134.0,32.0,41.0,159487.0,32736.0,64229.0,12994.0,52523.0,9832.0,66094.0,14540.0,65.0,199.0,22791.0,345.0,7896.469582157649
2022-07-11T00:00:00.000000,190.0,134,56,159.0,38.0,64.0,190352.0,38277.0,79256.0,14280.0,56155.0,10574.0,88193.0,18449.0,90.0,293.0,23265.0,448.0,10402.637954281612
2022-07-12T00:00:00.000000,182.0,146,36,166.0,42.0,65.0,183696.0,29350.0,56718.0,12005.0,60681.0,10253.0,80068.0,12634.0,103.0,258.0,30584.0,511.0,9957.14544735108
2022-07-13T00:00:00.000000,185.0,130,55,166.0,46.0,56.0,187163.0,32004.0,106764.0,22165.0,64516.0,12938.0,83626.0,14667.0,83.0,236.0,23097.0,349.0,10604.987754508664
2022-07-14T00:00:00.000000,185.0,127,58,164.0,44.0,49.0,161501.0,27135.0,68143.0,16197.0,75412.0,14209.0,53500.0,8580.0,65.0,225.0,35783.0,489.0,9797.606667096346
2022-07-15T00:00:00.000000,177.0,127,50,159.0,42.0,51.0,158234.0,29019.0,85843.0,14998.0,61068.0,11865.0,63841.0,10341.0,76.0,229.0,28960.0,445.0,8966.159209519292
2022-07-16T00:00:00.000000,156.0,116,40,136.0,36.0,45.0,134321.0,23364.0,59057.0,14592.0,43572.0,7615.0,54700.0,10741.0,71.0,245.0,28737.0,394.0,8454.159207566277
2022-07-17T00:00:00.000000,133.0,106,27,122.0,38.0,38.0,144864.0,30129.0,44356.0,9213.0,48149.0,10128.0,53277.0,11452.0,53.0,202.0,23144.0,408.0,7383.499957559052
2022-07-18T00:00:00.000000,153.0,115,38,145.0,32.0,53.0,151450.0,28799.0,54202.0,11552.0,48337.0,9416.0,73637.0,14967.0,76.0,234.0,27745.0,389.0,8159.045762028407
2022-07-19T00:00:00.000000,162.0,132,30,154.0,42.0,56.0,168652.0,27674.0,72185.0,14585.0,58675.0,11240.0,77621.0,11812.0,79.0,219.0,31591.0,402.0,9309.021174840016
2022-07-20T00:00:00.000000,182.0,141,41,162.0,45.0,65.0,188320.0,34573.0,70104.0,17002.0,66145.0,11159.0,81122.0,17416.0,92.0,246.0,28709.0,428.0,10922.811168122204
2022-07-21T00:00:00.000000,174.0,130,44,158.0,39.0,53.0,162582.0,32831.0,88166.0,25750.0,54810.0,10093.0,62651.0,14240.0,78.0,251.0,21223.0,481.0,10074.045244791403
2022-07-22T00:00:00.000000,173.0,125,48,148.0,37.0,57.0,161009.0,33000.0,58334.0,12212.0,48934.0,8539.0,79453.0,19741.0,90.0,164.0,23552.0,411.0,9695.686035852132
2022-07-23T00:00:00.000000,114.0,94,20,105.0,33.0,38.0,134101.0,25722.0,35815.0,6957.0,53089.0,11738.0,47543.0,8883.0,53.0,149.0,15990.0,257.0,5860.326488533175
2022-07-24T00:00:00.000000,136.0,98,38,119.0,31.0,43.0,145472.0,27394.0,52246.0,13342.0,43697.0,7150.0,68560.0,15693.0,65.0,203.0,19348.0,352.0,7170.852593594282
2022-07-25T00:00:00.000000,164.0,114,50,132.0,31.0,56.0,145919.0,29729.0,85299.0,16348.0,41122.0,7168.0,75115.0,14256.0,78.0,174.0,21711.0,410.0,8152.91647903516
2022-07-26T00:00:00.000000,156.0,117,39,139.0,42.0,56.0,169710.0,32457.0,62586.0,11951.0,66360.0,15599.0,76006.0,13763.0,79.0,200.0,28833.0,415.0,7964.5017038413935
2022-07-27T00:00:00.000000,156.0,116,40,145.0,35.0,50.0,154086.0,25083.0,54843.0,12403.0,49006.0,8780.0,63256.0,8654.0,66.0,184.0,28815.0,377.0,9155.177995124843
2022-07-28T00:00:00.000000,163.0,113,50,142.0,41.0,44.0,163455.0,33521.0,76515.0,17969.0,72433.0,12920.0,56460.0,14993.0,59.0,205.0,19416.0,318.0,7483.877440179494
2022-07-29T00:00:00.000000,162.0,126,36,142.0,40.0,53.0,173966.0,29814.0,49991.0,10880.0,58810.0,9355.0,75752.0,14433.0,70.0,215.0,22383.0,437.0,9089.14498692017
2022-07-30T00:00:00.000000,134.0,102,32,118.0,33.0,41.0,119519.0,17873.0,71992.0,10939.0,37627.0,4579.0,51370.0,8370.0,55.0,230.0,22746.0,351.0,7319.5123185020975
2022-07-31T00:00:00.000000,130.0,100,30,123.0,36.0,40.0,125827.0,23020.0,40144.0,7975.0,47261.0,9549.0,49695.0,8513.0,61.0,192.0,16595.0,318.0,7323.6392294387615
2022-08-01T00:00:00.000000,154.0,110,44,131.0,32.0,43.0,141059.0,24610.0,65773.0,13721.0,43646.0,6059.0,64580.0,13922.0,69.0,262.0,27860.0,433.0,7273.264356037145
2022-08-02T00:00:00.000000,171.0,138,33,145.0,40.0,60.0,170643.0,28383.0,55958.0,15681.0,46678.0,8523.0,80900.0,14898.0,90.0,226.0,36340.0,456.0,9496.348199194268
2022-08-03T00:00:00.000000,141.0,103,38,130.0,30.0,45.0,144616.0,24065.0,69860.0,14994.0,46822.0,7235.0,57906.0,10985.0,61.0,165.0,19315.0,295.0,8515.885246530795
2022-08-04T00:00:00.000000,150.0,107,43,139.0,42.0,43.0,147906.0,27569.0,62215.0,13204.0,63978.0,12082.0,55786.0,10315.0,55.0,152.0,20493.0,369.0,8330.754906036516
2022-08-05T00:00:00.000000,153.0,119,34,146.0,34.0,53.0,149374.0,22947.0,48347.0,7783.0,61544.0,10165.0,51855.0,6575.0,77.0,155.0,36960.0,339.0,8009.023233592474
2022-08-06T00:00:00.000000,147.0,111,36,127.0,38.0,44.0,154812.0,32164.0,57993.0,14206.0,55037.0,9553.0,62351.0,12774.0,64.0,173.0,25874.0,366.0,8105.537308861012
2022-08-07T00:00:00.000000,162.0,117,45,139.0,37.0,50.0,162339.0,30543.0,83795.0,18010.0,56516.0,9370.0,69355.0,16270.0,77.0,252.0,26673.0,394.0,9247.605694009124
2022-08-08T00:00:00.000000,159.0,118,41,147.0,38.0,47.0,168544.0,33551.0,69096.0,18723.0,57735.0,12083.0,66019.0,14004.0,69.0,218.0,33562.0,412.0,8930.663912211718
2022-08-09T00:00:00.000000,173.0,128,45,137.0,49.0,49.0,174807.0,32126.0,57218.0,6141.0,64238.0,11260.0,71058.0,13469.0,63.0,256.0,25382.0,417.0,9277.489489879088
2022-08-10T00:00:00.000000,158.0,116,42,150.0,35.0,39.0,143554.0,23398.0,62913.0,12778.0,51577.0,8313.0,44478.0,6403.0,52.0,193.0,22518.0,357.0,8648.810297169603
2022-08-11T00:00:00.000000,157.0,124,33,145.0,43.0,48.0,157664.0,28862.0,48977.0,7898.0,58311.0,10972.0,62684.0,10309.0,67.0,182.0,34887.0,375.0,8045.848612587948
2022-08-12T00:00:00.000000,156.0,116,40,128.0,35.0,47.0,149170.0,29198.0,57176.0,17381.0,48243.0,8805.0,58691.0,12606.0,63.0,184.0,21952.0,381.0,8614.077346843313
2022-08-13T00:00:00.000000,139.0,102,37,130.0,34.0,40.0,159407.0,33749.0,52879.0,14037.0,51419.0,13786.0,73663.0,13457.0,59.0,245.0,23306.0,339.0,8048.33494691731
2022-08-14T00:00:00.000000,162.0,117,45,136.0,32.0,45.0,157235.0,26781.0,77118.0,19838.0,58563.0,10731.0,43985.0,8275.0,66.0,224.0,27531.0,317.0,7727.667453772338
2022-08-15T00:00:00.000000,154.0,118,36,141.0,38.0,47.0,154016.0,27331.0,53614.0,11197.0,52367.0,11807.0,52982.0,8423.0,66.0,212.0,38181.0,385.0,9016.87803910512
2022-08-16T00:00:00.000000,164.0,120,44,145.0,37.0,55.0,143136.0,22686.0,60161.0,9848.0,50234.0,6591.0,58799.0,10998.0,79.0,194.0,19987.0,348.0,9324.975093223988
2022-08-17T00:00:00.000000,133.0,99,34,124.0,32.0,43.0,134628.0,23753.0,58599.0,13471.0,34542.0,6437.0,68406.0,11305.0,56.0,128.0,18983.0,343.0,7039.01809829471
2022-08-18T00:00:00.000000,172.0,125,47,150.0,35.0,53.0,156167.0,26154.0,80814.0,18049.0,52605.0,8979.0,66844.0,11446.0,79.0,227.0,22966.0,364.0,9785.999567732459
2022-08-19T00:00:00.000000,161.0,119,42,140.0,37.0,49.0,164502.0,36890.0,73683.0,13233.0,63733.0,17025.0,56550.0,12075.0,75.0,218.0,25079.0,400.0,8874.896522228422
2022-08-20T00:00:00.000000,106.0,89,17,103.0,29.0,41.0,120553.0,23791.0,27189.0,5877.0,46820.0,7522.0,49317.0,10937.0,54.0,144.0,26411.0,297.0,5323.260860568892
2022-08-21T00:00:00.000000,132.0,92,40,119.0,25.0,38.0,132844.0,27520.0,63539.0,15040.0,36452.0,5934.0,43867.0,6790.0,54.0,185.0,18794.0,315.0,7757.963225521689
2022-08-22T00:00:00.000000,170.0,117,53,143.0,31.0,58.0,146032.0,28147.0,81991.0,20110.0,40728.0,6872.0,76281.0,16142.0,84.0,298.0,32660.0,401.0,9330.203564450792
2022-08-23T00:00:00.000000,170.0,126,44,145.0,39.0,55.0,152690.0,30161.0,82532.0,16352.0,49496.0,9012.0,58382.0,9922.0,78.0,255.0,21829.0,435.0,9459.617571038718
2022-08-24T00:00:00.000000,186.0,147,39,165.0,45.0,58.0,197666.0,38801.0,71308.0,13944.0,59479.0,13613.0,84463.0,16655.0,78.0,237.0,32336.0,546.0,9439.342044154395
2022-08-25T00:00:00.000000,177.0,137,40,159.0,45.0,58.0,182432.0,33373.0,73056.0,11930.0,51670.0,8011.0,70935.0,12889.0,78.0,215.0,23771.0,411.0,9271.71482507514
2022-08-26T00:00:00.000000,142.0,102,40,126.0,29.0,48.0,122890.0,19103.0,50541.0,8319.0,47739.0,7549.0,47908.0,7369.0,72.0,211.0,27445.0,376.0,8495.721690111237
2022-08-27T00:00:00.000000,134.0,106,28,127.0,38.0,42.0,142458.0,23362.0,54899.0,12481.0,55066.0,9614.0,58547.0,9198.0,62.0,198.0,18997.0,312.0,6991.650360165876
2022-08-28T00:00:00.000000,159.0,131,28,143.0,43.0,55.0,183073.0,33008.0,50049.0,12968.0,66950.0,14649.0,63719.0,9102.0,72.0,185.0,25801.0,485.0,8637.101692194818
2022-08-29T00:00:00.000000,169.0,125,44,155.0,37.0,44.0,124843.0,21816.0,79955.0,15243.0,36721.0,5895.0,48921.0,9606.0,63.0,167.0,21122.0,434.0,9541.768818397259
2022-08-30T00:00:00.000000,187.0,138,49,167.0,42.0,56.0,154528.0,26338.0,61469.0,11914.0,57347.0,9519.0,60855.0,11114.0,77.0,256.0,27826.0,481.0,10229.56231535299
2022-08-31T00:00:00.000000,194.0,136,58,164.0,46.0,47.0,223314.0,38101.0,78786.0,14720.0,106419.0,18941.0,61738.0,10656.0,71.0,224.0,29833.0,505.0,10357.935266124114
2022-09-01T00:00:00.000000,162.0,123,39,144.0,35.0,46.0,157079.0,29873.0,62967.0,15488.0,50091.0,8933.0,64319.0,13218.0,72.0,179.0,31051.0,354.0,8318.652113418064
2022-09-02T00:00:00.000000,151.0,109,42,132.0,32.0,49.0,155304.0,24145.0,52054.0,9044.0,64112.0,9807.0,60034.0,9143.0,70.0,204.0,20376.0,378.0,8337.6804751641
2022-09-03T00:00:00.000000,166.0,119,47,130.0,38.0,36.0,145197.0,21424.0,63133.0,11065.0,53118.0,7290.0,34511.0,6996.0,60.0,187.0,26757.0,427.0,9506.394195079507
2022-09-04T00:00:00.000000,158.0,115,43,138.0,42.0,33.0,153318.0,29454.0,60642.0,13155.0,66757.0,12694.0,30157.0,5888.0,47.0,173.0,21755.0,395.0,9308.568458857111
2022-09-05T00:00:00.000000,167.0,125,42,144.0,40.0,48.0,139667.0,20366.0,59985.0,12342.0,49732.0,8480.0,53176.0,7356.0,80.0,190.0,22564.0,420.0,9553.261701858106
2022-09-06T00:00:00.000000,163.0,127,36,149.0,54.0,43.0,143173.0,27015.0,45733.0,10002.0,68882.0,15537.0,48266.0,8166.0,68.0,181.0,30061.0,434.0,7177.104126072822
2022-09-07T00:00:00.000000,206.0,152,54,182.0,47.0,54.0,250361.0,42847.0,69733.0,15266.0,85390.0,13815.0,86396.0,17404.0,75.0,229.0,26696.0,460.0,11586.635762993326
2022-09-08T00:00:00.000000,178.0,125,53,160.0,41.0,49.0,157662.0,26961.0,80115.0,14643.0,43594.0,6177.0,74675.0,13508.0,79.0,232.0,20808.0,443.0,9715.40031470233
2022-09-09T00:00:00.000000,196.0,150,46,173.0,47.0,52.0,192459.0,31224.0,65743.0,11351.0,60052.0,9506.0,69633.0,11341.0,67.0,179.0,30781.0,527.0,11299.949120244313
2022-09-10T00:00:00.000000,141.0,100,41,130.0,27.0,38.0,153675.0,28343.0,77273.0,14452.0,42582.0,6940.0,68018.0,14122.0,49.0,167.0,18981.0,351.0,8063.169694539776
2022-09-11T00:00:00.000000,161.0,125,36,147.0,47.0,43.0,125535.0,23250.0,48556.0,11284.0,52738.0,10092.0,35930.0,7370.0,56.0,136.0,25200.0,380.0,9679.25677228766
2022-09-12T00:00:00.000000,178.0,132,46,161.0,51.0,46.0,162585.0,26928.0,77369.0,15914.0,75715.0,11846.0,48757.0,9537.0,63.0,174.0,30027.0,473.0,10270.710375803337
2022-09-13T00:00:00.000000,168.0,120,48,155.0,29.0,55.0,141915.0,24190.0,70857.0,13274.0,36980.0,6349.0,61541.0,10050.0,68.0,135.0,20415.0,387.0,10189.24238857081
2022-09-14T00:00:00.000000,182.0,133,49,160.0,47.0,57.0,190574.0,36684.0,58652.0,14991.0,74746.0,11761.0,73690.0,13118.0,80.0,210.0,27753.0,437.0,10227.771086727242
2022-09-15T00:00:00.000000,184.0,146,38,170.0,47.0,54.0,198190.0,37567.0,38508.0,7218.0,78037.0,14080.0,72616.0,16042.0,82.0,188.0,35675.0,426.0,10094.851316453907
2022-09-16T00:00:00.000000,159.0,122,37,152.0,40.0,54.0,178998.0,31921.0,55590.0,14086.0,62113.0,10864.0,85020.0,15701.0,79.0,191.0,23782.0,470.0,8594.75573383882
2022-09-17T00:00:00.000000,151.0,108,43,137.0,30.0,54.0,147144.0,30523.0,67208.0,14742.0,43375.0,9811.0,77555.0,16643.0,73.0,179.0,24204.0,331.0,7959.674758101559
2022-09-18T00:00:00.000000,172.0,140,32,163.0,55.0,55.0,162530.0,24916.0,45584.0,13831.0,62976.0,9383.0,69253.0,10961.0,73.0,155.0,27066.0,451.0,10129.431614139308
2022-09-19T00:00:00.000000,167.0,119,48,148.0,34.0,54.0,135106.0,25555.0,63868.0,11651.0,35685.0,5385.0,61651.0,13551.0,74.0,153.0,25285.0,381.0,8978.800908710791
2022-09-20T00:00:00.000000,196.0,148,48,172.0,53.0,57.0,190811.0,32193.0,72567.0,15417.0,67235.0,9340.0,75594.0,12726.0,77.0,226.0,27021.0,478.0,10467.078189775864
2022-09-21T00:00:00.000000,167.0,125,42,155.0,41.0,45.0,153183.0,28348.0,62863.0,12960.0,44764.0,7833.0,54592.0,9736.0,62.0,227.0,20196.0,439.0,8888.532229596238
2022-09-22T00:00:00.000000,197.0,144,53,155.0,44.0,65.0,174492.0,28802.0,98621.0,17037.0,58397.0,10057.0,80668.0,14442.0,101.0,283.0,26693.0,431.0,10565.975716801817
2022-09-23T00:00:00.000000,146.0,120,26,126.0,29.0,52.0,148654.0,24446.0,41643.0,5873.0,40090.0,7922.0,62884.0,10430.0,76.0,222.0,25719.0,352.0,7981.246229436131
2022-09-24T00:00:00.000000,174.0,127,47,150.0,40.0,56.0,150644.0,26958.0,69629.0,12099.0,52437.0,9155.0,73479.0,14094.0,83.0,171.0,22620.0,479.0,10196.662988555312
2022-09-25T00:00:00.000000,149.0,119,30,139.0,23.0,61.0,157275.0,28035.0,46598.0,8012.0,23754.0,4209.0,90632.0,14671.0,80.0,123.0,27699.0,434.0,8473.033705594786
2022-09-26T00:00:00.000000,178.0,131,47,145.0,48.0,47.0,144111.0,24928.0,84365.0,22989.0,54047.0,9440.0,56745.0,10515.0,69.0,182.0,19874.0,500.0,9983.439122076814
2022-09-27T00:00:00.000000,200.0,148,52,177.0,46.0,55.0,181744.0,37407.0,98956.0,26175.0,64456.0,11529.0,73651.0,18000.0,70.0,234.0,24994.0,465.0,10878.162917900732
2022-09-28T00:00:00.000000,148.0,113,35,129.0,42.0,41.0,140329.0,26486.0,41963.0,8814.0,56104.0,10304.0,48736.0,9143.0,61.0,162.0,23496.0,356.0,8533.396948824302
2022-09-29T00:00:00.000000,215.0,171,44,197.0,62.0,63.0,177711.0,33565.0,54050.0,13510.0,63883.0,9871.0,70672.0,14763.0,85.0,229.0,29432.0,610.0,11377.313629240292
2022-09-30T00:00:00.000000,178.0,133,45,154.0,41.0,51.0,150761.0,23965.0,79122.0,17139.0,50606.0,10686.0,61512.0,8036.0,76.0,185.0,22187.0,440.0,9675.011749476878
2022-10-01T00:00:00.000000,123.0,91,32,106.0,20.0,47.0,118238.0,22070.0,59132.0,14579.0,25271.0,3926.0,66359.0,14168.0,60.0,130.0,18163.0,304.0,7271.8242860147075
2022-10-02T00:00:00.000000,180.0,139,41,156.0,41.0,53.0,202440.0,40537.0,69370.0,8414.0,70386.0,14639.0,76279.0,16289.0,72.0,199.0,30947.0,394.0,9589.094315486222
2022-10-03T00:00:00.000000,198.0,156,42,181.0,51.0,65.0,181849.0,34653.0,58341.0,11326.0,70560.0,13162.0,70215.0,12842.0,93.0,195.0,29316.0,486.0,11208.854190053125
2022-10-04T00:00:00.000000,176.0,144,32,167.0,38.0,52.0,161186.0,28885.0,41234.0,9832.0,45338.0,9288.0,61653.0,10784.0,66.0,228.0,32722.0,409.0,10100.044381950878
2022-10-05T00:00:00.000000,194.0,148,46,178.0,53.0,61.0,160881.0,27728.0,80641.0,17382.0,52910.0,7845.0,69813.0,12557.0,84.0,212.0,29345.0,432.0,11041.202324692124
2022-10-06T00:00:00.000000,195.0,140,55,175.0,43.0,62.0,172071.0,29737.0,81549.0,15586.0,54724.0,8675.0,76151.0,15593.0,87.0,221.0,29221.0,420.0,10883.010251487212
2022-10-07T00:00:00.000000,169.0,134,35,154.0,47.0,52.0,147731.0,23706.0,44379.0,9849.0,58705.0,8515.0,61090.0,9480.0,75.0,174.0,24151.0,409.0,9864.100234186837
2022-10-08T00:00:00.000000,155.0,131,24,143.0,37.0,53.0,135002.0,22433.0,35046.0,9672.0,34109.0,5366.0,63778.0,10807.0,65.0,136.0,21931.0,342.0,9203.277477803587
2022-10-09T00:00:00.000000,191.0,138,53,171.0,41.0,54.0,172635.0,41937.0,90466.0,17887.0,52695.0,10841.0,78751.0,25172.0,74.0,196.0,28487.0,422.0,10361.98175325129
2022-10-10T00:00:00.000000,200.0,154,46,176.0,38.0,71.0,180337.0,31585.0,70391.0,12601.0,45259.0,7921.0,89401.0,16594.0,87.0,235.0,33804.0,457.0,11586.52136425832
2022-10-11T00:00:00.000000,232.0,178,54,196.0,60.0,69.0,208867.0,40807.0,75524.0,18658.0,75742.0,13087.0,80008.0,17808.0,89.0,267.0,38386.0,514.0,13280.626420939629
2022-10-12T00:00:00.000000,225.0,174,51,203.0,48.0,65.0,200637.0,33559.0,82954.0,13058.0,60833.0,9464.0,86469.0,15403.0,86.0,226.0,32437.0,529.0,12849.175259457064
2022-10-13T00:00:00.000000,202.0,157,45,184.0,49.0,54.0,193856.0,43032.0,67342.0,13309.0,57684.0,8983.0,70867.0,13211.0,75.0,199.0,29408.0,454.0,11457.532337160306
2022-10-14T00:00:00.000000,182.0,144,38,147.0,45.0,58.0,170321.0,32289.0,44302.0,9007.0,68613.0,14413.0,63438.0,12438.0,87.0,207.0,31077.0,428.0,10112.136925768256
2022-10-15T00:00:00.000000,154.0,129,25,143.0,50.0,49.0,158717.0,34365.0,28375.0,6675.0,61978.0,12979.0,62856.0,14576.0,77.0,166.0,28390.0,425.0,8800.327406315111
2022-10-16T00:00:00.000000,203.0,154,49,184.0,40.0,63.0,167930.0,32209.0,59255.0,11420.0,45811.0,6461.0,76893.0,16341.0,89.0,155.0,30721.0,454.0,11586.724427497771
2022-10-17T00:00:00.000000,181.0,136,45,164.0,54.0,51.0,154136.0,27611.0,78338.0,16660.0,65634.0,13066.0,56398.0,9486.0,78.0,161.0,18742.0,428.0,10294.238408571913
2022-10-18T00:00:00.000000,173.0,136,37,161.0,47.0,53.0,150694.0,27486.0,42618.0,9557.0,61312.0,11070.0,51465.0,10728.0,79.0,212.0,22354.0,419.0,9557.503372406516
2022-10-19T00:00:00.000000,220.0,170,50,193.0,54.0,69.0,186450.0,35479.0,63447.0,10847.0,63998.0,13302.0,79608.0,13226.0,97.0,251.0,27861.0,508.0,12557.18686791105
2022-10-20T00:00:00.000000,207.0,156,51,187.0,49.0,62.0,172850.0,30170.0,66819.0,13280.0,58544.0,11301.0,72163.0,11689.0,89.0,219.0,25908.0,471.0,12344.911375053134
2022-10-21T00:00:00.000000,222.0,167,55,196.0,48.0,62.0,213556.0,36315.0,80247.0,15883.0,65803.0,11271.0,87506.0,15647.0,87.0,238.0,26607.0,482.0,12120.780889764506
2022-10-22T00:00:00.000000,152.0,117,35,131.0,43.0,40.0,126893.0,25828.0,73185.0,23998.0,47928.0,9982.0,42051.0,9896.0,60.0,154.0,20390.0,394.0,8523.591660707241
2022-10-23T00:00:00.000000,166.0,132,34,151.0,37.0,50.0,162912.0,35781.0,69184.0,12782.0,46415.0,12105.0,63462.0,11059.0,64.0,165.0,26068.0,398.0,9572.891096532097
2022-10-24T00:00:00.000000,170.0,138,32,156.0,51.0,41.0,160890.0,25283.0,42198.0,8070.0,56673.0,9624.0,56970.0,8956.0,54.0,185.0,21818.0,448.0,8963.087338705258
2022-10-25T00:00:00.000000,215.0,147,68,192.0,52.0,54.0,167636.0,29420.0,96441.0,16971.0,56135.0,11669.0,60266.0,9148.0,77.0,231.0,40178.0,527.0,12093.724072647648
2022-10-26T00:00:00.000000,205.0,148,57,167.0,34.0,67.0,164401.0,30533.0,64814.0,12613.0,45926.0,9582.0,68550.0,12223.0,88.0,303.0,33925.0,524.0,12276.567708079729
2022-10-27T00:00:00.000000,175.0,132,43,159.0,45.0,50.0,167401.0,28972.0,67757.0,13556.0,67978.0,14758.0,53195.0,9019.0,64.0,184.0,28195.0,396.0,10095.22513807998
2022-10-28T00:00:00.000000,183.0,136,47,163.0,50.0,49.0,187448.0,34967.0,78052.0,28843.0,68301.0,12959.0,72326.0,13714.0,69.0,194.0,32264.0,377.0,10198.589975246265
2022-10-29T00:00:00.000000,180.0,143,37,152.0,42.0,56.0,155885.0,27238.0,42666.0,7014.0,50118.0,9473.0,62981.0,11374.0,72.0,130.0,31578.0,484.0,9841.994089259711
2022-10-30T00:00:00.000000,202.0,147,55,163.0,36.0,63.0,192610.0,39644.0,58237.0,13579.0,49323.0,11456.0,76286.0,15219.0,85.0,191.0,24526.0,416.0,11248.833036159185
2022-10-31T00:00:00.000000,169.0,139,30,152.0,55.0,51.0,177789.0,31501.0,49620.0,10773.0,75429.0,12697.0,56297.0,10177.0,76.0,176.0,23353.0,443.0,9632.894688213135
2022-11-01T00:00:00.000000,187.0,152,35,179.0,54.0,57.0,183202.0,31509.0,47364.0,11339.0,77785.0,15007.0,65739.0,9937.0,86.0,210.0,29096.0,490.0,9623.010806308452
2022-11-02T00:00:00.000000,207.0,155,52,176.0,55.0,61.0,187623.0,29908.0,64572.0,13477.0,72109.0,10898.0,78000.0,14336.0,94.0,228.0,32262.0,482.0,11285.107419154247
2022-11-03T00:00:00.000000,191.0,153,38,176.0,41.0,65.0,184493.0,31564.0,70792.0,21701.0,48399.0,7681.0,84339.0,14205.0,95.0,210.0,23766.0,464.0,10957.102802165326
2022-11-04T00:00:00.000000,203.0,152,51,180.0,55.0,47.0,184692.0,35479.0,107661.0,41991.0,64173.0,14241.0,54110.0,10673.0,67.0,180.0,25744.0,544.0,11544.952575488078
2022-11-05T00:00:00.000000,192.0,148,44,159.0,52.0,62.0,179075.0,35500.0,49715.0,10231.0,71155.0,11544.0,62698.0,13107.0,78.0,213.0,24679.0,402.0,10754.10272942392
2022-11-06T00:00:00.000000,162.0,126,36,144.0,35.0,60.0,144427.0,23723.0,71565.0,11664.0,33706.0,5706.0,73457.0,13916.0,72.0,187.0,21392.0,332.0,9968.874363443321
2022-11-07T00:00:00.000000,183.0,145,38,166.0,45.0,58.0,175279.0,32986.0,67726.0,8610.0,61816.0,12679.0,66909.0,11327.0,85.0,182.0,25643.0,435.0,10259.385666138538
2022-11-08T00:00:00.000000,219.0,166,53,189.0,60.0,58.0,199021.0,37229.0,84404.0,23317.0,72322.0,14654.0,77297.0,13768.0,92.0,264.0,32801.0,546.0,12031.525939239542
2022-11-09T00:00:00.000000,152.0,129,23,143.0,40.0,45.0,167491.0,29828.0,39043.0,6899.0,61775.0,13132.0,58510.0,10093.0,52.0,151.0,22554.0,365.0,9085.929717170156
2022-11-10T00:00:00.000000,176.0,130,46,157.0,49.0,42.0,157578.0,27185.0,61654.0,12240.0,57678.0,10606.0,52081.0,8805.0,50.0,222.0,22989.0,443.0,9863.091451371338
2022-11-11T00:00:00.000000,191.0,146,45,168.0,36.0,61.0,202468.0,35549.0,83452.0,18907.0,53082.0,11248.0,91521.0,15186.0,92.0,220.0,20607.0,428.0,10987.922610014573
2022-11-12T00:00:00.000000,160.0,114,46,138.0,32.0,53.0,146490.0,28088.0,55892.0,12471.0,39978.0,8351.0,65686.0,13068.0,71.0,171.0,21439.0,285.0,8145.510934618547
2022-11-13T00:00:00.000000,161.0,126,35,141.0,34.0,52.0,164700.0,35818.0,44272.0,8595.0,48157.0,8413.0,58107.0,12828.0,75.0,185.0,27679.0,388.0,9878.172503413036
2022-11-14T00:00:00.000000,183.0,139,44,151.0,54.0,41.0,213496.0,37452.0,86762.0,18883.0,82632.0,15844.0,80646.0,13268.0,48.0,172.0,19972.0,373.0,9514.861585490931
2022-11-15T00:00:00.000000,231.0,174,57,203.0,72.0,69.0,222508.0,39492.0,92666.0,22224.0,89428.0,18503.0,95952.0,14418.0,90.0,301.0,30565.0,537.0,13519.268444777297
2022-11-16T00:00:00.000000,230.0,171,59,200.0,58.0,68.0,199747.0,37718.0,98311.0,16270.0,89456.0,18345.0,71029.0,12463.0,95.0,244.0,26856.0,492.0,13121.18859186908
2022-11-17T00:00:00.000000,194.0,137,57,170.0,44.0,48.0,145369.0,25790.0,78588.0,16971.0,47387.0,10167.0,49312.0,7992.0,65.0,168.0,19546.0,395.0,10740.581734003888
2022-11-18T00:00:00.000000,149.0,115,34,133.0,36.0,47.0,142680.0,19307.0,60229.0,10870.0,39667.0,5642.0,53554.0,7431.0,59.0,179.0,24256.0,386.0,8043.962556302113
2022-11-19T00:00:00.000000,146.0,122,24,128.0,30.0,53.0,135821.0,25778.0,39152.0,7193.0,34408.0,6791.0,59869.0,11132.0,73.0,192.0,30058.0,391.0,8372.57737896185
2022-11-20T00:00:00.000000,185.0,149,36,168.0,56.0,61.0,186353.0,33909.0,53861.0,13611.0,80939.0,14863.0,68352.0,11653.0,79.0,212.0,28588.0,490.0,10706.802203598734
2022-11-21T00:00:00.000000,178.0,138,40,163.0,47.0,48.0,160545.0,31852.0,69084.0,19082.0,50439.0,9340.0,58622.0,13834.0,67.0,160.0,22198.0,440.0,10170.867599746527
2022-11-22T00:00:00.000000,194.0,156,38,182.0,47.0,58.0,179994.0,32795.0,38343.0,6356.0,46845.0,7292.0,76530.0,16163.0,86.0,144.0,23221.0,513.0,10928.222821652444
2022-11-23T00:00:00.000000,197.0,148,49,175.0,49.0,53.0,160863.0,28570.0,72139.0,12707.0,51183.0,8310.0,61147.0,11049.0,68.0,233.0,24700.0,453.0,11158.02015612233
2022-11-24T00:00:00.000000,142.0,107,35,126.0,31.0,39.0,127274.0,25683.0,39558.0,11684.0,33120.0,5626.0,57120.0,13827.0,50.0,142.0,16134.0,314.0,8500.315382676807
2022-11-25T00:00:00.000000,168.0,135,33,150.0,39.0,63.0,166369.0,31621.0,39030.0,8008.0,51264.0,10017.0,78594.0,14808.0,89.0,168.0,19140.0,431.0,9895.458348942535
2022-11-26T00:00:00.000000,140.0,117,23,129.0,49.0,47.0,143285.0,23120.0,29222.0,4589.0,60002.0,11208.0,59680.0,9571.0,65.0,142.0,17183.0,390.0,8003.0078245483555
2022-11-27T00:00:00.000000,155.0,119,36,144.0,36.0,44.0,138258.0,24248.0,68271.0,16898.0,47379.0,8337.0,48282.0,7468.0,58.0,229.0,21787.0,376.0,9582.445017726679
2022-11-28T00:00:00.000000,200.0,167,33,183.0,61.0,66.0,212312.0,40091.0,50638.0,9630.0,92248.0,18914.0,73023.0,11202.0,80.0,183.0,38139.0,531.0,11061.293994020063
2022-11-29T00:00:00.000000,190.0,151,39,174.0,56.0,61.0,170569.0,26043.0,45420.0,10501.0,73377.0,10250.0,59470.0,9591.0,82.0,205.0,24888.0,428.0,10749.499290772244
2022-11-30T00:00:00.000000,182.0,156,26,163.0,54.0,71.0,172581.0,28261.0,21463.0,4341.0,53990.0,7301.0,84654.0,14883.0,92.0,176.0,26186.0,425.0,9693.540757847268
2022-12-01T00:00:00.000000,179.0,131,48,163.0,43.0,52.0,164920.0,35255.0,68435.0,14819.0,49756.0,10908.0,70825.0,15057.0,61.0,200.0,23547.0,408.0,10247.16082214526
2022-12-02T00:00:00.000000,191.0,137,54,163.0,35.0,61.0,155384.0,26795.0,78831.0,18899.0,43736.0,9010.0,69600.0,11572.0,89.0,247.0,24725.0,443.0,10302.206429609409
2022-12-03T00:00:00.000000,159.0,119,40,138.0,30.0,51.0,140045.0,26047.0,68064.0,18035.0,37783.0,6763.0,57281.0,10815.0,73.0,205.0,21227.0,370.0,8509.228803461603
2022-12-04T00:00:00.000000,157.0,126,31,142.0,37.0,51.0,170009.0,34811.0,45326.0,8699.0,48618.0,9898.0,71545.0,13254.0,66.0,155.0,18389.0,410.0,9261.178949610827
2022-12-05T00:00:00.000000,186.0,146,40,171.0,61.0,52.0,177202.0,34029.0,59867.0,11771.0,86891.0,19138.0,56140.0,9312.0,64.0,199.0,21743.0,460.0,10315.280287260528
2022-12-06T00:00:00.000000,170.0,135,35,152.0,46.0,49.0,174733.0,33599.0,55238.0,12031.0,60341.0,12948.0,58601.0,11711.0,64.0,175.0,26952.0,453.0,10057.16366846034
2022-12-07T00:00:00.000000,186.0,142,44,161.0,47.0,56.0,184639.0,32987.0,60379.0,14433.0,60993.0,10146.0,79050.0,14333.0,67.0,223.0,26449.0,448.0,9921.139029355018
2022-12-08T00:00:00.000000,179.0,132,47,154.0,40.0,51.0,151054.0,31926.0,57632.0,12323.0,46706.0,8347.0,51907.0,9591.0,65.0,161.0,24381.0,378.0,10439.982796362625
2022-12-09T00:00:00.000000,162.0,133,29,142.0,40.0,58.0,169490.0,31404.0,52285.0,15973.0,53764.0,10478.0,69686.0,12716.0,76.0,242.0,20949.0,383.0,9242.668503413955
2022-12-10T00:00:00.000000,172.0,126,46,134.0,37.0,42.0,146226.0,29524.0,56543.0,12804.0,47807.0,9721.0,41501.0,7252.0,51.0,152.0,21225.0,401.0,9730.460774470357
2022-12-11T00:00:00.000000,167.0,119,48,143.0,45.0,45.0,146497.0,22456.0,71828.0,17544.0,65921.0,11273.0,49054.0,6271.0,56.0,180.0,25223.0,459.0,9193.461534588523
2022-12-12T00:00:00.000000,181.0,147,34,157.0,50.0,62.0,171371.0,39223.0,44760.0,10201.0,62494.0,13803.0,74480.0,18388.0,75.0,179.0,29555.0,453.0,9820.972324053006
2022-12-13T00:00:00.000000,202.0,152,50,173.0,49.0,60.0,178330.0,27925.0,63808.0,17565.0,60885.0,11007.0,72985.0,11370.0,75.0,188.0,23687.0,436.0,10971.76792725164
2022-12-14T00:00:00.000000,180.0,136,44,151.0,47.0,53.0,166644.0,26822.0,69333.0,14926.0,46038.0,7740.0,72248.0,11508.0,74.0,238.0,29100.0,369.0,9513.580265228195
2022-12-15T00:00:00.000000,143.0,115,28,124.0,45.0,42.0,136789.0,21349.0,35326.0,6718.0,57015.0,7825.0,53820.0,9408.0,52.0,153.0,17168.0,343.0,8091.269921262925
2022-12-16T00:00:00.000000,150.0,125,25,138.0,42.0,52.0,159541.0,27664.0,38571.0,6105.0,64108.0,11919.0,56051.0,9256.0,65.0,129.0,19972.0,402.0,8099.482086161713
2022-12-17T00:00:00.000000,116.0,92,24,101.0,35.0,36.0,103419.0,21087.0,29335.0,6642.0,34810.0,6215.0,50521.0,11209.0,55.0,152.0,18826.0,260.0,5422.609827738319
2022-12-18T00:00:00.000000,128.0,90,38,112.0,29.0,35.0,126614.0,28272.0,55531.0,11480.0,47252.0,10033.0,48931.0,9467.0,51.0,142.0,13634.0,333.0,7044.7472158798455
2022-12-19T00:00:00.000000,131.0,111,20,124.0,38.0,41.0,136585.0,25475.0,22941.0,6008.0,52679.0,9245.0,54786.0,10764.0,61.0,160.0,22112.0,353.0,7311.634753502918
2022-12-20T00:00:00.000000,129.0,99,30,109.0,33.0,36.0,154174.0,30133.0,46211.0,13135.0,53122.0,11212.0,49643.0,5995.0,45.0,140.0,15594.0,266.0,7212.961165387729
2022-12-21T00:00:00.000000,131.0,101,30,115.0,30.0,40.0,115356.0,23138.0,62027.0,10999.0,35672.0,7141.0,42444.0,8145.0,50.0,141.0,72740.0,338.0,7123.40826320966
2022-12-22T00:00:00.000000,139.0,104,35,119.0,29.0,43.0,146833.0,28612.0,52107.0,8445.0,43834.0,7089.0,58103.0,11807.0,59.0,166.0,18903.0,375.0,7345.287977716275
2022-12-23T00:00:00.000000,111.0,83,28,95.0,30.0,32.0,108600.0,20811.0,40125.0,7278.0,39496.0,9715.0,43567.0,6993.0,43.0,115.0,14154.0,277.0,5743.912903411047
2022-12-24T00:00:00.000000,105.0,87,18,101.0,32.0,35.0,121614.0,23824.0,26378.0,7275.0,42263.0,6554.0,53602.0,12375.0,58.0,149.0,18018.0,282.0,5400.745742823207
2022-12-25T00:00:00.000000,80.0,57,23,73.0,12.0,24.0,82924.0,12153.0,28512.0,5108.0,18264.0,3747.0,38294.0,4592.0,39.0,136.0,19759.0,171.0,4552.380132413735
2022-12-26T00:00:00.000000,121.0,91,30,104.0,23.0,42.0,118826.0,21017.0,53164.0,10278.0,40605.0,6835.0,54202.0,10317.0,55.0,139.0,16840.0,291.0,6734.031557117542
2022-12-27T00:00:00.000000,134.0,107,27,118.0,34.0,52.0,127379.0,20497.0,35583.0,5375.0,45906.0,7730.0,57482.0,9486.0,69.0,200.0,25150.0,339.0,6867.84588072518
2022-12-28T00:00:00.000000,142.0,105,37,123.0,25.0,53.0,163568.0,31663.0,49613.0,9605.0,51586.0,11928.0,74314.0,12329.0,72.0,183.0,18906.0,367.0,8537.286800455955
2022-12-29T00:00:00.000000,167.0,123,44,143.0,29.0,56.0,182859.0,33794.0,58364.0,11960.0,54238.0,8492.0,76459.0,14994.0,81.0,220.0,22891.0,351.0,9283.626177404554
2022-12-30T00:00:00.000000,139.0,99,40,119.0,37.0,40.0,123896.0,25095.0,50046.0,12189.0,49234.0,11762.0,48442.0,8559.0,61.0,154.0,19909.0,366.0,7707.1830645930395
2022-12-31T00:00:00.000000,121.0,90,31,100.0,27.0,40.0,136435.0,26930.0,40790.0,9106.0,40628.0,5883.0,70890.0,17656.0,63.0,127.0,20888.0,340.0,6754.979915686837
2023-01-01T00:00:00.000000,130.0,104,26,112.0,33.0,44.0,140985.0,30681.0,39592.0,10024.0,44711.0,10860.0,60869.0,11954.0,57.0,172.0,20207.0,362.0,7204.559611100424
2023-01-02T00:00:00.000000,161.0,111,50,137.0,30.0,50.0,191290.0,45999.0,53901.0,9737.0,49065.0,10649.0,96141.0,20051.0,76.0,267.0,25624.0,413.0,8365.578453911696
2023-01-03T00:00:00.000000,159.0,126,33,143.0,31.0,63.0,182577.0,31378.0,42761.0,8976.0,45092.0,10243.0,104288.0,15917.0,80.0,222.0,26568.0,376.0,8715.814550209554
2023-01-04T00:00:00.000000,181.0,148,33,166.0,52.0,65.0,181863.0,33409.0,46428.0,9793.0,65281.0,10191.0,80577.0,16698.0,94.0,202.0,28136.0,482.0,9808.354600405784
2023-01-05T00:00:00.000000,170.0,127,43,152.0,45.0,57.0,198656.0,47364.0,77178.0,14916.0,63647.0,16307.0,100012.0,24762.0,81.0,245.0,19126.0,385.0,8668.027586663733
2023-01-06T00:00:00.000000,163.0,121,42,147.0,43.0,55.0,150024.0,27416.0,73327.0,15435.0,60500.0,12246.0,65529.0,10634.0,81.0,207.0,22139.0,441.0,8754.92074233171
2023-01-07T00:00:00.000000,152.0,116,36,124.0,36.0,41.0,183186.0,34144.0,53072.0,11295.0,66590.0,12652.0,70104.0,15856.0,65.0,186.0,20112.0,368.0,7709.727621064298
2023-01-08T00:00:00.000000,156.0,127,29,138.0,36.0,51.0,165753.0,26554.0,41935.0,11236.0,51727.0,8705.0,64255.0,9047.0,83.0,229.0,26102.0,402.0,8957.542378834798
2023-01-09T00:00:00.000000,163.0,126,37,149.0,34.0,56.0,170603.0,24948.0,69646.0,10938.0,56643.0,6790.0,74427.0,12350.0,89.0,154.0,18040.0,395.0,9816.209067107564
2023-01-10T00:00:00.000000,169.0,137,32,152.0,38.0,60.0,168198.0,30194.0,62535.0,15453.0,48479.0,8403.0,72936.0,13748.0,87.0,241.0,25733.0,525.0,9494.863593607999
2023-01-11T00:00:00.000000,181.0,132,49,160.0,44.0,52.0,159918.0,25961.0,65260.0,13483.0,55491.0,8368.0,63275.0,11282.0,70.0,257.0,24966.0,448.0,9876.39130793734
2023-01-12T00:00:00.000000,175.0,131,44,155.0,34.0,60.0,180211.0,35119.0,63932.0,18292.0,62897.0,12506.0,78249.0,15975.0,94.0,215.0,21392.0,437.0,8520.99959967056
2023-01-13T00:00:00.000000,134.0,101,33,121.0,29.0,44.0,143201.0,28982.0,51347.0,9157.0,54260.0,11691.0,62380.0,13108.0,53.0,156.0,16505.0,322.0,7258.7786580676
2023-01-14T00:00:00.000000,134.0,111,23,125.0,33.0,41.0,140849.0,26723.0,31094.0,7274.0,44593.0,9416.0,54020.0,10241.0,59.0,163.0,16864.0,330.0,7284.631854963236
2023-01-15T00:00:00.000000,166.0,114,52,131.0,38.0,38.0,147443.0,30121.0,53539.0,13060.0,48763.0,10230.0,45795.0,10492.0,56.0,255.0,22597.0,403.0,10021.579505054091
2023-01-16T00:00:00.000000,145.0,115,30,135.0,34.0,43.0,136831.0,25223.0,50135.0,13150.0,45371.0,9047.0,50663.0,7947.0,60.0,177.0,22429.0,335.0,7571.88860455293
2023-01-17T00:00:00.000000,176.0,141,35,156.0,48.0,64.0,187266.0,39872.0,56067.0,13629.0,72414.0,13199.0,83004.0,19298.0,81.0,182.0,23702.0,473.0,8892.79494542035
2023-01-18T00:00:00.000000,178.0,130,48,150.0,35.0,59.0,184519.0,34643.0,82969.0,14158.0,58067.0,11078.0,85074.0,15214.0,79.0,202.0,22294.0,390.0,9273.300156558314
2023-01-19T00:00:00.000000,172.0,129,43,141.0,40.0,50.0,193313.0,35059.0,58466.0,11500.0,60276.0,9614.0,65437.0,12972.0,68.0,167.0,22916.0,484.0,9136.952351706866
2023-01-20T00:00:00.000000,164.0,120,44,142.0,37.0,44.0,148708.0,24196.0,81581.0,24223.0,57406.0,9324.0,43690.0,7856.0,56.0,210.0,20137.0,461.0,7220.017135487389
2023-01-21T00:00:00.000000,145.0,100,45,128.0,25.0,51.0,146767.0,29136.0,73171.0,16835.0,31324.0,6998.0,71619.0,16350.0,82.0,194.0,19760.0,372.0,6752.510888238645
2023-01-22T00:00:00.000000,111.0,92,19,96.0,24.0,40.0,121334.0,21820.0,34547.0,6696.0,32211.0,5505.0,51535.0,11353.0,49.0,104.0,13874.0,292.0,5906.720336153206
2023-01-23T00:00:00.000000,164.0,126,38,152.0,44.0,48.0,166376.0,30848.0,51750.0,12309.0,66094.0,13593.0,57920.0,9204.0,59.0,196.0,29382.0,437.0,9228.142716328504
2023-01-24T00:00:00.000000,164.0,115,49,141.0,26.0,57.0,148828.0,23090.0,68747.0,15051.0,32892.0,5360.0,74054.0,9234.0,83.0,266.0,21531.0,418.0,9099.211412496248
2023-01-25T00:00:00.000000,155.0,121,34,143.0,39.0,36.0,165263.0,29987.0,52254.0,14252.0,50627.0,8285.0,45220.0,7507.0,58.0,169.0,17926.0,359.0,8000.426544746952
2023-01-26T00:00:00.000000,188.0,140,48,170.0,38.0,51.0,162680.0,26697.0,83989.0,15932.0,40511.0,7171.0,62299.0,11513.0,62.0,199.0,21939.0,453.0,9690.534429570263
2023-01-27T00:00:00.000000,132.0,106,26,128.0,36.0,40.0,143217.0,24534.0,32078.0,5261.0,57688.0,9523.0,42401.0,8259.0,54.0,151.0,17879.0,319.0,7014.015207413147
2023-01-28T00:00:00.000000,159.0,111,48,140.0,27.0,52.0,139683.0,28478.0,95264.0,24621.0,29206.0,4098.0,71793.0,15352.0,76.0,184.0,23649.0,378.0,8467.241352946368
2023-01-29T00:00:00.000000,127.0,101,26,115.0,27.0,45.0,115378.0,21421.0,39742.0,8658.0,30940.0,4639.0,50963.0,10900.0,63.0,126.0,15437.0,242.0,7355.432120387105
2023-01-30T00:00:00.000000,154.0,124,30,126.0,43.0,48.0,158343.0,33109.0,29983.0,5365.0,67490.0,14924.0,55007.0,12627.0,59.0,160.0,20663.0,468.0,8296.311958126282
2023-01-31T00:00:00.000000,164.0,121,43,141.0,26.0,56.0,151147.0,29885.0,74535.0,16500.0,30330.0,6561.0,73812.0,14624.0,84.0,204.0,21201.0,334.0,9200.379290695684
2023-02-01T00:00:00.000000,154.0,121,33,142.0,36.0,51.0,152003.0,27796.0,39899.0,11038.0,42029.0,6509.0,72217.0,13910.0,73.0,213.0,27321.0,379.0,8335.079468948696
2023-02-02T00:00:00.000000,152.0,125,27,140.0,37.0,60.0,142337.0,25646.0,57157.0,18528.0,47670.0,8400.0,68154.0,12787.0,78.0,161.0,21368.0,436.0,8029.090746652224
2023-02-03T00:00:00.000000,136.0,106,30,121.0,29.0,51.0,124317.0,22774.0,43981.0,9286.0,35152.0,5397.0,62307.0,12712.0,68.0,179.0,17933.0,357.0,7887.509959557621
2023-02-04T00:00:00.000000,121.0,98,23,116.0,29.0,47.0,118396.0,19432.0,28442.0,7462.0,37365.0,6197.0,59377.0,10329.0,70.0,175.0,18516.0,272.0,7013.382155283183
2023-02-05T00:00:00.000000,170.0,125,45,152.0,35.0,53.0,145795.0,25611.0,56831.0,11560.0,42595.0,7268.0,57449.0,9750.0,76.0,188.0,27732.0,440.0,9681.331140278613
2023-02-06T00:00:00.000000,154.0,119,35,139.0,44.0,44.0,146028.0,29465.0,53494.0,9400.0,57583.0,12125.0,55048.0,11655.0,74.0,237.0,20197.0,483.0,8228.307315589303
2023-02-07T00:00:00.000000,144.0,117,27,137.0,41.0,39.0,159874.0,30235.0,37889.0,11550.0,62933.0,11901.0,51587.0,9108.0,52.0,170.0,23831.0,362.0,7903.25181546934
2023-02-08T00:00:00.000000,204.0,159,45,181.0,48.0,63.0,211800.0,39188.0,65981.0,8603.0,76482.0,19163.0,79298.0,11720.0,86.0,242.0,31684.0,532.0,11095.323278331367
2023-02-09T00:00:00.000000,199.0,144,55,173.0,38.0,58.0,181095.0,39799.0,84305.0,23476.0,62093.0,17169.0,66340.0,14182.0,76.0,201.0,28405.0,476.0,11010.466554071014
2023-02-10T00:00:00.000000,178.0,128,50,149.0,39.0,51.0,154664.0,24274.0,84428.0,21396.0,51436.0,5991.0,49295.0,9147.0,75.0,299.0,29921.0,459.0,9678.940328976352
2023-02-11T00:00:00.000000,150.0,106,44,125.0,25.0,48.0,149008.0,24031.0,67279.0,14898.0,32244.0,5749.0,70913.0,10447.0,68.0,202.0,22344.0,376.0,8275.594377732223
2023-02-12T00:00:00.000000,166.0,124,42,144.0,45.0,52.0,166365.0,29264.0,69819.0,16686.0,68257.0,12688.0,64721.0,11319.0,70.0,176.0,18035.0,353.0,9196.88267925839
2023-02-13T00:00:00.000000,141.0,114,27,137.0,36.0,37.0,161352.0,35467.0,43457.0,12166.0,54323.0,13009.0,48758.0,10062.0,45.0,184.0,27545.0,373.0,7372.723295893867
2023-02-14T00:00:00.000000,137.0,104,33,121.0,32.0,46.0,156457.0,31032.0,68693.0,20918.0,46561.0,10534.0,65959.0,11167.0,58.0,128.0,19525.0,360.0,7039.844874226424
2023-02-15T00:00:00.000000,147.0,117,30,133.0,41.0,46.0,146952.0,25184.0,35951.0,6040.0,59633.0,11495.0,47322.0,6972.0,65.0,140.0,17503.0,435.0,8285.137989208586
2023-02-16T00:00:00.000000,166.0,132,34,149.0,34.0,64.0,165890.0,31236.0,42403.0,11474.0,44119.0,7607.0,78608.0,15887.0,81.0,209.0,20565.0,444.0,9611.313683520366
2023-02-17T00:00:00.000000,149.0,120,29,143.0,39.0,49.0,147929.0,26302.0,44398.0,7826.0,50760.0,11521.0,55395.0,10274.0,70.0,151.0,19083.0,369.0,7487.957086748722
2023-02-18T00:00:00.000000,124.0,104,20,120.0,38.0,40.0,123135.0,25510.0,40894.0,7701.0,45357.0,7868.0,53595.0,12902.0,57.0,142.0,15661.0,332.0,6651.346812905558
2023-02-19T00:00:00.000000,141.0,111,30,125.0,39.0,50.0,169095.0,31374.0,50340.0,7814.0,61244.0,9726.0,75479.0,14721.0,78.0,229.0,30786.0,342.0,8094.150004941165
2023-02-20T00:00:00.000000,182.0,126,56,152.0,35.0,54.0,172157.0,31862.0,85826.0,15380.0,47541.0,8103.0,78843.0,17310.0,75.0,207.0,29404.0,455.0,10351.84034261272
2023-02-21T00:00:00.000000,165.0,137,28,149.0,49.0,60.0,178461.0,31249.0,36923.0,7035.0,62332.0,12489.0,78440.0,13766.0,75.0,180.0,28571.0,453.0,8444.732457637683
2023-02-22T00:00:00.000000,172.0,122,50,146.0,44.0,49.0,169214.0,32621.0,108402.0,23629.0,55408.0,11044.0,70458.0,12662.0,65.0,180.0,29121.0,530.0,9353.907767884437
2023-02-23T00:00:00.000000,180.0,141,39,167.0,42.0,54.0,187235.0,33866.0,50193.0,7915.0,53992.0,9928.0,73830.0,12893.0,67.0,174.0,22851.0,487.0,9881.16624176937
2023-02-24T00:00:00.000000,172.0,136,36,152.0,46.0,50.0,183580.0,35003.0,87824.0,22113.0,67729.0,14342.0,64925.0,11751.0,71.0,254.0,26130.0,506.0,9185.70003989902
2023-02-25T00:00:00.000000,163.0,131,32,148.0,48.0,48.0,171818.0,37974.0,42001.0,9971.0,68463.0,15863.0,68101.0,14306.0,66.0,225.0,28422.0,423.0,9313.007741383813
2023-02-26T00:00:00.000000,149.0,118,31,133.0,39.0,44.0,159404.0,28833.0,48973.0,10246.0,56509.0,10146.0,63592.0,11424.0,61.0,177.0,23485.0,378.0,8339.261936243807
2023-02-27T00:00:00.000000,174.0,133,41,154.0,34.0,60.0,174392.0,36795.0,61622.0,12860.0,46424.0,9185.0,74286.0,18606.0,81.0,242.0,22908.0,417.0,9543.52485597571
2023-02-28T00:00:00.000000,173.0,132,41,152.0,40.0,49.0,211277.0,37801.0,59717.0,14525.0,87297.0,15911.0,69771.0,12506.0,73.0,217.0,29535.0,439.0,9178.543783476744
2023-03-01T00:00:00.000000,171.0,132,39,140.0,36.0,57.0,174016.0,35685.0,50191.0,11615.0,55955.0,10707.0,66743.0,15127.0,77.0,226.0,22048.0,408.0,10148.108832549657
2023-03-02T00:00:00.000000,198.0,148,50,168.0,44.0,65.0,212490.0,34302.0,76022.0,13025.0,64202.0,11171.0,90300.0,15757.0,92.0,272.0,28589.0,500.0,11609.83046460609
2023-03-03T00:00:00.000000,174.0,133,41,150.0,48.0,50.0,181112.0,37440.0,46322.0,8778.0,53094.0,9100.0,73788.0,17543.0,72.0,210.0,20720.0,475.0,9296.208665281858
2023-03-04T00:00:00.000000,129.0,94,35,110.0,33.0,36.0,138973.0,22101.0,49679.0,10610.0,51978.0,9793.0,51733.0,7360.0,61.0,154.0,14973.0,268.0,6609.594915009384
2023-03-05T00:00:00.000000,130.0,99,31,116.0,34.0,45.0,145640.0,25571.0,42978.0,7054.0,65280.0,11841.0,59397.0,10815.0,60.0,150.0,18812.0,339.0,7496.370788048563
2023-03-06T00:00:00.000000,208.0,154,54,172.0,50.0,69.0,205485.0,37209.0,87742.0,19181.0,74172.0,12129.0,94413.0,18528.0,95.0,253.0,28412.0,445.0,11192.763607359775
2023-03-07T00:00:00.000000,186.0,140,46,150.0,43.0,51.0,180106.0,31727.0,52008.0,9280.0,62469.0,11002.0,67290.0,13517.0,65.0,191.0,28740.0,424.0,9967.225266419662
2023-03-08T00:00:00.000000,177.0,129,48,158.0,57.0,36.0,156135.0,30221.0,66724.0,13115.0,71231.0,14723.0,35730.0,6080.0,49.0,190.0,20597.0,411.0,9760.048276457066
2023-03-09T00:00:00.000000,160.0,128,32,136.0,34.0,55.0,183503.0,35954.0,51311.0,7310.0,61146.0,12724.0,77592.0,16382.0,72.0,204.0,45638.0,445.0,8641.08496003984
2023-03-10T00:00:00.000000,181.0,140,37,156.0,54.0,56.0,197588.0,39223.0,56557.0,15144.0,80390.0,14793.0,76210.0,17500.0,81.0,195.0,23280.0,423.0,9456.347926643186
2023-03-11T00:00:00.000000,121.0,94,27,112.0,30.0,42.0,126202.0,23007.0,54813.0,13942.0,35806.0,5845.0,51297.0,10094.0,56.0,187.0,17793.0,255.0,6561.361374537323
2023-03-12T00:00:00.000000,128.0,100,28,121.0,32.0,40.0,120482.0,20841.0,44883.0,10835.0,44172.0,7119.0,50499.0,9505.0,56.0,160.0,21990.0,299.0,6897.450865722535
2023-03-13T00:00:00.000000,182.0,130,52,159.0,44.0,57.0,159310.0,27105.0,56126.0,10364.0,60524.0,9376.0,68926.0,12329.0,82.0,184.0,25240.0,456.0,9716.826252471888
2023-03-14T00:00:00.000000,178.0,133,45,155.0,50.0,47.0,188574.0,33683.0,77355.0,12612.0,76967.0,15762.0,74653.0,12878.0,66.0,213.0,23060.0,382.0,9803.038444916398
2023-03-15T00:00:00.000000,195.0,157,38,170.0,64.0,54.0,216980.0,41026.0,57002.0,11399.0,92608.0,19534.0,78160.0,13087.0,73.0,282.0,26572.0,546.0,10521.686378980034
2023-03-16T00:00:00.000000,173.0,142,31,155.0,37.0,59.0,178400.0,31605.0,32460.0,7768.0,53170.0,8819.0,71190.0,14351.0,76.0,173.0,23561.0,486.0,8900.94826268896
2023-03-17T00:00:00.000000,162.0,131,31,147.0,40.0,50.0,167892.0,28618.0,44200.0,8876.0,57042.0,11514.0,69923.0,10803.0,59.0,150.0,28364.0,426.0,8758.904978694341
2023-03-18T00:00:00.000000,136.0,105,31,116.0,26.0,44.0,144808.0,24947.0,32761.0,7605.0,31565.0,3666.0,67714.0,11070.0,58.0,167.0,20992.0,319.0,7698.979093155994
2023-03-19T00:00:00.000000,111.0,83,28,105.0,24.0,30.0,110455.0,17780.0,39950.0,10674.0,28764.0,5273.0,38429.0,6597.0,39.0,134.0,13380.0,257.0,5609.48053746572
2023-03-20T00:00:00.000000,168.0,133,35,149.0,40.0,55.0,167338.0,33974.0,45724.0,11633.0,51326.0,10445.0,73106.0,15438.0,75.0,227.0,21722.0,405.0,8416.972442354761
2023-03-21T00:00:00.000000,178.0,131,47,153.0,44.0,55.0,205181.0,44252.0,81555.0,18174.0,85981.0,20110.0,76191.0,15533.0,69.0,246.0,27212.0,422.0,9607.593139397799
2023-03-22T00:00:00.000000,165.0,126,39,141.0,41.0,49.0,162491.0,29004.0,64983.0,14688.0,60315.0,12115.0,64688.0,9718.0,59.0,208.0,22192.0,410.0,9334.46420238165
2023-03-23T00:00:00.000000,182.0,141,41,163.0,42.0,55.0,196303.0,37341.0,62469.0,10789.0,67050.0,12620.0,76057.0,16219.0,64.0,223.0,30843.0,466.0,8915.736467347775
2023-03-24T00:00:00.000000,171.0,133,38,142.0,43.0,61.0,180543.0,30994.0,36555.0,6713.0,53052.0,7565.0,90509.0,16993.0,89.0,211.0,21613.0,363.0,9203.777590216343
2023-03-25T00:00:00.000000,118.0,90,28,109.0,34.0,37.0,100935.0,15372.0,54212.0,11449.0,40219.0,5358.0,38829.0,6450.0,57.0,122.0,12458.0,277.0,6342.332986250241
2023-03-26T00:00:00.000000,143.0,105,38,124.0,29.0,51.0,134573.0,21394.0,49254.0,12390.0,38426.0,5709.0,66970.0,11324.0,67.0,166.0,23952.0,293.0,7596.495130065498
2023-03-27T00:00:00.000000,182.0,137,45,156.0,49.0,50.0,201172.0,43306.0,66716.0,10893.0,94889.0,23230.0,60292.0,8006.0,66.0,239.0,30305.0,513.0,10343.662966343636
2023-03-28T00:00:00.000000,172.0,137,35,155.0,57.0,46.0,178498.0,33122.0,58972.0,14189.0,86974.0,17383.0,47633.0,8029.0,66.0,196.0,20911.0,455.0,9954.308020777738
2023-03-29T00:00:00.000000,157.0,121,36,143.0,49.0,46.0,145466.0,25225.0,49681.0,13577.0,55296.0,8573.0,58078.0,10815.0,61.0,168.0,20497.0,400.0,8550.508912332543
2023-03-30T00:00:00.000000,171.0,133,38,149.0,43.0,44.0,181326.0,37740.0,49279.0,14436.0,71772.0,16346.0,46100.0,8147.0,63.0,197.0,24517.0,389.0,9477.178546093046
2023-03-31T00:00:00.000000,178.0,134,44,151.0,36.0,53.0,158975.0,26994.0,99775.0,15104.0,52988.0,10489.0,61881.0,9789.0,70.0,218.0,19867.0,338.0,10305.344559696836
2023-04-01T00:00:00.000000,155.0,113,42,133.0,30.0,49.0,124963.0,21043.0,71281.0,16186.0,37355.0,6829.0,55630.0,9000.0,62.0,336.0,46960.0,367.0,8584.7539378559
2023-04-02T00:00:00.000000,156.0,124,32,126.0,39.0,49.0,145858.0,24960.0,36846.0,12035.0,49107.0,6910.0,57961.0,12179.0,67.0,162.0,21620.0,319.0,8093.788510124322
2023-04-03T00:00:00.000000,156.0,118,38,138.0,40.0,46.0,169214.0,29782.0,75458.0,14548.0,45389.0,7094.0,81872.0,15560.0,63.0,192.0,22398.0,410.0,8242.745942467292
2023-04-04T00:00:00.000000,156.0,127,29,145.0,40.0,41.0,190528.0,38369.0,36776.0,6807.0,59315.0,12561.0,72450.0,15941.0,52.0,162.0,23041.0,352.0,8258.03572778571
2023-04-05T00:00:00.000000,187.0,131,56,155.0,45.0,54.0,187104.0,32962.0,68633.0,14512.0,75754.0,10413.0,80593.0,16565.0,74.0,221.0,28250.0,411.0,9794.957033291328
2023-04-06T00:00:00.000000,182.0,128,54,155.0,40.0,45.0,180842.0,28417.0,84697.0,25384.0,57521.0,9478.0,61378.0,8533.0,66.0,232.0,22865.0,436.0,9329.360271121337
2023-04-07T00:00:00.000000,163.0,118,45,144.0,33.0,49.0,141967.0,28339.0,69197.0,19552.0,36374.0,6915.0,51878.0,10155.0,64.0,208.0,18134.0,359.0,8954.578171670071
2023-04-08T00:00:00.000000,121.0,87,34,104.0,29.0,32.0,116073.0,17890.0,70199.0,14254.0,44011.0,7989.0,38126.0,4601.0,41.0,172.0,14805.0,223.0,6237.069908378081
2023-04-09T00:00:00.000000,134.0,103,31,106.0,30.0,41.0,131825.0,21090.0,51228.0,12189.0,45119.0,5749.0,50786.0,8190.0,54.0,151.0,15003.0,350.0,7331.095371835559
2023-04-10T00:00:00.000000,165.0,128,37,153.0,46.0,49.0,153340.0,29024.0,51771.0,14043.0,59820.0,10537.0,53835.0,12246.0,68.0,199.0,21273.0,422.0,9490.898985140353
2023-04-11T00:00:00.000000,142.0,113,29,131.0,34.0,42.0,150497.0,28003.0,61844.0,10024.0,56520.0,12638.0,47576.0,7751.0,60.0,163.0,22406.0,349.0,7588.875189991568
2023-04-12T00:00:00.000000,169.0,135,34,153.0,42.0,62.0,161051.0,31658.0,34701.0,8466.0,55612.0,10141.0,76699.0,15995.0,82.0,224.0,22283.0,439.0,8784.33951018063
2023-04-13T00:00:00.000000,179.0,133,46,155.0,44.0,54.0,157078.0,27469.0,67132.0,14769.0,53727.0,8978.0,56798.0,11830.0,82.0,165.0,24711.0,407.0,9713.966087533661
2023-04-14T00:00:00.000000,176.0,145,31,161.0,56.0,53.0,185598.0,34001.0,49474.0,9377.0,73725.0,13550.0,71963.0,14913.0,75.0,223.0,36868.0,491.0,10082.217836310094
2023-04-15T00:00:00.000000,137.0,104,33,125.0,38.0,43.0,115312.0,22078.0,42073.0,8977.0,39939.0,7389.0,56366.0,11988.0,62.0,177.0,17151.0,330.0,8035.803739843222
2023-04-16T00:00:00.000000,144.0,98,46,112.0,35.0,35.0,127111.0,26660.0,52587.0,11697.0,51420.0,12814.0,38170.0,4686.0,62.0,185.0,19611.0,366.0,8006.044105257109
2023-04-17T00:00:00.000000,151.0,116,35,135.0,42.0,40.0,166039.0,29134.0,63383.0,16806.0,64552.0,10216.0,60243.0,11305.0,56.0,192.0,19587.0,403.0,7567.056009156964
2023-04-18T00:00:00.000000,183.0,140,43,160.0,53.0,45.0,212774.0,45242.0,59781.0,11957.0,76624.0,13289.0,75563.0,20044.0,62.0,201.0,25786.0,489.0,9729.502641295054
2023-04-19T00:00:00.000000,214.0,163,51,192.0,60.0,61.0,199032.0,37375.0,68968.0,14941.0,69766.0,13878.0,75784.0,14085.0,78.0,233.0,24567.0,512.0,12860.87734921832
2023-04-20T00:00:00.000000,194.0,147,47,173.0,56.0,48.0,191200.0,33694.0,60811.0,12236.0,84145.0,16368.0,62259.0,11036.0,59.0,241.0,20214.0,481.0,10264.322524231722
2023-04-21T00:00:00.000000,152.0,118,34,132.0,43.0,42.0,168348.0,34272.0,36778.0,6607.0,63033.0,12270.0,52932.0,8756.0,51.0,142.0,21711.0,430.0,7921.330130951373
2023-04-22T00:00:00.000000,118.0,96,22,106.0,35.0,37.0,158260.0,27230.0,32752.0,8187.0,54385.0,9726.0,74061.0,12750.0,53.0,178.0,15084.0,340.0,6646.404690253174
2023-04-23T00:00:00.000000,144.0,108,36,123.0,42.0,28.0,118428.0,23667.0,39161.0,8711.0,43506.0,8231.0,35605.0,7563.0,40.0,147.0,24474.0,386.0,7130.1838135727585
2023-04-24T00:00:00.000000,149.0,114,35,125.0,28.0,46.0,152139.0,29507.0,36399.0,6952.0,38817.0,8353.0,66308.0,12869.0,71.0,169.0,19429.0,305.0,8689.2578247757
2023-04-25T00:00:00.000000,201.0,150,51,167.0,46.0,65.0,199975.0,38989.0,78385.0,18646.0,52475.0,8674.0,91585.0,17819.0,91.0,273.0,26723.0,554.0,10335.233224132335
2023-04-26T00:00:00.000000,169.0,132,37,155.0,55.0,43.0,194348.0,34797.0,58521.0,11558.0,91664.0,17054.0,58634.0,10192.0,55.0,222.0,26210.0,401.0,9059.914467665498
2023-04-27T00:00:00.000000,161.0,128,33,144.0,40.0,43.0,169591.0,27416.0,47591.0,8427.0,43509.0,7401.0,62635.0,9392.0,48.0,194.0,18250.0,345.0,8763.655088589596
2023-04-28T00:00:00.000000,196.0,134,62,151.0,37.0,58.0,172130.0,31191.0,76488.0,13113.0,63990.0,13165.0,72451.0,13901.0,74.0,198.0,19641.0,442.0,11307.812759780692
2023-04-29T00:00:00.000000,154.0,116,38,134.0,45.0,47.0,166069.0,30123.0,37990.0,6388.0,74685.0,13723.0,57444.0,11619.0,81.0,155.0,19029.0,386.0,9138.39355472001
2023-04-30T00:00:00.000000,135.0,114,21,123.0,42.0,41.0,176834.0,36765.0,25351.0,4439.0,70072.0,15413.0,50341.0,9604.0,53.0,149.0,17850.0,336.0,7330.6137898685
2023-05-01T00:00:00.000000,169.0,117,52,137.0,39.0,43.0,174604.0,35796.0,69053.0,14080.0,62863.0,11920.0,61796.0,13052.0,55.0,189.0,19253.0,352.0,8861.96636644824
2023-05-02T00:00:00.000000,163.0,121,42,149.0,34.0,47.0,148551.0,25367.0,56492.0,12105.0,41290.0,6183.0,62872.0,12603.0,61.0,118.0,19704.0,387.0,8650.051144510464
2023-05-03T00:00:00.000000,179.0,143,36,171.0,46.0,53.0,176336.0,33071.0,54646.0,13583.0,57931.0,9835.0,65660.0,12298.0,66.0,198.0,23722.0,438.0,10071.1000976021
2023-05-04T00:00:00.000000,185.0,146,39,161.0,49.0,60.0,207703.0,42352.0,54321.0,8809.0,68925.0,12356.0,88468.0,14189.0,80.0,237.0,23445.0,487.0,11033.547390301172
2023-05-05T00:00:00.000000,162.0,131,31,144.0,51.0,34.0,162596.0,26139.0,40039.0,8690.0,60039.0,8234.0,50485.0,10032.0,46.0,199.0,22243.0,428.0,8492.32451385279
2023-05-06T00:00:00.000000,141.0,108,33,125.0,43.0,44.0,148082.0,27456.0,44387.0,15609.0,52536.0,9401.0,70772.0,12910.0,79.0,201.0,18457.0,369.0,7057.592287841554
2023-05-07T00:00:00.000000,183.0,128,55,146.0,44.0,42.0,167948.0,27061.0,97181.0,21215.0,63705.0,10681.0,47987.0,6457.0,55.0,168.0,21409.0,408.0,10904.144427480893
2023-05-08T00:00:00.000000,182.0,143,39,165.0,61.0,47.0,191889.0,37627.0,64561.0,12682.0,83751.0,17082.0,57027.0,11705.0,65.0,208.0,19006.0,461.0,10292.23137419661
2023-05-09T00:00:00.000000,175.0,142,33,154.0,54.0,48.0,166758.0,30945.0,39501.0,10025.0,66503.0,11483.0,56737.0,10507.0,68.0,166.0,20528.0,467.0,9919.245050114941
2023-05-10T00:00:00.000000,175.0,144,31,163.0,44.0,57.0,219547.0,49168.0,54724.0,13250.0,79521.0,20020.0,91867.0,18556.0,76.0,180.0,21914.0,415.0,9557.106469375305
2023-05-11T00:00:00.000000,166.0,116,50,154.0,33.0,50.0,146543.0,23941.0,88408.0,20114.0,50974.0,7391.0,52469.0,9583.0,63.0,221.0,31019.0,352.0,9025.37151756795
2023-05-12T00:00:00.000000,143.0,107,36,132.0,35.0,45.0,170846.0,31272.0,62415.0,12245.0,55362.0,8879.0,77933.0,15685.0,74.0,218.0,19287.0,380.0,7531.59993867267
2023-05-13T00:00:00.000000,140.0,118,22,125.0,35.0,51.0,174613.0,35903.0,29114.0,5330.0,55968.0,9858.0,69250.0,17190.0,71.0,173.0,22418.0,314.0,7128.729460472819
2023-05-14T00:00:00.000000,168.0,132,36,152.0,49.0,52.0,196534.0,40312.0,57568.0,15493.0,74211.0,12675.0,79362.0,18132.0,73.0,234.0,25136.0,448.0,8789.540304859358
2023-05-15T00:00:00.000000,176.0,138,38,160.0,40.0,62.0,184960.0,35998.0,65454.0,10939.0,58234.0,11856.0,74053.0,13565.0,84.0,195.0,27454.0,508.0,9590.484150070288
2023-05-16T00:00:00.000000,188.0,140,48,156.0,44.0,55.0,206107.0,40467.0,78364.0,17131.0,86179.0,16319.0,74550.0,14746.0,81.0,245.0,28679.0,497.0,10078.46893667007
2023-05-17T00:00:00.000000,181.0,141,40,166.0,38.0,56.0,202895.0,38967.0,67334.0,16267.0,63168.0,12003.0,81210.0,17083.0,74.0,210.0,28549.0,418.0,10325.914545357573
2023-05-18T00:00:00.000000,181.0,128,53,154.0,44.0,44.0,167495.0,35116.0,70244.0,12508.0,54326.0,9873.0,47931.0,9629.0,67.0,229.0,19864.0,428.0,9806.261689764271
2023-05-19T00:00:00.000000,171.0,128,43,153.0,38.0,52.0,156662.0,31705.0,53763.0,10420.0,63553.0,12779.0,56148.0,9608.0,75.0,137.0,21539.0,461.0,10175.587350107242
2023-05-20T00:00:00.000000,146.0,109,37,114.0,31.0,46.0,142693.0,27490.0,59616.0,14693.0,48265.0,8623.0,58995.0,14242.0,67.0,214.0,18246.0,361.0,8531.949430391556
2023-05-21T00:00:00.000000,165.0,126,39,141.0,42.0,41.0,168924.0,31250.0,55388.0,13086.0,57778.0,10073.0,57313.0,11765.0,53.0,187.0,19434.0,388.0,8927.692066527601
2023-05-22T00:00:00.000000,165.0,119,46,141.0,35.0,53.0,177336.0,32951.0,77603.0,13526.0,58564.0,13063.0,69266.0,11904.0,72.0,148.0,18085.0,410.0,8744.59747193016
2023-05-23T00:00:00.000000,184.0,140,44,152.0,37.0,61.0,199259.0,41672.0,65782.0,12148.0,60264.0,13396.0,95997.0,18974.0,75.0,169.0,22273.0,534.0,10020.415197694878
2023-05-24T00:00:00.000000,168.0,127,41,146.0,33.0,53.0,176748.0,34417.0,62153.0,15506.0,42585.0,4896.0,88129.0,22525.0,85.0,184.0,20185.0,406.0,8871.412468941555
2023-05-25T00:00:00.000000,152.0,120,32,142.0,38.0,47.0,179994.0,36385.0,41287.0,5521.0,57936.0,10552.0,74164.0,17572.0,59.0,147.0,20545.0,388.0,7951.331016029323
2023-05-26T00:00:00.000000,160.0,128,32,141.0,47.0,48.0,174616.0,33947.0,45065.0,11461.0,71500.0,13052.0,66207.0,12704.0,72.0,176.0,20656.0,485.0,8382.430209464617
2023-05-27T00:00:00.000000,162.0,117,45,132.0,38.0,53.0,141322.0,23702.0,52657.0,10813.0,51235.0,6306.0,64571.0,12372.0,71.0,154.0,20438.0,460.0,9306.809440810497
2023-05-28T00:00:00.000000,132.0,107,25,116.0,26.0,38.0,146744.0,25594.0,39860.0,5688.0,34676.0,7342.0,47292.0,7957.0,43.0,144.0,17109.0,266.0,7311.067848152621
2023-05-29T00:00:00.000000,173.0,134,39,148.0,42.0,49.0,175686.0,31671.0,68142.0,14839.0,52865.0,8780.0,64183.0,12117.0,66.0,171.0,18469.0,374.0,9336.822386506901
2023-05-30T00:00:00.000000,161.0,124,37,141.0,46.0,43.0,189424.0,35611.0,56650.0,12098.0,64417.0,10332.0,69152.0,14126.0,51.0,128.0,18202.0,410.0,8208.395992002675
2023-05-31T00:00:00.000000,160.0,125,35,153.0,43.0,54.0,170248.0,29366.0,48773.0,13574.0,70160.0,13743.0,66038.0,9389.0,77.0,220.0,23149.0,454.0,9121.963065537435
2023-06-01T00:00:00.000000,147.0,112,35,129.0,31.0,49.0,139481.0,26577.0,38050.0,5288.0,37069.0,6950.0,64583.0,12918.0,71.0,182.0,27428.0,370.0,7824.821660561306
2023-06-02T00:00:00.000000,157.0,114,43,132.0,42.0,46.0,158066.0,29173.0,51698.0,10064.0,68923.0,12559.0,57430.0,10808.0,69.0,174.0,25607.0,380.0,8160.04845689212
2023-06-03T00:00:00.000000,119.0,96,23,113.0,28.0,35.0,108563.0,19064.0,25052.0,4645.0,33413.0,6523.0,37490.0,5951.0,49.0,98.0,15046.0,270.0,6765.771757458222
2023-06-04T00:00:00.000000,139.0,106,33,120.0,37.0,47.0,165651.0,31371.0,58469.0,15476.0,54854.0,11053.0,84633.0,15900.0,65.0,194.0,24426.0,374.0,7075.396730198763
2023-06-05T00:00:00.000000,135.0,95,40,117.0,23.0,37.0,131879.0,23814.0,68245.0,24722.0,36712.0,5340.0,58862.0,12445.0,51.0,175.0,16871.0,361.0,7665.626352708708
2023-06-06T00:00:00.000000,156.0,127,29,147.0,43.0,42.0,174628.0,27158.0,42490.0,7756.0,73023.0,11488.0,47432.0,7689.0,75.0,216.0,24429.0,355.0,8423.715008210313
2023-06-07T00:00:00.000000,153.0,122,31,139.0,52.0,39.0,177947.0,33148.0,49922.0,8829.0,74185.0,14620.0,56258.0,9066.0,58.0,184.0,19375.0,391.0,8343.14051813086
2023-06-08T00:00:00.000000,143.0,106,37,134.0,31.0,41.0,129074.0,22097.0,36090.0,6061.0,43638.0,5944.0,47191.0,8246.0,59.0,171.0,19319.0,341.0,8198.084875560568
2023-06-09T00:00:00.000000,164.0,127,37,143.0,41.0,52.0,166146.0,28864.0,74071.0,14165.0,61191.0,11022.0,61795.0,9815.0,72.0,169.0,21774.0,436.0,8159.436840676412
2023-06-10T00:00:00.000000,157.0,123,34,136.0,31.0,55.0,168292.0,32290.0,48812.0,6364.0,45463.0,8629.0,78729.0,13889.0,86.0,250.0,35003.0,421.0,7978.060567072415
2023-06-11T00:00:00.000000,167.0,119,48,135.0,40.0,50.0,163506.0,29008.0,57390.0,10921.0,59683.0,10183.0,69245.0,10371.0,73.0,246.0,30006.0,348.0,8361.368162494478
2023-06-12T00:00:00.000000,188.0,132,56,160.0,35.0,62.0,159332.0,25740.0,93709.0,15356.0,39525.0,5276.0,74904.0,12668.0,105.0,242.0,26522.0,376.0,10016.953723976716
2023-06-13T00:00:00.000000,195.0,138,57,175.0,53.0,48.0,168815.0,30931.0,101892.0,19515.0,69862.0,13646.0,55966.0,11641.0,63.0,197.0,17045.0,503.0,9681.323581344004
2023-06-14T00:00:00.000000,152.0,111,41,133.0,37.0,50.0,169343.0,29637.0,47337.0,9458.0,71274.0,12650.0,67147.0,12068.0,80.0,196.0,25509.0,361.0,8033.334062191855
2023-06-15T00:00:00.000000,140.0,110,30,130.0,33.0,37.0,152067.0,27885.0,67767.0,17162.0,40904.0,11329.0,57328.0,9033.0,45.0,201.0,17406.0,378.0,7193.167529592708
2023-06-16T00:00:00.000000,156.0,121,35,136.0,38.0,46.0,153152.0,28942.0,51463.0,10488.0,37734.0,5829.0,70889.0,13932.0,66.0,172.0,22181.0,441.0,6655.713929641279
2023-06-17T00:00:00.000000,151.0,108,43,119.0,28.0,49.0,133795.0,26143.0,67686.0,13863.0,40833.0,6815.0,56453.0,11981.0,68.0,157.0,21714.0,301.0,7726.21807871508
2023-06-18T00:00:00.000000,125.0,103,22,113.0,35.0,41.0,144699.0,26169.0,33102.0,7045.0,48304.0,7495.0,63209.0,13413.0,59.0,133.0,18592.0,435.0,6839.685876899586
2023-06-19T00:00:00.000000,148.0,111,37,130.0,44.0,35.0,178592.0,37815.0,59582.0,12097.0,74323.0,16337.0,47139.0,9539.0,48.0,185.0,16685.0,421.0,7804.155233819543
2023-06-20T00:00:00.000000,164.0,125,39,145.0,42.0,44.0,144030.0,23069.0,47460.0,8808.0,44955.0,7771.0,52126.0,8656.0,55.0,213.0,27060.0,476.0,9115.92126121364
2023-06-21T00:00:00.000000,171.0,122,49,150.0,51.0,39.0,164310.0,31538.0,82215.0,12765.0,78413.0,16637.0,47846.0,8259.0,52.0,206.0,21536.0,518.0,8654.047262517091
2023-06-22T00:00:00.000000,147.0,106,41,139.0,31.0,43.0,133180.0,22277.0,66961.0,12735.0,31755.0,4287.0,60322.0,10758.0,57.0,153.0,15872.0,348.0,8034.265341771461
2023-06-23T00:00:00.000000,168.0,122,46,146.0,46.0,50.0,172459.0,34207.0,62768.0,10508.0,69955.0,14830.0,70247.0,13300.0,73.0,167.0,18286.0,419.0,9682.678765853834
2023-06-24T00:00:00.000000,124.0,90,34,103.0,34.0,35.0,144246.0,43341.0,47326.0,9863.0,70765.0,30087.0,44919.0,7121.0,43.0,190.0,16608.0,355.0,6054.628511789949
2023-06-25T00:00:00.000000,131.0,93,38,118.0,25.0,45.0,105753.0,19879.0,64085.0,14504.0,29086.0,6753.0,52765.0,8858.0,59.0,129.0,16401.0,273.0,7115.016869544726
2023-06-26T00:00:00.000000,148.0,123,25,137.0,40.0,53.0,183600.0,34307.0,36203.0,5478.0,73989.0,15508.0,70457.0,11202.0,79.0,214.0,23660.0,436.0,7925.852610908333
2023-06-27T00:00:00.000000,128.0,106,22,119.0,40.0,41.0,135458.0,21968.0,21377.0,3385.0,58761.0,9997.0,46151.0,7032.0,64.0,126.0,16598.0,338.0,6946.54211831917
2023-06-28T00:00:00.000000,159.0,124,35,130.0,44.0,47.0,191604.0,33026.0,57888.0,17891.0,82895.0,13848.0,67239.0,11747.0,71.0,182.0,21052.0,398.0,8536.324379063091
2023-06-29T00:00:00.000000,154.0,124,30,129.0,47.0,33.0,170949.0,28383.0,48312.0,12467.0,68842.0,10711.0,48437.0,8803.0,40.0,160.0,19748.0,393.0,8293.619315205862
2023-06-30T00:00:00.000000,140.0,100,40,122.0,28.0,53.0,122483.0,20546.0,48904.0,9864.0,41949.0,7415.0,65044.0,11223.0,82.0,137.0,17168.0,350.0,7563.731433384933
2023-07-01T00:00:00.000000,123.0,89,34,107.0,35.0,42.0,123471.0,24333.0,37181.0,8698.0,41949.0,7930.0,66686.0,14636.0,57.0,98.0,14411.0,296.0,6496.513676054716
2023-07-02T00:00:00.000000,140.0,105,35,125.0,32.0,50.0,131799.0,26577.0,46374.0,8499.0,41597.0,8092.0,66048.0,13929.0,64.0,133.0,21206.0,361.0,7448.8237188331905
2023-07-03T00:00:00.000000,145.0,105,40,128.0,39.0,44.0,160229.0,33311.0,58000.0,12279.0,60852.0,12103.0,72562.0,14417.0,55.0,200.0,16108.0,393.0,8388.395394709909
2023-07-04T00:00:00.000000,141.0,106,35,129.0,44.0,44.0,176753.0,30613.0,43711.0,6743.0,77528.0,13168.0,72715.0,14342.0,68.0,179.0,17655.0,359.0,7478.785538135989
2023-07-05T00:00:00.000000,136.0,104,32,124.0,34.0,49.0,154468.0,28947.0,39164.0,6163.0,64205.0,12973.0,69942.0,13059.0,70.0,169.0,24959.0,318.0,7585.230615833115
2023-07-06T00:00:00.000000,155.0,126,29,137.0,45.0,51.0,177679.0,36042.0,49689.0,10537.0,68716.0,14235.0,73617.0,14956.0,62.0,170.0,17805.0,380.0,7987.432780239913
2023-07-07T00:00:00.000000,197.0,126,71,153.0,44.0,54.0,177145.0,29314.0,86028.0,19440.0,74740.0,13353.0,72805.0,12278.0,86.0,263.0,22628.0,464.0,10411.622526551773
2023-07-08T00:00:00.000000,140.0,97,43,118.0,29.0,44.0,153062.0,30369.0,65017.0,17518.0,57558.0,13748.0,59092.0,10743.0,65.0,186.0,17015.0,342.0,7058.578456782311
2023-07-09T00:00:00.000000,112.0,78,34,98.0,29.0,29.0,135342.0,15964.0,56405.0,12548.0,68366.0,6659.0,35704.0,5109.0,41.0,148.0,12081.0,288.0,6833.483370547245
2023-07-10T00:00:00.000000,148.0,97,51,137.0,42.0,36.0,124493.0,19383.0,70000.0,15737.0,50879.0,7032.0,52493.0,8377.0,58.0,229.0,21666.0,387.0,7751.180957143058
2023-07-11T00:00:00.000000,159.0,116,43,139.0,50.0,36.0,187595.0,42712.0,54644.0,12407.0,72735.0,13428.0,59427.0,15554.0,59.0,273.0,26793.0,405.0,8483.003166116901
2023-07-12T00:00:00.000000,154.0,112,42,134.0,45.0,43.0,162047.0,27360.0,87826.0,14236.0,77340.0,12032.0,55335.0,9379.0,61.0,187.0,25879.0,389.0,8741.497735245159
2023-07-13T00:00:00.000000,144.0,102,42,121.0,33.0,39.0,169917.0,34320.0,39855.0,9611.0,51473.0,11309.0,59660.0,12792.0,58.0,188.0,20041.0,307.0,7761.5519190623245
2023-07-14T00:00:00.000000,131.0,92,39,115.0,38.0,31.0,136806.0,26835.0,85727.0,19593.0,61486.0,12313.0,41581.0,9092.0,40.0,177.0,13800.0,304.0,6372.53310760927
2023-07-15T00:00:00.000000,116.0,72,44,102.0,17.0,31.0,98256.0,16657.0,69601.0,13599.0,20553.0,3630.0,48927.0,8420.0,44.0,125.0,12549.0,276.0,6339.365738917383
2023-07-16T00:00:00.000000,126.0,94,32,110.0,32.0,37.0,111531.0,18294.0,69655.0,16375.0,35046.0,7139.0,46596.0,7043.0,51.0,142.0,18241.0,330.0,7752.639748160392
2023-07-17T00:00:00.000000,148.0,116,32,132.0,38.0,43.0,178910.0,35714.0,41641.0,8272.0,53594.0,8526.0,73370.0,19677.0,57.0,193.0,25032.0,437.0,8052.155801045636
2023-07-18T00:00:00.000000,156.0,111,45,127.0,31.0,54.0,131606.0,20751.0,83465.0,20818.0,43574.0,6354.0,67013.0,11741.0,70.0,227.0,19202.0,454.0,8460.684490489897
2023-07-19T00:00:00.000000,147.0,114,33,129.0,39.0,44.0,160230.0,33329.0,60096.0,18045.0,62896.0,14172.0,62582.0,11671.0,66.0,225.0,24962.0,374.0,7948.49044668766
2023-07-20T00:00:00.000000,148.0,110,38,136.0,38.0,43.0,134842.0,27190.0,67068.0,12574.0,48432.0,7421.0,53990.0,12396.0,58.0,188.0,17654.0,434.0,8873.473929315976
2023-07-21T00:00:00.000000,129.0,103,26,122.0,35.0,44.0,141986.0,23074.0,45733.0,12373.0,40184.0,4511.0,68168.0,13051.0,56.0,116.0,16700.0,300.0,7316.4229792302
2023-07-22T00:00:00.000000,105.0,73,32,93.0,23.0,37.0,97035.0,16704.0,67277.0,13056.0,22768.0,2643.0,58708.0,11646.0,52.0,133.0,13742.0,282.0,5689.883894513372
2023-07-23T00:00:00.000000,105.0,76,29,90.0,17.0,38.0,102059.0,22419.0,33777.0,6850.0,20911.0,2941.0,56352.0,14791.0,66.0,165.0,24652.0,267.0,5248.497744538497
2023-07-24T00:00:00.000000,139.0,106,33,124.0,49.0,36.0,147182.0,25908.0,47934.0,8128.0,69172.0,13443.0,41592.0,6870.0,54.0,204.0,13508.0,420.0,6427.269868219681
2023-07-25T00:00:00.000000,147.0,115,32,137.0,42.0,39.0,151100.0,27877.0,54326.0,9565.0,68027.0,14038.0,44882.0,7416.0,49.0,197.0,21511.0,405.0,7717.938154192054
2023-07-26T00:00:00.000000,137.0,106,31,125.0,34.0,43.0,169334.0,28450.0,53027.0,10776.0,63399.0,9284.0,65068.0,11004.0,57.0,165.0,19522.0,390.0,6780.737386776119
2023-07-27T00:00:00.000000,152.0,117,35,136.0,33.0,56.0,152078.0,26682.0,56120.0,9861.0,44637.0,8535.0,77092.0,14210.0,88.0,238.0,26427.0,384.0,8823.977087768317
2023-07-28T00:00:00.000000,145.0,97,48,124.0,29.0,41.0,169629.0,38864.0,82365.0,19127.0,52409.0,9201.0,66673.0,22377.0,56.0,158.0,16215.0,342.0,7120.288880983544
2023-07-29T00:00:00.000000,110.0,80,30,100.0,28.0,33.0,111462.0,18646.0,62718.0,14783.0,47820.0,9446.0,44556.0,6859.0,49.0,175.0,14803.0,316.0,5552.721414066669
2023-07-30T00:00:00.000000,117.0,87,30,112.0,36.0,30.0,104099.0,15385.0,38570.0,5612.0,41113.0,4968.0,40657.0,6087.0,44.0,117.0,15048.0,344.0,6451.787735108783
2023-07-31T00:00:00.000000,142.0,113,29,131.0,43.0,42.0,147943.0,34601.0,48098.0,11060.0,59326.0,11169.0,53664.0,16568.0,63.0,207.0,22057.0,399.0,7570.489699124662
2023-08-01T00:00:00.000000,136.0,107,29,123.0,39.0,39.0,158193.0,28289.0,33700.0,7656.0,49544.0,6471.0,62691.0,12941.0,49.0,140.0,19218.0,385.0,7233.625454859257
2023-08-02T00:00:00.000000,139.0,101,38,119.0,38.0,36.0,153012.0,24326.0,62828.0,15341.0,61056.0,10844.0,56177.0,8519.0,43.0,175.0,18846.0,372.0,7239.15790774188
2023-08-03T00:00:00.000000,116.0,86,30,111.0,30.0,35.0,113130.0,15296.0,32982.0,5298.0,40288.0,5736.0,45245.0,6630.0,48.0,122.0,14522.0,346.0,6248.495664945991
2023-08-04T00:00:00.000000,136.0,107,29,127.0,33.0,38.0,155336.0,23027.0,53614.0,15171.0,57940.0,8057.0,54650.0,7651.0,55.0,188.0,18676.0,384.0,7010.240734015829
2023-08-05T00:00:00.000000,95.0,72,23,93.0,35.0,20.0,130050.0,26180.0,45038.0,8227.0,57898.0,10549.0,35836.0,5803.0,22.0,107.0,12393.0,320.0,4797.408069293864
2023-08-06T00:00:00.000000,105.0,73,32,102.0,31.0,23.0,87667.0,16068.0,49105.0,11586.0,40508.0,6492.0,28052.0,6046.0,33.0,101.0,11060.0,265.0,6048.46899904006
2023-08-07T00:00:00.000000,138.0,92,46,113.0,28.0,39.0,148700.0,30502.0,53263.0,11361.0,48790.0,9739.0,67307.0,15013.0,66.0,183.0,15614.0,312.0,8343.328477087915
2023-08-08T00:00:00.000000,150.0,114,36,127.0,33.0,53.0,155257.0,29134.0,84491.0,25678.0,50855.0,10352.0,67426.0,11427.0,72.0,216.0,26081.0,401.0,7757.081097174193
2023-08-09T00:00:00.000000,141.0,101,40,129.0,22.0,48.0,133065.0,23388.0,73282.0,16393.0,33261.0,5945.0,56205.0,10819.0,77.0,212.0,26220.0,356.0,7367.609680271119
2023-08-10T00:00:00.000000,138.0,105,33,122.0,33.0,36.0,150927.0,27716.0,53822.0,18034.0,55848.0,10649.0,45775.0,8114.0,49.0,163.0,18580.0,311.0,6670.455395720109
2023-08-11T00:00:00.000000,141.0,102,39,118.0,40.0,33.0,171286.0,36736.0,82574.0,17485.0,66834.0,15285.0,37522.0,6407.0,58.0,145.0,23448.0,342.0,8351.667406388073
2023-08-12T00:00:00.000000,100.0,82,18,93.0,21.0,34.0,119367.0,18230.0,31366.0,6843.0,33051.0,5146.0,36482.0,5958.0,44.0,110.0,16724.0,310.0,4972.219305612557
2023-08-13T00:00:00.000000,125.0,82,43,100.0,27.0,27.0,116712.0,17641.0,52483.0,12483.0,49714.0,7961.0,27845.0,4792.0,40.0,183.0,16257.0,310.0,6495.22681572214
2023-08-14T00:00:00.000000,130.0,94,36,116.0,21.0,46.0,140086.0,23560.0,44756.0,7999.0,41399.0,7481.0,60474.0,10983.0,67.0,171.0,15039.0,317.0,6757.73656782827
2023-08-15T00:00:00.000000,108.0,82,26,101.0,26.0,34.0,118617.0,18332.0,40181.0,10315.0,38428.0,6251.0,48717.0,6783.0,41.0,109.0,14395.0,277.0,5705.203557227745
2023-08-16T00:00:00.000000,131.0,94,37,114.0,30.0,41.0,124319.0,25302.0,59822.0,11415.0,46611.0,10193.0,51702.0,9755.0,56.0,171.0,13878.0,292.0,6465.091550358017
2023-08-17T00:00:00.000000,118.0,91,27,109.0,33.0,34.0,136020.0,23511.0,30811.0,6491.0,60723.0,12532.0,48012.0,7646.0,42.0,105.0,13107.0,256.0,6228.024410235053
2023-08-18T00:00:00.000000,118.0,90,28,98.0,25.0,39.0,123300.0,28103.0,36766.0,6151.0,42877.0,11277.0,48150.0,9701.0,54.0,139.0,16777.0,297.0,5731.757490921276
2023-08-19T00:00:00.000000,117.0,85,32,102.0,24.0,33.0,117246.0,18006.0,48754.0,8622.0,39880.0,6770.0,46044.0,5892.0,43.0,135.0,13487.0,276.0,6515.210804428934
2023-08-20T00:00:00.000000,102.0,85,17,97.0,27.0,36.0,142483.0,28915.0,28878.0,3567.0,54386.0,11093.0,59369.0,11802.0,54.0,153.0,15732.0,268.0,5073.439402320662
2023-08-21T00:00:00.000000,106.0,77,29,104.0,27.0,35.0,117911.0,24467.0,42677.0,7178.0,51003.0,12841.0,50171.0,9219.0,49.0,169.0,16919.0,258.0,5985.5775870986445
2023-08-22T00:00:00.000000,114.0,93,21,102.0,33.0,32.0,125712.0,20575.0,23776.0,6458.0,55317.0,7930.0,38034.0,5869.0,39.0,138.0,13774.0,306.0,5851.43276411045
2023-08-23T00:00:00.000000,145.0,116,29,122.0,40.0,55.0,154508.0,25592.0,39813.0,10069.0,54266.0,7732.0,70793.0,12058.0,71.0,198.0,18737.0,323.0,7657.9119707238415
2023-08-24T00:00:00.000000,122.0,91,31,106.0,31.0,32.0,140793.0,25137.0,47780.0,8097.0,49684.0,8802.0,47819.0,5907.0,44.0,145.0,15683.0,330.0,6062.149833612288
2023-08-25T00:00:00.000000,121.0,97,24,109.0,30.0,33.0,141976.0,26100.0,34445.0,6903.0,47429.0,8151.0,46272.0,8586.0,50.0,174.0,14816.0,324.0,6290.214084421205
2023-08-26T00:00:00.000000,90.0,63,27,80.0,17.0,30.0,94498.0,21436.0,40691.0,10178.0,20954.0,3977.0,44879.0,9431.0,41.0,117.0,11433.0,200.0,5106.2849747230475
2023-08-27T00:00:00.000000,102.0,68,34,85.0,19.0,26.0,88834.0,18207.0,54930.0,13653.0,26934.0,4504.0,36008.0,8272.0,40.0,76.0,10391.0,239.0,5956.9488062588425
2023-08-28T00:00:00.000000,102.0,82,20,101.0,30.0,33.0,120340.0,25183.0,27162.0,6068.0,46474.0,7624.0,47300.0,12191.0,43.0,121.0,16530.0,292.0,5146.68787442723
2023-08-29T00:00:00.000000,146.0,115,31,137.0,39.0,51.0,170380.0,29981.0,55008.0,11455.0,64075.0,12879.0,74411.0,12529.0,68.0,195.0,20557.0,335.0,7848.963450041544
2023-08-30T00:00:00.000000,133.0,106,27,118.0,37.0,42.0,136122.0,22667.0,28210.0,6104.0,55038.0,9673.0,50891.0,8348.0,55.0,160.0,17679.0,323.0,7098.471828006144
2023-08-31T00:00:00.000000,126.0,104,22,119.0,30.0,43.0,141705.0,21127.0,37645.0,5199.0,40800.0,5667.0,54172.0,9275.0,56.0,146.0,21063.0,326.0,6995.035048140446
2023-09-01T00:00:00.000000,115.0,95,20,105.0,36.0,24.0,132426.0,21516.0,28672.0,5610.0,56397.0,10685.0,34448.0,6076.0,34.0,159.0,20853.0,253.0,5753.233196862153
2023-09-02T00:00:00.000000,107.0,79,28,90.0,22.0,31.0,115654.0,19207.0,56379.0,9376.0,46264.0,8165.0,42141.0,7904.0,48.0,110.0,14834.0,302.0,5368.127391590101
2023-09-03T00:00:00.000000,118.0,88,30,102.0,23.0,40.0,125343.0,22522.0,51917.0,11294.0,39566.0,7199.0,55415.0,10032.0,57.0,119.0,15600.0,308.0,6278.364366327479
2023-09-04T00:00:00.000000,120.0,97,23,114.0,41.0,33.0,138130.0,21964.0,35139.0,6061.0,58305.0,8078.0,51716.0,9099.0,42.0,145.0,17385.0,301.0,6136.675548637139
2023-09-05T00:00:00.000000,168.0,125,43,145.0,45.0,50.0,166177.0,29495.0,84428.0,16623.0,66429.0,12072.0,59429.0,10404.0,75.0,219.0,19522.0,445.0,9071.372582044713
2023-09-06T00:00:00.000000,145.0,112,33,132.0,34.0,37.0,148618.0,27901.0,40052.0,10430.0,55092.0,10808.0,45388.0,8147.0,47.0,170.0,18472.0,388.0,7893.982380522705
2023-09-07T00:00:00.000000,151.0,112,39,141.0,36.0,41.0,154017.0,27360.0,71485.0,15037.0,53106.0,8743.0,54073.0,8891.0,48.0,182.0,22353.0,366.0,8534.321486452378
2023-09-08T00:00:00.000000,101.0,78,23,97.0,32.0,29.0,112003.0,19625.0,37270.0,10864.0,48556.0,9974.0,40477.0,7045.0,45.0,126.0,12098.0,229.0,5836.9827496000335
2023-09-09T00:00:00.000000,140.0,102,38,124.0,34.0,41.0,157062.0,28669.0,45464.0,8913.0,46650.0,6343.0,63041.0,12084.0,47.0,159.0,14165.0,262.0,7284.959685499088
2023-09-10T00:00:00.000000,126.0,93,33,119.0,21.0,45.0,132800.0,23273.0,42401.0,11581.0,33316.0,7057.0,68692.0,11052.0,61.0,93.0,17187.0,326.0,6498.57035272105
2023-09-11T00:00:00.000000,134.0,108,26,123.0,41.0,44.0,154271.0,23875.0,38598.0,6805.0,62495.0,11670.0,57810.0,7247.0,69.0,215.0,24802.0,384.0,6996.488485415929
2023-09-12T00:00:00.000000,146.0,108,38,138.0,36.0,43.0,161018.0,28095.0,68366.0,13104.0,63778.0,12175.0,55439.0,9613.0,57.0,167.0,17031.0,368.0,7684.51306619176
2023-09-13T00:00:00.000000,137.0,106,31,128.0,29.0,47.0,154665.0,29166.0,38232.0,8458.0,53968.0,10603.0,60553.0,12150.0,61.0,167.0,16960.0,370.0,6980.449733388922
2023-09-14T00:00:00.000000,122.0,102,20,116.0,39.0,40.0,134886.0,19811.0,48583.0,9071.0,55930.0,9038.0,46297.0,6045.0,53.0,110.0,14357.0,316.0,6454.454064244713
2023-09-15T00:00:00.000000,160.0,120,40,136.0,37.0,47.0,159534.0,25112.0,51662.0,11340.0,55827.0,7365.0,62886.0,9173.0,63.0,182.0,21944.0,361.0,8861.994650212091
2023-09-16T00:00:00.000000,125.0,90,35,110.0,33.0,33.0,152315.0,31709.0,58555.0,8122.0,70763.0,20843.0,52941.0,6818.0,43.0,129.0,14594.0,310.0,6821.2530090051805
2023-09-17T00:00:00.000000,121.0,87,34,97.0,31.0,26.0,103048.0,17873.0,44035.0,7810.0,27722.0,3520.0,40896.0,8028.0,36.0,108.0,15720.0,296.0,7727.546032497346
2023-09-18T00:00:00.000000,153.0,115,38,143.0,44.0,37.0,146000.0,22235.0,66116.0,11963.0,57414.0,8944.0,48658.0,7460.0,47.0,187.0,22979.0,387.0,8371.853066953037
2023-09-19T00:00:00.000000,162.0,126,36,157.0,41.0,48.0,157992.0,27166.0,47559.0,8416.0,43237.0,8442.0,69754.0,10245.0,69.0,246.0,23380.0,455.0,9186.6406620927
2023-09-20T00:00:00.000000,158.0,124,34,139.0,46.0,53.0,172820.0,34659.0,29819.0,7756.0,66598.0,12451.0,77437.0,17918.0,66.0,225.0,19104.0,480.0,7865.13508103479
2023-09-21T00:00:00.000000,147.0,118,29,137.0,55.0,38.0,183320.0,37315.0,40924.0,7636.0,95656.0,19005.0,58554.0,12583.0,43.0,179.0,17073.0,357.0,7945.654795217473
2023-09-22T00:00:00.000000,144.0,113,31,138.0,41.0,43.0,136394.0,24439.0,40528.0,7452.0,47099.0,9562.0,55727.0,10541.0,53.0,134.0,16617.0,339.0,8341.532923942375
2023-09-23T00:00:00.000000,114.0,88,26,110.0,26.0,32.0,132400.0,27364.0,38350.0,8522.0,33243.0,5240.0,53013.0,14498.0,43.0,143.0,14931.0,312.0,6348.306537580134
2023-09-24T00:00:00.000000,129.0,101,28,118.0,45.0,32.0,126267.0,20367.0,49781.0,7783.0,54659.0,10457.0,41893.0,6052.0,43.0,142.0,19622.0,417.0,7207.589966995979
2023-09-25T00:00:00.000000,138.0,103,35,125.0,38.0,38.0,147757.0,30029.0,54512.0,12589.0,56773.0,11655.0,65637.0,13928.0,45.0,179.0,17155.0,346.0,6461.827454700549
2023-09-26T00:00:00.000000,144.0,118,26,137.0,43.0,50.0,159335.0,25568.0,37737.0,9966.0,58089.0,10108.0,76458.0,12592.0,60.0,160.0,18747.0,381.0,7596.347171613936
2023-09-27T00:00:00.000000,156.0,110,46,135.0,38.0,31.0,159675.0,34369.0,73580.0,14738.0,50745.0,13368.0,44588.0,7817.0,40.0,158.0,18863.0,405.0,7220.574226197806
2023-09-28T00:00:00.000000,162.0,125,37,144.0,36.0,47.0,152417.0,24108.0,46372.0,10413.0,44820.0,6480.0,57413.0,8631.0,65.0,201.0,21202.0,386.0,9220.482778383122
2023-09-29T00:00:00.000000,139.0,108,31,133.0,41.0,37.0,143701.0,29484.0,40223.0,8965.0,53076.0,11345.0,55714.0,11072.0,55.0,152.0,20394.0,387.0,7710.236882119165
2023-09-30T00:00:00.000000,143.0,105,38,127.0,37.0,37.0,135065.0,26479.0,42939.0,5458.0,51191.0,11291.0,49494.0,8493.0,48.0,153.0,22549.0,344.0,7209.5310625564525
2023-10-01T00:00:00.000000,156.0,118,38,128.0,38.0,43.0,151234.0,26944.0,44092.0,7620.0,45968.0,6855.0,63468.0,14079.0,55.0,209.0,21943.0,392.0,8876.447488100745
2023-10-02T00:00:00.000000,175.0,134,41,149.0,41.0,54.0,174458.0,31140.0,44128.0,7374.0,54530.0,8806.0,71674.0,12891.0,75.0,159.0,22093.0,495.0,9729.647886880826
2023-10-03T00:00:00.000000,165.0,132,33,153.0,50.0,50.0,170932.0,32289.0,45127.0,7812.0,68363.0,11990.0,66328.0,14172.0,67.0,220.0,30042.0,402.0,9951.53930142516
2023-10-04T00:00:00.000000,141.0,115,26,137.0,51.0,43.0,144857.0,24836.0,44295.0,12389.0,71943.0,12520.0,49707.0,7328.0,46.0,141.0,16360.0,330.0,7395.846409954912
2023-10-05T00:00:00.000000,145.0,114,31,127.0,41.0,46.0,149025.0,23772.0,50246.0,10874.0,63317.0,10235.0,52706.0,9122.0,70.0,167.0,22042.0,353.0,8155.603411468348
2023-10-06T00:00:00.000000,142.0,110,32,130.0,42.0,36.0,142202.0,27580.0,42413.0,11265.0,60977.0,11641.0,40557.0,7967.0,46.0,145.0,16441.0,345.0,7662.848348580108
2023-10-07T00:00:00.000000,130.0,101,29,109.0,29.0,48.0,146608.0,33766.0,39731.0,7024.0,43725.0,8305.0,71778.0,18975.0,64.0,151.0,16989.0,341.0,7455.782788846674
2023-10-08T00:00:00.000000,148.0,113,35,129.0,44.0,42.0,163380.0,35552.0,57192.0,11957.0,79753.0,21219.0,57211.0,9482.0,63.0,187.0,34829.0,394.0,8375.864587255775
2023-10-09T00:00:00.000000,135.0,95,40,122.0,31.0,37.0,112591.0,19153.0,62495.0,12366.0,44065.0,7680.0,41581.0,6985.0,51.0,141.0,18491.0,327.0,7012.171718345451
2023-10-10T00:00:00.000000,152.0,116,36,139.0,36.0,48.0,167072.0,31384.0,50329.0,9441.0,58252.0,10642.0,66127.0,10603.0,57.0,172.0,19307.0,392.0,8130.79496160142
2023-10-11T00:00:00.000000,152.0,126,26,133.0,55.0,42.0,174155.0,33458.0,41800.0,16641.0,73175.0,14134.0,61591.0,11394.0,46.0,159.0,20906.0,400.0,7703.498572736001
2023-10-12T00:00:00.000000,182.0,148,34,162.0,48.0,65.0,199988.0,34128.0,61530.0,12158.0,61606.0,10144.0,97983.0,17637.0,91.0,178.0,26153.0,454.0,10234.603423496681
2023-10-13T00:00:00.000000,143.0,111,32,123.0,46.0,33.0,157070.0,32999.0,41666.0,12680.0,74302.0,18114.0,48311.0,8083.0,50.0,125.0,17835.0,339.0,7480.6849401836835
2023-10-14T00:00:00.000000,128.0,103,25,114.0,33.0,36.0,134998.0,28054.0,33859.0,8668.0,55880.0,11266.0,44867.0,10951.0,44.0,150.0,16374.0,285.0,7416.484691945259
2023-10-15T00:00:00.000000,128.0,105,23,114.0,32.0,32.0,130766.0,25086.0,27836.0,4546.0,45356.0,7151.0,42543.0,8959.0,36.0,126.0,18287.0,343.0,6957.32593223844
2023-10-16T00:00:00.000000,152.0,109,43,136.0,46.0,39.0,162075.0,32607.0,61038.0,11309.0,76010.0,15030.0,64197.0,13719.0,51.0,165.0,22983.0,383.0,8283.171491109697
2023-10-17T00:00:00.000000,184.0,150,34,174.0,51.0,61.0,206568.0,38102.0,45817.0,12153.0,75239.0,13683.0,88256.0,17523.0,82.0,175.0,23623.0,430.0,10548.543778214442
2023-10-18T00:00:00.000000,188.0,140,48,153.0,42.0,58.0,174337.0,34563.0,66489.0,14182.0,55511.0,11697.0,67338.0,12656.0,86.0,225.0,24794.0,442.0,10678.314310357815
2023-10-19T00:00:00.000000,169.0,116,53,137.0,24.0,52.0,170689.0,30509.0,67385.0,15041.0,35269.0,5056.0,74446.0,12340.0,71.0,147.0,19542.0,378.0,10264.051435082822
2023-10-20T00:00:00.000000,168.0,103,65,138.0,31.0,42.0,143331.0,24031.0,114217.0,21698.0,54335.0,9031.0,60132.0,10354.0,58.0,187.0,19532.0,347.0,9266.155685680193
2023-10-21T00:00:00.000000,147.0,108,39,124.0,36.0,38.0,174478.0,33092.0,59505.0,17216.0,56885.0,11158.0,51374.0,9786.0,45.0,196.0,18985.0,307.0,7966.7237324720145
2023-10-22T00:00:00.000000,156.0,112,44,134.0,33.0,48.0,135818.0,24397.0,58647.0,12554.0,44653.0,7944.0,54832.0,9572.0,72.0,180.0,21166.0,334.0,8968.21168902556
2023-10-23T00:00:00.000000,188.0,148,40,170.0,58.0,49.0,178518.0,30094.0,49572.0,12348.0,76541.0,12207.0,59089.0,11050.0,60.0,224.0,20141.0,478.0,9997.56966804299
2023-10-24T00:00:00.000000,165.0,127,38,143.0,45.0,43.0,158391.0,28935.0,58213.0,12346.0,57260.0,10858.0,55697.0,10396.0,54.0,212.0,20153.0,364.0,9135.133887119026
2023-10-25T00:00:00.000000,218.0,152,66,182.0,67.0,51.0,205658.0,43858.0,80890.0,22222.0,88454.0,18068.0,74187.0,15628.0,71.0,282.0,21278.0,500.0,12348.00385656034
2023-10-26T00:00:00.000000,166.0,137,29,153.0,45.0,47.0,168928.0,29155.0,42803.0,9075.0,60976.0,9764.0,60154.0,10399.0,65.0,249.0,26715.0,442.0,8812.591592652494
2023-10-27T00:00:00.000000,144.0,116,28,134.0,38.0,45.0,121518.0,21056.0,37156.0,5076.0,45222.0,6813.0,45580.0,9909.0,67.0,142.0,14603.0,344.0,8096.5994738949
2023-10-28T00:00:00.000000,145.0,115,30,126.0,45.0,36.0,156862.0,30413.0,47093.0,11940.0,71728.0,14092.0,48125.0,10800.0,50.0,177.0,16521.0,278.0,8071.470036832044
2023-10-29T00:00:00.000000,157.0,126,31,138.0,50.0,49.0,153358.0,23659.0,39726.0,8026.0,69478.0,10640.0,52647.0,8581.0,66.0,146.0,21161.0,365.0,8286.65316569981
2023-10-30T00:00:00.000000,175.0,125,50,153.0,39.0,51.0,161403.0,32258.0,61865.0,12634.0,59076.0,13145.0,58386.0,12013.0,72.0,175.0,19654.0,463.0,10590.250888886809
2023-10-31T00:00:00.000000,191.0,143,48,168.0,48.0,55.0,192506.0,33550.0,85768.0,14747.0,73122.0,13123.0,71830.0,13254.0,72.0,218.0,36141.0,335.0,10416.278323619297
2023-11-01T00:00:00.000000,193.0,132,61,159.0,59.0,46.0,194709.0,32471.0,75177.0,16492.0,91450.0,14303.0,71147.0,13822.0,67.0,184.0,19125.0,430.0,9972.349421709067
2023-11-02T00:00:00.000000,165.0,121,44,150.0,47.0,36.0,181744.0,36111.0,65363.0,11369.0,82195.0,13147.0,46195.0,9296.0,53.0,247.0,18319.0,361.0,9039.766963525424
2023-11-03T00:00:00.000000,184.0,127,57,147.0,38.0,50.0,160204.0,23921.0,91547.0,19525.0,51863.0,7555.0,67689.0,11766.0,61.0,161.0,18141.0,451.0,10847.73425002188
2023-11-04T00:00:00.000000,141.0,114,27,126.0,38.0,43.0,160055.0,27118.0,61335.0,14814.0,52410.0,10575.0,59384.0,9431.0,65.0,205.0,21190.0,300.0,7221.697982561484
2023-11-05T00:00:00.000000,131.0,96,35,122.0,31.0,33.0,140734.0,25899.0,52867.0,11066.0,49422.0,10710.0,39893.0,6839.0,38.0,166.0,13988.0,281.0,6495.8370132678065
2023-11-06T00:00:00.000000,156.0,115,41,133.0,38.0,45.0,141328.0,22366.0,59554.0,15973.0,43467.0,5221.0,63937.0,10891.0,68.0,187.0,18150.0,386.0,8666.026934319028
2023-11-07T00:00:00.000000,175.0,127,48,147.0,44.0,43.0,173647.0,29920.0,60982.0,18462.0,67176.0,10019.0,63082.0,12198.0,58.0,250.0,18070.0,422.0,9856.333413507618
2023-11-08T00:00:00.000000,150.0,113,37,144.0,41.0,42.0,125927.0,20511.0,50869.0,9074.0,50271.0,9321.0,41659.0,6142.0,58.0,175.0,17491.0,353.0,7387.11515247142
2023-11-09T00:00:00.000000,149.0,113,36,145.0,52.0,32.0,152672.0,26979.0,57936.0,9052.0,75710.0,14804.0,39105.0,7040.0,42.0,144.0,16588.0,319.0,7201.8109007404755
2023-11-10T00:00:00.000000,163.0,112,51,133.0,39.0,44.0,150003.0,23862.0,84040.0,22113.0,53563.0,9122.0,55859.0,9092.0,63.0,210.0,15907.0,354.0,8534.48720098518
2023-11-11T00:00:00.000000,126.0,99,27,111.0,25.0,44.0,119513.0,22248.0,39032.0,9245.0,33464.0,6411.0,57889.0,11804.0,51.0,152.0,14552.0,339.0,7081.073801872953
2023-11-12T00:00:00.000000,152.0,110,42,127.0,33.0,42.0,133254.0,25004.0,48177.0,10623.0,47501.0,10931.0,46461.0,8805.0,53.0,187.0,16352.0,346.0,8787.242367701796
2023-11-13T00:00:00.000000,162.0,132,30,143.0,53.0,41.0,166311.0,33210.0,40234.0,8489.0,69643.0,14024.0,51272.0,13724.0,62.0,203.0,17407.0,396.0,8829.442385563141
2023-11-14T00:00:00.000000,178.0,139,39,162.0,61.0,43.0,199794.0,36342.0,66385.0,16057.0,87441.0,17468.0,66353.0,12078.0,54.0,224.0,21234.0,422.0,9549.197612623168
2023-11-15T00:00:00.000000,190.0,155,35,174.0,64.0,51.0,204101.0,34572.0,49814.0,10804.0,86038.0,15138.0,76971.0,12575.0,64.0,221.0,38864.0,481.0,10224.392318361504
2023-11-16T00:00:00.000000,183.0,136,47,172.0,51.0,51.0,179325.0,33048.0,71920.0,15509.0,71699.0,13971.0,69031.0,13675.0,70.0,242.0,33708.0,419.0,9933.900957910788
2023-11-17T00:00:00.000000,142.0,107,35,127.0,30.0,39.0,166749.0,27663.0,51234.0,10467.0,47557.0,8383.0,61838.0,8604.0,60.0,163.0,19636.0,374.0,7458.59486757039
2023-11-18T00:00:00.000000,132.0,103,29,125.0,47.0,29.0,133259.0,25241.0,44274.0,8991.0,68756.0,13164.0,36963.0,6908.0,38.0,101.0,14322.0,346.0,7201.7033269624935
2023-11-19T00:00:00.000000,160.0,121,39,137.0,38.0,44.0,156531.0,27520.0,57053.0,9972.0,42461.0,6966.0,54086.0,9522.0,60.0,131.0,16737.0,344.0,7816.656587711323
2023-11-20T00:00:00.000000,180.0,130,50,152.0,46.0,51.0,188658.0,34972.0,79687.0,17913.0,66567.0,11652.0,73887.0,15011.0,68.0,244.0,21818.0,442.0,9862.749081266405
2023-11-21T00:00:00.000000,181.0,144,37,163.0,58.0,53.0,190087.0,32993.0,41371.0,8318.0,91317.0,16375.0,67323.0,9580.0,72.0,197.0,25317.0,419.0,10339.603641049125
2023-11-22T00:00:00.000000,161.0,117,44,140.0,44.0,49.0,179837.0,28673.0,74437.0,13165.0,58870.0,9975.0,64722.0,10144.0,60.0,174.0,15458.0,383.0,9138.29009238543
2023-11-23T00:00:00.000000,133.0,103,30,123.0,36.0,34.0,158920.0,28286.0,43170.0,9255.0,66053.0,10953.0,55836.0,11304.0,41.0,144.0,16107.0,363.0,7698.933374124542
2023-11-24T00:00:00.000000,143.0,104,39,118.0,32.0,36.0,144186.0,22376.0,56916.0,13975.0,56934.0,7707.0,51957.0,9048.0,45.0,147.0,17108.0,340.0,7755.824454949833
2023-11-25T00:00:00.000000,124.0,84,40,102.0,29.0,34.0,120235.0,20167.0,63214.0,11004.0,46812.0,8468.0,50277.0,7743.0,43.0,155.0,17366.0,278.0,6714.683225813882
2023-11-26T00:00:00.000000,146.0,114,32,137.0,34.0,43.0,147287.0,20542.0,46931.0,10138.0,46301.0,6586.0,51173.0,9165.0,71.0,223.0,20937.0,404.0,8141.379489516713
2023-11-27T00:00:00.000000,164.0,127,37,145.0,49.0,49.0,175185.0,30990.0,57492.0,7151.0,64916.0,13083.0,81797.0,15098.0,65.0,217.0,21904.0,448.0,8848.131195811258
2023-11-28T00:00:00.000000,164.0,124,40,144.0,41.0,49.0,183704.0,35546.0,73081.0,25835.0,70572.0,14494.0,72576.0,11812.0,65.0,254.0,18516.0,430.0,8096.7352272602775
2023-11-29T00:00:00.000000,206.0,157,49,188.0,65.0,52.0,223604.0,39357.0,88219.0,23714.0,102348.0,16411.0,67814.0,12473.0,79.0,222.0,23960.0,527.0,11670.442521112738
2023-11-30T00:00:00.000000,198.0,133,65,163.0,42.0,57.0,164951.0,27505.0,93372.0,16826.0,53911.0,9608.0,71583.0,11864.0,81.0,221.0,20293.0,469.0,11020.352656831701
2023-12-01T00:00:00.000000,152.0,124,28,141.0,39.0,52.0,174911.0,29165.0,38102.0,9176.0,63801.0,10742.0,67941.0,12324.0,79.0,181.0,17288.0,374.0,8399.468575549796
2023-12-02T00:00:00.000000,108.0,88,20,99.0,30.0,32.0,141903.0,26712.0,24099.0,3985.0,49234.0,7503.0,54685.0,10044.0,45.0,118.0,12098.0,307.0,5338.060296380244
2023-12-03T00:00:00.000000,144.0,103,41,128.0,23.0,47.0,134145.0,23410.0,48945.0,9034.0,35846.0,6697.0,58880.0,12372.0,66.0,153.0,22305.0,330.0,8036.251885691129
2023-12-04T00:00:00.000000,148.0,110,38,138.0,38.0,37.0,152595.0,30665.0,65412.0,16691.0,52916.0,9353.0,59190.0,12005.0,49.0,196.0,19823.0,262.0,8033.619855734206
2023-12-05T00:00:00.000000,146.0,113,33,135.0,40.0,49.0,151291.0,28747.0,45325.0,9712.0,67548.0,12534.0,60749.0,10605.0,71.0,201.0,21329.0,333.0,7936.39706865992
2023-12-06T00:00:00.000000,161.0,118,43,139.0,38.0,50.0,170524.0,35635.0,62620.0,12681.0,64116.0,15167.0,68812.0,13087.0,66.0,193.0,18634.0,393.0,8687.518778031657
2023-12-07T00:00:00.000000,190.0,137,53,145.0,45.0,43.0,185415.0,37595.0,113091.0,28797.0,65943.0,13770.0,53577.0,9902.0,65.0,271.0,27977.0,473.0,9487.682364854914
2023-12-08T00:00:00.000000,164.0,118,46,145.0,39.0,51.0,146867.0,30535.0,78663.0,13622.0,51792.0,9116.0,71487.0,16968.0,63.0,150.0,14222.0,383.0,8900.820083493241
2023-12-09T00:00:00.000000,138.0,103,35,128.0,36.0,36.0,125264.0,21523.0,48012.0,13368.0,51048.0,9632.0,41722.0,7289.0,51.0,153.0,13301.0,312.0,7717.660520810494
2023-12-10T00:00:00.000000,135.0,93,42,113.0,30.0,28.0,100345.0,16493.0,51528.0,14571.0,34420.0,5368.0,25279.0,4774.0,35.0,132.0,11308.0,298.0,6974.769206520824
2023-12-11T00:00:00.000000,152.0,121,31,140.0,33.0,55.0,171018.0,36389.0,48355.0,10843.0,43648.0,9728.0,83362.0,16154.0,71.0,185.0,18189.0,446.0,8245.316476965723
2023-12-12T00:00:00.000000,171.0,125,46,156.0,43.0,56.0,193219.0,32618.0,60089.0,10944.0,76327.0,11265.0,78026.0,14899.0,74.0,252.0,21639.0,355.0,9174.666868306278
2023-12-13T00:00:00.000000,129.0,98,31,117.0,36.0,36.0,121402.0,21013.0,46246.0,9112.0,56843.0,9442.0,38256.0,7557.0,46.0,130.0,12616.0,329.0,7306.184920948117
2023-12-14T00:00:00.000000,164.0,122,42,144.0,44.0,43.0,168223.0,30274.0,50692.0,7674.0,65876.0,10170.0,64962.0,14241.0,59.0,228.0,26843.0,368.0,8847.027243934775
2023-12-15T00:00:00.000000,131.0,86,45,116.0,27.0,38.0,134905.0,26384.0,60275.0,11663.0,52773.0,12593.0,57031.0,10144.0,47.0,144.0,13469.0,331.0,6344.9055057507585
2023-12-16T00:00:00.000000,134.0,96,38,113.0,27.0,39.0,138028.0,23027.0,46190.0,8999.0,49047.0,8601.0,54908.0,8060.0,58.0,178.0,14196.0,341.0,6891.70151412648
2023-12-17T00:00:00.000000,140.0,104,36,124.0,42.0,42.0,127560.0,20928.0,63787.0,13187.0,49573.0,7234.0,53639.0,10540.0,48.0,142.0,15969.0,354.0,8030.080319737154
2023-12-18T00:00:00.000000,146.0,108,38,127.0,42.0,40.0,156663.0,28029.0,52069.0,8969.0,60952.0,10278.0,59183.0,12398.0,61.0,188.0,15635.0,363.0,8767.709668411748
2023-12-19T00:00:00.000000,177.0,114,63,157.0,32.0,51.0,145783.0,27419.0,117922.0,22317.0,41624.0,6859.0,60437.0,13272.0,82.0,215.0,19787.0,383.0,10200.287957629787
2023-12-20T00:00:00.000000,139.0,100,39,119.0,42.0,29.0,123689.0,23191.0,80410.0,13988.0,52514.0,9598.0,36433.0,6971.0,40.0,198.0,12807.0,250.0,7382.561990310887
2023-12-21T00:00:00.000000,131.0,103,28,109.0,27.0,49.0,162611.0,30079.0,36902.0,6544.0,43642.0,9396.0,74908.0,13514.0,72.0,140.0,16493.0,400.0,6920.148070855483
2023-12-22T00:00:00.000000,112.0,87,25,99.0,25.0,43.0,121928.0,23680.0,37576.0,8616.0,37621.0,6126.0,60866.0,13938.0,54.0,132.0,16440.0,262.0,5994.378433996871
2023-12-23T00:00:00.000000,116.0,76,40,94.0,15.0,37.0,105882.0,21117.0,92793.0,29274.0,20054.0,3707.0,48502.0,10140.0,56.0,145.0,11457.0,236.0,6171.271649426426
2023-12-24T00:00:00.000000,110.0,78,32,103.0,21.0,34.0,93147.0,16194.0,50119.0,13735.0,25648.0,4638.0,47837.0,8071.0,44.0,127.0,13643.0,249.0,6427.3232406943225
2023-12-25T00:00:00.000000,99.0,66,33,83.0,16.0,34.0,87299.0,13154.0,66417.0,16952.0,25446.0,2866.0,39187.0,6548.0,54.0,149.0,12029.0,235.0,5834.778220596168
2023-12-26T00:00:00.000000,114.0,85,29,98.0,22.0,41.0,126912.0,22278.0,54271.0,11260.0,37088.0,5768.0,66576.0,13319.0,53.0,124.0,15871.0,242.0,6070.39568732128
2023-12-27T00:00:00.000000,118.0,94,24,101.0,26.0,41.0,165240.0,30168.0,41116.0,6995.0,66355.0,14392.0,50861.0,8075.0,60.0,144.0,13663.0,268.0,6908.053672647937
2023-12-28T00:00:00.000000,118.0,87,31,98.0,24.0,40.0,127219.0,21534.0,42663.0,5836.0,41519.0,7015.0,51998.0,8256.0,51.0,133.0,12988.0,316.0,6070.4762266184625
2023-12-29T00:00:00.000000,168.0,108,60,134.0,29.0,52.0,160987.0,28011.0,112609.0,24872.0,45201.0,8417.0,78389.0,13807.0,79.0,181.0,18391.0,415.0,8971.68446222542
2023-12-30T00:00:00.000000,132.0,102,30,106.0,25.0,46.0,146446.0,28548.0,44929.0,6832.0,39984.0,7119.0,57447.0,10101.0,65.0,192.0,22593.0,365.0,7894.987547104892
2023-12-31T00:00:00.000000,99.0,67,32,80.0,14.0,33.0,85472.0,14073.0,51400.0,9425.0,15846.0,2553.0,43223.0,6837.0,50.0,130.0,11186.0,268.0,5966.978075642355
2024-01-01T00:00:00.000000,87.0,60,27,78.0,18.0,26.0,121829.0,24360.0,62016.0,14961.0,24455.0,3176.0,44873.0,7417.0,39.0,131.0,8583.0,258.0,4807.02598010684
2024-01-02T00:00:00.000000,142.0,88,54,122.0,18.0,40.0,104611.0,17873.0,80898.0,16610.0,23098.0,3861.0,49928.0,8675.0,51.0,157.0,13690.0,276.0,7464.79998493333
2024-01-03T00:00:00.000000,131.0,89,42,116.0,34.0,36.0,131786.0,25995.0,68116.0,12824.0,50681.0,9313.0,52537.0,9324.0,54.0,164.0,11609.0,295.0,6401.5923007981755
2024-01-04T00:00:00.000000,131.0,96,35,122.0,27.0,37.0,137888.0,22658.0,68264.0,15077.0,50501.0,8606.0,51327.0,8431.0,47.0,157.0,13610.0,329.0,6127.8317401762315
2024-01-05T00:00:00.000000,154.0,117,37,138.0,27.0,55.0,208756.0,36737.0,63939.0,13472.0,52404.0,8883.0,101099.0,15400.0,72.0,221.0,17895.0,383.0,8125.533610869454
2024-01-06T00:00:00.000000,120.0,91,29,101.0,24.0,44.0,144467.0,23063.0,52015.0,9626.0,38117.0,5948.0,65316.0,11387.0,64.0,128.0,13221.0,263.0,5198.259152053625
2024-01-07T00:00:00.000000,133.0,100,33,127.0,25.0,54.0,149754.0,27145.0,50959.0,14755.0,36794.0,7298.0,89841.0,15660.0,69.0,192.0,15521.0,294.0,7257.764892060902
2024-01-08T00:00:00.000000,157.0,108,49,137.0,33.0,41.0,157450.0,27343.0,119167.0,31006.0,49119.0,10591.0,70555.0,12281.0,46.0,160.0,16580.0,356.0,8655.423933981361
2024-01-09T00:00:00.000000,144.0,114,30,134.0,26.0,53.0,164137.0,29871.0,58432.0,21849.0,49545.0,10621.0,73269.0,13703.0,74.0,142.0,21642.0,385.0,8093.813822118785
2024-01-10T00:00:00.000000,164.0,124,40,137.0,38.0,45.0,172951.0,30611.0,88140.0,14636.0,71885.0,12169.0,57300.0,10117.0,54.0,161.0,14959.0,356.0,8724.54640770465
2024-01-11T00:00:00.000000,131.0,98,33,118.0,29.0,47.0,144166.0,31433.0,56202.0,12054.0,46168.0,10253.0,70122.0,14214.0,69.0,109.0,14061.0,296.0,6858.168635845518
2024-01-12T00:00:00.000000,129.0,93,36,111.0,29.0,42.0,137502.0,28728.0,48734.0,9744.0,46640.0,10910.0,57769.0,12214.0,56.0,125.0,11789.0,285.0,7311.653821743363
2024-01-13T00:00:00.000000,119.0,87,32,107.0,24.0,35.0,132834.0,29164.0,48264.0,8267.0,47576.0,9958.0,47385.0,9299.0,58.0,149.0,15124.0,314.0,6575.749705913595
2024-01-14T00:00:00.000000,135.0,102,33,121.0,35.0,39.0,181378.0,29687.0,41559.0,9666.0,45552.0,8236.0,101234.0,15486.0,47.0,148.0,12208.0,316.0,7355.520141975984
2024-01-15T00:00:00.000000,173.0,133,40,151.0,46.0,58.0,178087.0,32580.0,82822.0,14766.0,62930.0,11616.0,77472.0,13905.0,85.0,178.0,20696.0,448.0,10509.704959476403
2024-01-16T00:00:00.000000,166.0,117,49,144.0,39.0,47.0,151494.0,33142.0,63861.0,13713.0,62549.0,16753.0,56864.0,9995.0,64.0,190.0,17398.0,354.0,9283.40363669923
2024-01-17T00:00:00.000000,175.0,123,52,149.0,44.0,46.0,151777.0,26812.0,83988.0,25722.0,55412.0,9369.0,63759.0,13530.0,59.0,167.0,15542.0,387.0,10129.880831621529
2024-01-18T00:00:00.000000,137.0,104,33,119.0,29.0,44.0,134224.0,22558.0,36733.0,9172.0,43766.0,7562.0,53910.0,9283.0,73.0,135.0,13660.0,293.0,7724.320073595378
2024-01-19T00:00:00.000000,115.0,90,25,106.0,27.0,44.0,122728.0,19623.0,34012.0,7058.0,35812.0,5342.0,63633.0,10813.0,71.0,142.0,13979.0,259.0,6263.794138280172
2024-01-20T00:00:00.000000,117.0,88,29,104.0,29.0,29.0,142846.0,21493.0,56693.0,8586.0,45167.0,7367.0,58566.0,8657.0,42.0,139.0,12782.0,264.0,6587.335382614868
2024-01-21T00:00:00.000000,135.0,92,43,107.0,32.0,30.0,121105.0,21824.0,63858.0,14347.0,43205.0,7952.0,41736.0,9210.0,38.0,191.0,16193.0,303.0,7925.774670854165
2024-01-22T00:00:00.000000,146.0,102,44,127.0,36.0,43.0,136578.0,22052.0,64931.0,11697.0,46614.0,7402.0,51047.0,9014.0,55.0,168.0,13353.0,400.0,8033.153962011496
2024-01-23T00:00:00.000000,137.0,109,28,122.0,31.0,45.0,170131.0,30517.0,38396.0,5232.0,51730.0,12088.0,69956.0,10712.0,65.0,165.0,13921.0,308.0,7028.471674372946
2024-01-24T00:00:00.000000,125.0,100,25,115.0,31.0,41.0,139513.0,25978.0,26761.0,3967.0,44440.0,8302.0,62964.0,9749.0,57.0,142.0,15880.0,329.0,6632.891143419647
2024-01-25T00:00:00.000000,124.0,100,24,112.0,32.0,40.0,140522.0,22933.0,24816.0,4443.0,48223.0,9165.0,54945.0,7626.0,56.0,123.0,14543.0,327.0,6527.853266589834
2024-01-26T00:00:00.000000,107.0,85,22,98.0,28.0,36.0,138709.0,22680.0,27862.0,4880.0,38177.0,7480.0,70411.0,8864.0,48.0,93.0,11054.0,294.0,5304.508736418496
2024-01-27T00:00:00.000000,133.0,91,42,105.0,35.0,32.0,134978.0,27484.0,58319.0,12544.0,57065.0,13761.0,49513.0,8948.0,42.0,151.0,13332.0,324.0,7242.242240359115
2024-01-28T00:00:00.000000,160.0,115,45,128.0,37.0,37.0,167568.0,30573.0,66327.0,14263.0,65902.0,11689.0,50029.0,9564.0,54.0,200.0,15981.0,397.0,9251.930578263029
2024-01-29T00:00:00.000000,114.0,90,24,106.0,39.0,32.0,139158.0,29112.0,31551.0,4571.0,66765.0,12929.0,51682.0,13533.0,40.0,118.0,11076.0,285.0,6258.752453708138
2024-01-30T00:00:00.000000,129.0,99,30,118.0,28.0,42.0,138997.0,28124.0,46982.0,8072.0,36016.0,4709.0,68911.0,16081.0,54.0,152.0,15277.0,330.0,7320.51698836091
2024-01-31T00:00:00.000000,135.0,101,34,116.0,22.0,53.0,149243.0,25177.0,63829.0,24380.0,31960.0,5215.0,77909.0,13388.0,83.0,175.0,15589.0,308.0,7768.213682227704
2024-02-01T00:00:00.000000,144.0,108,36,127.0,31.0,49.0,127842.0,19078.0,54348.0,12841.0,35891.0,4776.0,62469.0,9462.0,65.0,168.0,17254.0,330.0,7420.85024654329
2024-02-02T00:00:00.000000,121.0,91,30,112.0,23.0,48.0,119476.0,22168.0,43328.0,11294.0,33073.0,8739.0,55406.0,9486.0,66.0,164.0,13514.0,301.0,6602.510080476126
2024-02-03T00:00:00.000000,129.0,104,25,109.0,30.0,50.0,145363.0,26733.0,44534.0,9992.0,47931.0,11673.0,67287.0,11308.0,75.0,146.0,13829.0,335.0,7224.344107860003
2024-02-04T00:00:00.000000,135.0,105,30,118.0,31.0,38.0,132667.0,25101.0,39545.0,8821.0,47348.0,12513.0,39949.0,6146.0,54.0,147.0,17876.0,369.0,7569.9796210594095
2024-02-05T00:00:00.000000,133.0,97,36,127.0,26.0,42.0,122235.0,22647.0,59079.0,14140.0,34923.0,7188.0,54137.0,9627.0,55.0,151.0,14019.0,303.0,7405.81938866539
2024-02-06T00:00:00.000000,167.0,123,44,145.0,41.0,43.0,159807.0,24754.0,46102.0,9393.0,59690.0,9252.0,52353.0,8302.0,70.0,242.0,21028.0,471.0,8962.929334030383
2024-02-07T00:00:00.000000,146.0,107,39,129.0,43.0,35.0,138639.0,26245.0,52321.0,10731.0,53043.0,8923.0,55205.0,12368.0,56.0,216.0,19814.0,351.0,7063.883846407153
2024-02-08T00:00:00.000000,170.0,122,48,151.0,32.0,47.0,161317.0,32677.0,65343.0,13637.0,45682.0,10960.0,71690.0,14288.0,63.0,180.0,16616.0,393.0,9433.659817732934
2024-02-09T00:00:00.000000,129.0,99,30,116.0,31.0,37.0,126615.0,22672.0,43091.0,9773.0,45387.0,8075.0,41634.0,7348.0,50.0,106.0,14974.0,324.0,6882.955728939436
2024-02-10T00:00:00.000000,123.0,96,27,120.0,26.0,40.0,125155.0,25911.0,28931.0,6873.0,40758.0,11661.0,47518.0,9438.0,54.0,119.0,13480.0,288.0,6661.131638092349
2024-02-11T00:00:00.000000,149.0,109,40,118.0,37.0,37.0,176932.0,29346.0,54212.0,9325.0,73879.0,9552.0,48543.0,7831.0,53.0,164.0,26587.0,346.0,8259.761735298118
2024-02-12T00:00:00.000000,114.0,80,34,104.0,23.0,35.0,116983.0,24362.0,68592.0,17268.0,33501.0,6273.0,49072.0,8403.0,55.0,130.0,11415.0,279.0,6179.326600375255
2024-02-13T00:00:00.000000,123.0,99,24,117.0,36.0,37.0,145381.0,24794.0,47412.0,15207.0,51088.0,7184.0,60768.0,11229.0,46.0,117.0,15646.0,287.0,6620.816232759181
2024-02-14T00:00:00.000000,130.0,100,30,120.0,37.0,37.0,153700.0,27752.0,59291.0,10700.0,59041.0,10877.0,64976.0,11999.0,48.0,155.0,13168.0,317.0,7201.226885550803
2024-02-15T00:00:00.000000,153.0,113,40,134.0,39.0,44.0,166491.0,30442.0,46988.0,9306.0,60623.0,11734.0,59123.0,11148.0,57.0,144.0,17480.0,359.0,8342.012137779788
2024-02-16T00:00:00.000000,152.0,117,35,139.0,31.0,44.0,158532.0,30316.0,64945.0,13764.0,44407.0,6797.0,45500.0,9244.0,55.0,156.0,16079.0,344.0,8120.106757696427
2024-02-17T00:00:00.000000,146.0,105,41,129.0,23.0,51.0,195520.0,34987.0,42249.0,7360.0,41032.0,7336.0,106861.0,17573.0,78.0,161.0,15584.0,377.0,8481.796229076586
2024-02-18T00:00:00.000000,132.0,90,42,110.0,11.0,48.0,109153.0,17996.0,64051.0,13784.0,10271.0,2204.0,58011.0,10759.0,66.0,185.0,19425.0,308.0,7786.97226350794
2024-02-19T00:00:00.000000,160.0,117,43,136.0,28.0,48.0,146246.0,27820.0,93910.0,19941.0,33796.0,5136.0,65097.0,12636.0,60.0,176.0,16962.0,350.0,7629.62321242437
2024-02-20T00:00:00.000000,149.0,105,44,134.0,30.0,42.0,140973.0,23045.0,86492.0,17441.0,46840.0,7975.0,51489.0,7803.0,64.0,173.0,13961.0,377.0,8361.669422123266
2024-02-21T00:00:00.000000,152.0,122,30,134.0,40.0,49.0,182378.0,34953.0,62128.0,11073.0,76697.0,15936.0,70257.0,12539.0,73.0,149.0,20472.0,401.0,8297.00875476069
2024-02-22T00:00:00.000000,165.0,119,46,145.0,34.0,43.0,148688.0,27574.0,62545.0,12454.0,51806.0,10515.0,54992.0,9804.0,61.0,155.0,16278.0,325.0,8363.54440700649
2024-02-23T00:00:00.000000,148.0,107,41,135.0,32.0,44.0,146119.0,24647.0,71071.0,14411.0,47126.0,7647.0,52472.0,9080.0,62.0,163.0,15913.0,366.0,7997.415755506578
2024-02-24T00:00:00.000000,117.0,82,35,96.0,30.0,27.0,106078.0,18502.0,44526.0,8984.0,40165.0,7197.0,36360.0,6286.0,43.0,120.0,13199.0,246.0,6481.802968497
2024-02-25T00:00:00.000000,144.0,109,35,131.0,34.0,45.0,152540.0,26255.0,50478.0,9001.0,49847.0,9121.0,66609.0,11912.0,61.0,150.0,18105.0,297.0,7718.8288331162175
2024-02-26T00:00:00.000000,144.0,113,31,135.0,38.0,42.0,163471.0,27016.0,40159.0,7518.0,56952.0,10383.0,59159.0,7943.0,53.0,165.0,15442.0,389.0,7728.465260171935
2024-02-27T00:00:00.000000,144.0,117,27,128.0,46.0,47.0,151955.0,27640.0,44722.0,9581.0,70657.0,13677.0,53706.0,9886.0,63.0,114.0,15250.0,394.0,7755.533529622611
2024-02-28T00:00:00.000000,130.0,112,18,126.0,40.0,44.0,137590.0,25185.0,35593.0,7442.0,53060.0,8141.0,44555.0,7741.0,61.0,159.0,18422.0,357.0,7230.813062150434
2024-02-29T00:00:00.000000,131.0,92,39,117.0,17.0,48.0,131895.0,28128.0,65877.0,10689.0,23683.0,6706.0,65304.0,13025.0,78.0,141.0,11073.0,278.0,7520.644312675168
2024-03-01T00:00:00.000000,140.0,98,42,122.0,33.0,45.0,143749.0,28099.0,75715.0,12497.0,45201.0,7331.0,73961.0,15450.0,57.0,139.0,11388.0,369.0,7035.226991924762
2024-03-02T00:00:00.000000,107.0,85,22,95.0,20.0,38.0,119296.0,20812.0,34409.0,6394.0,37320.0,5076.0,54192.0,10573.0,54.0,116.0,10130.0,252.0,5594.316337161085
2024-03-03T00:00:00.000000,106.0,79,27,94.0,23.0,35.0,128815.0,24561.0,53281.0,13177.0,40126.0,6061.0,62639.0,14793.0,43.0,105.0,8518.0,275.0,5886.979351109362
2024-03-04T00:00:00.000000,113.0,92,21,109.0,25.0,41.0,141228.0,26647.0,46784.0,18297.0,46541.0,6964.0,62290.0,11593.0,55.0,124.0,12068.0,278.0,4752.797217275492
2024-03-05T00:00:00.000000,159.0,116,43,128.0,30.0,47.0,172497.0,31109.0,66380.0,12994.0,44825.0,7955.0,67522.0,12636.0,59.0,168.0,14659.0,321.0,9548.12857019528
2024-03-06T00:00:00.000000,117.0,91,26,112.0,34.0,29.0,115724.0,20893.0,34845.0,7956.0,45151.0,7007.0,41887.0,7362.0,38.0,124.0,14432.0,317.0,6386.872018501079
2024-03-07T00:00:00.000000,152.0,110,42,127.0,34.0,45.0,135605.0,26211.0,81019.0,35085.0,43878.0,7266.0,52354.0,10890.0,77.0,152.0,14918.0,338.0,8495.131609129634
2024-03-08T00:00:00.000000,146.0,103,43,129.0,38.0,36.0,150872.0,29289.0,41072.0,8984.0,54744.0,10893.0,56657.0,12068.0,46.0,166.0,11975.0,362.0,7988.196664644076
2024-03-09T00:00:00.000000,136.0,104,32,125.0,35.0,42.0,144849.0,24633.0,33224.0,6033.0,53797.0,7725.0,48568.0,8029.0,55.0,120.0,14100.0,340.0,7494.8796239979265
2024-03-10T00:00:00.000000,121.0,90,31,106.0,25.0,35.0,116199.0,23478.0,43585.0,9015.0,34606.0,5809.0,47866.0,10223.0,50.0,128.0,11623.0,236.0,6903.909643870848
2024-03-11T00:00:00.000000,141.0,101,40,126.0,35.0,40.0,133837.0,31373.0,50777.0,10379.0,45897.0,11660.0,55000.0,11585.0,55.0,176.0,15616.0,374.0,8175.292932311289
2024-03-12T00:00:00.000000,170.0,130,40,147.0,38.0,48.0,197334.0,32151.0,48792.0,13163.0,64751.0,10789.0,63770.0,9980.0,61.0,201.0,18516.0,422.0,8993.082720943125
2024-03-13T00:00:00.000000,140.0,114,26,131.0,31.0,50.0,161649.0,26792.0,33915.0,7791.0,43416.0,7524.0,71307.0,14557.0,58.0,163.0,12916.0,375.0,7208.454923347545
2024-03-14T00:00:00.000000,127.0,97,30,118.0,34.0,40.0,133563.0,27433.0,62099.0,12382.0,45325.0,6311.0,53692.0,9290.0,54.0,119.0,14877.0,282.0,6910.602630430075
2024-03-15T00:00:00.000000,116.0,86,30,97.0,25.0,35.0,123486.0,18799.0,60815.0,9584.0,34231.0,4510.0,47838.0,7229.0,46.0,151.0,9876.0,324.0,6660.981650073385
2024-03-16T00:00:00.000000,113.0,75,38,93.0,23.0,27.0,102854.0,18767.0,52260.0,12322.0,28344.0,4936.0,38919.0,7767.0,39.0,96.0,7401.0,228.0,6282.909180831547
2024-03-17T00:00:00.000000,123.0,98,25,111.0,25.0,45.0,112357.0,19983.0,34961.0,12038.0,36288.0,5366.0,45095.0,8733.0,64.0,130.0,14088.0,335.0,7137.2341202226935
2024-03-18T00:00:00.000000,136.0,102,34,124.0,35.0,34.0,152889.0,28050.0,56362.0,14780.0,49546.0,8690.0,53930.0,10153.0,52.0,181.0,15814.0,352.0,7223.613133503714
2024-03-19T00:00:00.000000,154.0,122,32,136.0,39.0,44.0,153133.0,25378.0,50524.0,14454.0,45451.0,6963.0,58635.0,11102.0,64.0,171.0,15396.0,394.0,8426.680517037832
2024-03-20T00:00:00.000000,143.0,111,32,121.0,38.0,37.0,144582.0,27929.0,49834.0,13102.0,53278.0,9539.0,55319.0,11391.0,52.0,149.0,12805.0,317.0,7861.95698070354
2024-03-21T00:00:00.000000,153.0,120,33,134.0,34.0,49.0,176047.0,35332.0,49938.0,8517.0,52593.0,7838.0,73415.0,19930.0,69.0,208.0,24779.0,364.0,7765.269083453671
2024-03-22T00:00:00.000000,105.0,79,26,99.0,24.0,35.0,135640.0,26664.0,37884.0,5875.0,47048.0,6978.0,56595.0,12728.0,52.0,151.0,10749.0,265.0,5925.573007394689
2024-03-23T00:00:00.000000,120.0,91,29,104.0,27.0,41.0,124619.0,21994.0,34548.0,8710.0,37122.0,6639.0,50697.0,7759.0,71.0,165.0,14149.0,340.0,6706.442205599955
2024-03-24T00:00:00.000000,144.0,111,33,125.0,31.0,46.0,171104.0,29369.0,54021.0,14799.0,57103.0,10978.0,77152.0,13121.0,59.0,169.0,15186.0,335.0,8045.031270139569
2024-03-25T00:00:00.000000,119.0,96,23,109.0,26.0,39.0,139092.0,25918.0,29246.0,5848.0,48836.0,9505.0,53345.0,10807.0,51.0,126.0,10749.0,345.0,6525.598973613812
2024-03-26T00:00:00.000000,129.0,98,31,123.0,33.0,40.0,148814.0,30975.0,47350.0,8157.0,62582.0,14194.0,55809.0,10241.0,52.0,127.0,10911.0,294.0,6617.251409910009
2024-03-27T00:00:00.000000,135.0,103,32,124.0,30.0,39.0,160039.0,36055.0,38630.0,6827.0,49024.0,9991.0,64441.0,13936.0,50.0,120.0,13943.0,346.0,7130.002245368943
2024-03-28T00:00:00.000000,113.0,89,24,109.0,30.0,43.0,126287.0,23597.0,42973.0,11496.0,44217.0,9963.0,55041.0,9267.0,67.0,157.0,13856.0,282.0,5955.316013618074
2024-03-29T00:00:00.000000,133.0,100,33,109.0,29.0,42.0,140939.0,29471.0,32248.0,6883.0,43589.0,9589.0,63522.0,11786.0,62.0,144.0,11058.0,347.0,7453.818697788847
2024-03-30T00:00:00.000000,130.0,95,35,110.0,28.0,41.0,121705.0,23728.0,45025.0,9132.0,41827.0,6907.0,46645.0,11116.0,56.0,95.0,10141.0,292.0,6958.653869577706
2024-03-31T00:00:00.000000,90.0,68,22,86.0,22.0,22.0,110060.0,25206.0,42887.0,9719.0,33552.0,5192.0,38028.0,9224.0,22.0,99.0,7729.0,217.0,4466.27215648098
2024-04-01T00:00:00.000000,130.0,96,34,120.0,25.0,40.0,142833.0,28073.0,48086.0,12014.0,49419.0,9141.0,58086.0,11773.0,57.0,210.0,14999.0,329.0,7048.528333445867
2024-04-02T00:00:00.000000,133.0,94,39,118.0,25.0,41.0,165547.0,34669.0,46508.0,9924.0,63146.0,17312.0,59778.0,10112.0,50.0,161.0,10109.0,305.0,6996.183065200202
2024-04-03T00:00:00.000000,142.0,94,48,130.0,28.0,42.0,131298.0,28042.0,53896.0,11421.0,44769.0,9027.0,61558.0,15175.0,66.0,217.0,21014.0,351.0,6960.938537603496
2024-04-04T00:00:00.000000,164.0,121,43,147.0,37.0,43.0,165554.0,30306.0,71509.0,16193.0,45421.0,8373.0,63971.0,11686.0,58.0,205.0,13695.0,376.0,8376.07604005966
2024-04-05T00:00:00.000000,129.0,101,28,125.0,36.0,34.0,161344.0,25172.0,48355.0,11620.0,66335.0,11486.0,53527.0,6792.0,42.0,129.0,13970.0,283.0,6795.049841069576
2024-04-06T00:00:00.000000,119.0,98,21,109.0,33.0,34.0,124982.0,23546.0,27962.0,4116.0,46508.0,10553.0,47335.0,8766.0,42.0,147.0,10178.0,297.0,6513.47348965312
2024-04-07T00:00:00.000000,130.0,89,41,112.0,26.0,34.0,133501.0,22677.0,60582.0,13047.0,35426.0,6061.0,39136.0,6257.0,45.0,157.0,11887.0,299.0,7530.5069180427045
2024-04-08T00:00:00.000000,140.0,108,32,120.0,39.0,37.0,140118.0,32060.0,49105.0,8071.0,53504.0,9445.0,46153.0,11325.0,57.0,167.0,13401.0,318.0,7579.126656990054
2024-04-09T00:00:00.000000,148.0,120,28,127.0,34.0,48.0,165343.0,30438.0,37096.0,8406.0,48840.0,12045.0,61348.0,10316.0,65.0,167.0,12217.0,362.0,8010.153844982119
2024-04-10T00:00:00.000000,113.0,84,29,107.0,24.0,38.0,148376.0,29690.0,47448.0,10257.0,41977.0,6825.0,58061.0,11545.0,51.0,124.0,12629.0,272.0,6224.250560643443
2024-04-11T00:00:00.000000,156.0,116,40,130.0,34.0,58.0,160724.0,35429.0,62517.0,19727.0,58620.0,12886.0,69656.0,13972.0,88.0,141.0,12709.0,391.0,8123.733786988445
2024-04-12T00:00:00.000000,128.0,90,38,115.0,27.0,38.0,119616.0,17563.0,51171.0,15040.0,48912.0,6490.0,44842.0,6952.0,60.0,221.0,13108.0,209.0,6470.475025748953
2024-04-13T00:00:00.000000,140.0,103,37,121.0,29.0,35.0,140765.0,24594.0,38195.0,6306.0,48559.0,9067.0,43684.0,6586.0,42.0,150.0,15173.0,330.0,7890.928541958364
2024-04-14T00:00:00.000000,122.0,91,31,111.0,25.0,42.0,148168.0,34987.0,38001.0,8997.0,44284.0,11847.0,64571.0,13966.0,53.0,137.0,10242.0,241.0,6496.981884814667
2024-04-15T00:00:00.000000,129.0,105,24,121.0,26.0,48.0,147687.0,26849.0,52529.0,12233.0,43977.0,7721.0,68900.0,13041.0,65.0,154.0,13458.0,285.0,7061.849925602942
2024-04-16T00:00:00.000000,113.0,91,22,101.0,35.0,33.0,156090.0,46170.0,25690.0,6526.0,73704.0,29231.0,46581.0,8743.0,39.0,130.0,9637.0,249.0,6220.634453011629
2024-04-17T00:00:00.000000,145.0,119,26,134.0,42.0,43.0,155330.0,23154.0,45196.0,8919.0,54561.0,7626.0,58207.0,8358.0,57.0,167.0,12668.0,336.0,8159.312563696204
2024-04-18T00:00:00.000000,130.0,89,41,113.0,33.0,35.0,138463.0,27126.0,61633.0,10787.0,65729.0,13152.0,43187.0,7216.0,51.0,148.0,11443.0,272.0,6885.1011100480655
2024-04-19T00:00:00.000000,119.0,92,27,112.0,37.0,33.0,139414.0,24679.0,45312.0,10427.0,60761.0,9484.0,49283.0,8975.0,53.0,197.0,12856.0,321.0,6387.232258361013
2024-04-20T00:00:00.000000,108.0,76,32,98.0,24.0,33.0,115439.0,22344.0,46049.0,12619.0,40612.0,5746.0,44287.0,9064.0,39.0,126.0,9380.0,258.0,5924.893437886125
2024-04-21T00:00:00.000000,86.0,69,17,74.0,20.0,28.0,107570.0,18678.0,24832.0,9870.0,26652.0,4214.0,55547.0,10773.0,46.0,136.0,9547.0,229.0,4755.654442011172
2024-04-22T00:00:00.000000,137.0,104,33,120.0,29.0,40.0,160123.0,27928.0,70776.0,13618.0,63186.0,10187.0,55724.0,11745.0,63.0,177.0,14138.0,290.0,7444.069963996269
2024-04-23T00:00:00.000000,147.0,119,28,131.0,40.0,42.0,202488.0,38796.0,37386.0,6905.0,75673.0,15485.0,63071.0,11683.0,54.0,171.0,16036.0,357.0,7716.118747266488
2024-04-24T00:00:00.000000,153.0,115,38,138.0,30.0,50.0,139965.0,24373.0,44870.0,8686.0,40243.0,6249.0,58282.0,10550.0,62.0,217.0,18165.0,352.0,9177.648596442517
2024-04-25T00:00:00.000000,143.0,101,42,113.0,38.0,31.0,157159.0,33358.0,56934.0,13491.0,74654.0,16411.0,44556.0,8870.0,49.0,213.0,13539.0,407.0,7348.257555590408
2024-04-26T00:00:00.000000,136.0,101,35,111.0,21.0,57.0,139796.0,25133.0,41832.0,9734.0,27138.0,4931.0,83197.0,16859.0,76.0,181.0,10917.0,305.0,7668.185394837041
2024-04-27T00:00:00.000000,92.0,78,14,84.0,19.0,33.0,104994.0,18918.0,15355.0,3485.0,31230.0,5754.0,40818.0,8050.0,44.0,116.0,9441.0,215.0,4665.188078541775
2024-04-28T00:00:00.000000,127.0,98,29,114.0,26.0,37.0,136360.0,24689.0,31867.0,6242.0,38892.0,8511.0,57003.0,8306.0,53.0,143.0,11824.0,382.0,7292.911429972152
2024-04-29T00:00:00.000000,129.0,94,35,112.0,30.0,48.0,127424.0,25566.0,46912.0,7738.0,47444.0,10598.0,61590.0,11602.0,63.0,138.0,11680.0,348.0,7358.041944135124
2024-04-30T00:00:00.000000,144.0,95,49,125.0,20.0,45.0,137408.0,26668.0,94162.0,21918.0,30166.0,6803.0,70138.0,14167.0,74.0,210.0,14728.0,305.0,7890.889335161712
2024-05-01T00:00:00.000000,124.0,89,35,117.0,25.0,35.0,124040.0,20645.0,61432.0,14268.0,43948.0,7539.0,46639.0,8282.0,46.0,96.0,9685.0,300.0,6812.976875202291
2024-05-02T00:00:00.000000,148.0,105,43,134.0,30.0,35.0,159644.0,35658.0,73751.0,18173.0,46613.0,10137.0,58100.0,10557.0,51.0,158.0,14587.0,368.0,8037.075190880724
2024-05-03T00:00:00.000000,121.0,86,35,109.0,29.0,36.0,134090.0,22894.0,49456.0,8918.0,47820.0,7333.0,56365.0,10393.0,57.0,115.0,9539.0,203.0,6407.4313383035615
2024-05-04T00:00:00.000000,116.0,83,33,106.0,30.0,28.0,112901.0,21845.0,70034.0,17607.0,46145.0,8125.0,37161.0,8561.0,37.0,128.0,9184.0,263.0,6444.794645805113
2024-05-05T00:00:00.000000,151.0,111,40,121.0,34.0,45.0,246547.0,45831.0,67623.0,11486.0,67234.0,10476.0,61919.0,11157.0,63.0,182.0,17240.0,435.0,7937.478526173443
2024-05-06T00:00:00.000000,119.0,94,25,116.0,23.0,38.0,128401.0,23782.0,39561.0,10278.0,29179.0,4095.0,59831.0,11315.0,57.0,121.0,15443.0,338.0,6716.619435857904
2024-05-07T00:00:00.000000,133.0,97,36,113.0,30.0,39.0,168525.0,28318.0,42649.0,8958.0,49724.0,7216.0,74420.0,13812.0,53.0,175.0,16297.0,292.0,6326.113994218309
2024-05-08T00:00:00.000000,138.0,98,40,128.0,41.0,31.0,149246.0,29790.0,74223.0,12371.0,61832.0,14233.0,42740.0,7919.0,44.0,228.0,11800.0,396.0,7297.476430724978
2024-05-09T00:00:00.000000,121.0,95,26,112.0,34.0,36.0,133850.0,27159.0,41217.0,12254.0,56540.0,10392.0,43918.0,9708.0,46.0,156.0,12205.0,326.0,6914.810777755949
2024-05-10T00:00:00.000000,117.0,87,30,105.0,37.0,29.0,118888.0,21625.0,46395.0,8632.0,53869.0,10693.0,41284.0,5774.0,43.0,110.0,9587.0,284.0,6150.713052610499
2024-05-11T00:00:00.000000,118.0,84,34,99.0,36.0,29.0,111399.0,16657.0,53368.0,12254.0,47576.0,8239.0,34653.0,4851.0,59.0,207.0,17031.0,302.0,5782.782363568466
2024-05-12T00:00:00.000000,140.0,99,41,112.0,26.0,39.0,141818.0,29823.0,65209.0,17011.0,30483.0,7849.0,58247.0,11848.0,54.0,135.0,14355.0,335.0,8492.96697519496
2024-05-13T00:00:00.000000,158.0,119,39,129.0,38.0,45.0,178555.0,27156.0,47804.0,11995.0,58637.0,7612.0,57288.0,9578.0,65.0,164.0,15733.0,398.0,8557.578329155293
2024-05-14T00:00:00.000000,155.0,114,41,120.0,40.0,37.0,135973.0,23902.0,61416.0,16099.0,52499.0,10344.0,27759.0,4551.0,46.0,135.0,11710.0,292.0,8559.356815289122
2024-05-15T00:00:00.000000,163.0,112,51,132.0,33.0,51.0,163016.0,24491.0,97539.0,19362.0,43595.0,6746.0,86095.0,12767.0,77.0,182.0,15141.0,326.0,8717.930596859176
2024-05-16T00:00:00.000000,127.0,96,31,116.0,34.0,34.0,147408.0,27193.0,35177.0,8699.0,61028.0,11222.0,48108.0,9643.0,42.0,102.0,10349.0,242.0,7215.844846109633
2024-05-17T00:00:00.000000,119.0,80,39,108.0,22.0,26.0,104323.0,17165.0,70279.0,13992.0,31591.0,5249.0,30656.0,5235.0,35.0,138.0,9633.0,245.0,5983.555982176195
2024-05-18T00:00:00.000000,96.0,73,23,87.0,21.0,26.0,113296.0,21349.0,29215.0,6496.0,31620.0,6297.0,48346.0,10683.0,36.0,91.0,8027.0,199.0,5088.800073401405
2024-05-19T00:00:00.000000,107.0,79,28,93.0,24.0,29.0,116263.0,19814.0,46107.0,10086.0,47300.0,9172.0,30467.0,5043.0,40.0,102.0,8906.0,212.0,5495.644131230842
2024-05-20T00:00:00.000000,145.0,108,37,128.0,32.0,38.0,143670.0,29231.0,54461.0,13594.0,43636.0,9400.0,49442.0,12327.0,45.0,219.0,14033.0,337.0,7444.365367491305
2024-05-21T00:00:00.000000,91.0,72,19,91.0,22.0,28.0,100603.0,19781.0,31313.0,4147.0,33204.0,6478.0,46228.0,9307.0,37.0,83.0,8424.0,222.0,4774.953803179088
2024-05-22T00:00:00.000000,110.0,86,24,102.0,38.0,28.0,138972.0,25460.0,44872.0,6922.0,72808.0,13506.0,38911.0,7510.0,34.0,161.0,10961.0,261.0,6123.399071305379
2024-05-23T00:00:00.000000,143.0,99,44,120.0,35.0,33.0,143552.0,28649.0,101601.0,24260.0,66830.0,15645.0,37440.0,5549.0,48.0,161.0,13693.0,306.0,7561.4638773647
2024-05-24T00:00:00.000000,137.0,103,34,121.0,40.0,41.0,144865.0,24237.0,69277.0,13233.0,58942.0,9144.0,57156.0,10130.0,57.0,229.0,19436.0,334.0,6964.761810022178
2024-05-25T00:00:00.000000,95.0,83,12,93.0,23.0,34.0,136097.0,25408.0,31800.0,8321.0,36221.0,5262.0,58120.0,8844.0,44.0,99.0,8988.0,263.0,5063.620241206991
2024-05-26T00:00:00.000000,97.0,66,31,81.0,17.0,24.0,98353.0,16782.0,44313.0,13717.0,25040.0,5231.0,44731.0,7226.0,32.0,106.0,7755.0,271.0,5410.547132098115
2024-05-27T00:00:00.000000,122.0,89,33,107.0,22.0,32.0,143042.0,27116.0,54864.0,11782.0,44686.0,10205.0,50208.0,10327.0,51.0,180.0,14211.0,303.0,6771.49004741852
2024-05-28T00:00:00.000000,139.0,101,38,120.0,37.0,42.0,148150.0,29094.0,67428.0,19131.0,58675.0,14248.0,62539.0,11462.0,61.0,191.0,11756.0,295.0,7854.396404838281
2024-05-29T00:00:00.000000,118.0,90,28,109.0,33.0,34.0,133937.0,26511.0,45496.0,9780.0,52136.0,10932.0,52786.0,9818.0,42.0,144.0,11617.0,250.0,6186.548434505157
2024-05-30T00:00:00.000000,111.0,89,22,104.0,32.0,33.0,134682.0,25956.0,27394.0,7231.0,55792.0,11402.0,41187.0,7143.0,47.0,104.0,11299.0,311.0,5550.692328885305
2024-05-31T00:00:00.000000,130.0,88,42,108.0,28.0,40.0,112607.0,17686.0,67846.0,19283.0,32074.0,4949.0,59667.0,9891.0,52.0,170.0,12312.0,289.0,6954.064029648897
2024-06-01T00:00:00.000000,109.0,83,26,100.0,29.0,28.0,108499.0,21575.0,37088.0,11539.0,37233.0,6531.0,37611.0,9660.0,38.0,127.0,11558.0,297.0,6104.233875223219
2024-06-02T00:00:00.000000,109.0,80,29,96.0,19.0,34.0,116147.0,19782.0,40998.0,10136.0,36796.0,7380.0,48341.0,7176.0,48.0,145.0,12005.0,263.0,6304.135595290256
2024-06-03T00:00:00.000000,115.0,78,37,100.0,13.0,34.0,116621.0,24045.0,58501.0,10900.0,21517.0,3338.0,51662.0,10433.0,42.0,161.0,12787.0,267.0,5821.413474353966
2024-06-04T00:00:00.000000,112.0,92,20,100.0,28.0,38.0,132547.0,22676.0,21791.0,4426.0,47058.0,6680.0,42260.0,8501.0,49.0,121.0,12857.0,269.0,5833.728349514285
2024-06-05T00:00:00.000000,104.0,86,18,95.0,32.0,35.0,134163.0,26810.0,26745.0,3904.0,52867.0,10093.0,54446.0,11431.0,48.0,117.0,11900.0,271.0,5310.359344060895
2024-06-06T00:00:00.000000,124.0,96,28,117.0,34.0,29.0,139225.0,25118.0,39675.0,11101.0,48428.0,7487.0,41139.0,6925.0,36.0,166.0,10706.0,288.0,6546.910506813996
2024-06-07T00:00:00.000000,116.0,95,21,103.0,42.0,32.0,155975.0,31103.0,42635.0,7421.0,70797.0,14557.0,52716.0,11587.0,45.0,169.0,10433.0,281.0,5999.414960153844
2024-06-08T00:00:00.000000,138.0,93,45,112.0,31.0,36.0,122096.0,21624.0,76194.0,18178.0,40660.0,6958.0,50316.0,10142.0,42.0,148.0,13114.0,291.0,6782.556062736195
2024-06-09T00:00:00.000000,94.0,71,23,87.0,23.0,28.0,110313.0,21534.0,27361.0,6920.0,28636.0,4024.0,56860.0,12548.0,39.0,103.0,9026.0,203.0,4741.622578230884
2024-06-10T00:00:00.000000,117.0,87,30,104.0,31.0,39.0,132521.0,22495.0,43310.0,8662.0,41155.0,5047.0,64865.0,12568.0,55.0,121.0,12444.0,284.0,6087.167835647499
2024-06-11T00:00:00.000000,138.0,95,43,123.0,29.0,36.0,138587.0,25030.0,79555.0,14461.0,38212.0,6670.0,56902.0,9864.0,60.0,145.0,15421.0,388.0,6704.611705605318
2024-06-12T00:00:00.000000,108.0,83,25,100.0,26.0,33.0,140139.0,22703.0,61492.0,9545.0,46879.0,6983.0,47325.0,8641.0,50.0,146.0,11557.0,202.0,5471.66525757469
2024-06-13T00:00:00.000000,134.0,102,32,123.0,43.0,37.0,163366.0,34475.0,56576.0,15018.0,74548.0,18072.0,59518.0,11846.0,45.0,138.0,10064.0,269.0,7096.670980367272
2024-06-14T00:00:00.000000,107.0,86,21,90.0,38.0,27.0,143238.0,28674.0,31635.0,6873.0,55571.0,11093.0,56542.0,11409.0,44.0,121.0,12617.0,333.0,5274.215841785573
2024-06-15T00:00:00.000000,96.0,65,31,77.0,23.0,26.0,105438.0,21014.0,57319.0,9621.0,29351.0,4595.0,50240.0,9213.0,30.0,107.0,7538.0,226.0,4766.551723048236
2024-06-16T00:00:00.000000,99.0,76,23,86.0,27.0,30.0,120300.0,24347.0,51691.0,11905.0,56535.0,13018.0,45360.0,8485.0,35.0,122.0,9675.0,333.0,5640.339456218337
2024-06-17T00:00:00.000000,104.0,74,30,97.0,19.0,28.0,109670.0,16198.0,31351.0,5314.0,23411.0,2918.0,48420.0,5698.0,44.0,136.0,10160.0,290.0,6004.751851935025
2024-06-18T00:00:00.000000,135.0,94,41,118.0,27.0,32.0,162035.0,26262.0,60871.0,11098.0,50162.0,7317.0,55806.0,6673.0,38.0,166.0,11038.0,312.0,8304.003450874232
2024-06-19T00:00:00.000000,129.0,85,44,107.0,30.0,31.0,112404.0,20708.0,69423.0,18885.0,45460.0,9432.0,41737.0,6870.0,41.0,183.0,10326.0,235.0,7034.209712964289
2024-06-20T00:00:00.000000,104.0,78,26,98.0,28.0,30.0,125440.0,23752.0,28777.0,4756.0,43987.0,7155.0,53428.0,13071.0,42.0,119.0,8087.0,209.0,5676.659863042296
2024-06-21T00:00:00.000000,102.0,75,27,93.0,27.0,29.0,94048.0,16776.0,79273.0,17110.0,40790.0,7075.0,33129.0,6193.0,43.0,146.0,12672.0,209.0,5596.744291190133
2024-06-22T00:00:00.000000,92.0,59,33,82.0,18.0,27.0,94553.0,15769.0,63474.0,16731.0,34199.0,6936.0,36328.0,5681.0,36.0,99.0,7788.0,191.0,5262.177306768966
2024-06-23T00:00:00.000000,114.0,82,32,97.0,33.0,28.0,128285.0,24253.0,59353.0,13839.0,50210.0,9131.0,51089.0,9893.0,40.0,128.0,11824.0,290.0,6504.340382186276
2024-06-24T00:00:00.000000,112.0,83,29,98.0,24.0,33.0,156707.0,27280.0,68777.0,12206.0,56136.0,10753.0,56416.0,9247.0,46.0,128.0,9846.0,252.0,5715.969976773714
2024-06-25T00:00:00.000000,98.0,62,36,90.0,18.0,25.0,80460.0,14414.0,57272.0,9083.0,27366.0,6740.0,26286.0,3802.0,35.0,86.0,7090.0,226.0,5375.051700873079
2024-06-26T00:00:00.000000,106.0,74,32,90.0,29.0,21.0,105314.0,16340.0,53759.0,10812.0,36504.0,4536.0,36697.0,7004.0,30.0,124.0,8616.0,256.0,5892.17836021312
2024-06-27T00:00:00.000000,131.0,101,30,113.0,38.0,40.0,146142.0,23425.0,66233.0,15665.0,61669.0,9727.0,54064.0,9370.0,52.0,144.0,11155.0,336.0,6893.288272078147
2024-06-28T00:00:00.000000,100.0,81,19,97.0,24.0,32.0,135715.0,24417.0,34824.0,4635.0,37179.0,5234.0,51628.0,10303.0,45.0,174.0,11386.0,259.0,4498.312889170263
2024-06-29T00:00:00.000000,89.0,63,26,75.0,24.0,27.0,92503.0,15851.0,29566.0,6310.0,39351.0,7330.0,40862.0,6336.0,46.0,166.0,14361.0,236.0,5056.645828530568
2024-06-30T00:00:00.000000,81.0,63,18,65.0,17.0,27.0,110839.0,19754.0,42730.0,8319.0,41261.0,9602.0,41429.0,5924.0,40.0,64.0,7681.0,184.0,4341.7346862634195
2024-07-01T00:00:00.000000,113.0,79,34,101.0,29.0,31.0,120388.0,20911.0,77605.0,15635.0,46099.0,9029.0,49606.0,7752.0,51.0,161.0,9271.0,255.0,6112.592778695791
2024-07-02T00:00:00.000000,89.0,64,25,79.0,17.0,28.0,120184.0,26313.0,56421.0,10273.0,31920.0,7677.0,43332.0,5848.0,33.0,112.0,6534.0,213.0,4780.658109496629
2024-07-03T00:00:00.000000,96.0,73,23,85.0,28.0,24.0,101201.0,17193.0,32315.0,7913.0,36932.0,5216.0,34139.0,5522.0,36.0,119.0,9494.0,225.0,4485.5308071006
2024-07-04T00:00:00.000000,97.0,65,32,79.0,28.0,21.0,97013.0,18310.0,58855.0,12014.0,40921.0,7286.0,27363.0,6189.0,34.0,125.0,8111.0,168.0,5062.194706456455
2024-07-05T00:00:00.000000,79.0,60,19,76.0,15.0,23.0,93285.0,15113.0,28329.0,9006.0,21693.0,3527.0,35601.0,6348.0,40.0,113.0,11017.0,144.0,4210.707928096727
2024-07-06T00:00:00.000000,69.0,56,13,65.0,20.0,22.0,81848.0,16143.0,18506.0,2378.0,24291.0,3270.0,39221.0,8997.0,32.0,90.0,6796.0,191.0,3816.885477740061
2024-07-07T00:00:00.000000,84.0,56,28,75.0,14.0,20.0,69157.0,11864.0,28192.0,5511.0,21640.0,3732.0,25572.0,4780.0,27.0,111.0,8109.0,185.0,4474.109819430139
2024-07-08T00:00:00.000000,121.0,77,44,104.0,23.0,32.0,117468.0,20364.0,54611.0,9667.0,31383.0,5283.0,65004.0,11685.0,41.0,157.0,11133.0,323.0,7159.510812195444
2024-07-09T00:00:00.000000,105.0,72,33,92.0,20.0,29.0,121351.0,21560.0,73350.0,18589.0,29054.0,5102.0,57633.0,10016.0,37.0,143.0,11817.0,229.0,5467.43552966465
2024-07-10T00:00:00.000000,87.0,68,19,84.0,24.0,25.0,113635.0,20930.0,52346.0,10510.0,41191.0,8309.0,47122.0,8677.0,29.0,131.0,8695.0,228.0,4460.426603650673
2024-07-11T00:00:00.000000,138.0,97,41,126.0,34.0,41.0,145605.0,27809.0,74466.0,15315.0,53936.0,11071.0,62754.0,11742.0,56.0,170.0,14727.0,342.0,6713.055117223335
2024-07-12T00:00:00.000000,107.0,83,24,101.0,30.0,26.0,149619.0,25610.0,51834.0,9423.0,71769.0,13313.0,48494.0,7084.0,37.0,133.0,9262.0,280.0,5991.782793899018
2024-07-13T00:00:00.000000,86.0,61,25,83.0,15.0,34.0,96454.0,19974.0,35636.0,9009.0,18405.0,2982.0,54655.0,10608.0,44.0,144.0,9670.0,210.0,4307.285618472177
2024-07-14T00:00:00.000000,69.0,52,17,60.0,22.0,14.0,94299.0,16579.0,26716.0,6813.0,44654.0,9307.0,25885.0,4069.0,18.0,115.0,6075.0,179.0,3744.3585038717015
2024-07-15T00:00:00.000000,78.0,62,16,73.0,17.0,25.0,101528.0,16576.0,20242.0,4414.0,29350.0,4575.0,35984.0,7796.0,32.0,58.0,8486.0,204.0,4223.953853409277
2024-07-16T00:00:00.000000,101.0,76,25,93.0,30.0,27.0,125853.0,28877.0,53492.0,10638.0,47033.0,7896.0,39182.0,9746.0,42.0,107.0,11072.0,248.0,5422.79150332678
2024-07-17T00:00:00.000000,100.0,79,21,98.0,26.0,39.0,137353.0,26681.0,37219.0,6792.0,46053.0,8214.0,72965.0,14253.0,59.0,107.0,10317.0,239.0,5015.9801213799465
2024-07-18T00:00:00.000000,83.0,62,21,77.0,17.0,30.0,125089.0,25152.0,44487.0,8242.0,37606.0,7262.0,58670.0,11009.0,36.0,137.0,7974.0,181.0,3999.6410811448404
2024-07-19T00:00:00.000000,76.0,57,19,71.0,17.0,25.0,98290.0,16101.0,37047.0,5547.0,40045.0,7585.0,34615.0,5143.0,33.0,109.0,7652.0,199.0,3443.051958802286
2024-07-20T00:00:00.000000,82.0,59,23,71.0,19.0,27.0,98852.0,15125.0,37664.0,5466.0,44799.0,4959.0,36853.0,7084.0,35.0,119.0,7371.0,179.0,4219.878175594913
2024-07-21T00:00:00.000000,69.0,54,15,64.0,24.0,17.0,102799.0,18187.0,25613.0,5764.0,52149.0,8779.0,25695.0,3477.0,22.0,113.0,8127.0,161.0,3633.406823835207
2024-07-22T00:00:00.000000,81.0,61,20,72.0,13.0,31.0,118795.0,19465.0,28174.0,3906.0,43764.0,7302.0,56851.0,10087.0,42.0,117.0,9461.0,175.0,4457.637562883478
2024-07-23T00:00:00.000000,96.0,76,20,92.0,21.0,26.0,128209.0,20771.0,40143.0,7012.0,35204.0,5272.0,44870.0,8753.0,36.0,161.0,12597.0,221.0,4842.322119532637
2024-07-24T00:00:00.000000,107.0,84,23,91.0,25.0,36.0,136946.0,25929.0,29809.0,7445.0,38692.0,6784.0,63120.0,14048.0,47.0,140.0,12251.0,279.0,5094.596298006552
2024-07-25T00:00:00.000000,101.0,78,23,89.0,28.0,31.0,129892.0,25129.0,27403.0,6385.0,53026.0,9623.0,47218.0,9526.0,54.0,129.0,10566.0,285.0,5736.028393607823
2024-07-26T00:00:00.000000,113.0,87,26,99.0,26.0,36.0,124631.0,23363.0,47260.0,9543.0,37084.0,6504.0,56494.0,10750.0,46.0,123.0,12648.0,263.0,4753.049763663909
2024-07-27T00:00:00.000000,88.0,63,25,72.0,13.0,30.0,87346.0,16381.0,32497.0,4664.0,24220.0,4490.0,41843.0,8185.0,46.0,89.0,7158.0,150.0,4515.372666757472
2024-07-28T00:00:00.000000,75.0,50,25,72.0,18.0,16.0,78907.0,14989.0,43569.0,10751.0,41625.0,8792.0,17879.0,2604.0,25.0,62.0,5844.0,193.0,4203.262663815448
2024-07-29T00:00:00.000000,94.0,68,26,75.0,20.0,29.0,118095.0,19911.0,32897.0,7369.0,32073.0,4885.0,50583.0,8612.0,49.0,139.0,11568.0,253.0,4417.534562324822
2024-07-30T00:00:00.000000,84.0,68,16,79.0,18.0,27.0,110638.0,20824.0,23057.0,4511.0,20775.0,2634.0,52573.0,11783.0,33.0,132.0,7787.0,229.0,4694.761538658278
2024-07-31T00:00:00.000000,104.0,74,30,85.0,15.0,40.0,120846.0,20989.0,58095.0,13451.0,36838.0,8832.0,61320.0,8446.0,67.0,164.0,11897.0,189.0,4947.563635400322
2024-08-01T00:00:00.000000,92.0,71,20,86.0,21.0,31.0,112331.0,22800.0,38685.0,9070.0,42403.0,9403.0,47184.0,8784.0,41.0,138.0,9332.0,190.0,4649.291284997305
2024-08-02T00:00:00.000000,92.0,66,26,85.0,21.0,27.0,128248.0,25993.0,37339.0,5900.0,38764.0,7477.0,50503.0,9496.0,36.0,143.0,9107.0,256.0,4698.74500292335
2024-08-03T00:00:00.000000,87.0,67,20,76.0,17.0,29.0,120639.0,21565.0,23840.0,6391.0,37938.0,5158.0,57782.0,11910.0,36.0,153.0,11444.0,234.0,4899.177687243285
2024-08-04T00:00:00.000000,57.0,42,15,53.0,9.0,18.0,59455.0,10702.0,34193.0,13114.0,13662.0,2534.0,26614.0,4000.0,24.0,56.0,5098.0,111.0,2132.1443125898586
2024-08-05T00:00:00.000000,90.0,69,21,77.0,22.0,27.0,121164.0,20233.0,25931.0,6193.0,39949.0,7924.0,50669.0,8070.0,38.0,147.0,10954.0,267.0,4567.431638166725
2024-08-06T00:00:00.000000,94.0,68,26,83.0,19.0,27.0,126404.0,19097.0,37101.0,6227.0,36725.0,5509.0,58164.0,9188.0,37.0,124.0,11673.0,209.0,4928.072748904016
2024-08-07T00:00:00.000000,101.0,71,30,94.0,22.0,23.0,121115.0,20596.0,53058.0,9074.0,42669.0,7993.0,32480.0,5393.0,30.0,129.0,8551.0,293.0,5417.108831999525
2024-08-08T00:00:00.000000,90.0,65,25,82.0,24.0,26.0,126042.0,19367.0,34452.0,6972.0,54422.0,6321.0,49522.0,10002.0,36.0,116.0,7935.0,235.0,4412.426701274212
2024-08-09T00:00:00.000000,83.0,66,17,73.0,16.0,27.0,134245.0,29365.0,29742.0,8599.0,27198.0,4570.0,56620.0,9086.0,36.0,153.0,11630.0,239.0,3715.9625203272703
2024-08-10T00:00:00.000000,65.0,47,18,54.0,11.0,23.0,77420.0,13781.0,37851.0,9846.0,22019.0,4801.0,35809.0,5352.0,40.0,166.0,11851.0,135.0,3655.6865840784303
2024-08-11T00:00:00.000000,87.0,71,16,79.0,25.0,24.0,140862.0,19924.0,27698.0,4935.0,58811.0,7993.0,53931.0,8330.0,36.0,109.0,10439.0,292.0,4478.772912308543
2024-08-12T00:00:00.000000,80.0,70,10,75.0,25.0,26.0,119542.0,22852.0,12920.0,4055.0,37587.0,6720.0,41976.0,9441.0,39.0,89.0,8722.0,214.0,3710.469632908159
2024-08-13T00:00:00.000000,86.0,72,14,81.0,32.0,17.0,116444.0,17448.0,19080.0,1711.0,59663.0,7443.0,23119.0,3503.0,25.0,103.0,12236.0,290.0,4108.8996188563
2024-08-14T00:00:00.000000,92.0,68,24,85.0,22.0,24.0,108733.0,17673.0,40068.0,5988.0,42826.0,7180.0,28584.0,5440.0,34.0,146.0,11629.0,224.0,4872.490497899727
2024-08-15T00:00:00.000000,97.0,63,34,74.0,19.0,25.0,102158.0,16725.0,40431.0,11191.0,38739.0,5901.0,39059.0,7124.0,37.0,113.0,7754.0,204.0,5446.2425391218585
2024-08-16T00:00:00.000000,59.0,46,13,54.0,14.0,15.0,91335.0,15836.0,9121.0,1446.0,39540.0,8114.0,25898.0,5341.0,19.0,75.0,6581.0,124.0,3238.271045734163
2024-08-17T00:00:00.000000,78.0,58,20,71.0,18.0,26.0,77858.0,14589.0,63193.0,12267.0,24573.0,3632.0,36362.0,6644.0,35.0,105.0,6866.0,189.0,3740.7210857300265
2024-08-18T00:00:00.000000,74.0,52,22,65.0,17.0,22.0,83588.0,17401.0,48506.0,15087.0,27960.0,6332.0,32477.0,7591.0,37.0,92.0,9861.0,187.0,3523.618300932411
2024-08-19T00:00:00.000000,90.0,63,27,80.0,25.0,21.0,109099.0,17300.0,47741.0,18694.0,55398.0,9997.0,32973.0,5356.0,28.0,120.0,10990.0,219.0,4737.479497717282
2024-08-20T00:00:00.000000,100.0,76,24,91.0,21.0,29.0,140756.0,23212.0,37562.0,7992.0,44082.0,5958.0,53050.0,9504.0,44.0,212.0,17898.0,242.0,5160.639917899924
2024-08-21T00:00:00.000000,105.0,69,36,95.0,22.0,27.0,104234.0,14977.0,65890.0,12822.0,34616.0,4714.0,43666.0,6503.0,30.0,131.0,7013.0,268.0,5436.467475391053
2024-08-22T00:00:00.000000,89.0,68,21,77.0,23.0,28.0,123049.0,21795.0,26690.0,7498.0,48070.0,8572.0,40031.0,6558.0,37.0,112.0,8217.0,248.0,4248.955630112097
2024-08-23T00:00:00.000000,81.0,55,26,70.0,16.0,24.0,95047.0,16345.0,65809.0,15338.0,37846.0,5497.0,36509.0,6707.0,31.0,142.0,7408.0,220.0,4422.156673107332
2024-08-24T00:00:00.000000,85.0,62,23,74.0,15.0,33.0,99090.0,20377.0,31418.0,5531.0,17418.0,3488.0,60912.0,11836.0,43.0,132.0,8161.0,210.0,5169.250186993022
2024-08-25T00:00:00.000000,77.0,53,24,73.0,19.0,23.0,108794.0,22021.0,39417.0,13284.0,34263.0,6039.0,47376.0,9980.0,34.0,92.0,6260.0,166.0,4058.5479921866795
2024-08-26T00:00:00.000000,105.0,73,32,88.0,19.0,32.0,112877.0,24322.0,65799.0,15604.0,22749.0,3779.0,56876.0,13758.0,58.0,136.0,13075.0,236.0,5343.863629132657
2024-08-27T00:00:00.000000,94.0,64,30,81.0,14.0,26.0,95269.0,17394.0,42064.0,9416.0,22858.0,3057.0,42889.0,10333.0,33.0,82.0,10094.0,216.0,4579.3499763512355
2024-08-28T00:00:00.000000,79.0,54,25,67.0,19.0,22.0,74465.0,12854.0,37404.0,11389.0,29181.0,4845.0,26336.0,4614.0,28.0,75.0,6430.0,207.0,4246.456531610063
2024-08-29T00:00:00.000000,86.0,63,23,82.0,20.0,23.0,95825.0,16743.0,46711.0,12368.0,29540.0,5409.0,35801.0,6296.0,33.0,99.0,7632.0,280.0,4539.960864785516
2024-08-30T00:00:00.000000,78.0,59,19,74.0,19.0,23.0,91215.0,16185.0,39607.0,7863.0,31171.0,5251.0,28964.0,5731.0,30.0,106.0,8146.0,223.0,3443.2752443672484
2024-08-31T00:00:00.000000,55.0,42,13,52.0,15.0,16.0,62701.0,9556.0,23632.0,6438.0,23062.0,3733.0,24499.0,3550.0,23.0,54.0,5778.0,134.0,2922.9829069660886
2024-09-01T00:00:00.000000,77.0,62,15,74.0,20.0,20.0,97465.0,20566.0,27050.0,6836.0,31559.0,6810.0,35529.0,7321.0,30.0,87.0,7851.0,216.0,3997.9228279783433
2024-09-02T00:00:00.000000,73.0,52,21,71.0,17.0,15.0,82381.0,16018.0,23960.0,5294.0,28716.0,4784.0,23812.0,5155.0,28.0,75.0,7710.0,185.0,3731.834728810162
2024-09-03T00:00:00.000000,79.0,59,20,76.0,14.0,26.0,97740.0,16984.0,18284.0,3323.0,38593.0,5879.0,34506.0,5468.0,43.0,106.0,12192.0,190.0,4005.5744953255617
2024-09-04T00:00:00.000000,100.0,68,32,87.0,26.0,35.0,104178.0,17578.0,49052.0,11714.0,37114.0,4168.0,56404.0,11010.0,49.0,140.0,7568.0,214.0,5516.187903692635
2024-09-05T00:00:00.000000,95.0,72,23,86.0,22.0,30.0,123851.0,25276.0,42642.0,12017.0,30993.0,5034.0,55729.0,13539.0,44.0,116.0,7321.0,193.0,4667.257891130052
2024-09-06T00:00:00.000000,110.0,81,29,97.0,24.0,40.0,175536.0,39911.0,56777.0,11271.0,53864.0,13987.0,95786.0,19485.0,54.0,181.0,11236.0,285.0,5494.512456635961
2024-09-07T00:00:00.000000,89.0,62,27,82.0,19.0,23.0,99967.0,18292.0,55148.0,10295.0,36861.0,7201.0,33950.0,6514.0,40.0,100.0,8247.0,228.0,4735.660537818951
2024-09-08T00:00:00.000000,78.0,59,19,73.0,19.0,22.0,84769.0,16322.0,34108.0,8260.0,26806.0,5087.0,32436.0,5454.0,30.0,88.0,7469.0,153.0,3941.3859977596103
2024-09-09T00:00:00.000000,101.0,70,31,79.0,12.0,30.0,113746.0,24433.0,48654.0,10516.0,20552.0,4720.0,42357.0,8434.0,44.0,126.0,9028.0,223.0,4996.486572039746
2024-09-10T00:00:00.000000,100.0,76,24,91.0,18.0,37.0,126362.0,21880.0,37313.0,7750.0,40639.0,8152.0,52772.0,9164.0,67.0,221.0,21670.0,255.0,5029.732885193401
2024-09-11T00:00:00.000000,84.0,62,22,79.0,25.0,18.0,93350.0,15601.0,38731.0,11662.0,41716.0,7910.0,25946.0,4034.0,28.0,126.0,7609.0,273.0,4620.333329007389
2024-09-12T00:00:00.000000,108.0,83,25,99.0,25.0,33.0,128175.0,26081.0,40245.0,9891.0,37576.0,6672.0,54735.0,12831.0,48.0,91.0,8166.0,247.0,6204.390866043964
2024-09-13T00:00:00.000000,102.0,77,25,94.0,26.0,31.0,118306.0,21147.0,37620.0,7700.0,40520.0,8120.0,51322.0,9085.0,46.0,117.0,11333.0,244.0,5324.929745717019
2024-09-14T00:00:00.000000,81.0,63,18,72.0,25.0,22.0,104457.0,20163.0,30144.0,4984.0,38297.0,7167.0,37356.0,8421.0,24.0,84.0,6020.0,193.0,4609.856378426989
2024-09-15T00:00:00.000000,85.0,62,23,72.0,11.0,33.0,91107.0,16686.0,41033.0,9080.0,18355.0,2530.0,50019.0,10773.0,47.0,178.0,11556.0,170.0,4403.435745683303
2024-09-16T00:00:00.000000,77.0,57,20,68.0,15.0,24.0,85322.0,16001.0,30494.0,5605.0,29944.0,6037.0,31831.0,6076.0,36.0,86.0,8146.0,158.0,3941.623888225978
2024-09-17T00:00:00.000000,100.0,74,26,94.0,17.0,30.0,125570.0,27036.0,31762.0,5052.0,43524.0,11777.0,50584.0,9568.0,46.0,149.0,13317.0,202.0,4941.263722507414
2024-09-18T00:00:00.000000,121.0,92,29,103.0,32.0,31.0,122736.0,20321.0,49373.0,9359.0,38642.0,5520.0,50317.0,9470.0,57.0,110.0,11763.0,376.0,6149.5012098108255
2024-09-19T00:00:00.000000,114.0,82,32,103.0,23.0,33.0,117626.0,24567.0,56339.0,13716.0,33354.0,8140.0,58362.0,11643.0,48.0,147.0,9774.0,270.0,6648.998035579568
2024-09-20T00:00:00.000000,105.0,75,30,81.0,24.0,30.0,126626.0,20946.0,67050.0,11792.0,54443.0,8790.0,47044.0,9271.0,36.0,133.0,8372.0,243.0,4799.47575447057
2024-09-21T00:00:00.000000,81.0,63,18,71.0,22.0,27.0,106013.0,18945.0,29220.0,4664.0,45406.0,9599.0,44138.0,6621.0,36.0,72.0,7261.0,256.0,4113.117389787087
2024-09-22T00:00:00.000000,121.0,89,32,106.0,26.0,32.0,151828.0,32779.0,43992.0,10106.0,41364.0,9083.0,58335.0,9907.0,46.0,141.0,12977.0,283.0,6024.712634112878
2024-09-23T00:00:00.000000,116.0,79,37,96.0,22.0,27.0,115802.0,21507.0,51856.0,11861.0,30647.0,6103.0,43684.0,9057.0,43.0,178.0,11020.0,280.0,6348.516670150652
2024-09-24T00:00:00.000000,100.0,78,22,89.0,31.0,27.0,103490.0,19882.0,27636.0,7330.0,40804.0,7051.0,38584.0,8285.0,39.0,108.0,8754.0,275.0,4994.26934992788
2024-09-25T00:00:00.000000,113.0,82,31,98.0,24.0,34.0,125461.0,19893.0,50019.0,15799.0,34793.0,5298.0,48620.0,8341.0,50.0,154.0,12721.0,276.0,5607.529294381251
2024-09-26T00:00:00.000000,101.0,76,25,93.0,31.0,28.0,129652.0,25265.0,25474.0,4513.0,54366.0,11985.0,44155.0,8466.0,44.0,117.0,10097.0,262.0,5541.436642687191
2024-09-27T00:00:00.000000,105.0,79,26,88.0,38.0,24.0,129731.0,26058.0,36352.0,8048.0,68282.0,16034.0,33235.0,5333.0,35.0,118.0,8985.0,254.0,5728.661860450701
2024-09-28T00:00:00.000000,81.0,58,23,79.0,23.0,18.0,90542.0,17738.0,46002.0,11384.0,34068.0,5873.0,30233.0,6720.0,22.0,89.0,6930.0,203.0,4771.655399063608
2024-09-29T00:00:00.000000,76.0,65,11,74.0,30.0,22.0,100544.0,20918.0,22790.0,6124.0,49658.0,11147.0,29766.0,5129.0,27.0,89.0,6793.0,164.0,4200.877051921668
2024-09-30T00:00:00.000000,98.0,70,28,89.0,31.0,14.0,118352.0,23241.0,51676.0,12117.0,56675.0,10436.0,27127.0,6794.0,18.0,91.0,12035.0,226.0,4855.79048858174
2024-10-01T00:00:00.000000,124.0,97,27,116.0,32.0,29.0,124026.0,21435.0,40055.0,7972.0,44514.0,7023.0,39067.0,8265.0,47.0,114.0,11828.0,253.0,6762.258190649694
2024-10-02T00:00:00.000000,113.0,82,31,100.0,26.0,30.0,119186.0,20792.0,42148.0,10032.0,43428.0,7524.0,44032.0,7646.0,42.0,75.0,10085.0,263.0,6535.312531857547
2024-10-03T00:00:00.000000,115.0,90,25,107.0,34.0,26.0,142971.0,25284.0,32658.0,8015.0,71203.0,14430.0,35830.0,5203.0,36.0,88.0,11159.0,282.0,6184.954646169921
2024-10-04T00:00:00.000000,123.0,89,34,110.0,32.0,38.0,137442.0,26234.0,84348.0,21109.0,54603.0,10462.0,56769.0,11853.0,52.0,121.0,9383.0,263.0,6981.588114137434
2024-10-05T00:00:00.000000,93.0,73,20,82.0,23.0,30.0,103055.0,21566.0,26948.0,7387.0,34680.0,9670.0,50409.0,9419.0,41.0,71.0,7773.0,222.0,4500.979914586743
2024-10-06T00:00:00.000000,85.0,63,22,73.0,20.0,28.0,91412.0,17299.0,36931.0,9635.0,29041.0,5140.0,45520.0,9809.0,39.0,87.0,7193.0,218.0,4633.659902865891
2024-10-07T00:00:00.000000,96.0,75,21,88.0,24.0,26.0,116528.0,18514.0,43264.0,7972.0,36912.0,6843.0,44123.0,6514.0,32.0,102.0,7400.0,246.0,5042.772769178868
2024-10-08T00:00:00.000000,112.0,85,27,103.0,36.0,27.0,135786.0,23078.0,40483.0,8352.0,60305.0,10655.0,41092.0,6890.0,37.0,169.0,11653.0,265.0,6028.107757797481
2024-10-09T00:00:00.000000,92.0,79,13,82.0,39.0,27.0,132127.0,26468.0,25792.0,4130.0,71543.0,14345.0,44125.0,8427.0,33.0,102.0,9716.0,244.0,5002.722760992504
2024-10-10T00:00:00.000000,114.0,82,32,92.0,33.0,23.0,132523.0,33993.0,56903.0,12650.0,65530.0,16952.0,35890.0,7610.0,40.0,111.0,11517.0,238.0,6021.673847356939
2024-10-11T00:00:00.000000,113.0,84,29,96.0,35.0,26.0,119003.0,21998.0,33622.0,7327.0,54692.0,9584.0,33523.0,6591.0,33.0,78.0,7882.0,256.0,5983.055563031633
2024-10-12T00:00:00.000000,113.0,87,26,101.0,34.0,36.0,136954.0,29798.0,51012.0,12727.0,57701.0,14998.0,50992.0,9199.0,45.0,136.0,9744.0,228.0,5300.672298314288
2024-10-13T00:00:00.000000,119.0,82,37,107.0,34.0,26.0,111356.0,19039.0,56078.0,14958.0,48035.0,9147.0,35548.0,7019.0,34.0,261.0,10541.0,239.0,6491.047815348074
2024-10-14T00:00:00.000000,118.0,93,25,107.0,35.0,28.0,150688.0,26786.0,33003.0,4601.0,57911.0,10280.0,44162.0,8489.0,39.0,107.0,9982.0,270.0,6306.765733207992
2024-10-15T00:00:00.000000,126.0,91,35,106.0,31.0,30.0,154793.0,32752.0,48768.0,11623.0,49532.0,9144.0,63827.0,13903.0,39.0,132.0,8436.0,249.0,6944.570955478106
2024-10-16T00:00:00.000000,111.0,86,25,103.0,41.0,25.0,134342.0,25951.0,36458.0,9813.0,71255.0,11828.0,35757.0,8120.0,39.0,105.0,8581.0,234.0,6027.881908558378
2024-10-17T00:00:00.000000,127.0,88,39,115.0,34.0,28.0,132895.0,23866.0,83201.0,27505.0,60300.0,10833.0,34877.0,6652.0,41.0,91.0,7620.0,305.0,6747.546594220539
2024-10-18T00:00:00.000000,113.0,83,30,104.0,36.0,28.0,158815.0,36789.0,49045.0,9743.0,60664.0,14286.0,51462.0,10887.0,39.0,121.0,8450.0,279.0,5956.0626544263105
2024-10-19T00:00:00.000000,125.0,92,33,105.0,36.0,30.0,147338.0,28145.0,46053.0,10684.0,59743.0,12088.0,49389.0,8240.0,43.0,125.0,10189.0,203.0,7067.760240481582
2024-10-20T00:00:00.000000,133.0,106,27,116.0,41.0,33.0,199396.0,40876.0,46142.0,5981.0,77629.0,17877.0,67337.0,11691.0,50.0,101.0,12275.0,385.0,7426.102708019262
2024-10-21T00:00:00.000000,154.0,108,46,120.0,45.0,36.0,191177.0,38629.0,69480.0,20434.0,84153.0,16307.0,59475.0,11248.0,42.0,164.0,11678.0,328.0,8314.11671671964
2024-10-22T00:00:00.000000,130.0,89,41,114.0,37.0,29.0,136056.0,27969.0,66447.0,12515.0,60843.0,12268.0,37696.0,5534.0,45.0,190.0,15743.0,287.0,6863.469553512862
2024-10-23T00:00:00.000000,134.0,96,38,120.0,31.0,36.0,131762.0,28371.0,81563.0,23377.0,57490.0,14114.0,42732.0,7913.0,48.0,145.0,15078.0,255.0,6856.407589601473
2024-10-24T00:00:00.000000,157.0,109,48,132.0,44.0,37.0,160946.0,27087.0,72971.0,15844.0,66489.0,9726.0,54181.0,10596.0,52.0,185.0,12008.0,335.0,7925.0100954988175
2024-10-25T00:00:00.000000,98.0,74,24,94.0,36.0,19.0,127107.0,31938.0,61168.0,21784.0,64093.0,12541.0,27251.0,5309.0,29.0,102.0,9399.0,249.0,5315.918622156456
2024-10-26T00:00:00.000000,82.0,67,15,76.0,30.0,18.0,113707.0,21518.0,15983.0,4771.0,57724.0,12187.0,26354.0,4128.0,26.0,78.0,6508.0,180.0,4158.616529948874
2024-10-27T00:00:00.000000,119.0,85,34,107.0,33.0,31.0,131532.0,27977.0,69836.0,19323.0,54421.0,10492.0,48535.0,11699.0,57.0,102.0,10290.0,197.0,6789.496106920145
2024-10-28T00:00:00.000000,127.0,93,34,109.0,26.0,38.0,152116.0,27325.0,62916.0,13423.0,50057.0,9202.0,66455.0,10371.0,59.0,206.0,13014.0,289.0,7252.64259873393
2024-10-29T00:00:00.000000,107.0,85,22,103.0,37.0,21.0,128501.0,22603.0,27566.0,5098.0,67345.0,13147.0,29274.0,4675.0,25.0,128.0,8980.0,199.0,6027.593667957684
2024-10-30T00:00:00.000000,107.0,75,32,100.0,32.0,22.0,127270.0,24482.0,50483.0,9988.0,57682.0,11448.0,40938.0,8577.0,29.0,99.0,9343.0,243.0,5770.124188976072
2024-10-31T00:00:00.000000,149.0,97,52,113.0,33.0,41.0,150008.0,27606.0,91503.0,19938.0,58313.0,9729.0,64430.0,13580.0,59.0,158.0,12045.0,304.0,8534.802245367393
2024-11-01T00:00:00.000000,127.0,85,42,107.0,32.0,34.0,161348.0,32619.0,121188.0,49446.0,60607.0,11437.0,71868.0,14558.0,50.0,177.0,9600.0,265.0,6060.19011608715
2024-11-02T00:00:00.000000,118.0,86,32,103.0,32.0,30.0,139543.0,45610.0,45792.0,10255.0,76621.0,35523.0,35607.0,6332.0,40.0,121.0,8123.0,198.0,6506.300659660447
2024-11-03T00:00:00.000000,100.0,76,24,90.0,24.0,26.0,123096.0,22254.0,45676.0,11042.0,40238.0,7167.0,47787.0,10050.0,38.0,113.0,10460.0,206.0,5073.173851079903
2024-11-04T00:00:00.000000,102.0,81,21,94.0,35.0,27.0,116457.0,23741.0,35981.0,8474.0,51312.0,8947.0,34399.0,7327.0,34.0,115.0,7766.0,217.0,5168.027096484575
2024-11-05T00:00:00.000000,113.0,84,29,101.0,35.0,26.0,117990.0,18126.0,51334.0,8109.0,51888.0,7772.0,37543.0,7018.0,39.0,143.0,10159.0,279.0,5969.483822581317
2024-11-06T00:00:00.000000,106.0,78,28,90.0,26.0,29.0,92508.0,14933.0,61822.0,13345.0,30652.0,4687.0,38357.0,6854.0,41.0,109.0,8401.0,279.0,5952.035202018693
2024-11-07T00:00:00.000000,117.0,87,30,106.0,33.0,36.0,146636.0,25806.0,44922.0,9982.0,72757.0,13727.0,48946.0,8253.0,47.0,90.0,8027.0,183.0,6398.349646214265
2024-11-08T00:00:00.000000,84.0,65,19,82.0,26.0,25.0,103368.0,18993.0,25772.0,5552.0,45750.0,9552.0,38005.0,7644.0,35.0,128.0,8015.0,234.0,4221.9325289235885
2024-11-09T00:00:00.000000,90.0,71,19,83.0,30.0,22.0,95255.0,15448.0,28624.0,4199.0,43514.0,8064.0,32450.0,4198.0,30.0,92.0,6943.0,203.0,5013.783766965603
2024-11-10T00:00:00.000000,101.0,79,22,94.0,32.0,31.0,117228.0,21712.0,30511.0,4945.0,58183.0,10747.0,37745.0,7347.0,45.0,92.0,8158.0,218.0,6023.438918279279
2024-11-11T00:00:00.000000,107.0,87,20,97.0,38.0,26.0,141617.0,30208.0,37646.0,5406.0,65330.0,14378.0,42304.0,9579.0,34.0,79.0,9482.0,278.0,5417.0274116951205
2024-11-12T00:00:00.000000,120.0,90,30,113.0,32.0,39.0,169861.0,30962.0,45118.0,11864.0,71353.0,13678.0,63100.0,11866.0,52.0,145.0,13922.0,316.0,6191.233117956816
2024-11-13T00:00:00.000000,148.0,105,43,118.0,41.0,38.0,160251.0,30114.0,73284.0,15859.0,62334.0,10394.0,59098.0,12105.0,57.0,156.0,10266.0,337.0,7930.558396667989
2024-11-14T00:00:00.000000,111.0,74,37,101.0,29.0,28.0,124112.0,23863.0,90322.0,20798.0,63766.0,13532.0,40953.0,7488.0,36.0,131.0,9491.0,204.0,5330.826982242006
2024-11-15T00:00:00.000000,115.0,90,25,108.0,36.0,29.0,133474.0,22162.0,40495.0,10272.0,64023.0,11261.0,36670.0,5815.0,38.0,116.0,10527.0,219.0,6242.375480149179
2024-11-16T00:00:00.000000,116.0,83,33,102.0,29.0,36.0,156242.0,27966.0,50779.0,10528.0,43370.0,7098.0,82002.0,15530.0,48.0,118.0,10378.0,277.0,6608.547309085558
2024-11-17T00:00:00.000000,107.0,79,28,96.0,33.0,30.0,147937.0,34489.0,39564.0,9648.0,73172.0,18521.0,54426.0,11802.0,42.0,154.0,11226.0,253.0,5797.955351875971
2024-11-18T00:00:00.000000,101.0,78,23,90.0,33.0,29.0,127583.0,24156.0,37207.0,6252.0,56203.0,11922.0,51590.0,8769.0,37.0,65.0,8295.0,260.0,4802.85051913368
2024-11-19T00:00:00.000000,135.0,96,39,117.0,38.0,30.0,156085.0,32170.0,51102.0,11753.0,69495.0,12139.0,59081.0,14609.0,65.0,185.0,14639.0,355.0,7426.542224873187
2024-11-20T00:00:00.000000,131.0,96,35,120.0,42.0,30.0,150886.0,24440.0,66346.0,13410.0,68856.0,11869.0,44709.0,5986.0,39.0,121.0,10829.0,318.0,6722.126812549184
2024-11-21T00:00:00.000000,114.0,87,27,109.0,41.0,29.0,125939.0,26858.0,46529.0,10803.0,62788.0,13009.0,43584.0,10096.0,37.0,116.0,9573.0,273.0,5720.507382408025
2024-11-22T00:00:00.000000,98.0,78,20,90.0,32.0,34.0,129733.0,21388.0,50414.0,24066.0,62284.0,10073.0,52967.0,8805.0,45.0,86.0,8410.0,215.0,4427.952198129338
2024-11-23T00:00:00.000000,90.0,71,19,80.0,33.0,25.0,112598.0,22586.0,31595.0,10498.0,57542.0,9850.0,35703.0,8591.0,32.0,80.0,6987.0,203.0,4497.78420677044
2024-11-24T00:00:00.000000,93.0,69,24,82.0,28.0,19.0,117151.0,19984.0,43093.0,9126.0,50418.0,11115.0,26464.0,4011.0,26.0,81.0,7784.0,186.0,4798.2505024569155
2024-11-25T00:00:00.000000,104.0,80,24,89.0,37.0,24.0,127096.0,22847.0,37321.0,8447.0,63758.0,8892.0,36435.0,8178.0,31.0,163.0,13238.0,294.0,5728.956984510395
2024-11-26T00:00:00.000000,99.0,77,22,91.0,26.0,33.0,107938.0,27805.0,45602.0,11334.0,38329.0,8080.0,46125.0,13384.0,46.0,114.0,8605.0,188.0,4385.088212131826
2024-11-27T00:00:00.000000,139.0,101,38,117.0,41.0,38.0,162570.0,31483.0,58819.0,12529.0,83871.0,13472.0,48552.0,9200.0,53.0,157.0,12394.0,276.0,6708.485555865943
2024-11-28T00:00:00.000000,104.0,84,20,96.0,39.0,30.0,144467.0,33070.0,28904.0,6198.0,67314.0,14747.0,54647.0,13490.0,39.0,120.0,9672.0,232.0,5405.471536861434
2024-11-29T00:00:00.000000,107.0,83,24,102.0,41.0,25.0,125990.0,23444.0,45451.0,9921.0,65880.0,13130.0,30499.0,5254.0,35.0,109.0,11162.0,220.0,6310.763538032412
2024-11-30T00:00:00.000000,78.0,67,11,75.0,26.0,22.0,99501.0,17687.0,20528.0,6438.0,35560.0,6601.0,32180.0,5390.0,27.0,96.0,8676.0,219.0,4231.980165312466
2024-12-01T00:00:00.000000,105.0,73,32,100.0,30.0,23.0,109909.0,21624.0,43780.0,9189.0,55919.0,11755.0,35581.0,6797.0,33.0,80.0,6821.0,172.0,5310.682315868083
2024-12-02T00:00:00.000000,106.0,81,25,96.0,28.0,30.0,121418.0,21187.0,51876.0,11642.0,41746.0,7115.0,43529.0,8795.0,36.0,134.0,9006.0,311.0,6194.047775323406
2024-12-03T00:00:00.000000,106.0,80,26,94.0,29.0,32.0,140298.0,22555.0,42873.0,8289.0,47384.0,7594.0,63241.0,9528.0,46.0,152.0,8795.0,244.0,5645.900111505117
2024-12-04T00:00:00.000000,106.0,77,29,100.0,40.0,22.0,126707.0,21624.0,47025.0,9641.0,65710.0,10168.0,35733.0,7620.0,34.0,152.0,8410.0,256.0,5035.603434732161
2024-12-05T00:00:00.000000,137.0,102,35,121.0,34.0,46.0,154214.0,26774.0,74466.0,29199.0,54408.0,8455.0,69758.0,13800.0,58.0,165.0,11774.0,294.0,6237.24503323454
2024-12-06T00:00:00.000000,95.0,67,28,90.0,26.0,25.0,114955.0,25803.0,60781.0,12166.0,49515.0,9382.0,35800.0,6266.0,37.0,191.0,10120.0,214.0,4760.799518628346
2024-12-07T00:00:00.000000,85.0,64,21,74.0,22.0,22.0,104897.0,22494.0,21461.0,5475.0,33724.0,7339.0,39535.0,7733.0,29.0,126.0,7289.0,238.0,4248.861014994803
2024-12-08T00:00:00.000000,101.0,72,29,87.0,32.0,30.0,143780.0,34580.0,39341.0,7248.0,55364.0,11732.0,68238.0,18813.0,47.0,128.0,9646.0,217.0,5836.572689855684
2024-12-09T00:00:00.000000,95.0,72,23,87.0,27.0,26.0,110980.0,16857.0,32539.0,6101.0,47040.0,7313.0,39285.0,6560.0,36.0,135.0,8948.0,207.0,4642.267128401688
2024-12-10T00:00:00.000000,95.0,73,22,85.0,32.0,22.0,132163.0,29963.0,36340.0,7382.0,68090.0,16138.0,29170.0,6633.0,29.0,167.0,11115.0,200.0,4676.694667993632
2024-12-11T00:00:00.000000,109.0,76,33,90.0,28.0,27.0,126248.0,26890.0,66176.0,14043.0,46188.0,11174.0,50325.0,9612.0,33.0,116.0,8166.0,208.0,5311.846920347708
2024-12-12T00:00:00.000000,115.0,87,28,103.0,31.0,34.0,144608.0,24771.0,51548.0,11293.0,68466.0,11952.0,45339.0,7137.0,44.0,113.0,9071.0,296.0,6143.946200565222
2024-12-13T00:00:00.000000,87.0,61,26,79.0,22.0,23.0,117266.0,29250.0,47561.0,10997.0,34984.0,12454.0,51355.0,7413.0,35.0,98.0,6267.0,162.0,4368.082207654783
2024-12-14T00:00:00.000000,72.0,47,25,68.0,12.0,19.0,95171.0,15986.0,43253.0,7586.0,30564.0,4269.0,29749.0,5707.0,26.0,77.0,4802.0,177.0,3379.8797260928613
2024-12-15T00:00:00.000000,88.0,58,30,77.0,25.0,19.0,72546.0,10877.0,35861.0,6737.0,27527.0,3287.0,24205.0,4359.0,29.0,57.0,5462.0,166.0,4598.146953773395
2024-12-16T00:00:00.000000,96.0,73,23,83.0,29.0,26.0,122060.0,24547.0,37170.0,8371.0,45970.0,7009.0,43214.0,10613.0,37.0,110.0,8961.0,237.0,5113.462762470426
2024-12-17T00:00:00.000000,90.0,62,28,85.0,21.0,19.0,88586.0,17657.0,64811.0,14686.0,33303.0,6354.0,29488.0,5873.0,26.0,116.0,6614.0,179.0,4297.673708938854
2024-12-18T00:00:00.000000,87.0,70,17,82.0,31.0,22.0,119066.0,20205.0,27449.0,7002.0,67820.0,11705.0,27978.0,3903.0,36.0,111.0,7419.0,163.0,4673.226445430156
2024-12-19T00:00:00.000000,102.0,75,27,91.0,31.0,28.0,124125.0,26381.0,72377.0,15286.0,56874.0,11604.0,41393.0,8926.0,32.0,134.0,8721.0,223.0,5566.843435316131
2024-12-20T00:00:00.000000,101.0,73,28,87.0,20.0,34.0,134833.0,37354.0,34673.0,5989.0,54533.0,21992.0,53642.0,10415.0,46.0,134.0,9047.0,247.0,5939.741558815248
2024-12-21T00:00:00.000000,76.0,50,26,63.0,13.0,16.0,79695.0,12507.0,37858.0,7613.0,19379.0,2227.0,25432.0,5970.0,24.0,103.0,6004.0,179.0,4078.6156192837793
2024-12-22T00:00:00.000000,114.0,85,29,88.0,39.0,29.0,148720.0,33307.0,66150.0,18754.0,67914.0,14516.0,55761.0,13361.0,36.0,149.0,8653.0,267.0,5925.287110835037
2024-12-23T00:00:00.000000,78.0,54,24,74.0,14.0,21.0,94419.0,12808.0,52133.0,15044.0,28229.0,4115.0,28076.0,3282.0,36.0,161.0,9315.0,187.0,4168.603580319131
2024-12-24T00:00:00.000000,99.0,75,24,85.0,28.0,28.0,121085.0,26203.0,49542.0,9660.0,53616.0,13141.0,35223.0,6805.0,37.0,93.0,7791.0,238.0,5564.313517410842
2024-12-25T00:00:00.000000,91.0,64,27,78.0,23.0,28.0,114365.0,23206.0,46905.0,11841.0,44463.0,7356.0,35498.0,6765.0,39.0,119.0,8017.0,197.0,4930.65300798802
2024-12-26T00:00:00.000000,98.0,66,32,74.0,23.0,24.0,106599.0,17717.0,39199.0,8617.0,46897.0,6722.0,33947.0,4907.0,39.0,106.0,8048.0,220.0,5340.543926176308
2024-12-27T00:00:00.000000,74.0,57,17,68.0,19.0,28.0,85582.0,19481.0,31046.0,5021.0,38831.0,9737.0,34095.0,6231.0,41.0,84.0,6768.0,175.0,3311.595425885897
2024-12-28T00:00:00.000000,78.0,57,21,65.0,21.0,21.0,99489.0,19280.0,35743.0,7073.0,40948.0,6166.0,32439.0,7075.0,26.0,109.0,6279.0,151.0,4059.605013839247
2024-12-29T00:00:00.000000,79.0,57,22,77.0,28.0,13.0,123631.0,20794.0,61802.0,18475.0,61642.0,8968.0,27236.0,7358.0,15.0,138.0,8382.0,180.0,4173.811570519432
2024-12-30T00:00:00.000000,89.0,66,23,76.0,26.0,22.0,135704.0,24038.0,50832.0,15365.0,61718.0,12233.0,44050.0,7991.0,26.0,151.0,8610.0,252.0,4635.239606151326
2024-12-31T00:00:00.000000,85.0,57,28,70.0,22.0,21.0,124236.0,22350.0,32321.0,4562.0,54115.0,10267.0,48270.0,9582.0,21.0,132.0,6882.0,245.0,4001.961156026065
2025-01-01T00:00:00.000000,80.0,64,16,72.0,29.0,25.0,92137.0,18476.0,19946.0,2696.0,40901.0,8296.0,30812.0,8030.0,31.0,121.0,7318.0,159.0,3530.6075322156416
2025-01-02T00:00:00.000000,98.0,77,21,90.0,33.0,22.0,112887.0,20019.0,24931.0,3194.0,48023.0,8072.0,31587.0,5431.0,32.0,138.0,8423.0,280.0,5035.077167325034
2025-01-03T00:00:00.000000,92.0,67,25,89.0,24.0,22.0,118358.0,21650.0,42471.0,9303.0,39371.0,7284.0,45250.0,6344.0,44.0,130.0,9890.0,219.0,4949.777090014608
2025-01-04T00:00:00.000000,92.0,63,29,81.0,31.0,17.0,102114.0,20168.0,54781.0,10483.0,56233.0,11638.0,24392.0,3821.0,26.0,111.0,6962.0,217.0,4779.092898364653
2025-01-05T00:00:00.000000,93.0,71,22,82.0,24.0,31.0,112843.0,18229.0,36091.0,8139.0,40385.0,6060.0,47695.0,8417.0,51.0,185.0,10346.0,270.0,4884.412179964112
2025-01-06T00:00:00.000000,94.0,67,27,78.0,22.0,33.0,103258.0,18353.0,44078.0,9918.0,36243.0,4374.0,50481.0,10040.0,44.0,130.0,7137.0,221.0,4340.889738379221
2025-01-07T00:00:00.000000,82.0,65,17,75.0,25.0,24.0,124689.0,22987.0,28283.0,5906.0,44433.0,7910.0,44578.0,8429.0,33.0,166.0,9835.0,210.0,4231.370659090326
2025-01-08T00:00:00.000000,96.0,74,22,88.0,24.0,33.0,133642.0,22560.0,37767.0,5573.0,44038.0,9152.0,60638.0,10906.0,43.0,162.0,9169.0,244.0,5189.9880719952625
2025-01-09T00:00:00.000000,82.0,59,23,75.0,26.0,15.0,98063.0,19427.0,49976.0,11949.0,49524.0,12902.0,20829.0,2438.0,24.0,119.0,8880.0,217.0,4173.653223144782
2025-01-10T00:00:00.000000,69.0,53,16,65.0,22.0,20.0,101025.0,21499.0,27610.0,5807.0,48209.0,11120.0,36876.0,8217.0,26.0,134.0,9010.0,165.0,3533.9668492202927
2025-01-11T00:00:00.000000,77.0,59,18,75.0,21.0,21.0,132808.0,22080.0,30990.0,4572.0,36757.0,8290.0,41557.0,7689.0,25.0,125.0,7911.0,212.0,3996.800138295446
2025-01-12T00:00:00.000000,94.0,64,30,74.0,29.0,20.0,107699.0,19809.0,36244.0,5426.0,57716.0,10769.0,35276.0,6023.0,23.0,140.0,6464.0,211.0,4919.957112566922
2025-01-13T00:00:00.000000,72.0,59,13,70.0,22.0,23.0,95206.0,17130.0,13438.0,2728.0,39713.0,7761.0,36472.0,6022.0,29.0,100.0,7395.0,179.0,3772.667600304681
2025-01-14T00:00:00.000000,69.0,57,12,68.0,20.0,26.0,90901.0,14730.0,17911.0,3948.0,29679.0,4328.0,38102.0,7045.0,31.0,70.0,5612.0,192.0,3396.8337380014036
2025-01-15T00:00:00.000000,83.0,64,19,74.0,26.0,25.0,99330.0,15593.0,26842.0,7010.0,47537.0,6403.0,34467.0,6102.0,35.0,119.0,7118.0,200.0,3998.925608261943
2025-01-16T00:00:00.000000,83.0,64,19,71.0,29.0,28.0,103612.0,20417.0,24795.0,4904.0,41632.0,6739.0,51320.0,11360.0,35.0,85.0,6716.0,182.0,3936.8477583828367
2025-01-17T00:00:00.000000,114.0,77,37,96.0,23.0,40.0,127084.0,23788.0,96631.0,24101.0,39718.0,6943.0,61152.0,12475.0,51.0,153.0,10002.0,201.0,5865.806513489901
2025-01-18T00:00:00.000000,82.0,58,24,77.0,16.0,32.0,89234.0,18163.0,25428.0,4975.0,28598.0,5076.0,51304.0,12069.0,43.0,91.0,7122.0,172.0,4647.377431124781
2025-01-19T00:00:00.000000,81.0,58,23,74.0,18.0,19.0,90002.0,16433.0,49936.0,13047.0,30172.0,6662.0,28343.0,3905.0,28.0,95.0,7647.0,180.0,3867.1239133953572
2025-01-20T00:00:00.000000,96.0,75,21,92.0,25.0,23.0,157029.0,44038.0,30676.0,7350.0,83078.0,30439.0,33184.0,8142.0,32.0,128.0,8612.0,237.0,4556.278696993832
2025-01-21T00:00:00.000000,80.0,57,23,70.0,25.0,22.0,99776.0,16591.0,47064.0,8585.0,47302.0,7326.0,40320.0,7908.0,29.0,145.0,6921.0,189.0,3831.1051767430554
2025-01-22T00:00:00.000000,92.0,66,26,85.0,18.0,29.0,114664.0,20427.0,59944.0,16984.0,26209.0,5137.0,56007.0,9587.0,47.0,128.0,10463.0,226.0,4370.74593184822
2025-01-23T00:00:00.000000,97.0,72,25,89.0,28.0,24.0,122414.0,17927.0,35973.0,7917.0,52668.0,9416.0,40635.0,5027.0,29.0,119.0,7519.0,200.0,5179.461487019466
2025-01-24T00:00:00.000000,84.0,58,26,77.0,23.0,16.0,113899.0,26759.0,39389.0,10879.0,57229.0,12920.0,25701.0,4114.0,23.0,113.0,7287.0,244.0,4109.560198983217
2025-01-25T00:00:00.000000,76.0,55,21,69.0,23.0,18.0,91694.0,16425.0,35444.0,8967.0,37824.0,7767.0,26136.0,3049.0,24.0,76.0,6022.0,167.0,3887.2990011043494
2025-01-26T00:00:00.000000,81.0,64,17,77.0,26.0,20.0,108965.0,20872.0,32979.0,4937.0,56029.0,10980.0,27304.0,5021.0,32.0,107.0,7075.0,197.0,4037.9677377400158
2025-01-27T00:00:00.000000,85.0,63,22,75.0,25.0,28.0,100054.0,17267.0,29613.0,5845.0,38161.0,7308.0,47960.0,8756.0,39.0,152.0,7817.0,189.0,4835.612038154118
2025-01-28T00:00:00.000000,82.0,57,25,71.0,28.0,17.0,100481.0,18313.0,38325.0,9100.0,60559.0,12002.0,25220.0,4648.0,22.0,99.0,7426.0,204.0,3676.5393966084252
2025-01-29T00:00:00.000000,87.0,63,24,76.0,31.0,17.0,102316.0,17886.0,36341.0,7789.0,57729.0,9500.0,27203.0,5311.0,23.0,123.0,6760.0,162.0,4362.305078651016
2025-01-30T00:00:00.000000,103.0,74,29,97.0,31.0,25.0,158213.0,30546.0,55324.0,10966.0,90745.0,17465.0,40354.0,7875.0,30.0,116.0,7264.0,196.0,5251.334840013614
2025-01-31T00:00:00.000000,86.0,60,26,85.0,24.0,25.0,105154.0,21918.0,43787.0,8601.0,46133.0,10224.0,41434.0,9160.0,41.0,78.0,6941.0,213.0,4547.7122674014345
2025-02-01T00:00:00.000000,61.0,43,18,54.0,11.0,24.0,75460.0,12321.0,28507.0,5759.0,30982.0,6624.0,32985.0,4682.0,43.0,118.0,8055.0,136.0,3203.4724392970425
2025-02-02T00:00:00.000000,52.0,43,9,50.0,15.0,16.0,77544.0,12305.0,15211.0,4036.0,25935.0,5139.0,24392.0,4424.0,26.0,111.0,7550.0,114.0,2649.399745388811
2025-02-03T00:00:00.000000,82.0,60,22,75.0,21.0,16.0,105902.0,24122.0,50269.0,11815.0,41079.0,7470.0,17707.0,3687.0,26.0,101.0,7050.0,175.0,2425.5234490879566
2025-02-04T00:00:00.000000,91.0,60,31,82.0,24.0,20.0,105149.0,21068.0,55470.0,9916.0,41137.0,7008.0,36236.0,7765.0,33.0,131.0,9436.0,242.0,4398.323217517828
2025-02-05T00:00:00.000000,115.0,76,39,101.0,35.0,27.0,119336.0,24141.0,70841.0,14094.0,53300.0,13154.0,41121.0,5704.0,42.0,142.0,9130.0,249.0,5980.672346328252
2025-02-06T00:00:00.000000,108.0,82,26,92.0,37.0,30.0,126607.0,23754.0,36492.0,7319.0,61790.0,11256.0,47740.0,9843.0,43.0,179.0,11018.0,286.0,5916.4611821652825
2025-02-07T00:00:00.000000,93.0,69,24,81.0,27.0,21.0,145528.0,30433.0,55382.0,11073.0,66172.0,18043.0,37017.0,6455.0,31.0,135.0,9609.0,248.0,3904.3309097316137
2025-02-08T00:00:00.000000,61.0,43,18,56.0,14.0,18.0,65602.0,12724.0,30187.0,13789.0,24358.0,6312.0,23051.0,4197.0,21.0,78.0,5850.0,178.0,3393.6607643076795
2025-02-09T00:00:00.000000,57.0,41,16,55.0,12.0,16.0,71613.0,14990.0,31879.0,4351.0,30465.0,8284.0,23927.0,3711.0,23.0,60.0,5136.0,136.0,3142.965956317494
2025-02-10T00:00:00.000000,88.0,58,30,81.0,20.0,23.0,96202.0,16114.0,53372.0,11076.0,39643.0,7644.0,32697.0,5471.0,30.0,124.0,6584.0,221.0,4385.684327182711
2025-02-11T00:00:00.000000,86.0,61,25,78.0,20.0,30.0,107957.0,21853.0,35041.0,4740.0,36855.0,9452.0,51756.0,8615.0,38.0,128.0,7837.0,161.0,4778.659062663571
2025-02-12T00:00:00.000000,72.0,55,17,66.0,18.0,22.0,114586.0,18949.0,16517.0,4016.0,37285.0,6094.0,49201.0,7180.0,30.0,84.0,6472.0,175.0,3631.5169369711593
2025-02-13T00:00:00.000000,67.0,50,17,60.0,23.0,19.0,82979.0,14225.0,27961.0,8423.0,39559.0,7940.0,26243.0,4450.0,27.0,101.0,5657.0,179.0,2599.3298264692116
2025-02-14T00:00:00.000000,84.0,54,30,78.0,24.0,16.0,104229.0,15172.0,51589.0,7202.0,46628.0,7306.0,36818.0,4547.0,23.0,153.0,8012.0,165.0,4059.9525431385364
2025-02-15T00:00:00.000000,69.0,55,14,64.0,19.0,25.0,98543.0,21847.0,24274.0,5936.0,31790.0,9090.0,43866.0,8786.0,34.0,88.0,6017.0,211.0,3364.579221203677
2025-02-16T00:00:00.000000,79.0,57,22,73.0,19.0,24.0,123069.0,24647.0,54626.0,13113.0,41498.0,8351.0,60548.0,13210.0,41.0,116.0,6766.0,201.0,4037.423122952314
2025-02-17T00:00:00.000000,78.0,59,19,69.0,29.0,22.0,115522.0,21348.0,30633.0,5787.0,62300.0,11520.0,45557.0,8105.0,29.0,82.0,6404.0,178.0,3892.4004432438364
2025-02-18T00:00:00.000000,77.0,53,24,62.0,19.0,18.0,103480.0,17884.0,40963.0,11852.0,34331.0,4291.0,27571.0,4699.0,24.0,125.0,8839.0,182.0,3329.2071983051896
2025-02-19T00:00:00.000000,99.0,78,21,94.0,29.0,29.0,140777.0,21448.0,33030.0,12150.0,53382.0,8759.0,53523.0,8486.0,41.0,191.0,10545.0,228.0,4529.392135395264
2025-02-20T00:00:00.000000,75.0,59,16,75.0,24.0,20.0,105060.0,20210.0,24169.0,4367.0,49524.0,11102.0,37786.0,5608.0,24.0,131.0,7189.0,224.0,3192.8821827695847
2025-02-21T00:00:00.000000,87.0,55,32,74.0,15.0,18.0,92257.0,14854.0,53058.0,15324.0,22843.0,5051.0,35177.0,4951.0,26.0,105.0,8245.0,206.0,4656.783450445973
2025-02-22T00:00:00.000000,81.0,57,24,73.0,13.0,27.0,119587.0,24396.0,35594.0,9411.0,33614.0,7816.0,45159.0,8159.0,37.0,94.0,7601.0,177.0,4366.958634138303
2025-02-23T00:00:00.000000,78.0,48,30,67.0,19.0,20.0,74754.0,13010.0,54798.0,13021.0,30968.0,5462.0,30835.0,5292.0,24.0,94.0,4963.0,191.0,4224.647919601226
2025-02-24T00:00:00.000000,99.0,66,33,81.0,29.0,22.0,114406.0,22809.0,45903.0,12934.0,50927.0,10714.0,38198.0,7741.0,31.0,150.0,9015.0,182.0,5686.240111540762
2025-02-25T00:00:00.000000,77.0,54,23,71.0,22.0,19.0,90108.0,19166.0,27931.0,5822.0,34945.0,6936.0,29223.0,7003.0,35.0,101.0,6004.0,183.0,4041.3797664199583
2025-02-26T00:00:00.000000,90.0,63,27,81.0,19.0,28.0,94994.0,17590.0,49107.0,9428.0,30921.0,5630.0,40232.0,8387.0,49.0,106.0,7431.0,204.0,4164.373390290089
2025-02-27T00:00:00.000000,83.0,66,17,81.0,28.0,19.0,117096.0,20748.0,28195.0,6554.0,51961.0,10362.0,35932.0,5762.0,33.0,108.0,8286.0,179.0,4268.300035741209
2025-02-28T00:00:00.000000,80.0,60,20,72.0,35.0,16.0,109987.0,21842.0,54295.0,11789.0,76258.0,15579.0,20984.0,4252.0,22.0,86.0,6065.0,168.0,4025.9759870791077
2025-03-01T00:00:00.000000,94.0,65,29,77.0,19.0,20.0,98843.0,17961.0,53557.0,14572.0,35126.0,5111.0,27844.0,7248.0,28.0,78.0,7618.0,222.0,4740.909525459341
2025-03-02T00:00:00.000000,63.0,46,17,62.0,15.0,14.0,75392.0,13366.0,38022.0,11664.0,27050.0,5001.0,17148.0,3531.0,22.0,49.0,4818.0,124.0,3559.860331419636
2025-03-03T00:00:00.000000,83.0,63,20,76.0,25.0,18.0,104123.0,18151.0,36626.0,9170.0,33429.0,4873.0,33456.0,6096.0,26.0,115.0,8110.0,230.0,4327.888098752315
2025-03-04T00:00:00.000000,84.0,66,18,77.0,30.0,24.0,105004.0,20305.0,34183.0,5607.0,56324.0,10914.0,32942.0,6548.0,36.0,192.0,13242.0,218.0,3767.7530869330803
2025-03-05T00:00:00.000000,92.0,63,29,85.0,25.0,21.0,126365.0,24803.0,56542.0,11540.0,49831.0,13492.0,43626.0,7327.0,30.0,125.0,6939.0,238.0,4712.882922922076
2025-03-06T00:00:00.000000,108.0,81,27,93.0,35.0,28.0,142123.0,20574.0,39925.0,9965.0,75950.0,10013.0,42753.0,6507.0,43.0,179.0,9377.0,268.0,5988.308671193287
2025-03-07T00:00:00.000000,74.0,57,17,68.0,26.0,17.0,112175.0,21679.0,30918.0,4959.0,54112.0,11122.0,29675.0,5627.0,25.0,80.0,5680.0,153.0,3917.2604963945823
2025-03-08T00:00:00.000000,70.0,50,20,70.0,16.0,19.0,91906.0,19303.0,29612.0,6641.0,26973.0,5207.0,39926.0,9562.0,28.0,92.0,6019.0,159.0,3820.58327912845
2025-03-09T00:00:00.000000,63.0,43,20,55.0,21.0,10.0,64661.0,11159.0,44301.0,10508.0,37899.0,6787.0,14302.0,2703.0,13.0,74.0,4632.0,160.0,3488.1365693390303
2025-03-10T00:00:00.000000,91.0,57,34,82.0,22.0,23.0,113922.0,27164.0,56761.0,11453.0,43132.0,8814.0,50553.0,13459.0,24.0,128.0,8444.0,162.0,4018.310515872177
2025-03-11T00:00:00.000000,80.0,57,23,76.0,23.0,17.0,98577.0,19321.0,34037.0,7337.0,50566.0,10966.0,21518.0,2694.0,25.0,105.0,7984.0,172.0,3902.9810223745826
2025-03-12T00:00:00.000000,87.0,65,22,78.0,23.0,21.0,106453.0,19184.0,44685.0,9230.0,39127.0,8326.0,36864.0,7366.0,25.0,143.0,12752.0,235.0,4251.3996775239675
2025-03-13T00:00:00.000000,92.0,66,26,85.0,24.0,21.0,111301.0,23602.0,63000.0,11925.0,36929.0,6508.0,34956.0,7391.0,27.0,113.0,6693.0,193.0,4679.855377339708
2025-03-14T00:00:00.000000,99.0,67,32,84.0,22.0,20.0,101841.0,20176.0,59500.0,14918.0,42935.0,9345.0,20764.0,4661.0,33.0,115.0,7789.0,156.0,3862.158109251406
2025-03-15T00:00:00.000000,86.0,55,31,68.0,18.0,19.0,97880.0,21014.0,55106.0,18249.0,33544.0,7272.0,35818.0,7039.0,29.0,165.0,7573.0,185.0,3037.5468760398594
2025-03-16T00:00:00.000000,76.0,47,29,60.0,11.0,20.0,81367.0,14897.0,51600.0,13104.0,16025.0,3070.0,36489.0,8475.0,33.0,118.0,6911.0,198.0,3975.8018068881584
2025-03-17T00:00:00.000000,72.0,53,19,68.0,21.0,22.0,106274.0,21088.0,33505.0,7298.0,49482.0,11539.0,37541.0,5676.0,27.0,141.0,10467.0,182.0,2803.1440324733235
2025-03-18T00:00:00.000000,96.0,73,23,90.0,19.0,34.0,125829.0,23233.0,49693.0,10451.0,33074.0,4706.0,53820.0,10310.0,48.0,134.0,12492.0,205.0,5010.4820585118205
2025-03-19T00:00:00.000000,85.0,57,28,76.0,23.0,18.0,109224.0,21310.0,62443.0,13036.0,39510.0,9793.0,26662.0,4831.0,24.0,105.0,7121.0,174.0,4124.821789052122
2025-03-20T00:00:00.000000,66.0,43,23,63.0,13.0,17.0,75452.0,10837.0,38261.0,5817.0,25894.0,4690.0,25270.0,4186.0,24.0,100.0,7303.0,172.0,3619.8493104575896
2025-03-21T00:00:00.000000,81.0,54,27,76.0,15.0,22.0,88814.0,17383.0,65227.0,13089.0,27207.0,5413.0,33543.0,5674.0,34.0,95.0,7173.0,200.0,4290.81761863473
2025-03-22T00:00:00.000000,83.0,53,30,75.0,22.0,24.0,94933.0,22598.0,63681.0,12978.0,44188.0,12229.0,40669.0,9338.0,36.0,101.0,5731.0,154.0,4039.44686496239
2025-03-23T00:00:00.000000,86.0,67,19,84.0,20.0,30.0,108272.0,15942.0,58428.0,13480.0,34209.0,4362.0,48465.0,8057.0,50.0,61.0,7243.0,184.0,4201.7213956535825
2025-03-24T00:00:00.000000,77.0,56,21,68.0,16.0,26.0,113113.0,19238.0,53527.0,12828.0,32278.0,6033.0,51561.0,9314.0,43.0,71.0,6953.0,173.0,3897.4511236561325
2025-03-25T00:00:00.000000,93.0,70,23,91.0,25.0,22.0,101822.0,15226.0,26259.0,8895.0,36438.0,5483.0,32828.0,4107.0,28.0,110.0,7667.0,200.0,4865.616025302572
2025-03-26T00:00:00.000000,54.0,38,16,54.0,16.0,11.0,58478.0,10701.0,28620.0,6568.0,24102.0,5306.0,13559.0,2115.0,18.0,58.0,4539.0,101.0,2926.093191451314
2025-03-27T00:00:00.000000,76.0,62,14,73.0,29.0,22.0,110603.0,21268.0,22374.0,4044.0,57682.0,11453.0,36885.0,7766.0,37.0,119.0,9223.0,209.0,4387.335383080878
2025-03-28T00:00:00.000000,86.0,67,19,72.0,35.0,17.0,122978.0,21854.0,42872.0,11702.0,67750.0,11600.0,31074.0,5938.0,24.0,72.0,6180.0,187.0,4379.139536899359
2025-03-29T00:00:00.000000,51.0,35,16,51.0,12.0,17.0,68800.0,10933.0,26108.0,4458.0,19789.0,2986.0,35920.0,7273.0,27.0,49.0,3827.0,128.0,2786.4781087138317
2025-03-30T00:00:00.000000,64.0,44,20,59.0,17.0,10.0,84377.0,17553.0,48560.0,11294.0,23718.0,5355.0,17743.0,2263.0,14.0,76.0,4693.0,139.0,3344.2646168757265
2025-03-31T00:00:00.000000,60.0,43,17,57.0,21.0,13.0,61297.0,11392.0,23251.0,6013.0,34327.0,5731.0,15269.0,2152.0,14.0,43.0,4960.0,159.0,3129.59139511808
2025-04-01T00:00:00.000000,51.0,36,15,50.0,13.0,11.0,63632.0,11758.0,31272.0,9615.0,20094.0,3212.0,25066.0,5470.0,18.0,115.0,5203.0,111.0,2162.154683233865
2025-04-02T00:00:00.000000,76.0,57,19,72.0,19.0,19.0,110450.0,22371.0,38651.0,6128.0,40341.0,8308.0,29412.0,5777.0,26.0,61.0,5433.0,187.0,3622.778566007637
2025-04-03T00:00:00.000000,72.0,49,23,67.0,12.0,21.0,85108.0,12500.0,65222.0,10655.0,23618.0,4129.0,27862.0,4036.0,30.0,88.0,5565.0,161.0,3776.836078378404
2025-04-04T00:00:00.000000,69.0,58,11,65.0,21.0,24.0,106774.0,21298.0,18979.0,5826.0,46502.0,8086.0,43324.0,10972.0,28.0,106.0,6229.0,196.0,3507.7741930050174
2025-04-05T00:00:00.000000,43.0,33,10,40.0,9.0,14.0,62740.0,8947.0,26559.0,7202.0,16430.0,4039.0,24547.0,3967.0,17.0,58.0,4549.0,126.0,2193.190065235588
2025-04-06T00:00:00.000000,58.0,49,9,57.0,20.0,13.0,82934.0,13650.0,11593.0,2834.0,30965.0,5935.0,25749.0,4449.0,24.0,102.0,8359.0,129.0,2206.918475148894
2025-04-07T00:00:00.000000,61.0,46,15,61.0,21.0,9.0,75303.0,13354.0,29137.0,9920.0,36058.0,5442.0,13522.0,2241.0,15.0,78.0,5401.0,147.0,3460.048129947316
2025-04-08T00:00:00.000000,95.0,63,32,76.0,28.0,24.0,120939.0,23930.0,62052.0,11957.0,58786.0,12466.0,45000.0,7618.0,42.0,152.0,10886.0,209.0,5665.137136732818
2025-04-09T00:00:00.000000,82.0,58,24,71.0,27.0,13.0,96522.0,21878.0,44011.0,9800.0,45101.0,8435.0,21610.0,4511.0,14.0,82.0,4675.0,160.0,4149.3749301175085
2025-04-10T00:00:00.000000,66.0,49,17,63.0,22.0,13.0,70347.0,13177.0,27084.0,3999.0,33530.0,7257.0,18481.0,2579.0,20.0,79.0,7731.0,106.0,3418.105218471582
2025-04-11T00:00:00.000000,93.0,67,26,83.0,32.0,18.0,107765.0,19841.0,57998.0,10534.0,53675.0,8402.0,28309.0,6513.0,20.0,109.0,5894.0,220.0,5199.705527097115
2025-04-12T00:00:00.000000,62.0,47,15,56.0,17.0,19.0,73121.0,12673.0,24030.0,5818.0,23729.0,3777.0,29841.0,4769.0,28.0,105.0,6594.0,168.0,3176.6211563500488
2025-04-13T00:00:00.000000,58.0,45,13,54.0,19.0,16.0,94306.0,16831.0,37351.0,8927.0,38849.0,5731.0,34601.0,7583.0,29.0,52.0,5417.0,168.0,3037.902769159702
2025-04-14T00:00:00.000000,72.0,48,24,68.0,20.0,12.0,82385.0,14960.0,50116.0,9861.0,44450.0,8485.0,15819.0,2853.0,18.0,90.0,5202.0,149.0,3881.244051396276
2025-04-15T00:00:00.000000,68.0,51,17,67.0,17.0,18.0,91572.0,17556.0,29233.0,4089.0,34541.0,6563.0,33695.0,6543.0,31.0,84.0,5564.0,140.0,3223.7661765566295
2025-04-16T00:00:00.000000,58.0,42,16,54.0,15.0,16.0,71281.0,12861.0,31049.0,5361.0,22421.0,2871.0,25456.0,5565.0,25.0,49.0,4269.0,149.0,2690.2838610062904
2025-04-17T00:00:00.000000,69.0,51,18,61.0,22.0,18.0,91832.0,16236.0,24937.0,6407.0,39370.0,5232.0,32079.0,7123.0,30.0,87.0,5035.0,111.0,3508.4713505090785
2025-04-18T00:00:00.000000,53.0,35,18,48.0,13.0,11.0,62785.0,12103.0,30271.0,7322.0,20686.0,3729.0,23847.0,4790.0,15.0,60.0,4025.0,135.0,2815.550481586335
2025-04-19T00:00:00.000000,63.0,37,26,53.0,14.0,13.0,94645.0,18888.0,71528.0,16779.0,28836.0,4064.0,46732.0,11616.0,14.0,75.0,4618.0,118.0,3468.4311666172066
2025-04-20T00:00:00.000000,66.0,40,26,55.0,16.0,14.0,66144.0,9858.0,36122.0,7522.0,25838.0,5062.0,21555.0,2924.0,22.0,59.0,4838.0,76.0,3081.4715386261064
2025-04-21T00:00:00.000000,61.0,41,20,57.0,18.0,14.0,76786.0,14167.0,29192.0,7169.0,36518.0,6810.0,20476.0,3779.0,22.0,87.0,5431.0,150.0,2901.242498891308
2025-04-22T00:00:00.000000,77.0,52,25,71.0,17.0,20.0,95814.0,19309.0,51053.0,12052.0,41961.0,9234.0,34552.0,7132.0,26.0,142.0,5925.0,172.0,4051.9947451633384
2025-04-23T00:00:00.000000,44.0,29,15,44.0,12.0,11.0,42957.0,7481.0,31358.0,5895.0,22160.0,3444.0,13742.0,2942.0,15.0,48.0,3201.0,97.0,2175.3489290859275
2025-04-24T00:00:00.000000,70.0,54,16,65.0,22.0,19.0,88159.0,13163.0,38732.0,7576.0,39563.0,5131.0,29024.0,5230.0,23.0,84.0,6089.0,126.0,3126.227339216523
2025-04-25T00:00:00.000000,60.0,42,18,55.0,17.0,11.0,71244.0,10657.0,39850.0,8091.0,33879.0,3536.0,16986.0,3835.0,14.0,102.0,4858.0,106.0,3146.372485684757
2025-04-26T00:00:00.000000,54.0,39,15,47.0,13.0,16.0,72588.0,17246.0,19835.0,3323.0,25879.0,7755.0,28984.0,6832.0,19.0,64.0,4406.0,112.0,2737.822467168089
2025-04-27T00:00:00.000000,54.0,44,10,48.0,17.0,18.0,91211.0,15785.0,17171.0,4154.0,37572.0,7739.0,43625.0,6879.0,22.0,84.0,6235.0,103.0,2602.721053970101
2025-04-28T00:00:00.000000,42.0,37,5,42.0,16.0,14.0,62208.0,11289.0,9537.0,1948.0,21633.0,4165.0,27985.0,4214.0,15.0,55.0,3673.0,114.0,1860.0383864703635
2025-04-29T00:00:00.000000,69.0,45,24,66.0,14.0,22.0,77155.0,12406.0,47749.0,11491.0,28791.0,4391.0,33205.0,5528.0,33.0,102.0,6998.0,193.0,3420.7071248962566
2025-04-30T00:00:00.000000,62.0,45,17,52.0,17.0,13.0,92274.0,17111.0,49157.0,12715.0,32533.0,5938.0,26933.0,6415.0,17.0,91.0,5057.0,133.0,2996.9125365913587
2025-05-01T00:00:00.000000,63.0,46,17,58.0,22.0,12.0,87288.0,19158.0,36330.0,6502.0,46438.0,8718.0,24001.0,6845.0,14.0,107.0,5317.0,158.0,3285.4824424877665
2025-05-02T00:00:00.000000,58.0,38,20,57.0,14.0,15.0,80495.0,17642.0,42877.0,8585.0,30951.0,5272.0,32151.0,8428.0,18.0,66.0,3745.0,103.0,2893.0328725817935
2025-05-03T00:00:00.000000,55.0,40,15,47.0,16.0,12.0,56683.0,8175.0,38298.0,7602.0,29013.0,4057.0,13911.0,1927.0,17.0,83.0,5156.0,90.0,2485.867655769303
2025-05-04T00:00:00.000000,59.0,42,17,55.0,13.0,17.0,89819.0,18482.0,21799.0,4003.0,45597.0,12212.0,23345.0,3620.0,22.0,126.0,7790.0,135.0,3238.5452804087263
2025-05-05T00:00:00.000000,68.0,51,17,61.0,15.0,19.0,83601.0,17763.0,27508.0,6704.0,35407.0,7527.0,26809.0,5889.0,25.0,96.0,5844.0,163.0,3226.559276680468
2025-05-06T00:00:00.000000,62.0,43,19,59.0,24.0,10.0,81947.0,17665.0,37043.0,6336.0,38778.0,5997.0,17994.0,6398.0,16.0,85.0,4692.0,163.0,3173.1328439309377
2025-05-07T00:00:00.000000,61.0,40,21,57.0,11.0,23.0,82819.0,20741.0,32348.0,8707.0,27921.0,8018.0,44291.0,11010.0,32.0,81.0,4633.0,124.0,3504.1355674462884
2025-05-08T00:00:00.000000,79.0,62,17,78.0,25.0,20.0,121085.0,24363.0,28863.0,6782.0,55367.0,9960.0,37785.0,7110.0,29.0,140.0,6258.0,155.0,4068.7547849039966
2025-05-09T00:00:00.000000,97.0,59,38,76.0,26.0,18.0,91049.0,18121.0,48168.0,10623.0,43102.0,7198.0,28453.0,7554.0,22.0,83.0,5084.0,167.0,5116.854100825737
2025-05-10T00:00:00.000000,48.0,31,17,47.0,21.0,5.0,51017.0,9637.0,32134.0,8737.0,35315.0,5930.0,7845.0,1334.0,7.0,55.0,2769.0,93.0,2495.289685302475
2025-05-11T00:00:00.000000,60.0,44,16,55.0,16.0,19.0,94994.0,12512.0,43856.0,14309.0,43656.0,6645.0,33201.0,3604.0,30.0,54.0,5787.0,158.0,2901.8579973975097
2025-05-12T00:00:00.000000,80.0,60,20,76.0,24.0,20.0,100339.0,17392.0,25855.0,5845.0,42689.0,7868.0,32225.0,5458.0,29.0,117.0,8964.0,192.0,3893.879741002536
2025-05-13T00:00:00.000000,58.0,45,13,52.0,16.0,11.0,71073.0,13068.0,29679.0,5246.0,22940.0,3972.0,17834.0,2956.0,17.0,79.0,6027.0,160.0,2992.3618991057137
2025-05-14T00:00:00.000000,80.0,55,25,66.0,25.0,15.0,105657.0,20282.0,43949.0,7550.0,48091.0,9019.0,31248.0,6265.0,19.0,79.0,7256.0,205.0,4430.487071520238
2025-05-15T00:00:00.000000,63.0,52,11,63.0,20.0,16.0,102963.0,16798.0,10115.0,1310.0,41246.0,7243.0,35176.0,6221.0,21.0,75.0,4876.0,100.0,3454.7740592364207
2025-05-16T00:00:00.000000,47.0,32,15,41.0,13.0,14.0,61894.0,11069.0,20846.0,2632.0,23992.0,4274.0,25322.0,4124.0,15.0,63.0,3617.0,93.0,2109.903291540138
2025-05-17T00:00:00.000000,54.0,39,15,47.0,9.0,15.0,72026.0,15634.0,44329.0,14651.0,18865.0,6209.0,30132.0,4726.0,20.0,83.0,5059.0,139.0,2934.3136748009238
2025-05-18T00:00:00.000000,56.0,40,16,52.0,17.0,15.0,63229.0,12111.0,33451.0,8334.0,28769.0,5636.0,21939.0,4100.0,23.0,97.0,4805.0,105.0,3245.388853338297
2025-05-19T00:00:00.000000,60.0,45,15,53.0,21.0,12.0,80339.0,15015.0,26029.0,5219.0,38005.0,6914.0,20607.0,5761.0,20.0,91.0,4696.0,123.0,3049.1061261066757
2025-05-20T00:00:00.000000,68.0,43,25,65.0,18.0,15.0,77852.0,12845.0,38804.0,11232.0,36801.0,4734.0,25912.0,5478.0,19.0,84.0,4518.0,105.0,3288.6613638703684
2025-05-21T00:00:00.000000,48.0,36,12,44.0,10.0,17.0,72292.0,9586.0,42260.0,7470.0,16766.0,2267.0,41671.0,5786.0,28.0,85.0,5170.0,121.0,2441.0113569729433
2025-05-22T00:00:00.000000,56.0,43,13,47.0,19.0,17.0,67071.0,10814.0,11950.0,1459.0,32082.0,4635.0,24292.0,4455.0,24.0,86.0,4437.0,115.0,2373.6096118886653
2025-05-23T00:00:00.000000,57.0,41,16,52.0,13.0,16.0,76022.0,11598.0,25807.0,6155.0,22233.0,2642.0,37566.0,6311.0,27.0,106.0,7250.0,143.0,2558.603698294802
2025-05-24T00:00:00.000000,44.0,33,11,43.0,12.0,10.0,59654.0,10979.0,21487.0,5401.0,29150.0,5056.0,17462.0,3826.0,14.0,74.0,4367.0,104.0,2009.8380521313252
2025-05-25T00:00:00.000000,45.0,34,11,45.0,16.0,10.0,72423.0,14890.0,15768.0,3300.0,30621.0,6757.0,29573.0,6351.0,12.0,50.0,4536.0,134.0,2423.7699774994944
2025-05-26T00:00:00.000000,54.0,44,10,52.0,14.0,18.0,115912.0,28255.0,11767.0,2830.0,30565.0,4661.0,35263.0,6664.0,23.0,115.0,6508.0,134.0,3022.4606263679134
2025-05-27T00:00:00.000000,84.0,60,24,74.0,25.0,18.0,108161.0,21625.0,54669.0,17465.0,41629.0,8792.0,35664.0,8800.0,20.0,48.0,5488.0,176.0,3647.394739039972
2025-05-28T00:00:00.000000,63.0,42,21,56.0,13.0,18.0,84826.0,21282.0,28616.0,7785.0,23874.0,3359.0,42833.0,11387.0,22.0,110.0,8202.0,111.0,2907.8459967833996
2025-05-29T00:00:00.000000,56.0,39,17,53.0,15.0,10.0,65648.0,12964.0,24732.0,5715.0,29560.0,6654.0,13830.0,2474.0,11.0,93.0,7625.0,94.0,2813.6482019484206
2025-05-30T00:00:00.000000,40.0,34,6,40.0,15.0,11.0,65744.0,11026.0,15870.0,2642.0,28547.0,3590.0,21810.0,3692.0,18.0,54.0,4681.0,103.0,2099.547377434371
2025-05-31T00:00:00.000000,40.0,31,9,40.0,13.0,4.0,65255.0,12039.0,56438.0,16919.0,33987.0,5768.0,7065.0,1398.0,5.0,67.0,3596.0,117.0,2248.787615266802
2025-06-01T00:00:00.000000,40.0,29,11,40.0,8.0,10.0,50252.0,10289.0,26057.0,7965.0,19094.0,3443.0,15286.0,3191.0,12.0,37.0,3440.0,128.0,1673.2182690876416
2025-06-02T00:00:00.000000,45.0,29,16,42.0,17.0,4.0,72095.0,15088.0,46838.0,12856.0,48547.0,11122.0,11165.0,2425.0,6.0,72.0,3462.0,105.0,2297.421753169668
2025-06-03T00:00:00.000000,44.0,34,10,44.0,14.0,12.0,66298.0,12240.0,19628.0,4569.0,28551.0,4597.0,24067.0,5934.0,15.0,44.0,2622.0,110.0,2245.8619612702055
2025-06-04T00:00:00.000000,60.0,42,18,54.0,14.0,12.0,77198.0,12814.0,26074.0,4454.0,24212.0,4240.0,23545.0,3815.0,17.0,71.0,4966.0,151.0,3088.63901895879
2025-06-05T00:00:00.000000,53.0,35,18,52.0,12.0,12.0,61068.0,12872.0,41718.0,10056.0,13775.0,2305.0,25880.0,8291.0,19.0,43.0,3424.0,132.0,2751.6444997475032
2025-06-06T00:00:00.000000,71.0,60,11,61.0,20.0,29.0,97755.0,16676.0,13784.0,3491.0,33389.0,5572.0,46771.0,7914.0,43.0,104.0,7738.0,151.0,3517.5531389127955
2025-06-07T00:00:00.000000,47.0,35,12,43.0,11.0,11.0,51227.0,8424.0,22812.0,4385.0,14923.0,2034.0,15651.0,2775.0,15.0,54.0,3544.0,117.0,2526.7279927930645
2025-06-08T00:00:00.000000,42.0,34,8,42.0,18.0,6.0,74533.0,13563.0,10308.0,3295.0,47657.0,7497.0,11440.0,2233.0,10.0,54.0,3727.0,81.0,1749.8695409912677
2025-06-09T00:00:00.000000,69.0,48,21,62.0,18.0,11.0,93800.0,15068.0,31867.0,7407.0,33218.0,5875.0,26389.0,4784.0,19.0,71.0,5531.0,169.0,4045.129708885236
2025-06-10T00:00:00.000000,72.0,51,21,59.0,15.0,20.0,99300.0,15556.0,58686.0,16188.0,33884.0,6099.0,37421.0,5432.0,25.0,103.0,28871.0,127.0,3614.012961492314
2025-06-11T00:00:00.000000,51.0,33,18,41.0,10.0,8.0,55149.0,10374.0,29561.0,12020.0,20194.0,3818.0,10261.0,1304.0,9.0,51.0,3297.0,82.0,2729.218230742102
2025-06-12T00:00:00.000000,63.0,37,26,57.0,10.0,10.0,68757.0,9077.0,86186.0,19713.0,19931.0,2866.0,17879.0,2934.0,16.0,301.0,18240.0,244.0,2824.92319363754
2025-06-13T00:00:00.000000,40.0,27,13,40.0,15.0,6.0,49244.0,8275.0,21854.0,3139.0,35234.0,6199.0,5920.0,633.0,7.0,41.0,2307.0,79.0,2070.2689824770487
2025-06-14T00:00:00.000000,39.0,25,14,36.0,6.0,12.0,54240.0,9906.0,30426.0,5155.0,11105.0,1632.0,28999.0,5716.0,17.0,46.0,3512.0,85.0,2206.191554404023
2025-06-15T00:00:00.000000,45.0,31,14,42.0,5.0,14.0,70551.0,14937.0,24894.0,5717.0,8378.0,813.0,37999.0,11369.0,25.0,89.0,6725.0,102.0,2430.6019364650733
2025-06-16T00:00:00.000000,65.0,44,21,57.0,21.0,10.0,90971.0,12924.0,89516.0,22335.0,53882.0,8340.0,18068.0,2272.0,18.0,101.0,6902.0,117.0,3543.3554356405216
2025-06-17T00:00:00.000000,62.0,38,24,50.0,15.0,14.0,68897.0,11006.0,120582.0,35770.0,32629.0,4458.0,25923.0,4714.0,16.0,157.0,3833.0,152.0,3286.6331882971112
2025-06-18T00:00:00.000000,57.0,39,18,52.0,13.0,16.0,76993.0,14653.0,33660.0,5783.0,20115.0,4311.0,28136.0,5425.0,21.0,115.0,6741.0,113.0,2943.3382457189173
2025-06-19T00:00:00.000000,50.0,37,13,49.0,17.0,12.0,88430.0,15254.0,25894.0,7452.0,36957.0,6347.0,24197.0,3340.0,18.0,70.0,4062.0,125.0,2599.3852776560852
2025-06-20T00:00:00.000000,87.0,50,37,57.0,18.0,13.0,100899.0,17548.0,62179.0,13398.0,32547.0,5803.0,24188.0,4151.0,21.0,157.0,6714.0,143.0,3961.1978744951934
2025-06-21T00:00:00.000000,60.0,45,15,55.0,15.0,16.0,84730.0,14157.0,37079.0,8393.0,26589.0,3860.0,40940.0,8863.0,24.0,85.0,6078.0,195.0,2653.1256385364677
2025-06-22T00:00:00.000000,63.0,40,23,49.0,10.0,17.0,106997.0,20230.0,34748.0,8497.0,23147.0,4240.0,61264.0,12689.0,33.0,194.0,8610.0,181.0,3406.778745000974
2025-06-23T00:00:00.000000,72.0,47,25,53.0,17.0,15.0,86175.0,19025.0,35886.0,7935.0,27736.0,5361.0,36710.0,11353.0,27.0,129.0,5291.0,150.0,3307.0707528262333
2025-06-24T00:00:00.000000,52.0,40,12,49.0,12.0,18.0,83603.0,15043.0,32037.0,6161.0,25705.0,3764.0,44782.0,8461.0,27.0,78.0,5162.0,122.0,2258.681235820913
2025-06-25T00:00:00.000000,66.0,45,21,55.0,14.0,22.0,98425.0,17490.0,56874.0,12775.0,31034.0,3945.0,48122.0,10252.0,27.0,106.0,5600.0,126.0,3129.3288621868173
2025-06-26T00:00:00.000000,69.0,45,24,62.0,14.0,15.0,92232.0,19822.0,36955.0,8523.0,36236.0,9736.0,30823.0,6309.0,23.0,208.0,8347.0,121.0,3540.939443831867
2025-06-27T00:00:00.000000,50.0,37,13,46.0,16.0,13.0,72399.0,14901.0,28229.0,7087.0,35368.0,7944.0,25057.0,4546.0,18.0,62.0,3891.0,140.0,2701.59274163901
2025-06-28T00:00:00.000000,58.0,39,19,50.0,13.0,14.0,74412.0,12176.0,54650.0,11907.0,26981.0,5920.0,30301.0,4681.0,27.0,113.0,5743.0,149.0,2949.224123750915
2025-06-29T00:00:00.000000,60.0,38,22,52.0,13.0,17.0,80447.0,14307.0,34538.0,6794.0,31101.0,5119.0,32315.0,6393.0,24.0,86.0,6734.0,100.0,2862.7800005212184
2025-06-30T00:00:00.000000,46.0,33,13,39.0,18.0,7.0,72865.0,14290.0,15563.0,2558.0,43592.0,7700.0,12994.0,2928.0,10.0,85.0,5512.0,118.0,1763.7279105842629
2025-07-01T00:00:00.000000,58.0,45,13,54.0,21.0,10.0,102483.0,21584.0,16683.0,2907.0,46640.0,11883.0,33580.0,5193.0,16.0,93.0,5091.0,159.0,2716.380271294537
2025-07-02T00:00:00.000000,65.0,46,19,64.0,20.0,13.0,76953.0,13398.0,36594.0,8745.0,39013.0,7070.0,19921.0,3101.0,20.0,50.0,4410.0,139.0,3319.721088074257
2025-07-03T00:00:00.000000,56.0,41,15,50.0,18.0,10.0,78935.0,14773.0,28421.0,8376.0,40761.0,7972.0,20448.0,4111.0,14.0,63.0,3408.0,104.0,2937.1979385509103
2025-07-04T00:00:00.000000,58.0,45,13,56.0,17.0,14.0,71544.0,14946.0,17878.0,5000.0,25701.0,5705.0,22434.0,6171.0,20.0,62.0,3988.0,112.0,2732.4732438206174
2025-07-05T00:00:00.000000,50.0,34,16,46.0,9.0,13.0,71787.0,12428.0,37723.0,8762.0,26227.0,4204.0,25067.0,4298.0,17.0,67.0,4288.0,119.0,2747.004158197524
2025-07-06T00:00:00.000000,46.0,36,10,45.0,5.0,20.0,91153.0,14444.0,11842.0,2098.0,21149.0,2978.0,39553.0,5685.0,28.0,59.0,4662.0,89.0,2654.0884048679104
2025-07-07T00:00:00.000000,42.0,32,10,40.0,15.0,13.0,58732.0,8580.0,13984.0,3559.0,22353.0,3108.0,29773.0,4390.0,14.0,43.0,3316.0,80.0,1909.0116969043563
2025-07-08T00:00:00.000000,58.0,38,20,46.0,17.0,11.0,91220.0,21552.0,43854.0,12019.0,47324.0,10706.0,28160.0,8281.0,16.0,87.0,3697.0,168.0,2475.802170598445
2025-07-09T00:00:00.000000,59.0,45,14,59.0,19.0,13.0,83604.0,14112.0,26935.0,8429.0,31635.0,4290.0,32497.0,7128.0,24.0,63.0,5728.0,159.0,2928.1477344227987
2025-07-10T00:00:00.000000,45.0,30,15,43.0,13.0,10.0,55589.0,7973.0,14545.0,2692.0,31347.0,5148.0,13339.0,1613.0,12.0,63.0,3137.0,81.0,1988.3809996939801
2025-07-11T00:00:00.000000,52.0,37,15,45.0,14.0,11.0,75234.0,17231.0,43459.0,12229.0,32534.0,6485.0,18407.0,3642.0,19.0,115.0,4633.0,140.0,2972.5655720032346
2025-07-12T00:00:00.000000,54.0,37,17,47.0,11.0,16.0,69000.0,10900.0,26296.0,4950.0,17607.0,2103.0,31654.0,4992.0,18.0,105.0,13547.0,163.0,2922.9496428194707
2025-07-13T00:00:00.000000,38.0,24,14,34.0,11.0,9.0,51613.0,9989.0,42350.0,8988.0,24177.0,3996.0,23363.0,5052.0,11.0,51.0,2513.0,71.0,2132.5591423694054
2025-07-14T00:00:00.000000,53.0,36,17,49.0,10.0,12.0,61615.0,9548.0,32656.0,7309.0,12677.0,1650.0,21493.0,3293.0,35.0,76.0,6447.0,114.0,2665.7609258197654
2025-07-15T00:00:00.000000,30.0,20,10,29.0,7.0,9.0,31294.0,6599.0,13858.0,3230.0,8368.0,1231.0,16817.0,3765.0,13.0,58.0,3631.0,75.0,1660.8675920536484
2025-07-16T00:00:00.000000,45.0,29,16,42.0,11.0,9.0,46333.0,7562.0,45891.0,7185.0,21429.0,3993.0,12173.0,1715.0,11.0,159.0,8556.0,103.0,2276.132090740203
2025-07-17T00:00:00.000000,44.0,32,12,40.0,15.0,8.0,59444.0,12175.0,24861.0,3317.0,23582.0,5747.0,13022.0,1981.0,8.0,78.0,4108.0,97.0,2286.45914762529
2025-07-18T00:00:00.000000,51.0,32,19,46.0,15.0,10.0,58225.0,10463.0,39375.0,5734.0,23884.0,3229.0,21088.0,4811.0,20.0,85.0,4431.0,109.0,2934.9401642407042
2025-07-19T00:00:00.000000,42.0,27,15,38.0,9.0,10.0,45601.0,6365.0,37478.0,11423.0,17588.0,2199.0,13024.0,858.0,23.0,49.0,3433.0,86.0,1847.0363557979474
2025-07-20T00:00:00.000000,53.0,34,19,49.0,8.0,15.0,61551.0,15222.0,36445.0,4947.0,17217.0,3399.0,31632.0,9868.0,23.0,75.0,3557.0,99.0,1838.15163392818
2025-07-21T00:00:00.000000,55.0,35,20,51.0,14.0,13.0,59188.0,10868.0,42783.0,14862.0,21243.0,3914.0,27339.0,4932.0,21.0,94.0,4299.0,105.0,2898.8536187510895
2025-07-22T00:00:00.000000,55.0,37,18,48.0,11.0,13.0,66668.0,11674.0,24638.0,4658.0,22663.0,3235.0,17696.0,3826.0,24.0,56.0,5051.0,122.0,3307.4832336642176
2025-07-23T00:00:00.000000,68.0,48,20,60.0,24.0,12.0,92157.0,16317.0,29422.0,5676.0,59695.0,10758.0,16360.0,2288.0,20.0,81.0,4309.0,195.0,3700.0487849448714
2025-07-24T00:00:00.000000,50.0,34,16,47.0,17.0,6.0,65524.0,15901.0,20769.0,5358.0,30858.0,5869.0,18141.0,4705.0,8.0,64.0,3522.0,112.0,2351.4321335605664
2025-07-25T00:00:00.000000,55.0,42,13,55.0,21.0,12.0,81630.0,15041.0,26476.0,4627.0,37962.0,4238.0,18354.0,4324.0,21.0,59.0,3908.0,118.0,2632.1345707656124
2025-07-26T00:00:00.000000,51.0,32,19,45.0,11.0,12.0,73154.0,13348.0,39107.0,9641.0,31186.0,7150.0,24969.0,3858.0,18.0,117.0,10771.0,97.0,2835.449823849874
2025-07-27T00:00:00.000000,43.0,31,12,38.0,9.0,15.0,53070.0,11489.0,25274.0,7508.0,21688.0,6668.0,20116.0,3158.0,18.0,103.0,6092.0,95.0,2064.3808451675845
2025-07-28T00:00:00.000000,62.0,40,22,51.0,13.0,17.0,80173.0,11968.0,58490.0,14690.0,23985.0,3197.0,39500.0,5727.0,32.0,90.0,10229.0,164.0,3027.499618557651
2025-07-29T00:00:00.000000,48.0,28,20,44.0,5.0,15.0,60914.0,15894.0,30800.0,6884.0,7306.0,747.0,36804.0,11316.0,18.0,50.0,2476.0,93.0,2712.26223193981
2025-07-30T00:00:00.000000,59.0,44,15,52.0,18.0,13.0,68651.0,11416.0,19439.0,4781.0,28027.0,5149.0,24299.0,3087.0,20.0,108.0,6458.0,160.0,2819.4055082245536
2025-07-31T00:00:00.000000,49.0,32,17,46.0,11.0,11.0,54587.0,10513.0,38847.0,5487.0,21223.0,3683.0,19981.0,3905.0,20.0,69.0,3421.0,90.0,2409.73342021358
2025-08-01T00:00:00.000000,46.0,29,17,42.0,9.0,12.0,55888.0,8948.0,29059.0,3726.0,14689.0,2916.0,23363.0,4407.0,22.0,69.0,3929.0,107.0,2039.8493619453136
2025-08-02T00:00:00.000000,60.0,41,19,50.0,13.0,15.0,73987.0,13963.0,47096.0,10230.0,24262.0,4780.0,27060.0,5218.0,28.0,87.0,4700.0,131.0,3099.35424790103
2025-08-03T00:00:00.000000,32.0,26,6,31.0,12.0,7.0,53770.0,8627.0,7562.0,1682.0,24047.0,5046.0,14777.0,1942.0,12.0,61.0,3254.0,63.0,1518.3975654052274
2025-08-04T00:00:00.000000,46.0,29,17,45.0,12.0,9.0,59357.0,9143.0,40946.0,7315.0,23650.0,3724.0,17556.0,3273.0,19.0,59.0,6582.0,102.0,2135.1068090195563
2025-08-05T00:00:00.000000,51.0,32,19,43.0,11.0,17.0,61787.0,10789.0,33299.0,9576.0,19890.0,2283.0,34532.0,5961.0,21.0,94.0,3615.0,146.0,2405.370062927943
2025-08-06T00:00:00.000000,57.0,40,17,50.0,16.0,17.0,82174.0,18538.0,22185.0,4962.0,35129.0,8735.0,29446.0,6743.0,23.0,86.0,3872.0,107.0,3137.4196829545003
2025-08-07T00:00:00.000000,64.0,45,19,52.0,10.0,24.0,93969.0,18978.0,33852.0,7401.0,13808.0,2444.0,54877.0,10371.0,39.0,116.0,6259.0,100.0,3523.469677452968
2025-08-08T00:00:00.000000,45.0,29,16,41.0,10.0,13.0,64158.0,11525.0,21789.0,4229.0,30899.0,4589.0,23190.0,5107.0,16.0,97.0,3948.0,99.0,2680.721960598833
2025-08-09T00:00:00.000000,54.0,35,19,45.0,11.0,18.0,60477.0,11114.0,32159.0,7587.0,13822.0,1969.0,35537.0,5932.0,21.0,60.0,3194.0,145.0,2533.954802864875
2025-08-10T00:00:00.000000,44.0,30,14,34.0,10.0,13.0,56969.0,9836.0,48494.0,9586.0,20444.0,3747.0,25194.0,4377.0,26.0,137.0,6285.0,120.0,2177.5734580638214
2025-08-11T00:00:00.000000,36.0,26,10,34.0,10.0,5.0,38027.0,5139.0,20544.0,5052.0,15615.0,2228.0,8544.0,1668.0,18.0,49.0,4890.0,75.0,1804.1174415986259
2025-08-12T00:00:00.000000,47.0,29,18,38.0,10.0,13.0,56121.0,9288.0,23392.0,4601.0,27335.0,4624.0,18434.0,3395.0,26.0,68.0,4933.0,99.0,2718.800774746049
2025-08-13T00:00:00.000000,41.0,26,15,40.0,12.0,7.0,50014.0,8390.0,21051.0,5437.0,23597.0,3122.0,15398.0,2969.0,9.0,35.0,3422.0,89.0,1810.1847469186941
2025-08-14T00:00:00.000000,53.0,31,22,47.0,8.0,13.0,55150.0,8628.0,31473.0,5579.0,11543.0,2672.0,20974.0,2466.0,17.0,47.0,3560.0,139.0,2835.0324341556116
2025-08-15T00:00:00.000000,64.0,42,22,56.0,13.0,19.0,83400.0,15395.0,34879.0,7113.0,29366.0,5476.0,37964.0,7806.0,27.0,103.0,4738.0,156.0,3710.9452502078734
2025-08-16T00:00:00.000000,41.0,20,21,34.0,7.0,5.0,34110.0,8301.0,49712.0,14965.0,16326.0,3843.0,5931.0,875.0,8.0,64.0,2390.0,86.0,2129.2398215427897
2025-08-17T00:00:00.000000,40.0,22,18,35.0,4.0,9.0,45534.0,10520.0,26761.0,7331.0,6893.0,1577.0,15967.0,2714.0,12.0,45.0,2286.0,84.0,2198.1749450983602
2025-08-18T00:00:00.000000,46.0,32,14,46.0,13.0,9.0,81549.0,19119.0,43364.0,12164.0,41141.0,11534.0,15585.0,1268.0,12.0,67.0,4385.0,102.0,2627.2700024778414
2025-08-19T00:00:00.000000,36.0,24,12,30.0,8.0,10.0,52583.0,8682.0,20594.0,4095.0,18543.0,3315.0,23190.0,3715.0,22.0,53.0,3302.0,94.0,1549.3536703754373
2025-08-20T00:00:00.000000,53.0,29,24,41.0,7.0,13.0,57241.0,8961.0,49159.0,12333.0,9116.0,760.0,28916.0,6093.0,20.0,77.0,3102.0,71.0,2083.0200775697504
2025-08-21T00:00:00.000000,49.0,38,11,46.0,15.0,8.0,101410.0,33000.0,33174.0,6536.0,56749.0,23175.0,18879.0,2804.0,11.0,62.0,4265.0,144.0,2096.518267728715
2025-08-22T00:00:00.000000,43.0,33,10,40.0,11.0,11.0,54304.0,10069.0,22859.0,9118.0,22467.0,4635.0,17527.0,3190.0,19.0,54.0,4302.0,120.0,1993.1499213072589
2025-08-23T00:00:00.000000,38.0,27,11,33.0,7.0,7.0,61298.0,9466.0,15269.0,1496.0,20093.0,3535.0,16753.0,2018.0,8.0,68.0,3702.0,118.0,1791.9764077229752
2025-08-24T00:00:00.000000,31.0,20,11,30.0,6.0,9.0,38809.0,8954.0,26632.0,4777.0,10052.0,1559.0,23653.0,6669.0,14.0,34.0,3151.0,74.0,847.2122441923552
2025-08-25T00:00:00.000000,32.0,21,11,28.0,4.0,13.0,37120.0,6333.0,24319.0,3407.0,5390.0,400.0,23895.0,4826.0,20.0,53.0,4300.0,65.0,1539.3081737582397
2025-08-26T00:00:00.000000,43.0,32,11,41.0,14.0,12.0,66807.0,14081.0,19526.0,2620.0,26982.0,5101.0,28555.0,6728.0,20.0,70.0,3849.0,119.0,2157.281123198256
2025-08-27T00:00:00.000000,48.0,34,14,40.0,10.0,9.0,63302.0,10078.0,37480.0,13272.0,16860.0,3374.0,19230.0,3871.0,9.0,85.0,2307.0,87.0,1605.7245970547187
2025-08-28T00:00:00.000000,51.0,30,21,44.0,11.0,10.0,57715.0,9687.0,30398.0,9508.0,27683.0,4780.0,12926.0,1724.0,20.0,69.0,3142.0,102.0,2956.786293653677
2025-08-29T00:00:00.000000,27.0,15,12,26.0,8.0,5.0,30310.0,3444.0,36291.0,3956.0,12514.0,1758.0,9396.0,1010.0,6.0,63.0,1498.0,57.0,1232.989727098749
2025-08-30T00:00:00.000000,23.0,15,8,20.0,6.0,4.0,33723.0,5283.0,19282.0,3919.0,13196.0,1597.0,8823.0,1066.0,9.0,32.0,1462.0,57.0,1258.056467510074
2025-08-31T00:00:00.000000,26.0,21,5,26.0,9.0,8.0,57035.0,10742.0,15258.0,3406.0,25456.0,5232.0,24674.0,4354.0,13.0,61.0,2372.0,85.0,1380.6462073627295
2025-09-01T00:00:00.000000,39.0,28,11,35.0,11.0,5.0,61282.0,16272.0,22141.0,5382.0,26253.0,6564.0,12073.0,4205.0,6.0,58.0,2475.0,115.0,1904.6627288070706
2025-09-02T00:00:00.000000,52.0,42,10,41.0,18.0,13.0,79108.0,15247.0,10571.0,2184.0,45147.0,8960.0,19616.0,4133.0,15.0,88.0,5005.0,192.0,2521.0179386652835
2025-09-03T00:00:00.000000,50.0,39,11,42.0,15.0,11.0,66635.0,9311.0,20320.0,3380.0,26230.0,2343.0,19945.0,4183.0,15.0,66.0,4684.0,145.0,2444.5971617838545
2025-09-04T00:00:00.000000,50.0,38,12,49.0,11.0,14.0,69428.0,11199.0,16332.0,3231.0,21157.0,2890.0,26222.0,4164.0,18.0,69.0,3580.0,126.0,2814.867740725059
2025-09-05T00:00:00.000000,57.0,37,20,45.0,8.0,18.0,61127.0,9477.0,58231.0,11776.0,13024.0,1847.0,27556.0,4850.0,28.0,91.0,4116.0,93.0,3177.7922036001955
2025-09-06T00:00:00.000000,42.0,23,19,26.0,6.0,14.0,70016.0,13231.0,33618.0,10402.0,19903.0,2551.0,45084.0,10336.0,20.0,70.0,2740.0,69.0,2432.5529963033628
2025-09-07T00:00:00.000000,47.0,32,15,43.0,15.0,6.0,43731.0,8449.0,27535.0,3301.0,21831.0,4568.0,6441.0,1522.0,9.0,82.0,2853.0,89.0,2468.240210917404
2025-09-08T00:00:00.000000,47.0,29,18,36.0,10.0,11.0,53345.0,10380.0,36747.0,10072.0,12274.0,2303.0,18854.0,4104.0,21.0,132.0,3685.0,84.0,2259.253659072005
2025-09-09T00:00:00.000000,51.0,38,13,47.0,16.0,9.0,86735.0,14949.0,52936.0,21447.0,43154.0,6993.0,13463.0,2228.0,13.0,65.0,4644.0,137.0,2045.596889959498
2025-09-10T00:00:00.000000,44.0,34,10,44.0,13.0,16.0,63161.0,8921.0,16977.0,3065.0,21487.0,2020.0,29851.0,5217.0,20.0,69.0,3802.0,100.0,1998.345863102318
2025-09-11T00:00:00.000000,38.0,26,12,38.0,12.0,8.0,49349.0,7251.0,28997.0,9084.0,24590.0,2354.0,15386.0,2648.0,12.0,147.0,7526.0,94.0,2047.809640663508
2025-09-12T00:00:00.000000,47.0,36,11,41.0,14.0,15.0,58673.0,12315.0,29104.0,7479.0,22667.0,3967.0,22808.0,4264.0,23.0,59.0,4437.0,145.0,2023.3814542852438
2025-09-13T00:00:00.000000,45.0,32,13,40.0,11.0,13.0,49071.0,6778.0,27275.0,5408.0,22389.0,3321.0,19810.0,2838.0,15.0,44.0,2506.0,68.0,2410.181744131109
2025-09-14T00:00:00.000000,33.0,21,12,29.0,4.0,10.0,45805.0,9807.0,22824.0,4164.0,5267.0,472.0,27218.0,6552.0,11.0,33.0,2107.0,82.0,1810.11221195285
2025-09-15T00:00:00.000000,48.0,29,19,42.0,9.0,11.0,63011.0,11271.0,49030.0,11219.0,31535.0,6431.0,18295.0,2880.0,19.0,59.0,3078.0,118.0,2087.7017726170843
2025-09-16T00:00:00.000000,43.0,32,11,40.0,7.0,16.0,67129.0,14348.0,15442.0,3618.0,12648.0,2322.0,32795.0,6540.0,21.0,59.0,3574.0,137.0,2194.4665657339406
2025-09-17T00:00:00.000000,43.0,28,15,33.0,10.0,11.0,44301.0,7190.0,57739.0,8224.0,16260.0,2746.0,17115.0,2208.0,19.0,94.0,3905.0,99.0,1763.2598596844848
2025-09-18T00:00:00.000000,54.0,38,16,44.0,16.0,12.0,60604.0,12189.0,17533.0,2528.0,30467.0,6713.0,21804.0,4312.0,17.0,78.0,3302.0,98.0,2424.2104706426226
2025-09-19T00:00:00.000000,38.0,30,8,38.0,15.0,7.0,41069.0,8001.0,15878.0,4518.0,21275.0,4117.0,10798.0,2234.0,10.0,26.0,2992.0,78.0,2011.7614179235661
2025-09-20T00:00:00.000000,27.0,16,11,23.0,9.0,4.0,26762.0,5350.0,23339.0,6767.0,16225.0,3347.0,4961.0,925.0,4.0,33.0,1237.0,45.0,1462.823623192071
2025-09-21T00:00:00.000000,49.0,34,15,34.0,13.0,12.0,59386.0,12328.0,29711.0,7506.0,32124.0,5742.0,17510.0,4701.0,17.0,56.0,4968.0,111.0,2562.0254208714773
2025-09-22T00:00:00.000000,55.0,44,11,49.0,20.0,9.0,90461.0,13588.0,25619.0,4117.0,42840.0,5641.0,24224.0,4346.0,15.0,76.0,5743.0,117.0,2591.4050044621936
2025-09-23T00:00:00.000000,49.0,39,10,46.0,23.0,6.0,49478.0,8885.0,19490.0,2488.0,28113.0,3801.0,9737.0,2830.0,8.0,5.0,2466.0,122.0,2275.53789569196
2025-09-24T00:00:00.000000,54.0,42,12,49.0,19.0,9.0,74616.0,14134.0,18985.0,5895.0,46759.0,8133.0,16857.0,3969.0,12.0,25.0,3945.0,97.0,2573.059040655972
2025-09-25T00:00:00.000000,53.0,41,12,46.0,20.0,5.0,58493.0,8945.0,14621.0,2271.0,32890.0,6517.0,6046.0,1045.0,9.0,32.0,4624.0,160.0,2999.085241501064
2025-09-26T00:00:00.000000,53.0,48,5,51.0,27.0,7.0,64106.0,9458.0,9140.0,2614.0,37988.0,5248.0,8396.0,1430.0,9.0,45.0,4974.0,121.0,2644.0250499059866
2025-09-27T00:00:00.000000,41.0,32,9,39.0,17.0,10.0,60072.0,10267.0,12129.0,1649.0,28255.0,4677.0,21610.0,3296.0,10.0,46.0,2690.0,103.0,1862.657697782168
2025-09-28T00:00:00.000000,61.0,44,17,52.0,26.0,6.0,72785.0,11956.0,22125.0,4719.0,29276.0,4831.0,16093.0,3405.0,9.0,31.0,3531.0,165.0,3136.899684561753
2025-09-29T00:00:00.000000,52.0,36,16,47.0,17.0,6.0,61061.0,14137.0,25716.0,6576.0,37980.0,8164.0,8498.0,2087.0,11.0,45.0,3357.0,118.0,2429.5419559832108
2025-09-30T00:00:00.000000,52.0,37,15,44.0,27.0,4.0,66081.0,14631.0,23404.0,7174.0,55581.0,12374.0,2844.0,853.0,7.0,8.0,2093.0,109.0,2843.492873632195
