Day,Total_Posts,Total_Questions,Total_Answers,Active_Users,Total_Unanswered_Q,Total_Accepted_Q,Sum_Len_Q,Sum_CodeLen_Q,Sum_Len_A,Sum_CodeLen_A,Sum_Len_Unanswered_Q,Sum_CodeLen_Unanswered_Q,Sum_Len_Q_with_Accepted,Sum_CodeLen_Q_with_Accepted,Sum_Answers_on_Accepted_Q,Sum_Score,Sum_Views,Sum_Comments,Sum_Readability
2021-01-11T00:00:00.000000,3.0,0,3,1.0,0.0,0.0,0.0,0.0,2809.0,430.0,0.0,0.0,0.0,0.0,0.0,5.0,0.0,0.0,187.96686829836835
2021-01-12T00:00:00.000000,17.0,0,17,2.0,0.0,0.0,0.0,0.0,31122.0,5076.0,0.0,0.0,0.0,0.0,0.0,45.0,0.0,32.0,746.8323487984342
2021-01-13T00:00:00.000000,10.0,0,10,2.0,0.0,0.0,0.0,0.0,27438.0,5030.0,0.0,0.0,0.0,0.0,0.0,34.0,0.0,20.0,192.72668326833178
2021-01-14T00:00:00.000000,26.0,0,26,3.0,0.0,0.0,0.0,0.0,41024.0,6205.0,0.0,0.0,0.0,0.0,0.0,44.0,0.0,55.0,1465.0324795929316
2021-01-15T00:00:00.000000,20.0,0,20,4.0,0.0,0.0,0.0,0.0,29894.0,5834.0,0.0,0.0,0.0,0.0,0.0,57.0,0.0,27.0,1271.5579106308714
2021-01-16T00:00:00.000000,23.0,0,23,5.0,0.0,0.0,0.0,0.0,25742.0,7379.0,0.0,0.0,0.0,0.0,0.0,37.0,0.0,35.0,196.32377019748088
2021-01-17T00:00:00.000000,46.0,0,46,7.0,0.0,0.0,0.0,0.0,39063.0,9887.0,0.0,0.0,0.0,0.0,0.0,88.0,0.0,80.0,1909.585998817438
2021-01-18T00:00:00.000000,46.0,0,46,7.0,0.0,0.0,0.0,0.0,34828.0,7923.0,0.0,0.0,0.0,0.0,0.0,100.0,0.0,56.0,2037.9799698941006
2021-01-19T00:00:00.000000,73.0,0,73,8.0,0.0,0.0,0.0,0.0,81714.0,17737.0,0.0,0.0,0.0,0.0,0.0,153.0,0.0,75.0,3156.720901447594
2021-01-20T00:00:00.000000,67.0,0,67,9.0,0.0,0.0,0.0,0.0,65765.0,14807.0,0.0,0.0,0.0,0.0,0.0,112.0,0.0,126.0,3962.7525331523357
2021-01-21T00:00:00.000000,47.0,0,47,9.0,0.0,0.0,0.0,0.0,54028.0,13999.0,0.0,0.0,0.0,0.0,0.0,112.0,0.0,77.0,1680.5807267943417
2021-01-22T00:00:00.000000,69.0,0,69,11.0,0.0,0.0,0.0,0.0,55913.0,17857.0,0.0,0.0,0.0,0.0,0.0,129.0,0.0,72.0,4275.995476385306
2021-01-23T00:00:00.000000,68.0,0,68,10.0,0.0,0.0,0.0,0.0,60551.0,14070.0,0.0,0.0,0.0,0.0,0.0,120.0,0.0,81.0,3795.741833117878
2021-01-24T00:00:00.000000,64.0,0,64,12.0,0.0,0.0,0.0,0.0,57331.0,13646.0,0.0,0.0,0.0,0.0,0.0,101.0,0.0,97.0,3937.1041220704324
2021-01-25T00:00:00.000000,54.0,0,54,13.0,0.0,0.0,0.0,0.0,62749.0,15796.0,0.0,0.0,0.0,0.0,0.0,109.0,0.0,86.0,2584.9400694274027
2021-01-26T00:00:00.000000,67.0,0,67,11.0,0.0,0.0,0.0,0.0,56024.0,12923.0,0.0,0.0,0.0,0.0,0.0,103.0,0.0,104.0,3710.078025199323
2021-01-27T00:00:00.000000,36.0,0,36,9.0,0.0,0.0,0.0,0.0,36437.0,7750.0,0.0,0.0,0.0,0.0,0.0,83.0,0.0,41.0,2297.0048718112503
2021-01-28T00:00:00.000000,73.0,0,73,14.0,0.0,0.0,0.0,0.0,70367.0,19640.0,0.0,0.0,0.0,0.0,0.0,129.0,0.0,109.0,4177.568158269469
2021-01-29T00:00:00.000000,74.0,0,74,14.0,0.0,0.0,0.0,0.0,71352.0,18166.0,0.0,0.0,0.0,0.0,0.0,126.0,0.0,135.0,4261.8427297619
2021-01-30T00:00:00.000000,84.0,0,84,14.0,0.0,0.0,0.0,0.0,95999.0,24997.0,0.0,0.0,0.0,0.0,0.0,150.0,0.0,132.0,4821.922010704677
2021-01-31T00:00:00.000000,78.0,0,78,15.0,0.0,0.0,0.0,0.0,91777.0,24312.0,0.0,0.0,0.0,0.0,0.0,127.0,0.0,121.0,5084.6616376581405
2021-02-01T00:00:00.000000,98.0,2,96,17.0,0.0,2.0,2918.0,118.0,95416.0,24016.0,0.0,0.0,2918.0,118.0,2.0,174.0,196.0,121.0,5867.760295007139
2021-02-02T00:00:00.000000,90.0,2,88,20.0,0.0,2.0,3594.0,1100.0,86487.0,21157.0,0.0,0.0,3594.0,1100.0,2.0,117.0,238.0,164.0,5493.045873855697
2021-02-03T00:00:00.000000,91.0,0,91,20.0,0.0,0.0,0.0,0.0,107165.0,23608.0,0.0,0.0,0.0,0.0,0.0,144.0,0.0,138.0,4651.542361813394
2021-02-04T00:00:00.000000,94.0,4,90,19.0,2.0,2.0,5269.0,1049.0,86703.0,21544.0,1757.0,663.0,3512.0,386.0,2.0,142.0,564.0,149.0,4861.124712466499
2021-02-05T00:00:00.000000,99.0,4,95,22.0,4.0,0.0,4478.0,1136.0,89004.0,22770.0,4478.0,1136.0,0.0,0.0,0.0,146.0,1466.0,165.0,5643.1174333510035
2021-02-06T00:00:00.000000,98.0,4,94,17.0,2.0,2.0,5652.0,1642.0,92056.0,27332.0,4056.0,1118.0,1596.0,524.0,2.0,178.0,3126.0,137.0,4502.0518907202495
2021-02-07T00:00:00.000000,86.0,1,85,22.0,0.0,1.0,2108.0,89.0,84753.0,21728.0,0.0,0.0,2108.0,89.0,4.0,132.0,1336.0,139.0,4385.08236441144
2021-02-08T00:00:00.000000,104.0,2,102,18.0,0.0,0.0,4388.0,984.0,93378.0,28712.0,0.0,0.0,0.0,0.0,0.0,168.0,128.0,135.0,2465.104919205884
2021-02-09T00:00:00.000000,97.0,0,97,20.0,0.0,0.0,0.0,0.0,80254.0,19178.0,0.0,0.0,0.0,0.0,0.0,130.0,0.0,128.0,5505.328508168588
2021-02-10T00:00:00.000000,125.0,2,123,24.0,0.0,2.0,1998.0,486.0,120217.0,32934.0,0.0,0.0,1998.0,486.0,4.0,189.0,846.0,183.0,7025.838949527141
2021-02-11T00:00:00.000000,130.0,6,124,26.0,0.0,6.0,6270.0,1166.0,119739.0,31215.0,0.0,0.0,6270.0,1166.0,9.0,200.0,2847.0,191.0,6760.621987171426
2021-02-12T00:00:00.000000,95.0,4,91,21.0,2.0,2.0,8602.0,2452.0,76981.0,18329.0,6080.0,1736.0,2522.0,716.0,2.0,150.0,2072.0,116.0,4738.321036219291
2021-02-13T00:00:00.000000,114.0,4,110,23.0,2.0,2.0,4780.0,1590.0,132190.0,30674.0,2598.0,424.0,2182.0,1166.0,2.0,177.0,410.0,172.0,6711.491608713631
2021-02-14T00:00:00.000000,97.0,2,95,23.0,0.0,2.0,2314.0,360.0,104513.0,28259.0,0.0,0.0,2314.0,360.0,2.0,207.0,736.0,186.0,4770.3257983566755
2021-02-15T00:00:00.000000,90.0,0,90,25.0,0.0,0.0,0.0,0.0,107894.0,24685.0,0.0,0.0,0.0,0.0,0.0,166.0,0.0,139.0,5532.381276966108
2021-02-16T00:00:00.000000,112.0,5,107,29.0,2.0,3.0,9883.0,1151.0,96914.0,28590.0,8356.0,680.0,1527.0,471.0,7.0,158.0,689.0,156.0,7096.798882963436
2021-02-17T00:00:00.000000,122.0,2,120,26.0,0.0,2.0,1700.0,654.0,165951.0,37393.0,0.0,0.0,1700.0,654.0,2.0,181.0,838.0,202.0,5653.284152526421
2021-02-18T00:00:00.000000,116.0,3,113,29.0,0.0,1.0,7707.0,2122.0,124853.0,28339.0,0.0,0.0,839.0,202.0,2.0,193.0,423.0,198.0,6311.48513474614
2021-02-19T00:00:00.000000,115.0,0,115,29.0,0.0,0.0,0.0,0.0,145790.0,36577.0,0.0,0.0,0.0,0.0,0.0,203.0,0.0,179.0,7224.676702396347
2021-02-20T00:00:00.000000,115.0,3,112,53.0,2.0,1.0,4148.0,417.0,126513.0,30434.0,3200.0,90.0,948.0,327.0,2.0,185.0,292.0,152.0,6972.116618848946
2021-02-21T00:00:00.000000,101.0,5,96,29.0,2.0,0.0,6564.0,1233.0,141376.0,46195.0,2612.0,500.0,0.0,0.0,0.0,216.0,824.0,154.0,6242.431258070739
2021-02-22T00:00:00.000000,110.0,5,105,37.0,1.0,4.0,10645.0,1604.0,110593.0,28307.0,243.0,0.0,10402.0,1604.0,4.0,184.0,958.0,132.0,6898.248392466232
2021-02-23T00:00:00.000000,105.0,0,105,38.0,0.0,0.0,0.0,0.0,122978.0,27568.0,0.0,0.0,0.0,0.0,0.0,181.0,0.0,178.0,5961.504729861441
2021-02-24T00:00:00.000000,149.0,6,143,38.0,2.0,2.0,9994.0,986.0,172137.0,39874.0,1418.0,120.0,6088.0,400.0,2.0,196.0,1382.0,224.0,9838.084818751317
2021-02-25T00:00:00.000000,134.0,2,132,37.0,0.0,2.0,2932.0,664.0,158497.0,34903.0,0.0,0.0,2932.0,664.0,10.0,225.0,1150.0,209.0,8059.534349727432
2021-02-26T00:00:00.000000,120.0,2,118,35.0,0.0,2.0,1462.0,184.0,124470.0,32099.0,0.0,0.0,1462.0,184.0,2.0,184.0,170.0,117.0,6820.162363943807
2021-02-27T00:00:00.000000,126.0,5,121,33.0,3.0,2.0,5721.0,1064.0,136845.0,35446.0,4057.0,1046.0,1664.0,18.0,2.0,234.0,651.0,193.0,7399.792778245051
2021-02-28T00:00:00.000000,137.0,6,131,34.0,0.0,2.0,12952.0,2150.0,128286.0,29608.0,0.0,0.0,1386.0,166.0,2.0,245.0,2774.0,122.0,8577.758938547093
2021-03-01T00:00:00.000000,122.0,5,117,39.0,0.0,4.0,11374.0,1482.0,160217.0,37776.0,0.0,0.0,8096.0,1200.0,6.0,272.0,4428.0,166.0,7412.887894464732
2021-03-02T00:00:00.000000,153.0,6,147,42.0,4.0,0.0,7920.0,720.0,172475.0,42835.0,6046.0,412.0,0.0,0.0,0.0,253.0,854.0,297.0,9235.940079074564
2021-03-03T00:00:00.000000,166.0,2,164,44.0,0.0,2.0,1414.0,106.0,183399.0,41564.0,0.0,0.0,1414.0,106.0,2.0,213.0,188.0,263.0,10289.123222269895
2021-03-04T00:00:00.000000,185.0,7,178,44.0,1.0,4.0,8096.0,1387.0,196064.0,43862.0,1794.0,389.0,4820.0,798.0,6.0,307.0,1902.0,307.0,11497.971754722545
2021-03-05T00:00:00.000000,150.0,6,144,42.0,0.0,6.0,11054.0,842.0,174077.0,35474.0,0.0,0.0,11054.0,842.0,6.0,227.0,644.0,243.0,9164.483875723112
2021-03-06T00:00:00.000000,118.0,6,112,36.0,0.0,3.0,12005.0,1716.0,145922.0,35234.0,0.0,0.0,4275.0,905.0,7.0,248.0,2848.0,212.0,7325.449162254418
2021-03-07T00:00:00.000000,133.0,2,131,37.0,0.0,1.0,3764.0,1046.0,151036.0,30876.0,0.0,0.0,906.0,136.0,1.0,258.0,522.0,207.0,8150.024960965138
2021-03-08T00:00:00.000000,102.0,1,101,37.0,1.0,0.0,719.0,69.0,115123.0,22680.0,719.0,69.0,0.0,0.0,0.0,148.0,35.0,176.0,6431.321518705683
2021-03-09T00:00:00.000000,147.0,0,147,43.0,0.0,0.0,0.0,0.0,178761.0,40012.0,0.0,0.0,0.0,0.0,0.0,215.0,0.0,207.0,7575.4470428638115
2021-03-10T00:00:00.000000,169.0,10,159,44.0,3.0,7.0,30323.0,6768.0,224483.0,49451.0,8183.0,2685.0,22140.0,4083.0,8.0,285.0,2316.0,297.0,9097.211665034089
2021-03-11T00:00:00.000000,145.0,5,140,43.0,0.0,4.0,6557.0,414.0,171991.0,41028.0,0.0,0.0,5034.0,351.0,12.0,281.0,4183.0,252.0,8223.013780877332
2021-03-12T00:00:00.000000,143.0,3,140,45.0,0.0,3.0,7239.0,1644.0,169964.0,42028.0,0.0,0.0,7239.0,1644.0,8.0,221.0,933.0,231.0,9318.21126178956
2021-03-13T00:00:00.000000,161.0,5,156,49.0,0.0,4.0,13094.0,2571.0,180777.0,41071.0,0.0,0.0,10796.0,2054.0,6.0,287.0,1207.0,316.0,9517.25413015754
2021-03-14T00:00:00.000000,139.0,3,136,48.0,0.0,1.0,7565.0,1028.0,172059.0,37517.0,0.0,0.0,563.0,62.0,3.0,225.0,1724.0,212.0,7662.609743442887
2021-03-15T00:00:00.000000,133.0,6,127,48.0,2.0,4.0,6317.0,1345.0,161935.0,40209.0,1922.0,402.0,4395.0,943.0,9.0,279.0,927.0,227.0,8513.970538856824
2021-03-16T00:00:00.000000,186.0,6,180,46.0,2.0,4.0,17008.0,3628.0,172826.0,44641.0,9246.0,1970.0,7762.0,1658.0,6.0,287.0,674.0,309.0,12256.904168914352
2021-03-17T00:00:00.000000,149.0,3,146,46.0,0.0,3.0,11463.0,2035.0,190159.0,37514.0,0.0,0.0,11463.0,2035.0,3.0,262.0,987.0,204.0,8591.985934684124
2021-03-18T00:00:00.000000,171.0,6,165,51.0,2.0,4.0,9710.0,2547.0,183819.0,43045.0,1578.0,868.0,8132.0,1679.0,7.0,271.0,881.0,310.0,10194.540752809055
2021-03-19T00:00:00.000000,176.0,2,174,52.0,0.0,2.0,3768.0,1104.0,186162.0,42607.0,0.0,0.0,3768.0,1104.0,2.0,240.0,182.0,237.0,10101.286349005164
2021-03-20T00:00:00.000000,164.0,9,155,51.0,0.0,8.0,13426.0,2248.0,187141.0,37249.0,0.0,0.0,13012.0,2218.0,10.0,280.0,2097.0,274.0,9250.661291076121
2021-03-21T00:00:00.000000,179.0,7,172,55.0,3.0,2.0,10710.0,1827.0,179272.0,38394.0,8070.0,1303.0,1230.0,186.0,4.0,327.0,2473.0,304.0,11245.981335685046
2021-03-22T00:00:00.000000,166.0,6,160,59.0,2.0,4.0,17168.0,3693.0,208735.0,50080.0,3064.0,796.0,14104.0,2897.0,9.0,283.0,1710.0,247.0,9953.287412764155
2021-03-23T00:00:00.000000,196.0,7,189,57.0,0.0,7.0,14666.0,1687.0,221623.0,51874.0,0.0,0.0,14666.0,1687.0,7.0,362.0,2178.0,343.0,11646.007759113665
2021-03-24T00:00:00.000000,169.0,12,157,56.0,2.0,8.0,37072.0,5894.0,197088.0,46969.0,8734.0,1500.0,18900.0,3278.0,10.0,295.0,3634.0,224.0,10243.706850379205
2021-03-25T00:00:00.000000,163.0,10,153,63.0,2.0,6.0,15914.0,4173.0,174371.0,40168.0,2133.0,321.0,6241.0,1339.0,10.0,263.0,5798.0,243.0,7359.771929414023
2021-03-26T00:00:00.000000,169.0,7,162,67.0,0.0,6.0,19180.0,3895.0,218627.0,48649.0,0.0,0.0,15005.0,2967.0,8.0,290.0,3014.0,260.0,10010.585154661336
2021-03-27T00:00:00.000000,135.0,2,133,56.0,0.0,1.0,6353.0,1380.0,190620.0,40728.0,0.0,0.0,4040.0,902.0,1.0,223.0,443.0,178.0,8050.416798522108
2021-03-28T00:00:00.000000,159.0,7,152,57.0,0.0,6.0,24490.0,4606.0,215429.0,50561.0,0.0,0.0,23134.0,4392.0,8.0,258.0,1351.0,269.0,9188.377664898371
2021-03-29T00:00:00.000000,151.0,6,145,57.0,2.0,1.0,4466.0,192.0,196051.0,41905.0,582.0,0.0,738.0,11.0,2.0,248.0,528.0,253.0,9493.001356276636
2021-03-30T00:00:00.000000,164.0,3,161,69.0,0.0,1.0,3493.0,541.0,210769.0,48804.0,0.0,0.0,566.0,0.0,1.0,259.0,328.0,264.0,9002.073806692253
2021-03-31T00:00:00.000000,157.0,10,147,63.0,2.0,8.0,31282.0,4414.0,183678.0,43090.0,19718.0,1616.0,11564.0,2798.0,21.0,240.0,4457.0,227.0,8853.033510135192
2021-04-01T00:00:00.000000,180.0,10,170,68.0,1.0,7.0,10409.0,1807.0,187938.0,44089.0,1751.0,862.0,6745.0,844.0,9.0,289.0,2081.0,316.0,10165.03925508405
2021-04-02T00:00:00.000000,186.0,12,174,72.0,4.0,6.0,19247.0,2954.0,208812.0,45110.0,5829.0,618.0,6580.0,1188.0,8.0,316.0,1260.0,291.0,10043.47175914059
2021-04-03T00:00:00.000000,128.0,8,120,54.0,1.0,4.0,10578.0,1246.0,171348.0,39134.0,2768.0,776.0,3476.0,308.0,6.0,238.0,1623.0,205.0,7189.734829299496
2021-04-04T00:00:00.000000,153.0,10,143,63.0,3.0,6.0,19617.0,4966.0,185431.0,40412.0,5555.0,2110.0,10108.0,2676.0,8.0,302.0,2643.0,254.0,8290.501880267057
2021-04-05T00:00:00.000000,173.0,6,167,63.0,3.0,2.0,9200.0,1813.0,193997.0,40445.0,3997.0,317.0,4376.0,1496.0,3.0,272.0,559.0,298.0,10562.977040055672
2021-04-06T00:00:00.000000,186.0,10,176,76.0,1.0,5.0,11266.0,1904.0,215441.0,48555.0,541.0,0.0,5259.0,413.0,7.0,295.0,1700.0,253.0,10826.030696276192
2021-04-07T00:00:00.000000,190.0,4,186,72.0,0.0,4.0,4732.0,1112.0,221214.0,55602.0,0.0,0.0,4732.0,1112.0,8.0,334.0,881.0,235.0,11288.561897255107
2021-04-08T00:00:00.000000,171.0,9,162,72.0,2.0,4.0,19500.0,4494.0,200997.0,48345.0,5048.0,1546.0,8938.0,1364.0,7.0,265.0,2163.0,274.0,10600.210987658236
2021-04-09T00:00:00.000000,158.0,10,148,63.0,1.0,6.0,16301.0,3448.0,175064.0,37228.0,331.0,0.0,13927.0,3078.0,10.0,242.0,2376.0,223.0,9359.524572444898
2021-04-10T00:00:00.000000,166.0,13,153,66.0,0.0,13.0,23489.0,5660.0,193968.0,49130.0,0.0,0.0,23489.0,5660.0,18.0,321.0,3197.0,260.0,9217.309785058938
2021-04-11T00:00:00.000000,174.0,11,163,71.0,0.0,5.0,19406.0,4274.0,208371.0,44502.0,0.0,0.0,6381.0,1274.0,10.0,344.0,6808.0,324.0,8973.790071652506
2021-04-12T00:00:00.000000,218.0,12,206,78.0,2.0,9.0,16917.0,2689.0,257647.0,56640.0,785.0,0.0,11029.0,1783.0,11.0,436.0,8484.0,395.0,12882.507107030413
2021-04-13T00:00:00.000000,230.0,15,209,77.0,4.0,10.0,39304.0,5734.0,287554.0,65187.0,18070.0,3280.0,20806.0,2454.0,28.0,476.0,14726.0,293.0,12893.610655268389
2021-04-14T00:00:00.000000,203.0,13,190,72.0,2.0,6.0,21805.0,5706.0,238704.0,50561.0,923.0,127.0,7847.0,1207.0,8.0,326.0,3224.0,278.0,11679.639168510259
2021-04-15T00:00:00.000000,198.0,3,195,82.0,1.0,2.0,8339.0,1498.0,255498.0,57233.0,1185.0,177.0,7154.0,1321.0,3.0,341.0,492.0,299.0,11724.8399877308
2021-04-16T00:00:00.000000,198.0,11,187,93.0,1.0,7.0,24556.0,2572.0,230732.0,52385.0,804.0,85.0,20542.0,1995.0,12.0,312.0,6748.0,365.0,11464.916756031276
2021-04-17T00:00:00.000000,225.0,7,218,80.0,0.0,4.0,19106.0,8392.0,306434.0,70880.0,0.0,0.0,15880.0,8392.0,6.0,397.0,7727.0,427.0,11385.705053622678
2021-04-18T00:00:00.000000,191.0,5,186,77.0,1.0,4.0,9658.0,1844.0,231852.0,45763.0,1347.0,277.0,8311.0,1567.0,5.0,302.0,827.0,352.0,10059.13788884994
2021-04-19T00:00:00.000000,200.0,11,189,84.0,2.0,8.0,36978.0,7895.0,220134.0,49458.0,2682.0,30.0,31479.0,7286.0,11.0,357.0,2484.0,298.0,10571.793196369996
2021-04-20T00:00:00.000000,224.0,5,219,91.0,2.0,2.0,7587.0,1098.0,263791.0,57298.0,2868.0,106.0,3618.0,966.0,2.0,380.0,758.0,276.0,12255.972919974412
2021-04-21T00:00:00.000000,202.0,4,198,84.0,0.0,3.0,4224.0,577.0,273686.0,66208.0,0.0,0.0,3466.0,567.0,6.0,312.0,704.0,300.0,11284.02370522544
2021-04-22T00:00:00.000000,184.0,7,177,79.0,0.0,6.0,17521.0,2286.0,238204.0,56116.0,0.0,0.0,16870.0,2165.0,9.0,297.0,1695.0,305.0,11378.06562338241
2021-04-23T00:00:00.000000,209.0,14,193,86.0,5.0,6.0,23495.0,5371.0,224474.0,57364.0,3819.0,849.0,15519.0,3339.0,6.0,378.0,2274.0,362.0,12863.1179906312
2021-04-24T00:00:00.000000,260.0,11,248,70.0,0.0,8.0,18495.0,3637.0,322576.0,74586.0,0.0,0.0,15795.0,3204.0,16.0,462.0,3859.0,402.0,13640.308076870277
2021-04-25T00:00:00.000000,208.0,8,200,75.0,2.0,6.0,26033.0,4945.0,255908.0,53815.0,9730.0,1670.0,16303.0,3275.0,6.0,407.0,1254.0,338.0,11307.178130505199
2021-04-26T00:00:00.000000,197.0,12,185,86.0,0.0,11.0,23530.0,5189.0,205690.0,49084.0,0.0,0.0,22049.0,4792.0,22.0,369.0,2304.0,347.0,9931.031181901853
2021-04-27T00:00:00.000000,186.0,4,182,80.0,0.0,4.0,5558.0,708.0,224681.0,51316.0,0.0,0.0,5558.0,708.0,7.0,320.0,689.0,339.0,10531.510094130348
2021-04-28T00:00:00.000000,188.0,8,180,73.0,2.0,6.0,18597.0,4751.0,207955.0,45247.0,4382.0,743.0,14215.0,4008.0,9.0,353.0,1803.0,285.0,10092.631790449042
2021-04-29T00:00:00.000000,188.0,10,178,84.0,0.0,8.0,21239.0,5482.0,196203.0,48502.0,0.0,0.0,18407.0,4270.0,12.0,359.0,3366.0,400.0,9815.445827626792
2021-04-30T00:00:00.000000,192.0,14,178,84.0,1.0,13.0,27162.0,6597.0,263611.0,66142.0,767.0,118.0,26395.0,6479.0,18.0,326.0,2352.0,402.0,10227.591430898743
2021-05-01T00:00:00.000000,154.0,10,144,70.0,1.0,7.0,31065.0,6416.0,221999.0,49751.0,4913.0,1443.0,24560.0,4973.0,11.0,273.0,2203.0,247.0,7703.721660316292
2021-05-02T00:00:00.000000,192.0,10,182,85.0,2.0,7.0,15457.0,4144.0,236991.0,54560.0,8148.0,2376.0,6629.0,1608.0,9.0,311.0,6359.0,224.0,11008.191157766383
2021-05-03T00:00:00.000000,236.0,12,224,88.0,4.0,6.0,26668.0,8271.0,293637.0,69961.0,4509.0,822.0,15579.0,6297.0,10.0,390.0,2554.0,306.0,10299.440649902936
2021-05-04T00:00:00.000000,230.0,14,216,85.0,1.0,9.0,37743.0,5718.0,262448.0,58286.0,842.0,103.0,29659.0,5137.0,14.0,426.0,5659.0,434.0,11369.2381835063
2021-05-05T00:00:00.000000,194.0,9,185,81.0,1.0,7.0,12810.0,2347.0,222679.0,53788.0,1175.0,184.0,10554.0,2066.0,7.0,361.0,1673.0,282.0,10284.235738626263
2021-05-06T00:00:00.000000,234.0,17,217,88.0,4.0,12.0,16682.0,2995.0,279773.0,64139.0,1856.0,102.0,13811.0,2627.0,17.0,388.0,6447.0,327.0,13550.62131042248
2021-05-07T00:00:00.000000,206.0,12,194,86.0,1.0,9.0,13761.0,1322.0,275040.0,57105.0,3179.0,471.0,7826.0,753.0,17.0,342.0,8328.0,377.0,11242.92813858061
2021-05-08T00:00:00.000000,166.0,12,154,70.0,6.0,6.0,18644.0,4972.0,251825.0,63231.0,11984.0,3560.0,6660.0,1412.0,6.0,283.0,4414.0,247.0,7030.511243761569
2021-05-09T00:00:00.000000,163.0,12,151,74.0,4.0,8.0,19129.0,6273.0,195820.0,42732.0,6423.0,1705.0,12706.0,4568.0,8.0,280.0,1918.0,273.0,8546.322505704935
2021-05-10T00:00:00.000000,192.0,16,176,80.0,3.0,9.0,37455.0,10873.0,224638.0,51063.0,5875.0,1339.0,18934.0,4340.0,13.0,349.0,6884.0,338.0,11320.447802441486
2021-05-11T00:00:00.000000,196.0,10,186,84.0,4.0,2.0,57416.0,27084.0,250081.0,59522.0,26730.0,7074.0,2852.0,110.0,2.0,337.0,3778.0,354.0,11485.435801772466
2021-05-12T00:00:00.000000,158.0,10,148,84.0,4.0,5.0,27099.0,8207.0,234207.0,56176.0,12586.0,2415.0,9388.0,4386.0,12.0,335.0,11712.0,258.0,8933.392113222182
2021-05-13T00:00:00.000000,177.0,12,165,77.0,3.0,8.0,33845.0,8161.0,219357.0,51638.0,4996.0,496.0,28320.0,7565.0,12.0,288.0,4404.0,288.0,9525.745775575435
2021-05-14T00:00:00.000000,175.0,8,167,77.0,2.0,6.0,24926.0,4206.0,237940.0,54044.0,5840.0,1064.0,19086.0,3142.0,8.0,347.0,5892.0,263.0,9472.680887173476
2021-05-15T00:00:00.000000,174.0,11,163,80.0,1.0,6.0,25315.0,5599.0,192694.0,48300.0,1956.0,175.0,14278.0,3710.0,7.0,307.0,2973.0,289.0,9454.792179504326
2021-05-16T00:00:00.000000,185.0,14,171,75.0,3.0,10.0,38080.0,11432.0,189030.0,47201.0,7091.0,2560.0,29504.0,8672.0,17.0,369.0,4556.0,257.0,9851.217774312028
2021-05-17T00:00:00.000000,170.0,18,152,76.0,3.0,12.0,23310.0,5369.0,180753.0,47867.0,4650.0,703.0,15330.0,4090.0,15.0,294.0,7394.0,259.0,8812.720396519395
2021-05-18T00:00:00.000000,177.0,6,171,86.0,0.0,5.0,13332.0,2129.0,235222.0,50532.0,0.0,0.0,7943.0,976.0,7.0,313.0,815.0,333.0,10347.666130057152
2021-05-19T00:00:00.000000,186.0,23,163,88.0,3.0,17.0,53680.0,11674.0,218278.0,50941.0,8436.0,1250.0,28484.0,4536.0,26.0,359.0,6992.0,402.0,10437.076701625965
2021-05-20T00:00:00.000000,174.0,13,161,83.0,4.0,9.0,26069.0,5179.0,224394.0,48134.0,8374.0,1033.0,17695.0,4146.0,14.0,356.0,1787.0,351.0,9620.476064534883
2021-05-21T00:00:00.000000,158.0,10,148,85.0,3.0,3.0,21497.0,3336.0,178892.0,46892.0,10685.0,1749.0,7241.0,1038.0,4.0,267.0,2477.0,234.0,9461.353997125387
2021-05-22T00:00:00.000000,159.0,12,147,80.0,4.0,6.0,19626.0,3598.0,178875.0,41866.0,7567.0,1359.0,9662.0,1808.0,7.0,278.0,1506.0,271.0,8577.200788631084
2021-05-23T00:00:00.000000,167.0,16,151,80.0,5.0,9.0,43894.0,12578.0,230719.0,55951.0,7151.0,1823.0,35578.0,10416.0,11.0,332.0,4089.0,240.0,8971.289054272844
2021-05-24T00:00:00.000000,150.0,3,147,80.0,1.0,1.0,5001.0,923.0,193067.0,44761.0,2761.0,401.0,1177.0,334.0,1.0,243.0,481.0,256.0,8323.19245939438
2021-05-25T00:00:00.000000,163.0,15,148,75.0,0.0,13.0,24062.0,3467.0,195987.0,47117.0,0.0,0.0,20638.0,3335.0,16.0,339.0,5855.0,303.0,8905.939387794193
2021-05-26T00:00:00.000000,171.0,14,157,90.0,5.0,6.0,15882.0,2566.0,204557.0,43936.0,4626.0,793.0,8311.0,989.0,7.0,329.0,2729.0,313.0,9422.318630192873
2021-05-27T00:00:00.000000,154.0,15,139,93.0,2.0,9.0,23760.0,6467.0,185380.0,44512.0,2551.0,474.0,11985.0,2566.0,10.0,254.0,3429.0,256.0,9036.26127394936
2021-05-28T00:00:00.000000,143.0,14,129,72.0,2.0,10.0,31147.0,6723.0,154760.0,33468.0,4281.0,877.0,23366.0,5628.0,14.0,257.0,6703.0,208.0,8205.338437065779
2021-05-29T00:00:00.000000,166.0,19,147,74.0,10.0,8.0,48804.0,9324.0,203118.0,43536.0,32532.0,7146.0,15089.0,1987.0,16.0,386.0,8687.0,322.0,8553.684023888154
2021-05-30T00:00:00.000000,157.0,16,141,76.0,1.0,11.0,25968.0,4878.0,216120.0,43341.0,1369.0,511.0,21687.0,4143.0,18.0,320.0,4183.0,287.0,8059.904023639935
2021-05-31T00:00:00.000000,128.0,9,119,71.0,2.0,5.0,11962.0,1305.0,166928.0,35641.0,3806.0,626.0,3770.0,225.0,6.0,257.0,1975.0,206.0,6607.583248883568
2021-06-01T00:00:00.000000,150.0,12,138,83.0,4.0,5.0,10839.0,1424.0,216189.0,52398.0,4147.0,381.0,3975.0,730.0,9.0,309.0,3272.0,285.0,8215.174530704726
2021-06-02T00:00:00.000000,179.0,24,155,78.0,1.0,22.0,45592.0,7095.0,211868.0,46579.0,2748.0,384.0,41436.0,6384.0,36.0,389.0,5335.0,311.0,10226.666022586267
2021-06-03T00:00:00.000000,143.0,12,131,83.0,3.0,7.0,15687.0,3522.0,180936.0,43525.0,5349.0,1615.0,9106.0,1633.0,14.0,298.0,1096.0,271.0,8175.477473750579
2021-06-04T00:00:00.000000,183.0,16,167,81.0,5.0,7.0,43789.0,11476.0,234377.0,50190.0,15039.0,5012.0,25814.0,5912.0,9.0,334.0,3637.0,318.0,9736.516649617024
2021-06-05T00:00:00.000000,147.0,18,129,80.0,3.0,13.0,33552.0,6780.0,196903.0,41248.0,6590.0,1848.0,24808.0,4286.0,18.0,293.0,2505.0,275.0,8228.09082363294
2021-06-06T00:00:00.000000,141.0,8,133,66.0,4.0,2.0,16434.0,2110.0,164234.0,40911.0,8912.0,1339.0,3971.0,225.0,2.0,260.0,2639.0,292.0,7981.997513856687
2021-06-07T00:00:00.000000,168.0,12,156,79.0,5.0,7.0,15957.0,3419.0,203914.0,45122.0,8073.0,2016.0,7884.0,1403.0,9.0,367.0,3080.0,270.0,9291.267589623538
2021-06-08T00:00:00.000000,184.0,16,168,80.0,1.0,14.0,38495.0,6456.0,268212.0,56742.0,507.0,81.0,35590.0,5740.0,21.0,358.0,4347.0,281.0,9797.226867959256
2021-06-09T00:00:00.000000,187.0,18,169,89.0,2.0,10.0,36840.0,8534.0,252954.0,50148.0,3468.0,682.0,22210.0,5913.0,20.0,351.0,5121.0,278.0,9786.382015175775
2021-06-10T00:00:00.000000,171.0,13,158,84.0,6.0,3.0,28328.0,5253.0,213099.0,50417.0,9810.0,1345.0,3255.0,1139.0,8.0,368.0,2721.0,330.0,8097.255368941515
2021-06-11T00:00:00.000000,136.0,15,121,74.0,3.0,10.0,26766.0,5190.0,184791.0,47182.0,4412.0,254.0,18740.0,4189.0,13.0,229.0,5266.0,192.0,7116.9973541667805
2021-06-12T00:00:00.000000,153.0,14,139,74.0,5.0,8.0,28239.0,6967.0,159408.0,42440.0,11108.0,4055.0,16123.0,2886.0,15.0,276.0,4840.0,301.0,8636.977708145214
2021-06-13T00:00:00.000000,147.0,16,131,76.0,4.0,11.0,35016.0,16272.0,181478.0,37396.0,20166.0,14007.0,13905.0,2240.0,14.0,307.0,5391.0,246.0,7580.963550738638
2021-06-14T00:00:00.000000,145.0,17,128,81.0,2.0,11.0,30121.0,4272.0,172209.0,37442.0,2824.0,493.0,21316.0,2365.0,15.0,274.0,7135.0,281.0,8239.110402687547
2021-06-15T00:00:00.000000,140.0,10,130,74.0,3.0,5.0,12173.0,1480.0,191326.0,45871.0,5989.0,674.0,4830.0,607.0,11.0,220.0,2834.0,253.0,8568.679343395172
2021-06-16T00:00:00.000000,142.0,18,124,80.0,6.0,10.0,37331.0,7402.0,198512.0,51187.0,12090.0,2634.0,19090.0,3312.0,15.0,268.0,3714.0,285.0,7174.856739380932
2021-06-17T00:00:00.000000,145.0,20,125,76.0,7.0,10.0,49806.0,9971.0,226805.0,50506.0,14035.0,2293.0,33623.0,7369.0,14.0,317.0,8402.0,290.0,8326.433665397928
2021-06-18T00:00:00.000000,127.0,17,110,70.0,4.0,8.0,31573.0,8091.0,185785.0,39326.0,7577.0,2396.0,16063.0,3990.0,8.0,266.0,2692.0,248.0,6865.994434739669
2021-06-19T00:00:00.000000,112.0,25,87,64.0,4.0,11.0,42287.0,6548.0,120887.0,26975.0,8343.0,1969.0,23932.0,3810.0,13.0,185.0,5943.0,192.0,5764.130615394058
2021-06-20T00:00:00.000000,141.0,16,125,65.0,2.0,7.0,22415.0,4594.0,175990.0,36438.0,2653.0,993.0,12028.0,2403.0,13.0,309.0,3564.0,263.0,8276.581313651683
2021-06-21T00:00:00.000000,147.0,15,132,97.0,5.0,9.0,20032.0,4680.0,206231.0,42371.0,8730.0,2151.0,10711.0,2489.0,14.0,260.0,2793.0,250.0,7473.863673077754
2021-06-22T00:00:00.000000,152.0,13,139,80.0,4.0,8.0,23349.0,3878.0,219057.0,42387.0,6239.0,790.0,15582.0,2627.0,14.0,380.0,4740.0,275.0,8037.9214347270035
2021-06-23T00:00:00.000000,151.0,16,135,90.0,3.0,10.0,27053.0,5333.0,217030.0,53293.0,3671.0,642.0,21094.0,4090.0,17.0,287.0,5103.0,278.0,8080.400026233572
2021-06-24T00:00:00.000000,162.0,14,148,89.0,5.0,6.0,21709.0,3010.0,214875.0,39227.0,6307.0,591.0,13495.0,2174.0,10.0,393.0,2757.0,322.0,8604.305951642513
2021-06-25T00:00:00.000000,148.0,14,134,70.0,5.0,7.0,16344.0,2048.0,158453.0,37588.0,7321.0,1205.0,7389.0,837.0,15.0,369.0,2888.0,243.0,7786.344333187367
2021-06-26T00:00:00.000000,120.0,18,102,65.0,6.0,9.0,25227.0,3693.0,135949.0,28418.0,10463.0,821.0,13015.0,2682.0,9.0,205.0,4136.0,189.0,6797.885728871784
2021-06-27T00:00:00.000000,119.0,14,105,67.0,7.0,5.0,23373.0,5045.0,145216.0,31116.0,15551.0,3717.0,5429.0,962.0,5.0,285.0,1789.0,183.0,6618.658987024786
2021-06-28T00:00:00.000000,110.0,12,98,67.0,4.0,6.0,31983.0,7864.0,120656.0,27799.0,13197.0,2037.0,14592.0,4977.0,14.0,261.0,6410.0,224.0,6066.785782588339
2021-06-29T00:00:00.000000,157.0,14,143,81.0,6.0,8.0,33342.0,6330.0,209897.0,40651.0,20078.0,4387.0,13264.0,1943.0,12.0,349.0,2355.0,293.0,9097.582552430998
2021-06-30T00:00:00.000000,152.0,12,140,84.0,1.0,6.0,16774.0,3332.0,214688.0,45674.0,1574.0,634.0,6014.0,1613.0,9.0,340.0,1952.0,307.0,7620.951572943709
2021-07-01T00:00:00.000000,137.0,8,129,72.0,2.0,5.0,13444.0,2909.0,199779.0,46869.0,4512.0,1162.0,7992.0,1563.0,10.0,276.0,5025.0,249.0,7808.061643351384
2021-07-02T00:00:00.000000,124.0,10,114,75.0,3.0,6.0,11178.0,2826.0,196365.0,45785.0,2820.0,1038.0,7196.0,1555.0,9.0,269.0,2234.0,207.0,7338.505055527519
2021-07-03T00:00:00.000000,104.0,14,90,65.0,3.0,8.0,20137.0,4730.0,117091.0,26421.0,6353.0,1002.0,10430.0,2987.0,11.0,220.0,2406.0,208.0,5986.354100064274
2021-07-04T00:00:00.000000,120.0,12,108,70.0,2.0,10.0,17120.0,3289.0,175208.0,37017.0,2677.0,332.0,14443.0,2957.0,14.0,238.0,13116.0,225.0,6446.581288634046
2021-07-05T00:00:00.000000,152.0,15,137,79.0,2.0,13.0,36389.0,6850.0,183789.0,44460.0,1200.0,186.0,35189.0,6664.0,25.0,378.0,3891.0,268.0,9410.141629887145
2021-07-06T00:00:00.000000,139.0,13,126,74.0,0.0,12.0,21748.0,3632.0,180733.0,48651.0,0.0,0.0,20827.0,3451.0,13.0,274.0,3069.0,234.0,7984.976880501893
2021-07-07T00:00:00.000000,137.0,9,128,80.0,0.0,6.0,16695.0,2798.0,189329.0,46703.0,0.0,0.0,12757.0,2164.0,10.0,235.0,1787.0,247.0,7319.300397226021
2021-07-08T00:00:00.000000,144.0,22,122,75.0,4.0,15.0,33090.0,8109.0,150511.0,35609.0,3956.0,945.0,25915.0,6409.0,24.0,252.0,6620.0,214.0,9014.56657222362
2021-07-09T00:00:00.000000,118.0,13,105,70.0,2.0,9.0,22097.0,3838.0,145004.0,31205.0,2283.0,407.0,16936.0,2921.0,13.0,253.0,4192.0,223.0,6495.630503193149
2021-07-10T00:00:00.000000,103.0,7,96,67.0,2.0,4.0,14489.0,2321.0,156032.0,33335.0,4346.0,752.0,8968.0,1473.0,6.0,199.0,933.0,143.0,5832.399851659544
2021-07-11T00:00:00.000000,150.0,15,135,73.0,1.0,7.0,20948.0,4298.0,179719.0,42843.0,1231.0,3.0,12795.0,2977.0,12.0,315.0,5372.0,282.0,8216.943879203065
2021-07-12T00:00:00.000000,127.0,14,113,68.0,7.0,7.0,35672.0,7807.0,161651.0,38898.0,10474.0,3567.0,25198.0,4240.0,14.0,255.0,3073.0,202.0,7016.135148612015
2021-07-13T00:00:00.000000,146.0,8,138,81.0,1.0,5.0,10397.0,2013.0,180641.0,38711.0,566.0,103.0,6388.0,1190.0,8.0,276.0,2680.0,240.0,7507.641328287358
2021-07-14T00:00:00.000000,156.0,13,143,83.0,5.0,7.0,22865.0,5345.0,193703.0,40254.0,7468.0,2532.0,13993.0,2650.0,15.0,341.0,3037.0,332.0,8932.909920095974
2021-07-15T00:00:00.000000,157.0,16,141,78.0,3.0,13.0,36829.0,7031.0,201261.0,43861.0,6098.0,1627.0,30731.0,5404.0,16.0,381.0,4760.0,264.0,8845.609693666102
2021-07-16T00:00:00.000000,117.0,13,104,75.0,4.0,9.0,24520.0,5044.0,132334.0,30138.0,5093.0,1515.0,19427.0,3529.0,12.0,224.0,1733.0,208.0,6377.208859598644
2021-07-17T00:00:00.000000,125.0,20,105,69.0,8.0,5.0,35325.0,7235.0,169529.0,34278.0,12059.0,3080.0,13101.0,1785.0,5.0,223.0,6925.0,200.0,6803.569417093351
2021-07-18T00:00:00.000000,133.0,21,112,69.0,5.0,14.0,29938.0,5791.0,167679.0,34276.0,6152.0,1595.0,20454.0,3684.0,18.0,267.0,4263.0,234.0,7838.170767723013
2021-07-19T00:00:00.000000,115.0,6,109,61.0,2.0,4.0,13800.0,2789.0,181519.0,37142.0,6666.0,1446.0,7134.0,1343.0,7.0,271.0,2619.0,248.0,6704.271343483525
2021-07-20T00:00:00.000000,160.0,13,147,83.0,3.0,10.0,23769.0,6293.0,182724.0,47832.0,4662.0,1281.0,19107.0,5012.0,21.0,357.0,12521.0,294.0,9133.209269083136
2021-07-21T00:00:00.000000,151.0,23,128,89.0,8.0,11.0,53387.0,11399.0,199046.0,48166.0,20678.0,5203.0,17654.0,4076.0,14.0,308.0,5298.0,237.0,8809.308391720651
2021-07-22T00:00:00.000000,123.0,15,108,84.0,5.0,6.0,29831.0,6074.0,157059.0,31698.0,6921.0,926.0,16047.0,3721.0,7.0,245.0,3383.0,229.0,6858.737727147742
2021-07-23T00:00:00.000000,116.0,14,102,69.0,3.0,11.0,20434.0,3649.0,231903.0,50535.0,2902.0,532.0,17532.0,3117.0,11.0,244.0,6678.0,249.0,6534.438329447312
2021-07-24T00:00:00.000000,110.0,9,101,71.0,2.0,5.0,12263.0,2382.0,169106.0,41091.0,2804.0,651.0,8463.0,1569.0,8.0,224.0,1437.0,191.0,6073.19252591484
2021-07-25T00:00:00.000000,126.0,11,115,67.0,2.0,9.0,13523.0,3423.0,166144.0,36872.0,3799.0,724.0,9724.0,2699.0,13.0,233.0,3390.0,241.0,7194.545691604811
2021-07-26T00:00:00.000000,124.0,12,112,77.0,1.0,8.0,22453.0,4829.0,162981.0,44294.0,1270.0,16.0,10941.0,2613.0,8.0,263.0,1793.0,222.0,6496.458559808681
2021-07-27T00:00:00.000000,130.0,15,115,79.0,3.0,9.0,18323.0,3874.0,184020.0,42268.0,3339.0,1034.0,10884.0,2546.0,14.0,271.0,5592.0,255.0,7337.14261985167
2021-07-28T00:00:00.000000,139.0,14,125,79.0,4.0,7.0,17299.0,4935.0,177749.0,36580.0,7330.0,2019.0,6688.0,2036.0,13.0,355.0,4474.0,253.0,7604.484012438079
2021-07-29T00:00:00.000000,157.0,20,137,84.0,1.0,13.0,40911.0,6542.0,249018.0,56323.0,2960.0,607.0,18199.0,3318.0,16.0,367.0,6760.0,283.0,7954.32495619362
2021-07-30T00:00:00.000000,137.0,14,123,86.0,5.0,5.0,25609.0,5554.0,194951.0,44651.0,10271.0,1325.0,6787.0,1318.0,8.0,315.0,5254.0,173.0,6990.916850333027
2021-07-31T00:00:00.000000,135.0,20,115,65.0,5.0,10.0,56941.0,12716.0,183923.0,41705.0,16467.0,3230.0,33102.0,7029.0,11.0,350.0,5177.0,244.0,6530.122949619705
2021-08-01T00:00:00.000000,112.0,17,95,68.0,3.0,11.0,28279.0,6230.0,162660.0,41841.0,9963.0,2002.0,13898.0,3093.0,15.0,212.0,4243.0,240.0,4988.685646178121
2021-08-02T00:00:00.000000,119.0,16,103,76.0,4.0,10.0,30772.0,5979.0,187878.0,41893.0,10409.0,2100.0,18678.0,3273.0,14.0,221.0,3850.0,262.0,6415.3453702301185
2021-08-03T00:00:00.000000,123.0,10,113,76.0,2.0,6.0,14098.0,3719.0,182542.0,42144.0,3012.0,528.0,7778.0,1986.0,13.0,256.0,4357.0,232.0,6735.689532877105
2021-08-04T00:00:00.000000,182.0,23,159,91.0,4.0,12.0,36406.0,8744.0,240101.0,53029.0,4484.0,1035.0,21043.0,4449.0,18.0,367.0,5318.0,338.0,10434.232714166084
2021-08-05T00:00:00.000000,149.0,14,135,73.0,7.0,5.0,33164.0,4197.0,229461.0,46771.0,12763.0,1567.0,13121.0,1428.0,9.0,377.0,5620.0,261.0,7745.421118647332
2021-08-06T00:00:00.000000,138.0,30,108,75.0,5.0,12.0,57443.0,11402.0,165097.0,36413.0,9491.0,1879.0,14104.0,3497.0,22.0,416.0,11640.0,324.0,7617.740063140661
2021-08-07T00:00:00.000000,112.0,18,94,67.0,1.0,12.0,39958.0,6634.0,111121.0,25662.0,2387.0,606.0,27747.0,4534.0,20.0,200.0,4224.0,187.0,5528.210984634057
2021-08-08T00:00:00.000000,147.0,15,132,94.0,4.0,8.0,20984.0,2894.0,224602.0,62339.0,10108.0,1467.0,7480.0,1094.0,9.0,252.0,2963.0,204.0,8152.629445552024
2021-08-09T00:00:00.000000,154.0,12,142,84.0,1.0,11.0,15769.0,3833.0,182159.0,39886.0,3240.0,852.0,12529.0,2981.0,18.0,315.0,3611.0,240.0,8072.0269229871765
2021-08-10T00:00:00.000000,142.0,17,125,85.0,8.0,7.0,37743.0,8152.0,180942.0,46848.0,23521.0,4762.0,8435.0,2334.0,10.0,456.0,3733.0,230.0,8061.2828685423165
2021-08-11T00:00:00.000000,167.0,13,154,88.0,3.0,7.0,40155.0,4723.0,219005.0,42745.0,10796.0,1859.0,12421.0,1149.0,9.0,329.0,2883.0,273.0,9553.689678397244
2021-08-12T00:00:00.000000,138.0,21,117,77.0,5.0,14.0,48873.0,12425.0,198408.0,43814.0,11444.0,1906.0,35972.0,10158.0,16.0,291.0,4572.0,229.0,6941.350214703669
2021-08-13T00:00:00.000000,118.0,8,110,74.0,3.0,4.0,26122.0,8268.0,200991.0,44325.0,7542.0,2243.0,17021.0,5582.0,4.0,315.0,1799.0,188.0,6777.970940848427
2021-08-14T00:00:00.000000,132.0,18,114,74.0,3.0,10.0,34800.0,5525.0,168213.0,37998.0,4781.0,825.0,19560.0,3398.0,16.0,268.0,6303.0,258.0,7207.07706569454
2021-08-15T00:00:00.000000,129.0,23,106,78.0,6.0,13.0,65116.0,11899.0,145985.0,35223.0,28119.0,5773.0,27849.0,4852.0,19.0,274.0,5698.0,252.0,7464.835278495169
2021-08-16T00:00:00.000000,157.0,8,149,81.0,1.0,5.0,11537.0,2352.0,243223.0,52730.0,647.0,66.0,6324.0,1568.0,8.0,293.0,1760.0,217.0,9067.241165166279
2021-08-17T00:00:00.000000,151.0,11,140,82.0,2.0,7.0,19733.0,3176.0,212850.0,45724.0,1677.0,305.0,11214.0,1939.0,9.0,319.0,5881.0,205.0,7666.944010379232
2021-08-18T00:00:00.000000,164.0,20,144,84.0,5.0,14.0,24900.0,4133.0,218226.0,49538.0,8566.0,2134.0,15173.0,1721.0,25.0,388.0,7326.0,329.0,8286.333690092324
2021-08-19T00:00:00.000000,128.0,9,119,82.0,1.0,7.0,12260.0,2401.0,179556.0,39425.0,1996.0,250.0,9533.0,2061.0,10.0,253.0,1482.0,214.0,7631.91997595751
2021-08-20T00:00:00.000000,152.0,13,139,81.0,4.0,6.0,35049.0,7025.0,185944.0,39468.0,12262.0,2738.0,14909.0,3001.0,11.0,312.0,5143.0,205.0,8022.532281492227
2021-08-21T00:00:00.000000,133.0,18,115,80.0,6.0,10.0,26490.0,5710.0,191067.0,38655.0,13274.0,3147.0,10228.0,2003.0,11.0,286.0,3558.0,283.0,7246.634484117046
2021-08-22T00:00:00.000000,130.0,13,117,67.0,5.0,4.0,34175.0,5972.0,181886.0,45958.0,11922.0,2320.0,9117.0,1436.0,4.0,263.0,3654.0,231.0,6128.344389877732
2021-08-23T00:00:00.000000,132.0,9,123,75.0,4.0,5.0,21830.0,4230.0,148702.0,27538.0,11237.0,3453.0,10593.0,777.0,11.0,350.0,5688.0,203.0,6540.916123701681
2021-08-24T00:00:00.000000,149.0,6,143,75.0,1.0,5.0,16202.0,4721.0,234356.0,55629.0,6266.0,993.0,9936.0,3728.0,6.0,313.0,4088.0,253.0,8367.597224294714
2021-08-25T00:00:00.000000,142.0,12,130,76.0,6.0,6.0,16927.0,2795.0,214199.0,42882.0,7049.0,871.0,9878.0,1924.0,9.0,437.0,1762.0,248.0,7940.895353186771
2021-08-26T00:00:00.000000,152.0,17,135,80.0,2.0,12.0,31591.0,4602.0,178515.0,38308.0,4412.0,1300.0,22201.0,2753.0,24.0,265.0,3119.0,257.0,8208.28223995574
2021-08-27T00:00:00.000000,156.0,23,133,89.0,2.0,16.0,44869.0,8089.0,199857.0,45610.0,1923.0,125.0,31485.0,6607.0,27.0,346.0,6837.0,253.0,6933.826975759934
2021-08-28T00:00:00.000000,140.0,8,132,73.0,2.0,4.0,19517.0,3187.0,171661.0,43004.0,11006.0,1430.0,5310.0,874.0,8.0,297.0,2389.0,223.0,6654.036101820404
2021-08-29T00:00:00.000000,157.0,13,144,86.0,2.0,7.0,23364.0,3932.0,194732.0,44934.0,1661.0,166.0,16262.0,2938.0,10.0,396.0,5207.0,247.0,7680.193610920893
2021-08-30T00:00:00.000000,124.0,9,115,77.0,2.0,5.0,13672.0,3231.0,177923.0,38938.0,4060.0,605.0,5628.0,1035.0,7.0,240.0,2868.0,192.0,6539.0916422219025
2021-08-31T00:00:00.000000,151.0,16,135,82.0,8.0,6.0,37703.0,7177.0,188704.0,42803.0,16151.0,2852.0,17249.0,3295.0,9.0,289.0,3219.0,282.0,8530.41599529029
2021-09-01T00:00:00.000000,169.0,12,157,98.0,6.0,6.0,28628.0,4357.0,226629.0,52920.0,16287.0,2239.0,12341.0,2118.0,6.0,366.0,3357.0,317.0,9866.863845113508
2021-09-02T00:00:00.000000,203.0,28,175,102.0,9.0,16.0,59065.0,8798.0,254865.0,57422.0,24292.0,2676.0,28974.0,5796.0,27.0,374.0,7593.0,332.0,10726.902435692595
2021-09-03T00:00:00.000000,161.0,22,139,87.0,10.0,10.0,44727.0,6965.0,180805.0,43173.0,27111.0,5022.0,15901.0,1593.0,21.0,339.0,8079.0,300.0,9420.867176390437
2021-09-04T00:00:00.000000,141.0,11,130,71.0,2.0,5.0,27617.0,7687.0,187322.0,41515.0,1872.0,86.0,12925.0,3575.0,7.0,327.0,2999.0,226.0,7185.522318021789
2021-09-05T00:00:00.000000,159.0,18,141,81.0,3.0,10.0,27716.0,5819.0,206477.0,44155.0,2603.0,219.0,17989.0,4873.0,11.0,323.0,4205.0,222.0,8766.311284487332
2021-09-06T00:00:00.000000,173.0,10,163,90.0,2.0,5.0,43110.0,3857.0,264469.0,58038.0,4850.0,670.0,13649.0,1421.0,9.0,397.0,2251.0,257.0,8707.994721580884
2021-09-07T00:00:00.000000,164.0,16,148,88.0,4.0,11.0,24964.0,3847.0,228571.0,50777.0,5068.0,848.0,19486.0,2911.0,15.0,345.0,3790.0,306.0,9543.949968855446
2021-09-08T00:00:00.000000,162.0,22,140,101.0,8.0,11.0,38249.0,8418.0,224808.0,49644.0,10460.0,1720.0,21303.0,5909.0,15.0,357.0,3212.0,286.0,7909.768329662038
2021-09-09T00:00:00.000000,150.0,21,129,90.0,8.0,12.0,40187.0,7226.0,202131.0,41898.0,18717.0,3071.0,19087.0,3711.0,18.0,287.0,4767.0,245.0,8553.518333394628
2021-09-10T00:00:00.000000,146.0,11,135,96.0,1.0,10.0,23006.0,6084.0,216836.0,51620.0,1198.0,210.0,21808.0,5874.0,16.0,312.0,3983.0,247.0,6889.029902626808
2021-09-11T00:00:00.000000,142.0,16,126,78.0,7.0,6.0,20763.0,3906.0,189208.0,46646.0,10997.0,1905.0,7081.0,1645.0,6.0,260.0,3935.0,251.0,8777.597573570414
2021-09-12T00:00:00.000000,148.0,15,133,76.0,6.0,7.0,26834.0,6283.0,176362.0,37936.0,11366.0,2081.0,12872.0,3352.0,7.0,251.0,2869.0,228.0,7869.949996139157
2021-09-13T00:00:00.000000,192.0,26,166,93.0,6.0,16.0,42523.0,7433.0,217583.0,50583.0,13983.0,1924.0,24758.0,4981.0,26.0,399.0,5730.0,348.0,9803.528406775675
2021-09-14T00:00:00.000000,155.0,22,133,90.0,11.0,8.0,39000.0,6196.0,188235.0,43376.0,21475.0,4162.0,12388.0,1556.0,15.0,297.0,5106.0,215.0,8608.343363196784
2021-09-15T00:00:00.000000,190.0,25,165,105.0,2.0,21.0,43855.0,6258.0,226301.0,50899.0,2964.0,197.0,38779.0,5674.0,22.0,385.0,4784.0,346.0,10078.259476012232
2021-09-16T00:00:00.000000,189.0,17,172,104.0,3.0,14.0,30234.0,6865.0,244354.0,44168.0,4706.0,861.0,25528.0,6004.0,29.0,429.0,8330.0,370.0,9789.23281221152
2021-09-17T00:00:00.000000,184.0,18,166,100.0,3.0,12.0,35008.0,6365.0,223681.0,54017.0,8831.0,1836.0,20149.0,3261.0,22.0,280.0,4536.0,321.0,9997.693138950055
2021-09-18T00:00:00.000000,153.0,23,130,83.0,5.0,17.0,55045.0,10579.0,238214.0,49722.0,14816.0,1667.0,39231.0,8687.0,24.0,312.0,3973.0,284.0,8546.501420455894
2021-09-19T00:00:00.000000,166.0,24,142,81.0,4.0,20.0,39453.0,7391.0,246516.0,47264.0,7874.0,1516.0,31579.0,5875.0,30.0,334.0,7731.0,396.0,8601.675422961755
2021-09-20T00:00:00.000000,164.0,9,155,98.0,1.0,6.0,15902.0,3466.0,253086.0,57161.0,1673.0,249.0,8235.0,1715.0,9.0,355.0,2500.0,246.0,8483.041380299384
2021-09-21T00:00:00.000000,197.0,25,172,96.0,2.0,19.0,50823.0,9955.0,243981.0,54541.0,2685.0,307.0,43412.0,8482.0,26.0,373.0,5341.0,283.0,11552.735703248782
2021-09-22T00:00:00.000000,174.0,17,157,94.0,4.0,11.0,21694.0,3864.0,257518.0,55255.0,5668.0,1386.0,13980.0,2119.0,13.0,299.0,6694.0,327.0,8556.746282439432
2021-09-23T00:00:00.000000,187.0,19,168,103.0,3.0,13.0,32316.0,5661.0,242835.0,52310.0,5073.0,883.0,22089.0,3392.0,21.0,316.0,4951.0,296.0,10816.712601481238
2021-09-24T00:00:00.000000,158.0,14,144,88.0,5.0,8.0,22548.0,4458.0,231238.0,55625.0,3564.0,566.0,18500.0,3887.0,9.0,306.0,3836.0,227.0,8347.857721277383
2021-09-25T00:00:00.000000,146.0,22,124,74.0,4.0,18.0,61259.0,17017.0,169651.0,38929.0,6658.0,1027.0,54601.0,15990.0,20.0,254.0,8369.0,220.0,8035.5896703666895
2021-09-26T00:00:00.000000,140.0,8,132,82.0,1.0,4.0,17715.0,2724.0,199473.0,44416.0,5965.0,723.0,5147.0,648.0,6.0,297.0,2297.0,202.0,7207.643604619105
2021-09-27T00:00:00.000000,140.0,11,129,77.0,5.0,5.0,21730.0,3725.0,175904.0,36622.0,12193.0,1068.0,6368.0,1374.0,8.0,307.0,2063.0,245.0,7144.128137159108
2021-09-28T00:00:00.000000,183.0,10,173,93.0,1.0,6.0,19649.0,3876.0,238036.0,54506.0,1208.0,138.0,8448.0,980.0,8.0,428.0,7595.0,267.0,10405.548205994091
2021-09-29T00:00:00.000000,149.0,17,132,89.0,3.0,12.0,28512.0,7547.0,172581.0,38359.0,6119.0,1916.0,20541.0,5310.0,21.0,235.0,4232.0,237.0,8790.9842934892
2021-09-30T00:00:00.000000,179.0,17,158,96.0,6.0,9.0,47751.0,9747.0,238877.0,53869.0,17588.0,3815.0,19743.0,4284.0,12.0,267.0,3676.0,294.0,11174.034571070806
2021-10-01T00:00:00.000000,143.0,12,131,89.0,3.0,6.0,14886.0,2913.0,209252.0,46050.0,5594.0,1279.0,7369.0,1349.0,11.0,272.0,3426.0,296.0,8249.18220232767
2021-10-02T00:00:00.000000,118.0,11,107,74.0,2.0,6.0,18845.0,3232.0,142009.0,32580.0,3017.0,868.0,12272.0,1983.0,10.0,160.0,2732.0,170.0,5720.682520911836
2021-10-03T00:00:00.000000,151.0,18,133,77.0,2.0,15.0,49263.0,15459.0,158762.0,42789.0,3541.0,583.0,42665.0,14207.0,17.0,291.0,2585.0,207.0,8898.12078311027
2021-10-04T00:00:00.000000,219.0,27,192,108.0,5.0,19.0,46579.0,8698.0,283307.0,65920.0,15509.0,2687.0,25285.0,5032.0,28.0,323.0,6554.0,338.0,12373.91513710124
2021-10-05T00:00:00.000000,163.0,10,153,92.0,3.0,6.0,16145.0,2417.0,235923.0,52244.0,4970.0,489.0,9512.0,1537.0,9.0,263.0,1650.0,274.0,8229.395481108908
2021-10-06T00:00:00.000000,190.0,31,159,91.0,6.0,23.0,82662.0,18307.0,278657.0,72218.0,17084.0,4412.0,61222.0,12947.0,35.0,284.0,4904.0,397.0,9837.420271760979
2021-10-07T00:00:00.000000,160.0,22,138,87.0,7.0,13.0,50547.0,8821.0,221752.0,52123.0,23436.0,3499.0,24884.0,4613.0,20.0,259.0,3282.0,259.0,8391.631710246733
2021-10-08T00:00:00.000000,133.0,11,122,80.0,1.0,7.0,19441.0,4483.0,192241.0,53438.0,1227.0,233.0,12607.0,3164.0,13.0,222.0,1892.0,158.0,7910.111746063345
2021-10-09T00:00:00.000000,131.0,9,122,84.0,4.0,4.0,27061.0,5676.0,186398.0,39302.0,17102.0,4308.0,8347.0,1185.0,9.0,265.0,5350.0,180.0,6664.043417827385
2021-10-10T00:00:00.000000,137.0,7,130,76.0,0.0,4.0,13544.0,3428.0,202610.0,43655.0,0.0,0.0,8319.0,1426.0,8.0,243.0,2496.0,219.0,6335.601240024411
2021-10-11T00:00:00.000000,166.0,20,146,88.0,5.0,11.0,49753.0,9117.0,203921.0,43687.0,9836.0,1021.0,22898.0,6410.0,14.0,352.0,3554.0,233.0,9188.396933497737
2021-10-12T00:00:00.000000,156.0,17,139,93.0,4.0,8.0,41031.0,11642.0,209048.0,48581.0,11159.0,3947.0,11984.0,2460.0,12.0,252.0,4147.0,259.0,9533.280094990723
2021-10-13T00:00:00.000000,183.0,20,163,94.0,2.0,14.0,42495.0,8111.0,228615.0,54899.0,10142.0,2880.0,27027.0,4356.0,19.0,306.0,5695.0,339.0,9843.43972062734
2021-10-14T00:00:00.000000,164.0,14,150,101.0,5.0,8.0,25671.0,5170.0,196062.0,47528.0,11423.0,2435.0,9540.0,1811.0,9.0,290.0,2127.0,222.0,9803.341227370684
2021-10-15T00:00:00.000000,155.0,19,136,88.0,7.0,9.0,46293.0,11060.0,222812.0,51264.0,14143.0,2966.0,24603.0,6294.0,12.0,263.0,4594.0,296.0,8805.964936498176
2021-10-16T00:00:00.000000,143.0,14,129,78.0,4.0,10.0,19884.0,4160.0,170350.0,38551.0,6795.0,2234.0,13089.0,1926.0,15.0,305.0,2611.0,273.0,8155.90276441282
2021-10-17T00:00:00.000000,159.0,18,141,85.0,4.0,13.0,32122.0,7019.0,169179.0,35652.0,9445.0,1217.0,16147.0,3964.0,16.0,328.0,5074.0,259.0,8002.932389813837
2021-10-18T00:00:00.000000,126.0,12,112,81.0,2.0,7.0,18080.0,3915.0,191337.0,37084.0,3640.0,883.0,9899.0,1867.0,13.0,210.0,3069.0,232.0,7725.281393577822
2021-10-19T00:00:00.000000,137.0,8,129,84.0,2.0,5.0,13104.0,3294.0,150882.0,33764.0,849.0,158.0,9309.0,2585.0,12.0,276.0,4451.0,252.0,8071.020911178053
2021-10-20T00:00:00.000000,191.0,10,181,103.0,5.0,2.0,24928.0,5606.0,293713.0,68976.0,10678.0,2768.0,2517.0,891.0,2.0,340.0,2560.0,315.0,11224.93638074225
2021-10-21T00:00:00.000000,149.0,21,128,94.0,6.0,12.0,65629.0,14950.0,200489.0,49341.0,22213.0,5796.0,34015.0,7012.0,19.0,238.0,6324.0,256.0,8509.528892218264
2021-10-22T00:00:00.000000,132.0,7,125,84.0,1.0,5.0,18831.0,2727.0,174675.0,38887.0,7419.0,804.0,10673.0,1721.0,5.0,191.0,2415.0,186.0,7789.825769026129
2021-10-23T00:00:00.000000,161.0,16,145,82.0,6.0,9.0,29997.0,6462.0,221631.0,50306.0,13424.0,2972.0,15173.0,3349.0,13.0,322.0,3622.0,272.0,8670.838810926547
2021-10-24T00:00:00.000000,143.0,22,121,81.0,9.0,10.0,44180.0,10373.0,174422.0,36650.0,19838.0,4229.0,11916.0,2939.0,13.0,193.0,3540.0,280.0,8490.53754892581
2021-10-25T00:00:00.000000,147.0,11,136,83.0,1.0,10.0,28328.0,4602.0,183790.0,44404.0,2184.0,142.0,26144.0,4460.0,15.0,235.0,2527.0,188.0,8635.259472715436
2021-10-26T00:00:00.000000,163.0,20,143,88.0,4.0,15.0,38690.0,6660.0,221941.0,49606.0,7616.0,2030.0,24695.0,4287.0,16.0,283.0,9397.0,342.0,8892.23697530773
2021-10-27T00:00:00.000000,183.0,29,154,88.0,4.0,15.0,74062.0,11943.0,255785.0,56480.0,4404.0,328.0,28391.0,3872.0,22.0,268.0,10843.0,399.0,10283.216576471219
2021-10-28T00:00:00.000000,166.0,16,150,86.0,2.0,10.0,23999.0,4870.0,202302.0,49106.0,2641.0,614.0,15299.0,3286.0,14.0,294.0,3754.0,290.0,9080.045162778297
2021-10-29T00:00:00.000000,146.0,11,135,85.0,2.0,7.0,19803.0,3887.0,197407.0,42537.0,2917.0,344.0,11521.0,1775.0,11.0,334.0,17389.0,251.0,8508.667574665538
2021-10-30T00:00:00.000000,139.0,21,118,76.0,4.0,16.0,40228.0,8486.0,156534.0,40036.0,4310.0,780.0,34200.0,7442.0,22.0,267.0,6765.0,237.0,7845.470774768863
2021-10-31T00:00:00.000000,132.0,10,122,81.0,6.0,3.0,15858.0,4197.0,157164.0,38146.0,9886.0,2156.0,4384.0,1519.0,4.0,232.0,1472.0,148.0,5988.610765023932
2021-11-01T00:00:00.000000,153.0,14,139,99.0,3.0,8.0,30418.0,5657.0,210963.0,49062.0,6276.0,493.0,14306.0,2686.0,19.0,290.0,3328.0,191.0,8668.230997467488
2021-11-02T00:00:00.000000,179.0,18,161,100.0,4.0,10.0,23293.0,4045.0,236166.0,57936.0,8095.0,1970.0,11542.0,1418.0,17.0,310.0,2313.0,276.0,9601.315805905673
2021-11-03T00:00:00.000000,162.0,16,146,86.0,3.0,11.0,24029.0,5402.0,199537.0,48662.0,2051.0,647.0,18849.0,4205.0,15.0,251.0,2775.0,221.0,8913.46254494866
2021-11-04T00:00:00.000000,187.0,25,162,101.0,4.0,19.0,55749.0,12955.0,232931.0,54706.0,10940.0,3782.0,42469.0,8900.0,27.0,319.0,5449.0,392.0,11138.363758278383
2021-11-05T00:00:00.000000,156.0,20,136,93.0,9.0,8.0,50993.0,16610.0,204759.0,45168.0,35251.0,13860.0,11229.0,1712.0,9.0,249.0,4713.0,258.0,9004.215700521827
2021-11-06T00:00:00.000000,110.0,7,103,70.0,0.0,6.0,12233.0,3203.0,127232.0,28462.0,0.0,0.0,11386.0,3132.0,7.0,187.0,1284.0,186.0,5481.197102722039
2021-11-07T00:00:00.000000,163.0,23,140,85.0,9.0,11.0,33686.0,6289.0,215440.0,46026.0,15921.0,3381.0,15173.0,2454.0,18.0,243.0,3324.0,328.0,8747.533961955056
2021-11-08T00:00:00.000000,160.0,20,140,89.0,7.0,11.0,41744.0,8642.0,245230.0,52471.0,17340.0,3918.0,22093.0,4451.0,16.0,231.0,4189.0,250.0,9884.283459698894
2021-11-09T00:00:00.000000,174.0,16,158,101.0,2.0,12.0,32489.0,7510.0,244951.0,54849.0,4222.0,1198.0,25251.0,5801.0,14.0,278.0,1680.0,377.0,9210.12252366568
2021-11-10T00:00:00.000000,142.0,15,127,86.0,6.0,7.0,32984.0,7041.0,158844.0,36390.0,20978.0,4139.0,10115.0,2520.0,15.0,264.0,1788.0,255.0,8463.564966204933
2021-11-11T00:00:00.000000,148.0,13,135,88.0,5.0,7.0,37337.0,11973.0,208354.0,43059.0,19741.0,5428.0,15684.0,6388.0,10.0,225.0,3259.0,212.0,7497.030626086534
2021-11-12T00:00:00.000000,163.0,16,147,92.0,2.0,11.0,38217.0,8894.0,227635.0,55256.0,8278.0,2911.0,13686.0,3536.0,13.0,279.0,4168.0,222.0,10089.253360825885
2021-11-13T00:00:00.000000,154.0,20,134,76.0,7.0,10.0,41969.0,8896.0,238098.0,58173.0,15014.0,3894.0,16790.0,3035.0,16.0,275.0,5522.0,264.0,7846.83730552116
2021-11-14T00:00:00.000000,157.0,16,141,89.0,3.0,11.0,38702.0,9766.0,238228.0,53313.0,3335.0,450.0,30221.0,7360.0,13.0,361.0,1673.0,243.0,8791.837312563259
2021-11-15T00:00:00.000000,156.0,21,135,85.0,2.0,14.0,42900.0,10548.0,202206.0,46231.0,1912.0,421.0,34055.0,8840.0,17.0,318.0,4910.0,272.0,9375.297737110233
2021-11-16T00:00:00.000000,162.0,18,144,92.0,5.0,6.0,39172.0,9163.0,187768.0,45461.0,8891.0,1476.0,14115.0,3423.0,8.0,293.0,3869.0,253.0,9439.93472114994
2021-11-17T00:00:00.000000,178.0,18,160,96.0,7.0,8.0,25578.0,4494.0,227736.0,57531.0,9884.0,1565.0,13177.0,2434.0,10.0,333.0,2483.0,304.0,10728.533201442975
2021-11-18T00:00:00.000000,180.0,15,165,95.0,3.0,8.0,41760.0,8994.0,246377.0,59827.0,11137.0,2787.0,25268.0,4074.0,19.0,356.0,4258.0,222.0,8735.910873743413
2021-11-19T00:00:00.000000,144.0,10,134,87.0,1.0,8.0,20503.0,4974.0,198058.0,46357.0,1374.0,128.0,16362.0,3481.0,15.0,267.0,1495.0,219.0,8444.308130914307
2021-11-20T00:00:00.000000,146.0,15,131,88.0,3.0,10.0,15336.0,3229.0,231415.0,47042.0,3157.0,432.0,9473.0,2399.0,15.0,249.0,2331.0,229.0,7695.200052782246
2021-11-21T00:00:00.000000,130.0,11,119,73.0,3.0,8.0,17083.0,3555.0,167322.0,37761.0,6981.0,1588.0,10102.0,1967.0,10.0,252.0,3237.0,196.0,6367.210540838061
2021-11-22T00:00:00.000000,140.0,14,126,88.0,4.0,9.0,15302.0,3775.0,201008.0,69446.0,3158.0,1056.0,11037.0,2608.0,13.0,222.0,4153.0,226.0,7277.943904272539
2021-11-23T00:00:00.000000,185.0,14,171,99.0,1.0,13.0,28084.0,5506.0,299065.0,68040.0,6557.0,1777.0,21527.0,3729.0,20.0,315.0,1786.0,223.0,10594.781286325293
2021-11-24T00:00:00.000000,144.0,17,127,86.0,6.0,7.0,25349.0,6291.0,228451.0,48543.0,10234.0,2925.0,9760.0,2273.0,11.0,241.0,2281.0,227.0,7851.982298648387
2021-11-25T00:00:00.000000,116.0,20,96,73.0,5.0,13.0,30394.0,8312.0,141059.0,37016.0,10621.0,2323.0,14338.0,3608.0,16.0,224.0,5973.0,244.0,6591.985962159754
2021-11-26T00:00:00.000000,133.0,10,123,85.0,1.0,6.0,16682.0,4262.0,168272.0,34175.0,371.0,95.0,13549.0,3484.0,8.0,236.0,1719.0,265.0,7902.600572357537
2021-11-27T00:00:00.000000,152.0,24,128,86.0,9.0,13.0,46830.0,12005.0,194247.0,43903.0,19067.0,5140.0,25823.0,6170.0,15.0,288.0,5161.0,267.0,7916.013604405078
2021-11-28T00:00:00.000000,146.0,19,127,84.0,3.0,11.0,48529.0,11684.0,232922.0,46342.0,8440.0,1570.0,20473.0,3935.0,14.0,270.0,3761.0,234.0,8197.249440372994
2021-11-29T00:00:00.000000,174.0,24,150,91.0,10.0,11.0,57612.0,16572.0,204188.0,42184.0,30917.0,8740.0,21971.0,5539.0,24.0,317.0,5037.0,313.0,7880.446005379925
2021-11-30T00:00:00.000000,153.0,19,134,97.0,2.0,14.0,35454.0,7869.0,237639.0,50184.0,2991.0,324.0,28828.0,6988.0,19.0,267.0,3814.0,257.0,8605.102594852146
2021-12-01T00:00:00.000000,135.0,16,119,86.0,5.0,10.0,57399.0,19214.0,171699.0,36022.0,19411.0,4516.0,37160.0,14698.0,14.0,265.0,3484.0,199.0,7379.8693087917945
2021-12-02T00:00:00.000000,131.0,16,115,79.0,4.0,9.0,23815.0,7355.0,157365.0,40454.0,7184.0,1703.0,13037.0,4550.0,16.0,240.0,4801.0,276.0,7855.861596433616
2021-12-03T00:00:00.000000,103.0,14,89,79.0,4.0,7.0,25275.0,5388.0,167969.0,40597.0,9786.0,1975.0,10813.0,1852.0,14.0,191.0,3350.0,167.0,5194.305616423314
2021-12-04T00:00:00.000000,148.0,20,128,96.0,6.0,11.0,41580.0,7448.0,190476.0,47120.0,17217.0,2796.0,19628.0,3571.0,13.0,239.0,3464.0,302.0,8122.906147172043
2021-12-05T00:00:00.000000,158.0,9,149,96.0,4.0,4.0,29247.0,7848.0,197016.0,47422.0,15771.0,4489.0,12973.0,3326.0,6.0,255.0,1417.0,245.0,7991.945478258904
2021-12-06T00:00:00.000000,165.0,18,147,99.0,7.0,6.0,37867.0,10455.0,216422.0,52115.0,18069.0,6065.0,8376.0,1325.0,9.0,292.0,3875.0,289.0,8366.837854758738
2021-12-07T00:00:00.000000,153.0,15,138,101.0,3.0,11.0,24752.0,6355.0,254436.0,68685.0,8658.0,1066.0,15699.0,5267.0,18.0,286.0,4010.0,248.0,8829.535229271172
2021-12-08T00:00:00.000000,159.0,14,145,107.0,1.0,13.0,25504.0,7835.0,234723.0,54251.0,3483.0,827.0,22021.0,7008.0,16.0,285.0,4299.0,258.0,9015.410982492564
2021-12-09T00:00:00.000000,117.0,15,102,78.0,6.0,7.0,30067.0,5297.0,159706.0,42582.0,12397.0,1683.0,15106.0,2716.0,8.0,209.0,3161.0,199.0,6037.800120462467
2021-12-10T00:00:00.000000,156.0,18,138,89.0,3.0,13.0,35750.0,8476.0,207466.0,47788.0,6522.0,1311.0,27754.0,7067.0,25.0,233.0,4300.0,263.0,9496.93531786396
2021-12-11T00:00:00.000000,143.0,16,127,85.0,2.0,7.0,21743.0,4047.0,188559.0,43292.0,1751.0,156.0,7893.0,2255.0,10.0,206.0,3431.0,205.0,8520.556599992891
2021-12-12T00:00:00.000000,144.0,12,132,80.0,5.0,6.0,27690.0,6457.0,220041.0,55484.0,14281.0,2540.0,8090.0,2842.0,13.0,273.0,1856.0,193.0,6347.991741559227
2021-12-13T00:00:00.000000,152.0,19,133,89.0,5.0,11.0,31129.0,5963.0,180303.0,42180.0,5429.0,821.0,22411.0,4496.0,12.0,245.0,5223.0,281.0,8428.883139152244
2021-12-14T00:00:00.000000,187.0,21,166,105.0,4.0,13.0,43334.0,12900.0,214422.0,50171.0,10969.0,2588.0,29047.0,9906.0,24.0,335.0,4243.0,315.0,10285.865742531454
2021-12-15T00:00:00.000000,152.0,16,136,88.0,2.0,8.0,22124.0,2940.0,188319.0,43022.0,3116.0,376.0,11325.0,1391.0,12.0,319.0,5931.0,224.0,8585.586860782227
2021-12-16T00:00:00.000000,144.0,8,136,93.0,2.0,4.0,11679.0,2345.0,219620.0,54210.0,4425.0,680.0,5521.0,1306.0,6.0,289.0,1593.0,179.0,8683.37940822035
2021-12-17T00:00:00.000000,145.0,15,130,96.0,5.0,6.0,41438.0,11844.0,198991.0,42519.0,18256.0,7837.0,11954.0,2916.0,9.0,319.0,5211.0,267.0,7726.447512203188
2021-12-18T00:00:00.000000,129.0,13,116,81.0,2.0,8.0,25050.0,5513.0,181556.0,37622.0,3116.0,926.0,15041.0,3715.0,14.0,250.0,2524.0,179.0,7115.969144081879
2021-12-19T00:00:00.000000,137.0,18,119,94.0,5.0,11.0,42253.0,11426.0,173567.0,35744.0,16459.0,4602.0,22121.0,6365.0,16.0,239.0,3633.0,212.0,7491.4662902606715
2021-12-20T00:00:00.000000,136.0,14,122,88.0,4.0,10.0,44071.0,8956.0,201146.0,43310.0,23527.0,5589.0,20544.0,3367.0,14.0,258.0,3941.0,206.0,7183.034969434463
2021-12-21T00:00:00.000000,111.0,15,96,71.0,1.0,9.0,31479.0,4567.0,143666.0,31777.0,1797.0,520.0,18259.0,1932.0,16.0,204.0,2968.0,199.0,5972.228119606768
2021-12-22T00:00:00.000000,139.0,19,120,89.0,10.0,5.0,47642.0,9747.0,171313.0,38041.0,28814.0,6406.0,8548.0,956.0,7.0,281.0,2972.0,223.0,7762.464481014
2021-12-23T00:00:00.000000,112.0,22,90,82.0,3.0,17.0,55942.0,8764.0,166098.0,38913.0,8111.0,1219.0,43401.0,7075.0,24.0,264.0,5465.0,243.0,5924.4714911697
2021-12-24T00:00:00.000000,128.0,19,109,84.0,3.0,16.0,48620.0,12115.0,167747.0,41826.0,8757.0,1560.0,39863.0,10555.0,22.0,299.0,4225.0,190.0,6708.842124899627
2021-12-25T00:00:00.000000,120.0,25,95,76.0,7.0,11.0,51280.0,11537.0,149819.0,34289.0,17608.0,3770.0,25764.0,6049.0,14.0,265.0,3824.0,181.0,6366.517112301293
2021-12-26T00:00:00.000000,109.0,15,94,73.0,2.0,10.0,40948.0,11496.0,136081.0,30643.0,5498.0,926.0,31354.0,9729.0,13.0,252.0,2813.0,228.0,5865.547723480588
2021-12-27T00:00:00.000000,129.0,22,107,86.0,7.0,10.0,48523.0,11122.0,160549.0,35422.0,18703.0,3574.0,22529.0,5729.0,20.0,260.0,2792.0,247.0,7144.756391927978
2021-12-28T00:00:00.000000,137.0,21,116,80.0,1.0,14.0,48142.0,13760.0,189881.0,39736.0,968.0,77.0,33434.0,10890.0,21.0,330.0,6188.0,251.0,7335.3764743184975
2021-12-29T00:00:00.000000,178.0,40,138,97.0,13.0,24.0,82567.0,18482.0,221402.0,52572.0,27815.0,5593.0,47344.0,9833.0,34.0,331.0,5849.0,272.0,9972.889601087858
2021-12-30T00:00:00.000000,153.0,21,132,86.0,4.0,9.0,31145.0,6739.0,195007.0,46771.0,6026.0,1133.0,13895.0,2008.0,15.0,324.0,4747.0,311.0,8976.058026499193
2021-12-31T00:00:00.000000,140.0,22,118,79.0,1.0,19.0,51402.0,10468.0,208119.0,46613.0,5799.0,830.0,39793.0,8888.0,20.0,303.0,4307.0,313.0,7793.237551323371
2022-01-01T00:00:00.000000,127.0,20,107,78.0,6.0,12.0,45346.0,11787.0,146822.0,35150.0,24675.0,6654.0,18825.0,4660.0,15.0,288.0,5667.0,192.0,6408.989369637514
2022-01-02T00:00:00.000000,153.0,30,123,89.0,5.0,16.0,61884.0,12318.0,194578.0,47907.0,14150.0,3249.0,29009.0,6867.0,21.0,291.0,11761.0,317.0,7272.706511266225
2022-01-03T00:00:00.000000,171.0,22,149,100.0,5.0,15.0,46899.0,10843.0,236370.0,55474.0,10936.0,2343.0,27794.0,6630.0,17.0,380.0,3312.0,251.0,9183.51669824928
2022-01-04T00:00:00.000000,177.0,44,133,92.0,9.0,27.0,82946.0,16782.0,213999.0,40753.0,17536.0,2840.0,42258.0,8727.0,35.0,385.0,8185.0,247.0,9660.222076441905
2022-01-05T00:00:00.000000,187.0,35,152,105.0,8.0,19.0,65415.0,16075.0,263524.0,58621.0,18379.0,3886.0,29597.0,5397.0,23.0,427.0,7443.0,359.0,9046.614595726829
2022-01-06T00:00:00.000000,185.0,33,152,116.0,6.0,20.0,58221.0,13259.0,224813.0,55527.0,8813.0,1182.0,41566.0,10708.0,33.0,349.0,10282.0,264.0,10232.40752487722
2022-01-07T00:00:00.000000,132.0,17,115,81.0,2.0,10.0,28976.0,5700.0,171973.0,35037.0,5728.0,1422.0,13477.0,1912.0,14.0,264.0,3798.0,234.0,6680.806003622974
2022-01-08T00:00:00.000000,164.0,22,142,98.0,5.0,13.0,72237.0,15955.0,239244.0,49843.0,17951.0,4189.0,35873.0,6930.0,24.0,324.0,5009.0,301.0,7925.486356930302
2022-01-09T00:00:00.000000,158.0,32,126,91.0,8.0,19.0,42676.0,8124.0,203415.0,41004.0,13102.0,2301.0,23973.0,5003.0,23.0,309.0,4396.0,332.0,9335.792878550927
2022-01-10T00:00:00.000000,149.0,23,126,92.0,4.0,16.0,46456.0,12944.0,217404.0,44701.0,13280.0,4229.0,29995.0,8110.0,24.0,295.0,4485.0,261.0,7397.113183639485
2022-01-11T00:00:00.000000,192.0,22,170,118.0,1.0,17.0,63719.0,15992.0,285840.0,59262.0,1662.0,32.0,49605.0,13116.0,32.0,405.0,7080.0,343.0,10209.291419374136
2022-01-12T00:00:00.000000,172.0,16,156,107.0,6.0,9.0,29103.0,6347.0,249659.0,57927.0,15281.0,3383.0,11414.0,2603.0,18.0,316.0,2883.0,255.0,9628.760966206473
2022-01-13T00:00:00.000000,201.0,32,169,103.0,14.0,16.0,66640.0,15285.0,256496.0,51378.0,33769.0,7693.0,31053.0,7304.0,21.0,319.0,6045.0,390.0,10459.913838283135
2022-01-14T00:00:00.000000,175.0,18,157,93.0,2.0,14.0,31116.0,7582.0,224387.0,56489.0,2873.0,977.0,25503.0,5889.0,20.0,376.0,3805.0,287.0,9479.004343984267
2022-01-15T00:00:00.000000,157.0,26,131,78.0,7.0,16.0,52706.0,7540.0,180135.0,40783.0,23215.0,3488.0,24313.0,3128.0,23.0,313.0,7074.0,246.0,8321.533857550377
2022-01-16T00:00:00.000000,180.0,35,145,100.0,10.0,20.0,84255.0,16497.0,261073.0,66825.0,35398.0,4886.0,41380.0,9865.0,29.0,302.0,5549.0,308.0,10536.426204094074
2022-01-17T00:00:00.000000,182.0,26,156,100.0,7.0,13.0,54206.0,13315.0,245270.0,64683.0,7283.0,2066.0,27632.0,5527.0,16.0,330.0,7557.0,303.0,10043.088837815782
2022-01-18T00:00:00.000000,194.0,28,166,107.0,12.0,14.0,79357.0,17390.0,282729.0,63963.0,46774.0,9221.0,30935.0,7696.0,17.0,372.0,5501.0,325.0,10135.182018940875
2022-01-19T00:00:00.000000,174.0,22,152,104.0,6.0,12.0,40863.0,7871.0,258546.0,69389.0,12565.0,2497.0,22670.0,4816.0,27.0,313.0,6098.0,317.0,8042.482892137236
2022-01-20T00:00:00.000000,184.0,31,153,108.0,9.0,18.0,52355.0,10221.0,215250.0,47907.0,23214.0,3190.0,25079.0,5419.0,25.0,327.0,4105.0,322.0,9688.393006338483
2022-01-21T00:00:00.000000,168.0,19,149,101.0,7.0,10.0,44225.0,9975.0,234348.0,52379.0,17911.0,4074.0,25090.0,5783.0,16.0,304.0,4866.0,331.0,8525.626928257365
2022-01-22T00:00:00.000000,165.0,27,138,92.0,8.0,12.0,70887.0,14324.0,219157.0,49621.0,29331.0,6067.0,25459.0,5420.0,18.0,317.0,4547.0,322.0,9678.368044952216
2022-01-23T00:00:00.000000,162.0,22,140,104.0,4.0,17.0,30087.0,7116.0,223948.0,50739.0,5217.0,750.0,24094.0,6198.0,33.0,281.0,3623.0,307.0,7740.237360160163
2022-01-24T00:00:00.000000,170.0,27,143,97.0,8.0,13.0,34384.0,7470.0,180127.0,47876.0,11434.0,3078.0,18115.0,3622.0,22.0,243.0,4755.0,272.0,9542.521227698768
2022-01-25T00:00:00.000000,194.0,34,160,108.0,12.0,18.0,74470.0,20234.0,247948.0,65262.0,23594.0,5355.0,39071.0,8677.0,34.0,340.0,6608.0,285.0,9951.121141184294
2022-01-26T00:00:00.000000,185.0,29,156,114.0,9.0,10.0,68237.0,16395.0,222367.0,59529.0,24447.0,2603.0,16123.0,4755.0,12.0,309.0,5623.0,381.0,9118.713431137521
2022-01-27T00:00:00.000000,165.0,23,142,97.0,9.0,9.0,44231.0,9924.0,218126.0,55708.0,22724.0,5755.0,15990.0,3628.0,14.0,304.0,3641.0,264.0,8310.45106701084
2022-01-28T00:00:00.000000,161.0,38,123,90.0,11.0,18.0,77133.0,16962.0,246574.0,60550.0,32758.0,6347.0,29124.0,7744.0,36.0,282.0,10732.0,289.0,8836.334129512414
2022-01-29T00:00:00.000000,142.0,25,117,93.0,5.0,10.0,40205.0,9077.0,181160.0,47267.0,8912.0,1221.0,15501.0,4525.0,14.0,252.0,5447.0,226.0,6900.895136466357
2022-01-30T00:00:00.000000,156.0,21,135,96.0,8.0,7.0,35966.0,7685.0,209417.0,39630.0,12662.0,2676.0,11623.0,1798.0,8.0,271.0,4437.0,223.0,8198.554270059525
2022-01-31T00:00:00.000000,182.0,34,148,104.0,9.0,19.0,66073.0,13526.0,229835.0,52175.0,17811.0,3548.0,38019.0,9179.0,23.0,284.0,7442.0,321.0,10242.207163297651
2022-02-01T00:00:00.000000,171.0,37,134,105.0,13.0,17.0,79994.0,19852.0,224532.0,51433.0,24603.0,4889.0,31408.0,7909.0,20.0,290.0,5832.0,379.0,9200.320278125442
2022-02-02T00:00:00.000000,191.0,43,142,111.0,9.0,28.0,93541.0,17763.0,211290.0,58950.0,9647.0,1333.0,75590.0,14746.0,38.0,343.0,8962.0,387.0,9208.32069796326
2022-02-03T00:00:00.000000,153.0,20,133,93.0,5.0,7.0,24025.0,3681.0,161796.0,38384.0,5720.0,1119.0,8900.0,1304.0,9.0,289.0,3449.0,286.0,8462.846418490224
2022-02-04T00:00:00.000000,159.0,23,136,103.0,7.0,16.0,30265.0,5530.0,196361.0,47616.0,11406.0,1980.0,18859.0,3550.0,20.0,267.0,4249.0,230.0,8301.965691658692
2022-02-05T00:00:00.000000,164.0,28,136,94.0,8.0,12.0,58736.0,10968.0,241359.0,60577.0,16187.0,2913.0,22951.0,3812.0,14.0,313.0,4524.0,335.0,9216.096405922815
2022-02-06T00:00:00.000000,146.0,26,120,86.0,7.0,7.0,47134.0,11647.0,173707.0,42807.0,7243.0,1287.0,18275.0,3182.0,11.0,234.0,4046.0,253.0,6959.796956082987
2022-02-07T00:00:00.000000,157.0,20,137,94.0,5.0,11.0,29475.0,6031.0,195380.0,42836.0,6162.0,1530.0,15989.0,3517.0,12.0,212.0,4564.0,288.0,8829.46625893775
2022-02-08T00:00:00.000000,173.0,19,154,104.0,5.0,11.0,36484.0,5825.0,213389.0,52749.0,13068.0,1772.0,15554.0,3100.0,13.0,325.0,2977.0,249.0,9200.641974408225
2022-02-09T00:00:00.000000,198.0,23,175,102.0,8.0,12.0,72815.0,14696.0,244928.0,63806.0,28164.0,7106.0,38940.0,7019.0,16.0,306.0,5220.0,292.0,9426.721362202848
2022-02-10T00:00:00.000000,168.0,20,148,94.0,9.0,11.0,45245.0,13101.0,212515.0,49100.0,18961.0,5242.0,26284.0,7859.0,15.0,287.0,2658.0,224.0,8003.592762357402
2022-02-11T00:00:00.000000,183.0,25,158,105.0,4.0,18.0,43778.0,8735.0,214403.0,50838.0,4350.0,395.0,34636.0,7622.0,22.0,394.0,4104.0,273.0,9422.141299218278
2022-02-12T00:00:00.000000,133.0,16,117,85.0,2.0,13.0,30268.0,4376.0,171241.0,31237.0,3871.0,554.0,25469.0,3636.0,15.0,215.0,1734.0,195.0,6352.948478787246
2022-02-13T00:00:00.000000,171.0,22,149,100.0,2.0,16.0,26423.0,5595.0,257390.0,62375.0,3463.0,551.0,18133.0,3723.0,21.0,320.0,4800.0,271.0,7864.014765908739
2022-02-14T00:00:00.000000,172.0,27,145,106.0,3.0,18.0,38271.0,6674.0,222016.0,51370.0,4006.0,929.0,24767.0,3747.0,23.0,283.0,4528.0,256.0,9939.45772589467
2022-02-15T00:00:00.000000,165.0,28,137,93.0,6.0,16.0,56035.0,11014.0,238531.0,59871.0,16189.0,2185.0,30304.0,6779.0,38.0,362.0,9884.0,284.0,8846.896332217086
2022-02-16T00:00:00.000000,188.0,23,165,114.0,4.0,18.0,42273.0,8437.0,255892.0,53595.0,5000.0,739.0,36197.0,7421.0,27.0,363.0,7587.0,248.0,9343.367493016369
2022-02-17T00:00:00.000000,207.0,38,169,106.0,8.0,24.0,78837.0,16316.0,265417.0,67598.0,11357.0,2677.0,43523.0,7801.0,33.0,403.0,12945.0,330.0,10341.03631404165
2022-02-18T00:00:00.000000,166.0,32,134,111.0,12.0,12.0,52717.0,9743.0,214933.0,47983.0,22991.0,3108.0,18374.0,3632.0,13.0,308.0,6223.0,324.0,8231.610673281055
2022-02-19T00:00:00.000000,140.0,21,119,80.0,6.0,9.0,41412.0,7814.0,189515.0,44445.0,8529.0,1457.0,18646.0,3082.0,10.0,299.0,2890.0,263.0,7049.878999990466
2022-02-20T00:00:00.000000,140.0,22,118,93.0,7.0,13.0,43781.0,8036.0,202773.0,47976.0,14768.0,2023.0,26459.0,5576.0,19.0,271.0,4366.0,252.0,7213.64816588244
2022-02-21T00:00:00.000000,148.0,21,127,95.0,6.0,12.0,38473.0,6406.0,196233.0,45769.0,15223.0,3074.0,16973.0,2710.0,17.0,240.0,3417.0,261.0,8352.080274733255
2022-02-22T00:00:00.000000,185.0,25,160,99.0,5.0,17.0,36722.0,10347.0,230882.0,51305.0,6788.0,1890.0,26325.0,6207.0,21.0,332.0,2670.0,323.0,10142.710975003212
2022-02-23T00:00:00.000000,168.0,25,143,98.0,8.0,16.0,59901.0,15816.0,223240.0,57315.0,31967.0,10001.0,26343.0,5204.0,22.0,364.0,7007.0,300.0,8139.891947856076
2022-02-24T00:00:00.000000,179.0,16,163,110.0,1.0,14.0,29154.0,4844.0,247557.0,54878.0,533.0,9.0,27389.0,4835.0,16.0,285.0,2772.0,244.0,10336.17562075144
2022-02-25T00:00:00.000000,151.0,22,129,85.0,5.0,17.0,38739.0,7094.0,182442.0,42935.0,10825.0,2144.0,27914.0,4950.0,21.0,306.0,7270.0,246.0,8241.950809321
2022-02-26T00:00:00.000000,163.0,22,141,84.0,4.0,10.0,36446.0,7111.0,164469.0,34297.0,5211.0,1270.0,19542.0,3968.0,18.0,253.0,8084.0,286.0,8725.749333374519
2022-02-27T00:00:00.000000,145.0,20,125,80.0,6.0,8.0,41745.0,12398.0,180130.0,43095.0,19036.0,4926.0,11939.0,3702.0,9.0,284.0,4359.0,219.0,7606.147765121767
2022-02-28T00:00:00.000000,138.0,18,118,80.0,3.0,6.0,52757.0,9510.0,143083.0,31480.0,8796.0,2096.0,17136.0,3077.0,7.0,259.0,6151.0,173.0,7670.433212758367
2022-03-01T00:00:00.000000,151.0,17,134,91.0,4.0,12.0,48667.0,9129.0,177597.0,39186.0,10212.0,1388.0,35234.0,7553.0,16.0,237.0,2694.0,190.0,8033.805482955296
2022-03-02T00:00:00.000000,167.0,30,137,99.0,6.0,17.0,66013.0,15925.0,200999.0,38284.0,13067.0,2500.0,34601.0,8630.0,24.0,268.0,7997.0,280.0,8635.067801700789
2022-03-03T00:00:00.000000,155.0,28,127,90.0,6.0,17.0,46840.0,10641.0,193874.0,42535.0,9808.0,1191.0,29868.0,7588.0,19.0,253.0,5348.0,259.0,8939.397614870182
2022-03-04T00:00:00.000000,166.0,24,142,93.0,6.0,14.0,47115.0,9139.0,188581.0,42566.0,5898.0,1880.0,23252.0,4973.0,22.0,293.0,8033.0,253.0,9269.974172829625
2022-03-05T00:00:00.000000,134.0,26,108,77.0,8.0,12.0,60993.0,9964.0,146382.0,33745.0,20131.0,4052.0,28357.0,4747.0,18.0,225.0,3424.0,214.0,6839.18053472177
2022-03-06T00:00:00.000000,148.0,21,127,90.0,7.0,10.0,50710.0,13664.0,156020.0,41760.0,17586.0,4668.0,29950.0,8341.0,24.0,310.0,9343.0,255.0,9122.201445255398
2022-03-07T00:00:00.000000,143.0,25,118,91.0,6.0,13.0,59869.0,19331.0,165036.0,49417.0,15108.0,5491.0,34047.0,10606.0,14.0,261.0,5364.0,247.0,7612.026907230373
2022-03-08T00:00:00.000000,171.0,30,141,124.0,8.0,18.0,58763.0,16055.0,199849.0,44156.0,13151.0,1416.0,31178.0,8037.0,24.0,291.0,6856.0,290.0,7094.6166448040785
2022-03-09T00:00:00.000000,140.0,21,119,88.0,10.0,10.0,51534.0,13519.0,163721.0,32549.0,31250.0,9233.0,18815.0,4263.0,10.0,270.0,5288.0,227.0,7309.09221227819
2022-03-10T00:00:00.000000,146.0,24,122,96.0,2.0,16.0,50406.0,10284.0,208953.0,53006.0,1692.0,139.0,34770.0,6302.0,19.0,249.0,4902.0,313.0,8090.0403198682925
2022-03-11T00:00:00.000000,132.0,15,117,92.0,1.0,13.0,22219.0,3321.0,180464.0,40339.0,2142.0,318.0,19138.0,2977.0,16.0,233.0,4038.0,173.0,6722.636009341528
2022-03-12T00:00:00.000000,138.0,30,108,87.0,10.0,18.0,44817.0,7627.0,172767.0,38652.0,14797.0,2985.0,27380.0,4507.0,24.0,250.0,50075.0,234.0,6887.4139243992395
2022-03-13T00:00:00.000000,142.0,27,113,82.0,4.0,13.0,58604.0,9501.0,128780.0,31550.0,6049.0,1599.0,25768.0,5269.0,15.0,299.0,10480.0,242.0,7827.184712879247
2022-03-14T00:00:00.000000,161.0,22,139,102.0,7.0,14.0,43304.0,8750.0,180628.0,35000.0,12771.0,3509.0,27162.0,4915.0,16.0,285.0,2750.0,209.0,8835.086917828254
2022-03-15T00:00:00.000000,183.0,31,152,106.0,10.0,15.0,54561.0,11255.0,199587.0,47055.0,16411.0,4299.0,28210.0,4805.0,25.0,437.0,20926.0,307.0,10286.111795346746
2022-03-16T00:00:00.000000,166.0,36,130,102.0,12.0,9.0,96307.0,32141.0,176504.0,44848.0,30511.0,7397.0,21833.0,5706.0,12.0,337.0,11309.0,311.0,8357.463589062441
2022-03-17T00:00:00.000000,153.0,27,126,91.0,7.0,9.0,58525.0,11213.0,189716.0,43192.0,17810.0,4120.0,20658.0,2792.0,10.0,222.0,4278.0,236.0,8642.602630632464
2022-03-18T00:00:00.000000,111.0,24,87,80.0,8.0,11.0,47067.0,12441.0,131990.0,29162.0,17198.0,3509.0,18415.0,3767.0,17.0,195.0,5814.0,247.0,6288.148578676377
2022-03-19T00:00:00.000000,147.0,20,127,86.0,7.0,11.0,30643.0,5388.0,192409.0,37597.0,13908.0,2868.0,11603.0,1679.0,11.0,232.0,2825.0,235.0,7980.586105688968
2022-03-20T00:00:00.000000,138.0,25,113,86.0,8.0,14.0,54259.0,8740.0,190207.0,43692.0,21950.0,3415.0,28714.0,4576.0,22.0,282.0,5294.0,268.0,6963.51251256575
2022-03-21T00:00:00.000000,182.0,35,147,99.0,6.0,20.0,72119.0,17553.0,251472.0,56926.0,15431.0,2789.0,44565.0,9606.0,24.0,368.0,5811.0,329.0,9976.347864916565
2022-03-22T00:00:00.000000,185.0,28,157,110.0,11.0,15.0,54362.0,10166.0,229374.0,56950.0,26543.0,4762.0,26811.0,5312.0,21.0,300.0,5592.0,376.0,9066.354906871373
2022-03-23T00:00:00.000000,158.0,23,135,101.0,6.0,10.0,42535.0,9826.0,219080.0,46056.0,9965.0,2595.0,20697.0,4571.0,13.0,248.0,3892.0,215.0,8651.166402083349
2022-03-24T00:00:00.000000,149.0,18,131,101.0,5.0,11.0,37803.0,8544.0,232904.0,71833.0,9550.0,2296.0,23405.0,4608.0,14.0,266.0,4645.0,206.0,7922.660350774115
2022-03-25T00:00:00.000000,136.0,16,120,87.0,4.0,4.0,25411.0,6416.0,198305.0,48263.0,9158.0,1514.0,5095.0,636.0,6.0,333.0,4931.0,236.0,6688.221716915425
2022-03-26T00:00:00.000000,161.0,31,130,96.0,6.0,19.0,61809.0,13671.0,221966.0,46317.0,10856.0,2248.0,44817.0,9730.0,27.0,269.0,7511.0,271.0,7657.329897288233
2022-03-27T00:00:00.000000,149.0,31,118,95.0,10.0,16.0,61419.0,13654.0,183635.0,40790.0,19913.0,4766.0,32766.0,7642.0,22.0,260.0,5408.0,257.0,7645.9547920289315
2022-03-28T00:00:00.000000,149.0,17,132,97.0,0.0,15.0,24246.0,3775.0,195401.0,41390.0,0.0,0.0,19680.0,3775.0,23.0,300.0,4173.0,251.0,7189.637797503402
2022-03-29T00:00:00.000000,153.0,19,134,96.0,6.0,8.0,30354.0,6095.0,187774.0,41002.0,8625.0,2438.0,16576.0,2752.0,8.0,272.0,2602.0,249.0,8536.008742585305
2022-03-30T00:00:00.000000,193.0,35,158,107.0,12.0,16.0,53959.0,11791.0,221183.0,51611.0,17666.0,3125.0,28009.0,6356.0,28.0,308.0,8617.0,311.0,9908.629216209149
2022-03-31T00:00:00.000000,169.0,21,148,95.0,7.0,10.0,53668.0,13160.0,257966.0,59316.0,12127.0,2450.0,30986.0,6226.0,14.0,350.0,5312.0,270.0,9316.390317214515
2022-04-01T00:00:00.000000,136.0,18,118,84.0,4.0,11.0,41560.0,5968.0,188362.0,42576.0,20699.0,2899.0,12604.0,2194.0,13.0,265.0,4115.0,157.0,7294.58729589112
2022-04-02T00:00:00.000000,158.0,20,138,93.0,2.0,14.0,34911.0,6517.0,209527.0,52882.0,1310.0,187.0,27073.0,5098.0,17.0,232.0,7650.0,188.0,7074.232365011457
2022-04-03T00:00:00.000000,162.0,24,138,92.0,2.0,20.0,42269.0,9739.0,199525.0,48446.0,3583.0,1006.0,36743.0,8544.0,38.0,292.0,6112.0,242.0,8994.543563168669
2022-04-04T00:00:00.000000,164.0,30,134,101.0,7.0,22.0,59215.0,12488.0,209241.0,46372.0,15674.0,3219.0,42501.0,9150.0,27.0,308.0,6100.0,275.0,9225.925588016707
2022-04-05T00:00:00.000000,147.0,15,132,100.0,7.0,6.0,21978.0,4729.0,198377.0,43186.0,11831.0,2292.0,6957.0,1916.0,8.0,274.0,2110.0,229.0,7490.05690780619
2022-04-06T00:00:00.000000,174.0,30,140,104.0,11.0,15.0,79945.0,14712.0,211955.0,47544.0,21669.0,4806.0,52018.0,8824.0,19.0,360.0,9745.0,273.0,9351.508214130368
2022-04-07T00:00:00.000000,151.0,27,124,104.0,6.0,13.0,66317.0,18156.0,202500.0,55177.0,12782.0,2626.0,41100.0,13033.0,26.0,258.0,5579.0,197.0,7207.907373677119
2022-04-08T00:00:00.000000,189.0,19,170,97.0,8.0,9.0,54539.0,9990.0,265492.0,61599.0,33244.0,6336.0,16312.0,3090.0,12.0,334.0,3239.0,254.0,9550.870697048114
2022-04-09T00:00:00.000000,161.0,22,139,100.0,5.0,12.0,47261.0,7094.0,209933.0,50561.0,8512.0,2134.0,29048.0,4514.0,15.0,261.0,2783.0,195.0,7812.770125779914
2022-04-10T00:00:00.000000,148.0,26,122,89.0,5.0,15.0,35392.0,10134.0,181774.0,42840.0,6337.0,1759.0,15903.0,4437.0,24.0,254.0,4754.0,232.0,6780.1577242334815
2022-04-11T00:00:00.000000,168.0,27,141,103.0,5.0,12.0,73149.0,17907.0,193721.0,43890.0,9289.0,2385.0,46739.0,11229.0,15.0,278.0,6160.0,295.0,8732.144561242847
2022-04-12T00:00:00.000000,174.0,31,143,109.0,5.0,21.0,76934.0,16680.0,223666.0,64363.0,12943.0,2571.0,50062.0,10628.0,31.0,291.0,6364.0,302.0,9066.756985215683
2022-04-13T00:00:00.000000,146.0,23,123,88.0,6.0,12.0,40636.0,8817.0,237927.0,57716.0,12397.0,3445.0,19850.0,2707.0,16.0,281.0,3887.0,240.0,8239.141460267527
2022-04-14T00:00:00.000000,172.0,30,142,96.0,6.0,22.0,53499.0,11586.0,205772.0,47165.0,14668.0,2155.0,33010.0,8161.0,27.0,327.0,11764.0,293.0,9547.47346476849
2022-04-15T00:00:00.000000,164.0,24,140,97.0,5.0,11.0,52942.0,11923.0,231780.0,51991.0,8918.0,1861.0,25030.0,6074.0,17.0,279.0,5862.0,319.0,8588.470687276802
2022-04-16T00:00:00.000000,129.0,20,109,81.0,8.0,10.0,42389.0,8809.0,178240.0,42949.0,16382.0,3671.0,23790.0,4698.0,13.0,230.0,3223.0,248.0,6319.2050818700145
2022-04-17T00:00:00.000000,150.0,18,132,94.0,5.0,8.0,25505.0,4717.0,254076.0,54782.0,10027.0,2165.0,10465.0,2173.0,10.0,276.0,2738.0,247.0,8348.334689008778
2022-04-18T00:00:00.000000,141.0,18,123,89.0,8.0,8.0,48712.0,11744.0,151204.0,32411.0,30180.0,8150.0,16972.0,3563.0,9.0,239.0,3091.0,235.0,8111.366486643021
2022-04-19T00:00:00.000000,148.0,20,128,96.0,2.0,14.0,54095.0,11983.0,221604.0,50512.0,3949.0,514.0,38106.0,9216.0,17.0,229.0,5026.0,285.0,7189.823488914404
2022-04-20T00:00:00.000000,189.0,32,157,110.0,7.0,20.0,51283.0,10459.0,223058.0,48953.0,12505.0,3390.0,28036.0,4559.0,27.0,280.0,5776.0,265.0,11576.061587672448
2022-04-21T00:00:00.000000,200.0,36,164,104.0,11.0,19.0,84271.0,14259.0,237122.0,57730.0,18624.0,4908.0,54491.0,7872.0,27.0,317.0,6560.0,347.0,11147.696592135413
2022-04-22T00:00:00.000000,177.0,29,148,110.0,8.0,17.0,58368.0,11822.0,249817.0,54435.0,26015.0,5321.0,27838.0,5407.0,19.0,316.0,4325.0,251.0,9696.547918226921
2022-04-23T00:00:00.000000,125.0,25,100,72.0,5.0,18.0,54127.0,9969.0,154325.0,40543.0,18850.0,3674.0,27442.0,4323.0,24.0,203.0,11460.0,201.0,7582.695255098204
2022-04-24T00:00:00.000000,169.0,44,125,96.0,18.0,23.0,93986.0,18552.0,221235.0,47290.0,49917.0,9121.0,40638.0,9243.0,33.0,390.0,9114.0,291.0,8389.354217906974
2022-04-25T00:00:00.000000,180.0,29,151,115.0,6.0,17.0,59613.0,12425.0,286875.0,64095.0,10156.0,2377.0,41142.0,7976.0,23.0,272.0,3561.0,292.0,8903.829095948673
2022-04-26T00:00:00.000000,164.0,32,132,110.0,3.0,25.0,55792.0,12321.0,244966.0,59789.0,5514.0,1103.0,47556.0,10690.0,35.0,356.0,12362.0,292.0,9311.303074114694
2022-04-27T00:00:00.000000,198.0,41,157,109.0,11.0,21.0,67629.0,14831.0,247824.0,56486.0,13240.0,2355.0,37348.0,8502.0,23.0,329.0,8014.0,281.0,10743.714326451278
2022-04-28T00:00:00.000000,175.0,34,141,101.0,11.0,20.0,44027.0,7082.0,201727.0,55516.0,14846.0,2682.0,26295.0,4145.0,26.0,308.0,6441.0,372.0,10746.0362507263
2022-04-29T00:00:00.000000,175.0,34,141,107.0,11.0,17.0,64511.0,16853.0,204439.0,46743.0,28588.0,7663.0,29735.0,8297.0,22.0,275.0,7102.0,268.0,8710.622873035703
2022-04-30T00:00:00.000000,169.0,34,133,98.0,6.0,24.0,65058.0,20141.0,225285.0,55013.0,17456.0,5025.0,34287.0,8801.0,33.0,251.0,7937.0,294.0,8375.150588251114
2022-05-01T00:00:00.000000,143.0,36,107,90.0,5.0,26.0,76415.0,18200.0,184115.0,40520.0,8992.0,923.0,61934.0,16324.0,30.0,250.0,10085.0,276.0,7450.221685737343
2022-05-02T00:00:00.000000,203.0,40,163,110.0,9.0,20.0,83980.0,21376.0,235195.0,54597.0,22799.0,5011.0,42905.0,12156.0,31.0,314.0,11115.0,326.0,11829.22177876645
2022-05-03T00:00:00.000000,147.0,21,126,88.0,5.0,9.0,61771.0,29555.0,204594.0,40912.0,10263.0,2776.0,37883.0,25008.0,10.0,231.0,3966.0,270.0,7506.028462379964
2022-05-04T00:00:00.000000,165.0,20,143,107.0,6.0,11.0,43841.0,7380.0,206330.0,50281.0,10180.0,346.0,24856.0,5052.0,14.0,271.0,7005.0,327.0,8160.023967359524
2022-05-05T00:00:00.000000,159.0,21,138,87.0,5.0,15.0,34977.0,7142.0,238593.0,58796.0,9107.0,1952.0,22463.0,4567.0,22.0,318.0,3703.0,204.0,8645.077461957202
2022-05-06T00:00:00.000000,151.0,21,130,97.0,4.0,15.0,49475.0,8443.0,240609.0,51336.0,8164.0,1439.0,37511.0,6838.0,21.0,258.0,5673.0,265.0,7733.649724653796
2022-05-07T00:00:00.000000,157.0,30,127,105.0,14.0,16.0,64555.0,13909.0,239168.0,54832.0,27799.0,3991.0,36756.0,9918.0,31.0,307.0,6495.0,302.0,8793.347812824251
2022-05-08T00:00:00.000000,132.0,20,112,88.0,7.0,9.0,32352.0,4151.0,178603.0,35753.0,13824.0,1585.0,12252.0,1772.0,11.0,259.0,6070.0,190.0,7247.867774087659
2022-05-09T00:00:00.000000,162.0,22,140,107.0,9.0,8.0,43370.0,7419.0,242452.0,58425.0,18566.0,2322.0,12910.0,2531.0,9.0,267.0,5470.0,246.0,8956.925032099
2022-05-10T00:00:00.000000,158.0,28,130,105.0,9.0,16.0,42937.0,8675.0,224493.0,57082.0,14290.0,1998.0,22534.0,5526.0,26.0,357.0,7757.0,230.0,7847.6056954031765
2022-05-11T00:00:00.000000,169.0,30,139,88.0,2.0,21.0,58207.0,12180.0,190599.0,48388.0,4606.0,768.0,45226.0,9674.0,31.0,362.0,8823.0,279.0,9475.474068459014
2022-05-12T00:00:00.000000,182.0,31,151,100.0,6.0,15.0,70125.0,10633.0,261470.0,70050.0,9263.0,1035.0,31048.0,5603.0,22.0,352.0,9318.0,219.0,10236.448333896216
2022-05-13T00:00:00.000000,165.0,26,139,98.0,13.0,10.0,57581.0,13682.0,218223.0,49527.0,24914.0,5782.0,17650.0,4222.0,12.0,286.0,4056.0,254.0,9009.771352755246
2022-05-14T00:00:00.000000,136.0,27,109,87.0,6.0,10.0,61938.0,12470.0,161719.0,37711.0,15651.0,3472.0,23315.0,5787.0,14.0,256.0,7120.0,259.0,7561.38770429524
2022-05-15T00:00:00.000000,172.0,39,133,102.0,12.0,17.0,85445.0,16671.0,258531.0,46895.0,25224.0,3241.0,35118.0,11348.0,25.0,293.0,8139.0,336.0,8939.588065208294
2022-05-16T00:00:00.000000,186.0,37,149,100.0,8.0,22.0,63890.0,12577.0,223903.0,50230.0,19285.0,2717.0,35984.0,8710.0,31.0,350.0,4836.0,288.0,10796.947490865094
2022-05-17T00:00:00.000000,220.0,47,173,122.0,9.0,33.0,134667.0,22001.0,314819.0,82034.0,10043.0,2222.0,112548.0,17471.0,44.0,387.0,13945.0,328.0,11119.300184274261
2022-05-18T00:00:00.000000,172.0,25,147,98.0,9.0,15.0,75860.0,24091.0,257586.0,67501.0,33225.0,10662.0,42247.0,13337.0,17.0,368.0,4332.0,316.0,8268.613945820174
2022-05-19T00:00:00.000000,168.0,27,141,96.0,12.0,12.0,65196.0,12525.0,265475.0,65070.0,40863.0,9013.0,18550.0,2925.0,19.0,292.0,4535.0,352.0,9418.647612102342
2022-05-20T00:00:00.000000,166.0,26,140,91.0,6.0,12.0,54675.0,9231.0,203525.0,41903.0,16619.0,3774.0,25358.0,2910.0,22.0,332.0,7789.0,320.0,9300.642288827125
2022-05-21T00:00:00.000000,127.0,25,102,81.0,8.0,11.0,51815.0,11213.0,138418.0,37146.0,10762.0,1837.0,23507.0,5546.0,15.0,252.0,4096.0,210.0,6946.056980333931
2022-05-22T00:00:00.000000,143.0,29,114,90.0,6.0,16.0,43990.0,8008.0,165820.0,40094.0,7251.0,1404.0,26695.0,5271.0,28.0,355.0,13314.0,229.0,8926.622657444253
2022-05-23T00:00:00.000000,184.0,43,141,106.0,15.0,20.0,100982.0,25115.0,265896.0,62517.0,48505.0,12798.0,36743.0,7307.0,26.0,326.0,7791.0,297.0,9938.594145506984
2022-05-24T00:00:00.000000,177.0,32,145,109.0,14.0,15.0,91817.0,18031.0,265775.0,51620.0,28694.0,6246.0,56606.0,10363.0,20.0,353.0,6624.0,353.0,10070.552674993934
2022-05-25T00:00:00.000000,176.0,39,137,105.0,21.0,13.0,86502.0,17706.0,208681.0,54376.0,50165.0,9422.0,19983.0,4294.0,24.0,368.0,5467.0,299.0,8678.95373500959
2022-05-26T00:00:00.000000,165.0,31,134,107.0,5.0,23.0,79536.0,15752.0,265700.0,61189.0,25987.0,5780.0,49380.0,9314.0,30.0,326.0,5952.0,265.0,8619.363622373208
2022-05-27T00:00:00.000000,157.0,32,125,96.0,8.0,13.0,78818.0,15695.0,214595.0,47994.0,22534.0,3152.0,27558.0,6321.0,22.0,249.0,6584.0,288.0,7739.593822177818
2022-05-28T00:00:00.000000,127.0,24,103,92.0,7.0,11.0,48842.0,11823.0,176842.0,38569.0,12995.0,3066.0,19644.0,3918.0,13.0,269.0,3704.0,250.0,6183.453648387202
2022-05-29T00:00:00.000000,121.0,13,108,72.0,2.0,8.0,25266.0,5009.0,163311.0,35746.0,1942.0,97.0,20725.0,4591.0,10.0,252.0,4155.0,172.0,6474.471416246675
2022-05-30T00:00:00.000000,171.0,34,137,94.0,9.0,21.0,72800.0,12176.0,270365.0,80826.0,26296.0,4674.0,32632.0,5874.0,29.0,341.0,6586.0,277.0,5684.79448459105
2022-05-31T00:00:00.000000,180.0,24,156,112.0,5.0,16.0,39680.0,11733.0,256917.0,55168.0,13894.0,4140.0,23580.0,7172.0,25.0,328.0,3523.0,275.0,9048.735614205367
2022-06-01T00:00:00.000000,168.0,41,127,99.0,7.0,27.0,82354.0,17740.0,229517.0,51369.0,9859.0,2771.0,54519.0,11634.0,37.0,309.0,7631.0,262.0,9062.371216441987
2022-06-02T00:00:00.000000,162.0,25,137,91.0,12.0,12.0,50140.0,10836.0,259723.0,67580.0,31634.0,6493.0,17505.0,4343.0,19.0,347.0,4862.0,289.0,8866.951428674005
2022-06-03T00:00:00.000000,141.0,22,119,88.0,7.0,11.0,52876.0,12893.0,226335.0,58275.0,15832.0,4240.0,30236.0,6328.0,13.0,265.0,7662.0,269.0,8045.185892681173
2022-06-04T00:00:00.000000,165.0,27,138,88.0,5.0,17.0,70222.0,14514.0,242308.0,53858.0,8843.0,1512.0,47516.0,11786.0,22.0,316.0,4251.0,312.0,9227.923349238165
2022-06-05T00:00:00.000000,141.0,22,119,94.0,5.0,14.0,58444.0,14189.0,231325.0,47451.0,10663.0,1913.0,39989.0,9856.0,14.0,304.0,3070.0,244.0,7555.57319661521
2022-06-06T00:00:00.000000,164.0,29,135,99.0,8.0,17.0,62745.0,13425.0,217588.0,54827.0,11565.0,1979.0,45680.0,10650.0,22.0,331.0,5410.0,302.0,9219.50638800467
2022-06-07T00:00:00.000000,159.0,24,135,99.0,8.0,10.0,50781.0,10215.0,214022.0,41499.0,13047.0,2462.0,16421.0,4044.0,13.0,323.0,8214.0,282.0,8444.031594226719
2022-06-08T00:00:00.000000,150.0,24,126,102.0,6.0,15.0,55267.0,15081.0,213702.0,50709.0,15819.0,3330.0,30411.0,9677.0,20.0,295.0,4330.0,203.0,7226.6921816619015
2022-06-09T00:00:00.000000,168.0,23,145,102.0,2.0,15.0,66913.0,15359.0,262044.0,61524.0,8055.0,2385.0,47649.0,9864.0,22.0,318.0,3677.0,319.0,8313.136819386085
2022-06-10T00:00:00.000000,152.0,19,133,89.0,2.0,12.0,29532.0,7612.0,184736.0,47607.0,2725.0,318.0,21347.0,5549.0,22.0,323.0,2498.0,240.0,6351.819791260281
2022-06-11T00:00:00.000000,179.0,41,138,104.0,15.0,15.0,91454.0,16297.0,217712.0,50075.0,47853.0,7932.0,18806.0,3438.0,24.0,351.0,7467.0,338.0,9746.500282743898
2022-06-12T00:00:00.000000,158.0,36,122,84.0,10.0,19.0,103895.0,23887.0,200562.0,45018.0,27482.0,6302.0,55123.0,14028.0,28.0,332.0,10962.0,311.0,7736.87980885231
2022-06-13T00:00:00.000000,135.0,28,107,94.0,14.0,12.0,52562.0,12874.0,166401.0,36378.0,37644.0,10057.0,12205.0,2232.0,15.0,256.0,4557.0,247.0,7857.232147865147
2022-06-14T00:00:00.000000,159.0,23,136,101.0,6.0,14.0,46630.0,11943.0,233550.0,58583.0,15534.0,4516.0,28103.0,6065.0,17.0,288.0,11077.0,238.0,5831.3823408140715
2022-06-15T00:00:00.000000,157.0,36,121,93.0,13.0,19.0,64513.0,14675.0,197135.0,47177.0,23592.0,6391.0,34785.0,7738.0,25.0,307.0,6643.0,290.0,8569.207004307744
2022-06-16T00:00:00.000000,185.0,34,151,106.0,9.0,15.0,68505.0,14229.0,236364.0,57939.0,17928.0,3809.0,27057.0,6745.0,27.0,342.0,13201.0,322.0,9169.112817957184
2022-06-17T00:00:00.000000,156.0,28,128,104.0,7.0,16.0,46507.0,10557.0,200376.0,42626.0,23510.0,5268.0,18656.0,4429.0,20.0,235.0,3451.0,263.0,8192.523534999442
2022-06-18T00:00:00.000000,131.0,37,94,82.0,11.0,16.0,65825.0,15998.0,158780.0,38488.0,23313.0,4742.0,27469.0,6872.0,20.0,241.0,8124.0,259.0,6620.919930936714
2022-06-19T00:00:00.000000,180.0,38,142,96.0,8.0,25.0,69534.0,12728.0,228153.0,50535.0,20673.0,3928.0,38506.0,6976.0,34.0,502.0,6542.0,308.0,10836.149261696008
2022-06-20T00:00:00.000000,179.0,39,140,102.0,12.0,18.0,70805.0,17842.0,230180.0,57956.0,28615.0,6718.0,28365.0,6700.0,29.0,304.0,10282.0,316.0,8981.874913062802
2022-06-21T00:00:00.000000,182.0,36,146,113.0,9.0,18.0,79237.0,15792.0,262193.0,72001.0,12504.0,2013.0,38127.0,7745.0,21.0,364.0,6584.0,279.0,8015.263149952197
2022-06-22T00:00:00.000000,218.0,41,177,124.0,10.0,19.0,69014.0,15314.0,255044.0,65469.0,20499.0,5780.0,29096.0,6187.0,27.0,387.0,5884.0,364.0,11685.764590101666
2022-06-23T00:00:00.000000,197.0,45,152,109.0,13.0,27.0,95334.0,25575.0,271896.0,59689.0,39090.0,10722.0,46929.0,11359.0,36.0,385.0,7479.0,276.0,10468.444352531249
2022-06-24T00:00:00.000000,161.0,28,133,96.0,8.0,16.0,51482.0,10283.0,182619.0,46304.0,13824.0,2049.0,28746.0,5794.0,23.0,276.0,3389.0,249.0,8727.853506391519
2022-06-25T00:00:00.000000,157.0,23,134,79.0,7.0,10.0,37430.0,9004.0,181744.0,41979.0,14464.0,2314.0,12657.0,3166.0,15.0,273.0,2690.0,270.0,8531.508161187909
2022-06-26T00:00:00.000000,148.0,27,121,79.0,3.0,15.0,46538.0,11493.0,212889.0,47269.0,5771.0,1866.0,29612.0,7897.0,20.0,275.0,6739.0,176.0,6812.570153646031
2022-06-27T00:00:00.000000,180.0,34,146,101.0,9.0,16.0,79375.0,18212.0,189108.0,39624.0,18781.0,4904.0,41327.0,9943.0,23.0,349.0,5500.0,323.0,9032.609205000372
2022-06-28T00:00:00.000000,181.0,30,151,93.0,14.0,9.0,73601.0,17103.0,217513.0,52901.0,36911.0,7997.0,25333.0,6539.0,11.0,352.0,6572.0,342.0,10161.23512815136
2022-06-29T00:00:00.000000,170.0,28,142,96.0,11.0,16.0,38588.0,8665.0,237654.0,47274.0,11312.0,1429.0,25399.0,6808.0,17.0,354.0,4025.0,345.0,9761.895049923594
2022-06-30T00:00:00.000000,167.0,29,138,98.0,5.0,16.0,51834.0,9552.0,207609.0,48729.0,9651.0,2235.0,26981.0,5105.0,21.0,277.0,4269.0,264.0,9574.559226749825
2022-07-01T00:00:00.000000,143.0,22,119,86.0,8.0,11.0,60126.0,10954.0,170502.0,42459.0,33109.0,5263.0,19804.0,4212.0,21.0,302.0,5400.0,194.0,8114.385539069655
2022-07-02T00:00:00.000000,130.0,17,113,90.0,3.0,10.0,37291.0,8642.0,156995.0,35081.0,9856.0,2027.0,13833.0,3575.0,14.0,260.0,3379.0,193.0,7833.414374742029
2022-07-03T00:00:00.000000,162.0,25,137,94.0,8.0,12.0,47352.0,10614.0,238618.0,64947.0,14330.0,2179.0,21897.0,5565.0,12.0,353.0,14041.0,251.0,7445.296548581777
2022-07-04T00:00:00.000000,202.0,37,165,101.0,17.0,15.0,88469.0,16392.0,258366.0,54786.0,34731.0,6398.0,39330.0,7068.0,26.0,369.0,8350.0,293.0,11237.572639892967
2022-07-05T00:00:00.000000,194.0,32,162,105.0,9.0,21.0,56631.0,11096.0,247634.0,61416.0,16601.0,3639.0,37982.0,7102.0,29.0,308.0,7535.0,397.0,9881.032394338383
2022-07-06T00:00:00.000000,208.0,36,172,106.0,8.0,20.0,60287.0,9252.0,303298.0,66124.0,10429.0,2291.0,30789.0,4610.0,30.0,475.0,12000.0,378.0,10914.722470429142
2022-07-07T00:00:00.000000,166.0,28,138,98.0,12.0,15.0,64456.0,13499.0,214608.0,51679.0,29623.0,5141.0,31964.0,7865.0,25.0,388.0,6177.0,223.0,8729.778363600302
2022-07-08T00:00:00.000000,148.0,22,126,97.0,5.0,16.0,44260.0,8910.0,197997.0,52426.0,11066.0,1530.0,30406.0,6663.0,19.0,279.0,3343.0,240.0,7638.992354004435
2022-07-09T00:00:00.000000,158.0,27,131,87.0,7.0,15.0,52841.0,11174.0,225590.0,47629.0,27333.0,5762.0,18420.0,4423.0,20.0,310.0,4308.0,273.0,8725.602796928133
2022-07-10T00:00:00.000000,144.0,26,118,87.0,8.0,15.0,57421.0,15309.0,195993.0,47787.0,11893.0,3828.0,40998.0,10524.0,19.0,335.0,8163.0,282.0,7810.783721711051
2022-07-11T00:00:00.000000,189.0,27,162,103.0,4.0,20.0,58166.0,11814.0,261306.0,69300.0,8278.0,1554.0,43569.0,8657.0,26.0,370.0,4667.0,323.0,9608.188576864808
2022-07-12T00:00:00.000000,187.0,25,162,108.0,6.0,16.0,44062.0,11932.0,263887.0,66976.0,7298.0,1058.0,34161.0,10365.0,20.0,369.0,4083.0,323.0,9858.044611679967
2022-07-13T00:00:00.000000,165.0,24,141,112.0,8.0,10.0,67281.0,13510.0,238854.0,59661.0,29511.0,6456.0,22428.0,4587.0,15.0,297.0,5405.0,283.0,9743.402855641618
2022-07-14T00:00:00.000000,176.0,39,137,97.0,11.0,24.0,71025.0,18171.0,254107.0,59196.0,18120.0,4273.0,47864.0,13205.0,51.0,491.0,110709.0,363.0,9127.20069270104
2022-07-15T00:00:00.000000,162.0,28,134,108.0,5.0,20.0,50861.0,10210.0,215421.0,45659.0,9676.0,1693.0,37309.0,8007.0,26.0,361.0,7841.0,305.0,8664.580096941909
2022-07-16T00:00:00.000000,163.0,25,138,101.0,7.0,15.0,67355.0,14528.0,223746.0,45447.0,13289.0,3083.0,41370.0,10499.0,25.0,291.0,4358.0,194.0,8310.40963637654
2022-07-17T00:00:00.000000,149.0,18,131,86.0,3.0,10.0,35352.0,6091.0,234391.0,72614.0,7764.0,1814.0,18038.0,3519.0,14.0,380.0,3911.0,229.0,7596.857738606974
2022-07-18T00:00:00.000000,197.0,32,165,115.0,8.0,16.0,72246.0,18583.0,288334.0,70028.0,17498.0,4309.0,34357.0,9357.0,23.0,360.0,6547.0,344.0,9842.160449245841
2022-07-19T00:00:00.000000,159.0,26,133,103.0,4.0,15.0,52361.0,11759.0,207914.0,48309.0,9251.0,2240.0,24387.0,5357.0,17.0,393.0,7431.0,238.0,8784.693213897508
2022-07-20T00:00:00.000000,193.0,35,158,106.0,10.0,17.0,70729.0,17425.0,304844.0,76764.0,15211.0,4163.0,38216.0,8641.0,32.0,390.0,8955.0,353.0,9622.423877522695
2022-07-21T00:00:00.000000,169.0,34,135,101.0,14.0,13.0,81264.0,18787.0,224403.0,48972.0,38481.0,8260.0,23494.0,5846.0,19.0,385.0,7467.0,328.0,9439.581112211623
2022-07-22T00:00:00.000000,161.0,21,140,92.0,3.0,13.0,35312.0,7515.0,216398.0,48186.0,7889.0,1233.0,16162.0,2655.0,18.0,291.0,2372.0,309.0,9011.172476750164
2022-07-23T00:00:00.000000,154.0,31,123,96.0,7.0,20.0,85837.0,18788.0,222353.0,53961.0,15854.0,2801.0,65399.0,15440.0,35.0,347.0,5604.0,232.0,7758.987530383327
2022-07-24T00:00:00.000000,150.0,26,124,92.0,6.0,14.0,58507.0,12181.0,206232.0,40259.0,9822.0,2046.0,33941.0,7877.0,16.0,358.0,4701.0,283.0,8382.315253899222
2022-07-25T00:00:00.000000,195.0,22,173,109.0,1.0,20.0,36523.0,5815.0,236842.0,56815.0,1383.0,122.0,33961.0,5607.0,30.0,309.0,4712.0,265.0,9837.991696474788
2022-07-26T00:00:00.000000,182.0,27,155,101.0,5.0,18.0,56634.0,11524.0,242760.0,60333.0,14879.0,2889.0,34653.0,6625.0,26.0,413.0,10158.0,297.0,8404.511745314823
2022-07-27T00:00:00.000000,178.0,27,151,100.0,6.0,15.0,46346.0,9020.0,209495.0,49703.0,7153.0,480.0,28334.0,6682.0,22.0,292.0,7756.0,344.0,9701.555770110766
2022-07-28T00:00:00.000000,192.0,37,155,109.0,8.0,22.0,76228.0,18852.0,218309.0,56305.0,32451.0,6665.0,35031.0,9146.0,40.0,386.0,8628.0,372.0,9458.009470889567
2022-07-29T00:00:00.000000,119.0,20,99,75.0,11.0,3.0,43973.0,8721.0,154001.0,40808.0,24327.0,4064.0,4370.0,1041.0,6.0,229.0,3836.0,172.0,5640.3890924678535
2022-07-30T00:00:00.000000,148.0,22,126,94.0,3.0,12.0,30127.0,6550.0,219244.0,57195.0,4945.0,1013.0,17154.0,4266.0,18.0,340.0,5500.0,306.0,8171.670585659894
2022-07-31T00:00:00.000000,106.0,14,92,72.0,2.0,8.0,47492.0,11537.0,146077.0,31819.0,8320.0,1997.0,31173.0,8238.0,8.0,166.0,5364.0,164.0,5054.447401910568
2022-08-01T00:00:00.000000,155.0,30,125,99.0,9.0,18.0,65999.0,14190.0,203666.0,46448.0,19005.0,4443.0,35165.0,7845.0,26.0,333.0,8307.0,276.0,5787.927153637145
2022-08-02T00:00:00.000000,181.0,38,143,95.0,8.0,24.0,92728.0,21932.0,261863.0,57810.0,25979.0,5334.0,56038.0,14853.0,29.0,368.0,6572.0,316.0,9125.463024861045
2022-08-03T00:00:00.000000,167.0,35,132,102.0,9.0,21.0,93581.0,16853.0,178196.0,44295.0,34951.0,5308.0,36924.0,7526.0,36.0,377.0,7839.0,255.0,8552.282560455695
2022-08-04T00:00:00.000000,156.0,26,130,81.0,6.0,9.0,80424.0,19027.0,181765.0,43980.0,12637.0,3246.0,23186.0,5171.0,12.0,326.0,4387.0,270.0,7037.065723620774
2022-08-05T00:00:00.000000,148.0,25,123,95.0,8.0,10.0,64821.0,13451.0,191695.0,44891.0,31682.0,7027.0,16054.0,2981.0,14.0,300.0,6311.0,214.0,7885.04950757806
2022-08-06T00:00:00.000000,140.0,27,113,89.0,12.0,11.0,44673.0,8806.0,136556.0,33099.0,28449.0,5861.0,13460.0,2292.0,11.0,234.0,4846.0,269.0,7042.644309447344
2022-08-07T00:00:00.000000,185.0,45,140,95.0,14.0,24.0,117036.0,21893.0,199943.0,39417.0,58473.0,10619.0,38831.0,8064.0,38.0,386.0,12543.0,336.0,9705.325532409535
2022-08-08T00:00:00.000000,172.0,35,137,97.0,12.0,13.0,81908.0,25571.0,193695.0,55797.0,46621.0,11480.0,19973.0,6145.0,19.0,383.0,5728.0,227.0,8595.426998721774
2022-08-09T00:00:00.000000,147.0,27,120,86.0,4.0,17.0,71108.0,19537.0,174222.0,44839.0,20297.0,4299.0,43537.0,12493.0,27.0,310.0,6405.0,207.0,7896.586817899317
2022-08-10T00:00:00.000000,167.0,26,141,105.0,7.0,15.0,50324.0,12953.0,175315.0,38319.0,14140.0,3748.0,30154.0,7811.0,20.0,297.0,2588.0,304.0,9250.66528554107
2022-08-11T00:00:00.000000,144.0,17,127,97.0,9.0,6.0,27318.0,7696.0,168490.0,42438.0,14112.0,2582.0,8526.0,2504.0,6.0,281.0,1930.0,231.0,7926.9875644946105
2022-08-12T00:00:00.000000,157.0,22,135,91.0,4.0,10.0,33938.0,8528.0,164331.0,40782.0,6013.0,1245.0,11121.0,3407.0,20.0,310.0,5441.0,293.0,8623.600324369207
2022-08-13T00:00:00.000000,136.0,17,119,82.0,5.0,9.0,48559.0,10993.0,163167.0,37129.0,22210.0,5318.0,23282.0,4997.0,15.0,248.0,3470.0,236.0,7389.104497782505
2022-08-14T00:00:00.000000,119.0,18,101,78.0,7.0,9.0,36405.0,9415.0,144443.0,35980.0,12692.0,3266.0,18204.0,4977.0,14.0,244.0,3113.0,159.0,6046.189754425843
2022-08-15T00:00:00.000000,154.0,20,134,88.0,5.0,7.0,49063.0,9429.0,204686.0,48865.0,15642.0,2777.0,15906.0,3714.0,9.0,273.0,4702.0,211.0,7807.226287455481
2022-08-16T00:00:00.000000,163.0,34,129,91.0,8.0,17.0,80778.0,26501.0,171572.0,48670.0,26186.0,8112.0,26957.0,9818.0,29.0,360.0,8379.0,301.0,8032.7716605459955
2022-08-17T00:00:00.000000,179.0,33,146,113.0,8.0,20.0,60391.0,12621.0,270955.0,56461.0,17843.0,3274.0,32385.0,6561.0,29.0,353.0,6989.0,343.0,8897.18046013339
2022-08-18T00:00:00.000000,134.0,25,109,86.0,7.0,13.0,58759.0,12436.0,155437.0,37082.0,15474.0,3136.0,31405.0,6407.0,15.0,248.0,5117.0,229.0,6700.38011320183
2022-08-19T00:00:00.000000,137.0,19,118,94.0,6.0,9.0,69872.0,19603.0,188896.0,49103.0,38626.0,9671.0,22087.0,8466.0,15.0,291.0,5094.0,209.0,7150.661884194651
2022-08-20T00:00:00.000000,123.0,15,108,72.0,2.0,12.0,36884.0,10021.0,174889.0,43437.0,3632.0,475.0,30177.0,8653.0,21.0,357.0,4344.0,249.0,5408.655471065471
2022-08-21T00:00:00.000000,134.0,21,113,86.0,6.0,11.0,55356.0,10081.0,185712.0,47705.0,18766.0,3326.0,27147.0,4477.0,17.0,258.0,3147.0,221.0,7262.411115294327
2022-08-22T00:00:00.000000,151.0,25,126,92.0,7.0,12.0,49223.0,13591.0,205503.0,46115.0,18441.0,6020.0,16312.0,3546.0,14.0,317.0,4676.0,211.0,8201.04425234564
2022-08-23T00:00:00.000000,125.0,19,106,85.0,5.0,10.0,47118.0,10064.0,190484.0,43320.0,8025.0,1559.0,13058.0,3905.0,16.0,317.0,6628.0,265.0,6431.68612658905
2022-08-24T00:00:00.000000,128.0,21,107,93.0,7.0,11.0,31102.0,5973.0,185589.0,53890.0,13501.0,2287.0,15429.0,3198.0,12.0,228.0,3899.0,245.0,6265.119238929902
2022-08-25T00:00:00.000000,152.0,14,138,98.0,7.0,5.0,27700.0,4522.0,244472.0,57808.0,8782.0,1986.0,7966.0,1384.0,9.0,292.0,3132.0,176.0,8018.328478382007
2022-08-26T00:00:00.000000,154.0,17,137,95.0,5.0,7.0,38477.0,11212.0,189078.0,47668.0,17416.0,5682.0,10305.0,2058.0,16.0,347.0,4618.0,258.0,6994.387314893451
2022-08-27T00:00:00.000000,122.0,24,98,74.0,3.0,18.0,38628.0,8396.0,156860.0,33601.0,4208.0,952.0,27226.0,5371.0,23.0,238.0,3283.0,228.0,7133.851618988542
2022-08-28T00:00:00.000000,135.0,21,114,82.0,8.0,8.0,45322.0,10583.0,190955.0,41218.0,14144.0,4735.0,16622.0,1677.0,15.0,302.0,4185.0,222.0,6473.34929408985
2022-08-29T00:00:00.000000,146.0,19,127,99.0,11.0,6.0,43312.0,9607.0,208821.0,51217.0,27581.0,5506.0,13145.0,3935.0,7.0,329.0,11493.0,230.0,7655.709708634429
2022-08-30T00:00:00.000000,150.0,17,133,96.0,3.0,10.0,32746.0,6332.0,206914.0,51727.0,8970.0,1788.0,14147.0,1617.0,15.0,351.0,4462.0,234.0,7930.05298235611
2022-08-31T00:00:00.000000,144.0,19,125,104.0,4.0,13.0,47505.0,8532.0,194260.0,45982.0,6716.0,1639.0,34306.0,6270.0,22.0,266.0,4738.0,274.0,7639.824556186854
2022-09-01T00:00:00.000000,138.0,21,117,86.0,9.0,10.0,37870.0,7558.0,213632.0,50365.0,17349.0,4497.0,18555.0,2867.0,10.0,223.0,4273.0,316.0,7391.777217022185
2022-09-02T00:00:00.000000,162.0,27,135,100.0,5.0,16.0,54629.0,12127.0,236162.0,55440.0,11050.0,1385.0,25857.0,5017.0,24.0,267.0,5205.0,235.0,8340.581891564081
2022-09-03T00:00:00.000000,128.0,22,106,87.0,7.0,9.0,32523.0,6738.0,141548.0,30674.0,17779.0,3544.0,9095.0,2410.0,13.0,227.0,3822.0,196.0,6288.387612017695
2022-09-04T00:00:00.000000,113.0,21,92,80.0,9.0,7.0,29447.0,4452.0,114223.0,23888.0,12822.0,1954.0,7486.0,1265.0,9.0,203.0,5185.0,223.0,6158.371069274567
2022-09-05T00:00:00.000000,158.0,36,122,98.0,12.0,18.0,61199.0,10388.0,188945.0,46840.0,29910.0,3926.0,22270.0,4417.0,34.0,280.0,4914.0,300.0,7503.2596515233645
2022-09-06T00:00:00.000000,136.0,28,108,97.0,9.0,17.0,48659.0,7394.0,141532.0,32438.0,20980.0,2892.0,25627.0,4214.0,28.0,301.0,6989.0,221.0,6286.401331239965
2022-09-07T00:00:00.000000,145.0,27,118,96.0,10.0,12.0,52200.0,8831.0,183055.0,44156.0,21405.0,3451.0,23278.0,4015.0,16.0,232.0,5000.0,264.0,7174.0206823997105
2022-09-08T00:00:00.000000,140.0,26,114,87.0,9.0,14.0,49710.0,7548.0,180430.0,40761.0,17762.0,2031.0,26655.0,4568.0,15.0,304.0,4106.0,283.0,7598.446460689642
2022-09-09T00:00:00.000000,158.0,25,133,103.0,7.0,17.0,38926.0,7682.0,194682.0,44261.0,12281.0,2186.0,24371.0,5029.0,18.0,272.0,3812.0,296.0,6766.505235154693
2022-09-10T00:00:00.000000,127.0,21,106,92.0,6.0,12.0,40863.0,7579.0,216068.0,45245.0,12253.0,3406.0,25432.0,3845.0,17.0,274.0,4534.0,269.0,6718.033065657502
2022-09-11T00:00:00.000000,133.0,25,108,91.0,5.0,16.0,45147.0,9834.0,174945.0,37797.0,13329.0,3091.0,26757.0,5850.0,25.0,266.0,4047.0,197.0,6867.727784188331
2022-09-12T00:00:00.000000,149.0,24,125,99.0,8.0,14.0,33052.0,5632.0,174114.0,41552.0,11476.0,2084.0,19055.0,3166.0,19.0,256.0,3608.0,254.0,8497.231549295613
2022-09-13T00:00:00.000000,159.0,25,134,100.0,2.0,18.0,48163.0,11363.0,189907.0,41616.0,2618.0,363.0,37753.0,10413.0,24.0,267.0,5116.0,233.0,8849.533286325752
2022-09-14T00:00:00.000000,161.0,28,133,92.0,6.0,19.0,49340.0,9392.0,222806.0,48569.0,7897.0,1577.0,36576.0,6833.0,24.0,291.0,5598.0,348.0,8889.539391764081
2022-09-15T00:00:00.000000,133.0,9,124,87.0,3.0,4.0,22597.0,7009.0,215981.0,46836.0,6941.0,1504.0,8251.0,3509.0,4.0,258.0,1944.0,193.0,7619.398057200529
2022-09-16T00:00:00.000000,132.0,20,112,94.0,5.0,12.0,41881.0,7899.0,194474.0,47513.0,8693.0,1659.0,28800.0,5644.0,17.0,224.0,2207.0,231.0,6360.286822505865
2022-09-17T00:00:00.000000,119.0,16,103,81.0,5.0,9.0,25124.0,4641.0,140511.0,30735.0,10406.0,2252.0,12112.0,2014.0,9.0,237.0,2073.0,191.0,4857.900402717118
2022-09-18T00:00:00.000000,142.0,21,121,88.0,6.0,13.0,45617.0,10661.0,189672.0,47001.0,11746.0,4418.0,31506.0,6109.0,22.0,281.0,3855.0,251.0,7197.110213002162
2022-09-19T00:00:00.000000,149.0,22,127,94.0,3.0,16.0,41699.0,6801.0,160347.0,38013.0,3778.0,384.0,31232.0,5481.0,23.0,259.0,5726.0,265.0,7816.589880736617
2022-09-20T00:00:00.000000,167.0,31,136,90.0,8.0,14.0,52556.0,10897.0,216503.0,45633.0,16007.0,3370.0,24912.0,3594.0,18.0,333.0,7171.0,270.0,8994.724793677662
2022-09-21T00:00:00.000000,151.0,27,124,100.0,9.0,16.0,52228.0,10871.0,234972.0,58126.0,21034.0,3527.0,28926.0,6926.0,21.0,279.0,3816.0,241.0,7459.191078824555
2022-09-22T00:00:00.000000,138.0,21,117,90.0,6.0,10.0,34661.0,5358.0,171255.0,35953.0,12517.0,2802.0,16057.0,1318.0,12.0,272.0,5466.0,226.0,7349.016537502187
2022-09-23T00:00:00.000000,160.0,23,137,107.0,7.0,14.0,54401.0,10159.0,222440.0,49705.0,15443.0,2566.0,36353.0,6781.0,23.0,320.0,7286.0,227.0,8378.02408898304
2022-09-24T00:00:00.000000,141.0,22,118,83.0,3.0,16.0,35656.0,6507.0,189462.0,40898.0,8319.0,1927.0,22464.0,4091.0,24.0,221.0,5168.0,236.0,7248.446534136458
2022-09-25T00:00:00.000000,159.0,23,136,94.0,8.0,12.0,47361.0,10678.0,196489.0,45111.0,16655.0,4016.0,21587.0,3749.0,16.0,283.0,7563.0,295.0,8033.274754765147
2022-09-26T00:00:00.000000,167.0,34,133,116.0,11.0,20.0,86126.0,20377.0,250410.0,57236.0,27118.0,7902.0,56201.0,12135.0,24.0,372.0,8763.0,219.0,9478.538198447455
2022-09-27T00:00:00.000000,177.0,22,155,104.0,6.0,12.0,49079.0,10867.0,229267.0,57506.0,21681.0,4730.0,18536.0,4342.0,20.0,322.0,4647.0,265.0,9196.731785893293
2022-09-28T00:00:00.000000,173.0,28,145,99.0,8.0,15.0,71120.0,12064.0,246280.0,50228.0,22262.0,3844.0,32099.0,5422.0,19.0,349.0,4727.0,274.0,10025.248218333445
2022-09-29T00:00:00.000000,155.0,15,140,101.0,2.0,7.0,30950.0,7165.0,190915.0,42862.0,2067.0,430.0,13751.0,2064.0,8.0,270.0,2337.0,183.0,7553.225755294738
2022-09-30T00:00:00.000000,140.0,17,123,97.0,7.0,9.0,36651.0,9044.0,213912.0,51491.0,17042.0,4713.0,17740.0,3689.0,12.0,286.0,1714.0,227.0,7493.739989851311
2022-10-01T00:00:00.000000,159.0,27,132,84.0,2.0,17.0,51232.0,9909.0,198355.0,39951.0,2246.0,558.0,21562.0,5020.0,26.0,368.0,4231.0,256.0,8902.782494525192
2022-10-02T00:00:00.000000,153.0,29,124,92.0,11.0,12.0,50848.0,11163.0,162418.0,33452.0,17366.0,3070.0,18995.0,4010.0,12.0,282.0,7013.0,238.0,9175.064474591212
2022-10-03T00:00:00.000000,172.0,26,146,101.0,2.0,18.0,42921.0,7283.0,188733.0,45468.0,3591.0,527.0,30264.0,5422.0,22.0,278.0,4385.0,271.0,9217.149542749099
2022-10-04T00:00:00.000000,178.0,28,150,113.0,7.0,15.0,48627.0,11575.0,255104.0,59181.0,10475.0,2592.0,27641.0,6221.0,20.0,381.0,3887.0,215.0,9887.33506120071
2022-10-05T00:00:00.000000,172.0,20,152,101.0,2.0,14.0,37289.0,11914.0,241669.0,55427.0,5095.0,2540.0,26882.0,8248.0,23.0,391.0,6580.0,330.0,9644.744173545936
2022-10-06T00:00:00.000000,215.0,40,175,118.0,11.0,25.0,124084.0,27204.0,279526.0,68658.0,41659.0,7984.0,77217.0,17822.0,33.0,381.0,6995.0,280.0,12444.846779755177
2022-10-07T00:00:00.000000,159.0,27,132,102.0,5.0,19.0,67318.0,17343.0,167954.0,43732.0,21657.0,6049.0,42035.0,10411.0,35.0,323.0,5873.0,237.0,8415.946087952843
2022-10-08T00:00:00.000000,169.0,21,148,91.0,3.0,11.0,54154.0,15525.0,225601.0,49201.0,5983.0,902.0,30907.0,6333.0,16.0,303.0,3887.0,302.0,8369.418119998641
2022-10-09T00:00:00.000000,179.0,37,142,97.0,10.0,20.0,111609.0,23226.0,338183.0,94266.0,41662.0,8169.0,39867.0,8821.0,27.0,346.0,12395.0,252.0,9723.316547012917
2022-10-10T00:00:00.000000,173.0,20,153,98.0,8.0,10.0,48249.0,11900.0,237243.0,54244.0,21514.0,5154.0,23771.0,5910.0,12.0,298.0,3134.0,286.0,9144.951736532836
2022-10-11T00:00:00.000000,189.0,26,163,114.0,8.0,15.0,45946.0,10211.0,308760.0,60956.0,17744.0,3723.0,25147.0,5698.0,21.0,401.0,4580.0,354.0,11045.569670381592
2022-10-12T00:00:00.000000,149.0,16,133,102.0,7.0,4.0,25488.0,3912.0,206708.0,48963.0,7672.0,1031.0,7533.0,1400.0,6.0,260.0,4287.0,218.0,8023.776520119226
2022-10-13T00:00:00.000000,209.0,31,178,124.0,10.0,19.0,102586.0,24243.0,295193.0,66624.0,39362.0,6741.0,61220.0,16911.0,26.0,358.0,6061.0,252.0,10644.456928566442
2022-10-14T00:00:00.000000,182.0,33,149,121.0,10.0,16.0,75236.0,17408.0,280694.0,74424.0,19741.0,4389.0,41050.0,10017.0,24.0,334.0,8593.0,317.0,8583.608456841042
2022-10-15T00:00:00.000000,150.0,22,128,91.0,3.0,13.0,42720.0,7954.0,183853.0,39420.0,6373.0,742.0,24850.0,5370.0,16.0,301.0,5413.0,247.0,7637.928517661659
2022-10-16T00:00:00.000000,212.0,41,171,119.0,11.0,26.0,64784.0,13040.0,261447.0,52638.0,15285.0,3614.0,39725.0,8446.0,43.0,395.0,6675.0,369.0,11487.652986858346
2022-10-17T00:00:00.000000,184.0,37,147,109.0,12.0,15.0,67692.0,14125.0,187939.0,49840.0,20975.0,4753.0,31079.0,5913.0,21.0,293.0,5826.0,238.0,9630.492897528165
2022-10-18T00:00:00.000000,163.0,26,137,108.0,10.0,15.0,59937.0,13256.0,211578.0,46972.0,32761.0,7781.0,21720.0,4559.0,22.0,349.0,4156.0,285.0,8910.11948702886
2022-10-19T00:00:00.000000,181.0,26,155,112.0,8.0,14.0,48533.0,9502.0,259051.0,62675.0,10227.0,2130.0,31975.0,7081.0,18.0,329.0,8961.0,279.0,7385.303263601932
2022-10-20T00:00:00.000000,202.0,35,167,117.0,15.0,13.0,62778.0,15161.0,260916.0,58412.0,34642.0,9208.0,20725.0,4556.0,20.0,338.0,6337.0,380.0,10015.902979388768
2022-10-21T00:00:00.000000,191.0,22,169,116.0,7.0,12.0,45071.0,8478.0,270727.0,64884.0,20347.0,4280.0,14877.0,2918.0,17.0,285.0,3363.0,297.0,10751.227800699588
2022-10-22T00:00:00.000000,168.0,23,145,90.0,7.0,12.0,61124.0,13487.0,252693.0,56913.0,13838.0,2187.0,34224.0,9427.0,15.0,315.0,4306.0,246.0,9991.378126475951
2022-10-23T00:00:00.000000,173.0,38,135,100.0,11.0,18.0,119687.0,23250.0,214638.0,41037.0,16314.0,2071.0,70532.0,15403.0,24.0,332.0,10224.0,311.0,9176.174122338598
2022-10-24T00:00:00.000000,187.0,36,151,108.0,8.0,19.0,80879.0,18313.0,251673.0,56513.0,12290.0,2822.0,46401.0,11282.0,24.0,311.0,7495.0,291.0,10890.90627171754
2022-10-25T00:00:00.000000,207.0,38,169,122.0,15.0,18.0,76135.0,15426.0,280076.0,61459.0,35338.0,7308.0,32627.0,7336.0,25.0,386.0,7125.0,348.0,10399.212231464477
2022-10-26T00:00:00.000000,148.0,17,131,106.0,4.0,8.0,33657.0,6686.0,240929.0,54124.0,9041.0,2095.0,14596.0,2985.0,12.0,407.0,2271.0,247.0,7812.879790266676
2022-10-27T00:00:00.000000,170.0,24,146,108.0,7.0,11.0,73557.0,35144.0,308486.0,72450.0,32136.0,22654.0,29517.0,8378.0,18.0,342.0,4050.0,287.0,8224.410310534886
2022-10-28T00:00:00.000000,141.0,18,123,99.0,7.0,8.0,38032.0,6499.0,210212.0,50446.0,12019.0,2515.0,20117.0,3157.0,11.0,295.0,6176.0,279.0,6789.316168444111
2022-10-29T00:00:00.000000,140.0,17,123,102.0,5.0,9.0,40375.0,8002.0,202512.0,43125.0,8814.0,1598.0,23969.0,5263.0,10.0,235.0,2291.0,204.0,6500.8155499635295
2022-10-30T00:00:00.000000,171.0,30,141,102.0,11.0,16.0,66170.0,10513.0,251282.0,56758.0,25077.0,4376.0,36742.0,6031.0,21.0,318.0,6526.0,260.0,7968.807823164244
2022-10-31T00:00:00.000000,167.0,31,136,101.0,6.0,15.0,82766.0,16689.0,251246.0,58009.0,14425.0,3090.0,38066.0,7434.0,18.0,364.0,6645.0,271.0,8003.071750443903
2022-11-01T00:00:00.000000,183.0,40,143,112.0,11.0,19.0,76885.0,18744.0,245493.0,53354.0,31114.0,8803.0,30726.0,7059.0,26.0,296.0,6391.0,322.0,9484.160455903453
2022-11-02T00:00:00.000000,208.0,42,166,112.0,13.0,20.0,86313.0,15017.0,266414.0,64452.0,41704.0,8357.0,34808.0,5756.0,30.0,424.0,10922.0,381.0,9281.434630805925
2022-11-03T00:00:00.000000,167.0,26,141,110.0,10.0,11.0,57152.0,11737.0,252354.0,71497.0,16141.0,3658.0,33149.0,6556.0,11.0,300.0,4179.0,280.0,8396.569743364815
2022-11-04T00:00:00.000000,136.0,25,111,90.0,9.0,12.0,47110.0,11012.0,210447.0,51519.0,22038.0,5978.0,20027.0,4072.0,14.0,262.0,4512.0,231.0,7327.6735715105515
2022-11-05T00:00:00.000000,193.0,27,166,106.0,10.0,13.0,72210.0,14809.0,295168.0,79509.0,28603.0,3078.0,31020.0,8465.0,15.0,341.0,3011.0,364.0,9504.164628954068
2022-11-06T00:00:00.000000,156.0,33,123,93.0,12.0,16.0,82131.0,19521.0,201601.0,44858.0,38622.0,9916.0,38154.0,8735.0,20.0,264.0,6254.0,263.0,8487.869021596263
2022-11-07T00:00:00.000000,191.0,34,157,118.0,8.0,20.0,64120.0,12662.0,210633.0,45686.0,13541.0,2149.0,39248.0,7863.0,26.0,317.0,3785.0,341.0,9555.439210337592
2022-11-08T00:00:00.000000,170.0,25,145,105.0,8.0,15.0,64800.0,14007.0,250768.0,65067.0,20983.0,4284.0,37167.0,8422.0,18.0,358.0,4390.0,263.0,8945.20074358834
2022-11-09T00:00:00.000000,172.0,33,139,104.0,16.0,15.0,78692.0,16569.0,192936.0,44608.0,45081.0,11035.0,30693.0,4895.0,18.0,327.0,6958.0,268.0,9285.50998744859
2022-11-10T00:00:00.000000,155.0,34,121,103.0,11.0,17.0,61771.0,10188.0,196501.0,47288.0,21045.0,3572.0,23210.0,3657.0,19.0,297.0,7039.0,244.0,8526.160224034566
2022-11-11T00:00:00.000000,169.0,23,144,101.0,8.0,5.0,56310.0,12153.0,253994.0,55963.0,15501.0,4278.0,14093.0,2988.0,6.0,323.0,3320.0,249.0,8677.39545946001
2022-11-12T00:00:00.000000,160.0,29,131,97.0,14.0,12.0,82117.0,13133.0,220643.0,51484.0,33960.0,6410.0,43165.0,5502.0,15.0,289.0,4687.0,339.0,8234.862650236722
2022-11-13T00:00:00.000000,168.0,36,132,109.0,7.0,25.0,70033.0,13708.0,213431.0,52331.0,19098.0,3595.0,42891.0,7999.0,42.0,337.0,8179.0,277.0,8698.092098781344
2022-11-14T00:00:00.000000,157.0,26,131,109.0,8.0,15.0,51463.0,14468.0,224778.0,53487.0,16350.0,3804.0,30296.0,9853.0,28.0,268.0,4903.0,247.0,7316.8531690322725
2022-11-15T00:00:00.000000,125.0,19,106,88.0,5.0,10.0,36105.0,11471.0,152721.0,37596.0,8969.0,2640.0,23048.0,7698.0,18.0,235.0,4315.0,208.0,6801.2771116590075
2022-11-16T00:00:00.000000,172.0,31,141,106.0,11.0,16.0,63246.0,13604.0,237791.0,58505.0,30517.0,7894.0,25701.0,4751.0,20.0,337.0,3945.0,289.0,9819.13595947529
2022-11-17T00:00:00.000000,162.0,21,141,103.0,4.0,9.0,35797.0,9112.0,245620.0,60532.0,9055.0,1926.0,12473.0,2472.0,10.0,284.0,3030.0,280.0,9124.223207304769
2022-11-18T00:00:00.000000,154.0,29,125,107.0,6.0,17.0,46963.0,13555.0,230192.0,53742.0,9061.0,3424.0,27691.0,7782.0,28.0,296.0,5064.0,294.0,8034.405605079136
2022-11-19T00:00:00.000000,185.0,34,125,101.0,7.0,14.0,68619.0,15432.0,174058.0,43156.0,18875.0,4512.0,28279.0,6321.0,22.0,325.0,8305.0,369.0,7837.35762840616
2022-11-20T00:00:00.000000,147.0,33,96,89.0,10.0,16.0,70582.0,15733.0,165350.0,39750.0,25394.0,6250.0,36076.0,7993.0,18.0,282.0,7460.0,228.0,6881.940402119668
2022-11-21T00:00:00.000000,194.0,26,144,110.0,7.0,13.0,35185.0,6397.0,243054.0,57857.0,6688.0,1073.0,18209.0,3913.0,15.0,297.0,5334.0,253.0,9979.283838730307
2022-11-22T00:00:00.000000,187.0,37,150,122.0,12.0,23.0,111590.0,25786.0,267644.0,71189.0,32332.0,6975.0,75859.0,17507.0,30.0,329.0,6118.0,376.0,9352.98857000828
2022-11-23T00:00:00.000000,169.0,26,143,108.0,10.0,14.0,60882.0,10135.0,224795.0,49756.0,17719.0,2424.0,38252.0,6725.0,21.0,308.0,6801.0,264.0,8151.765441342744
2022-11-24T00:00:00.000000,124.0,18,106,85.0,9.0,6.0,42016.0,10161.0,173238.0,41596.0,22930.0,4363.0,10137.0,1640.0,8.0,207.0,2144.0,219.0,6028.726387117769
2022-11-25T00:00:00.000000,162.0,26,136,110.0,12.0,9.0,62324.0,15609.0,232482.0,53858.0,33133.0,8144.0,17936.0,4679.0,11.0,300.0,4585.0,266.0,8649.85561172925
2022-11-26T00:00:00.000000,123.0,17,106,85.0,2.0,13.0,29705.0,5660.0,189455.0,38445.0,2045.0,226.0,26117.0,5145.0,14.0,236.0,2169.0,169.0,6537.153013733201
2022-11-27T00:00:00.000000,122.0,25,97,80.0,6.0,14.0,60098.0,18426.0,170715.0,38035.0,11482.0,1916.0,41598.0,15252.0,16.0,264.0,4115.0,197.0,6074.277937351505
2022-11-28T00:00:00.000000,167.0,23,144,106.0,8.0,13.0,32025.0,7265.0,253137.0,54907.0,10057.0,2322.0,19124.0,4424.0,14.0,293.0,3453.0,300.0,8973.625342368148
2022-11-29T00:00:00.000000,190.0,40,150,112.0,15.0,25.0,79772.0,15473.0,236649.0,46665.0,30176.0,7184.0,49596.0,8289.0,34.0,407.0,10349.0,359.0,10197.561483908456
2022-11-30T00:00:00.000000,142.0,27,115,91.0,11.0,14.0,48435.0,10002.0,223203.0,56021.0,24275.0,5462.0,20463.0,3995.0,18.0,259.0,4236.0,294.0,7236.2243224590675
2022-12-01T00:00:00.000000,156.0,33,123,117.0,15.0,15.0,62970.0,11991.0,206342.0,43946.0,30205.0,6571.0,27464.0,4864.0,24.0,291.0,4614.0,313.0,8565.432872512923
2022-12-02T00:00:00.000000,166.0,30,136,118.0,9.0,12.0,48120.0,8595.0,205571.0,43662.0,10006.0,1378.0,16650.0,3332.0,16.0,293.0,4502.0,314.0,8834.841129669288
2022-12-03T00:00:00.000000,157.0,32,125,106.0,8.0,23.0,67141.0,11266.0,230605.0,47436.0,22047.0,4491.0,43401.0,6775.0,26.0,362.0,8200.0,239.0,7743.489000508003
2022-12-04T00:00:00.000000,146.0,30,116,95.0,8.0,16.0,60348.0,12533.0,186529.0,38704.0,10849.0,2842.0,37448.0,7285.0,20.0,256.0,3878.0,261.0,7914.625441334475
2022-12-05T00:00:00.000000,147.0,31,116,92.0,8.0,19.0,59467.0,12850.0,178309.0,42113.0,17479.0,3471.0,37686.0,8563.0,24.0,261.0,5482.0,280.0,8076.751493663619
2022-12-06T00:00:00.000000,180.0,42,138,122.0,18.0,18.0,68906.0,11150.0,232262.0,51793.0,34455.0,6062.0,27371.0,4079.0,21.0,308.0,4873.0,352.0,9304.653251622176
2022-12-07T00:00:00.000000,173.0,34,139,110.0,14.0,17.0,75015.0,14672.0,259434.0,56386.0,42558.0,9016.0,28739.0,5087.0,19.0,304.0,4718.0,232.0,9014.583897663682
2022-12-08T00:00:00.000000,162.0,35,127,105.0,11.0,14.0,78940.0,15577.0,191656.0,49382.0,22629.0,4084.0,33008.0,4428.0,19.0,255.0,6272.0,319.0,8826.596179373944
2022-12-09T00:00:00.000000,148.0,26,122,106.0,8.0,16.0,53923.0,11164.0,190587.0,45625.0,15900.0,2150.0,35145.0,8205.0,19.0,313.0,5519.0,187.0,7733.413577895237
2022-12-10T00:00:00.000000,118.0,19,99,81.0,6.0,10.0,33484.0,5988.0,156422.0,41078.0,12399.0,1605.0,12590.0,2361.0,15.0,206.0,3070.0,191.0,5779.910398703594
2022-12-11T00:00:00.000000,106.0,21,85,68.0,4.0,12.0,38569.0,7305.0,146461.0,36264.0,6741.0,1910.0,26259.0,4693.0,13.0,202.0,6462.0,206.0,5667.359836993059
2022-12-12T00:00:00.000000,157.0,28,129,103.0,10.0,10.0,86289.0,19581.0,191112.0,40545.0,35642.0,8841.0,26609.0,5713.0,14.0,360.0,5840.0,290.0,8551.289178063746
2022-12-13T00:00:00.000000,176.0,33,143,109.0,5.0,21.0,50351.0,11672.0,224076.0,49972.0,10471.0,1969.0,29104.0,9040.0,36.0,309.0,7028.0,266.0,8873.004025822112
2022-12-14T00:00:00.000000,132.0,23,109,93.0,10.0,6.0,55660.0,8759.0,172284.0,34756.0,19170.0,4368.0,13391.0,2195.0,9.0,250.0,4286.0,230.0,7422.745818173566
2022-12-15T00:00:00.000000,152.0,30,118,93.0,7.0,15.0,52736.0,8864.0,215161.0,52800.0,10481.0,2167.0,31561.0,5178.0,26.0,275.0,5896.0,225.0,7519.143462187498
2022-12-16T00:00:00.000000,172.0,33,139,106.0,15.0,13.0,53739.0,11979.0,221272.0,48245.0,29774.0,7168.0,19446.0,4210.0,14.0,307.0,5924.0,332.0,8542.00921205608
2022-12-17T00:00:00.000000,126.0,27,99,78.0,3.0,15.0,54672.0,9009.0,186348.0,50815.0,9527.0,885.0,20331.0,4761.0,20.0,247.0,6751.0,206.0,4622.163176053884
2022-12-18T00:00:00.000000,155.0,35,120,101.0,12.0,17.0,68947.0,13556.0,215724.0,44951.0,30505.0,6806.0,27248.0,4391.0,23.0,282.0,9417.0,287.0,7889.194861066971
2022-12-19T00:00:00.000000,150.0,27,123,93.0,7.0,16.0,49006.0,8816.0,232265.0,53869.0,11576.0,1856.0,32779.0,6036.0,20.0,280.0,5823.0,274.0,7200.370704620302
2022-12-20T00:00:00.000000,149.0,33,116,92.0,13.0,16.0,83493.0,16785.0,213134.0,44224.0,43955.0,9293.0,30676.0,5901.0,19.0,293.0,8924.0,293.0,7878.761206428562
2022-12-21T00:00:00.000000,139.0,29,110,98.0,10.0,16.0,65622.0,11558.0,185111.0,41182.0,21714.0,4068.0,38473.0,6711.0,20.0,248.0,6532.0,239.0,6159.819034876542
2022-12-22T00:00:00.000000,163.0,39,124,111.0,10.0,24.0,63492.0,10009.0,226101.0,59577.0,17994.0,2056.0,38849.0,6521.0,33.0,301.0,6122.0,249.0,7847.34771310168
2022-12-23T00:00:00.000000,159.0,31,128,97.0,11.0,19.0,58588.0,11098.0,247436.0,54245.0,24759.0,4887.0,32907.0,6162.0,30.0,293.0,4274.0,238.0,8894.723489841745
2022-12-24T00:00:00.000000,165.0,38,122,105.0,8.0,22.0,72141.0,16836.0,203618.0,57870.0,26264.0,7133.0,31486.0,6934.0,40.0,298.0,7105.0,284.0,6362.252634463843
2022-12-25T00:00:00.000000,127.0,24,103,76.0,3.0,14.0,44826.0,9152.0,179478.0,43455.0,5675.0,815.0,22251.0,4509.0,19.0,353.0,8701.0,289.0,6093.930839820927
2022-12-26T00:00:00.000000,166.0,30,136,103.0,7.0,18.0,66435.0,13637.0,246772.0,59678.0,11250.0,2337.0,44210.0,9621.0,25.0,349.0,4459.0,283.0,8881.351500743462
2022-12-27T00:00:00.000000,153.0,34,119,99.0,8.0,13.0,87782.0,19904.0,216504.0,68063.0,36933.0,10809.0,19916.0,3732.0,14.0,281.0,7174.0,253.0,8648.644241475497
2022-12-28T00:00:00.000000,151.0,35,116,101.0,10.0,18.0,81637.0,17072.0,207213.0,49917.0,27205.0,8455.0,32758.0,5882.0,26.0,287.0,7683.0,332.0,7896.882217454817
2022-12-29T00:00:00.000000,168.0,36,131,106.0,17.0,14.0,75236.0,14701.0,236488.0,61663.0,46120.0,9606.0,23288.0,4240.0,20.0,287.0,4728.0,272.0,8875.632267381183
2022-12-30T00:00:00.000000,176.0,30,146,104.0,6.0,17.0,67692.0,17700.0,264033.0,61819.0,18833.0,6282.0,34737.0,6826.0,23.0,319.0,9734.0,247.0,8982.055404731018
2022-12-31T00:00:00.000000,119.0,18,101,84.0,4.0,10.0,40979.0,7745.0,175508.0,43841.0,9047.0,1269.0,21805.0,3617.0,11.0,255.0,2212.0,178.0,5985.011382776693
2023-01-01T00:00:00.000000,143.0,25,118,89.0,6.0,17.0,49847.0,9729.0,166787.0,41421.0,16138.0,2373.0,30158.0,6654.0,27.0,340.0,5550.0,232.0,7166.935381730883
2023-01-02T00:00:00.000000,217.0,77,140,124.0,21.0,43.0,185579.0,45698.0,245836.0,54572.0,55534.0,13105.0,108926.0,29178.0,54.0,376.0,14939.0,344.0,11267.856126528412
2023-01-03T00:00:00.000000,209.0,39,170,111.0,12.0,23.0,70983.0,14942.0,320138.0,71277.0,32309.0,8266.0,26363.0,4737.0,42.0,385.0,6369.0,360.0,11610.517645955539
2023-01-04T00:00:00.000000,197.0,35,162,132.0,14.0,15.0,66204.0,13597.0,262983.0,61282.0,33346.0,6072.0,26400.0,6765.0,18.0,480.0,7923.0,404.0,11634.859659450249
2023-01-05T00:00:00.000000,169.0,36,133,100.0,10.0,24.0,84676.0,11118.0,213896.0,46194.0,30308.0,2416.0,52001.0,8243.0,36.0,361.0,6693.0,442.0,8423.356124564834
2023-01-06T00:00:00.000000,181.0,27,154,125.0,7.0,12.0,55038.0,10374.0,270705.0,62336.0,19354.0,3975.0,21399.0,4499.0,16.0,320.0,4607.0,334.0,9638.167268229505
2023-01-07T00:00:00.000000,147.0,24,123,98.0,8.0,11.0,59412.0,17169.0,176991.0,43027.0,22399.0,5480.0,28619.0,10106.0,16.0,247.0,5036.0,248.0,6441.467639379649
2023-01-08T00:00:00.000000,204.0,38,164,125.0,9.0,25.0,105655.0,21056.0,253215.0,52740.0,54374.0,10396.0,42571.0,9271.0,42.0,380.0,5814.0,380.0,10416.887807694293
2023-01-09T00:00:00.000000,186.0,32,154,108.0,7.0,22.0,72598.0,21204.0,228170.0,53701.0,15133.0,2339.0,51371.0,16364.0,31.0,326.0,10594.0,369.0,9524.253369575796
2023-01-10T00:00:00.000000,180.0,19,161,114.0,5.0,8.0,46294.0,13325.0,391310.0,98399.0,8742.0,1553.0,27461.0,9319.0,10.0,394.0,3867.0,299.0,9458.621866140098
2023-01-11T00:00:00.000000,165.0,34,131,105.0,13.0,13.0,78842.0,14423.0,232460.0,64453.0,28551.0,5339.0,33110.0,5494.0,19.0,291.0,6486.0,333.0,9053.017344020132
2023-01-12T00:00:00.000000,175.0,27,145,104.0,8.0,17.0,48159.0,8988.0,236089.0,55690.0,18057.0,3541.0,25277.0,4507.0,18.0,319.0,5115.0,300.0,8304.924760897293
2023-01-13T00:00:00.000000,133.0,19,114,88.0,6.0,10.0,47325.0,14373.0,181593.0,39764.0,14648.0,4012.0,21288.0,5624.0,13.0,212.0,3410.0,213.0,6566.886461063661
2023-01-14T00:00:00.000000,156.0,28,128,92.0,2.0,22.0,56329.0,9567.0,205392.0,49709.0,4739.0,1102.0,47687.0,7815.0,33.0,309.0,6832.0,257.0,8577.740215002888
2023-01-15T00:00:00.000000,209.0,63,146,120.0,20.0,38.0,126632.0,31105.0,244265.0,48165.0,46270.0,10684.0,74593.0,19209.0,51.0,443.0,12269.0,427.0,11410.0982023607
2023-01-16T00:00:00.000000,192.0,37,155,119.0,11.0,20.0,67675.0,14068.0,240359.0,60680.0,26757.0,5574.0,29228.0,6409.0,28.0,360.0,4273.0,321.0,10159.286263687529
2023-01-17T00:00:00.000000,199.0,38,161,129.0,8.0,26.0,70079.0,13997.0,238060.0,58278.0,11025.0,1727.0,52581.0,10989.0,31.0,326.0,9927.0,325.0,9929.386396723734
2023-01-18T00:00:00.000000,216.0,45,171,130.0,16.0,22.0,63079.0,11154.0,243363.0,52386.0,23068.0,5640.0,31919.0,4859.0,27.0,398.0,7712.0,374.0,10374.926865573534
2023-01-19T00:00:00.000000,182.0,27,155,112.0,8.0,14.0,46985.0,9607.0,254224.0,60964.0,10863.0,2596.0,26907.0,5858.0,20.0,302.0,4419.0,294.0,9502.876982050175
2023-01-20T00:00:00.000000,141.0,17,124,86.0,1.0,15.0,27521.0,5832.0,190600.0,53845.0,3403.0,606.0,21727.0,5070.0,24.0,275.0,3385.0,208.0,6965.434002473026
2023-01-21T00:00:00.000000,167.0,26,141,90.0,3.0,15.0,61078.0,9160.0,228619.0,55715.0,4657.0,765.0,41673.0,6397.0,21.0,409.0,8847.0,285.0,6395.287402532665
2023-01-22T00:00:00.000000,182.0,34,146,111.0,5.0,21.0,64852.0,12334.0,258569.0,56816.0,9438.0,1771.0,43177.0,8773.0,28.0,327.0,7303.0,370.0,8421.24770110226
2023-01-23T00:00:00.000000,166.0,38,128,109.0,11.0,26.0,71527.0,14732.0,199767.0,48745.0,18225.0,4322.0,51374.0,10306.0,34.0,304.0,6994.0,387.0,9320.76328399422
2023-01-24T00:00:00.000000,184.0,33,151,118.0,4.0,20.0,66852.0,11637.0,296999.0,72142.0,7842.0,2151.0,33019.0,5747.0,30.0,392.0,5060.0,241.0,10511.882456227271
2023-01-25T00:00:00.000000,206.0,37,169,125.0,8.0,22.0,71234.0,13429.0,267736.0,60519.0,13265.0,1129.0,44729.0,10214.0,33.0,431.0,7851.0,348.0,11131.664717700478
2023-01-26T00:00:00.000000,199.0,35,164,123.0,11.0,14.0,56388.0,11073.0,298357.0,58942.0,17361.0,4677.0,19091.0,2927.0,17.0,417.0,7366.0,355.0,9713.852770909576
2023-01-27T00:00:00.000000,160.0,27,133,104.0,3.0,18.0,43669.0,10123.0,244246.0,66153.0,7214.0,921.0,27890.0,8098.0,30.0,306.0,4593.0,248.0,7048.994221033184
2023-01-28T00:00:00.000000,156.0,32,124,116.0,10.0,14.0,67843.0,15661.0,201154.0,49345.0,22787.0,5524.0,30539.0,8217.0,19.0,348.0,5180.0,249.0,7055.3251186844
2023-01-29T00:00:00.000000,171.0,21,150,108.0,6.0,12.0,41381.0,8896.0,261266.0,73073.0,13919.0,3916.0,22538.0,4205.0,15.0,328.0,3295.0,300.0,7959.110265503906
2023-01-30T00:00:00.000000,135.0,24,111,96.0,7.0,13.0,56456.0,9083.0,182255.0,42307.0,21770.0,3134.0,29443.0,5090.0,16.0,269.0,4122.0,164.0,7247.96552154276
2023-01-31T00:00:00.000000,173.0,36,137,108.0,16.0,16.0,78966.0,15755.0,215569.0,44904.0,36217.0,6245.0,32134.0,7403.0,21.0,301.0,12680.0,327.0,8911.410921220377
2023-02-01T00:00:00.000000,152.0,22,130,99.0,4.0,13.0,35693.0,8257.0,205538.0,71113.0,6154.0,1344.0,22034.0,4439.0,20.0,308.0,4861.0,237.0,7861.274577381001
2023-02-02T00:00:00.000000,159.0,26,133,115.0,6.0,14.0,56263.0,10355.0,203096.0,52490.0,16371.0,2265.0,27361.0,6043.0,16.0,285.0,6209.0,255.0,8015.897605834813
2023-02-03T00:00:00.000000,163.0,36,127,106.0,11.0,22.0,68250.0,13149.0,186897.0,53558.0,30996.0,6514.0,33027.0,5964.0,33.0,340.0,8192.0,257.0,7708.840580580133
2023-02-04T00:00:00.000000,139.0,28,111,96.0,10.0,12.0,59327.0,13539.0,191470.0,41130.0,18735.0,4732.0,30660.0,7084.0,12.0,267.0,3046.0,199.0,6780.074915299666
2023-02-05T00:00:00.000000,170.0,29,139,105.0,5.0,18.0,59330.0,11579.0,225080.0,50291.0,12335.0,2696.0,31576.0,6301.0,26.0,298.0,3936.0,260.0,8332.435987232975
2023-02-06T00:00:00.000000,167.0,31,136,109.0,7.0,19.0,62587.0,13197.0,223581.0,53671.0,16389.0,2546.0,39715.0,8975.0,36.0,340.0,6659.0,245.0,8629.992162831804
2023-02-07T00:00:00.000000,130.0,21,109,87.0,6.0,13.0,62752.0,18162.0,214303.0,51003.0,13814.0,3197.0,46673.0,14516.0,28.0,273.0,3389.0,219.0,6256.054734939042
2023-02-08T00:00:00.000000,170.0,26,144,108.0,3.0,19.0,52048.0,15446.0,241425.0,53928.0,3737.0,777.0,42283.0,12837.0,30.0,310.0,4995.0,261.0,9138.78399801506
2023-02-09T00:00:00.000000,162.0,23,139,115.0,6.0,12.0,35332.0,4716.0,247847.0,59642.0,11918.0,1480.0,14689.0,1228.0,20.0,351.0,5750.0,267.0,7365.539739327141
2023-02-10T00:00:00.000000,161.0,30,131,99.0,7.0,18.0,65588.0,11536.0,283732.0,62969.0,23041.0,5395.0,29107.0,3422.0,28.0,343.0,7274.0,313.0,8046.294385695293
2023-02-11T00:00:00.000000,153.0,27,126,108.0,10.0,14.0,34120.0,4637.0,200892.0,42654.0,14772.0,2136.0,16073.0,1940.0,26.0,399.0,6701.0,246.0,8001.664138612787
2023-02-12T00:00:00.000000,139.0,25,114,96.0,7.0,14.0,58652.0,12023.0,173202.0,31149.0,16372.0,3322.0,37934.0,7543.0,16.0,251.0,4066.0,218.0,7301.61184868257
2023-02-13T00:00:00.000000,155.0,28,127,107.0,8.0,17.0,51871.0,11398.0,221361.0,51026.0,15296.0,2235.0,29424.0,5460.0,26.0,302.0,6443.0,251.0,7476.159882399457
2023-02-14T00:00:00.000000,168.0,26,142,115.0,6.0,18.0,45518.0,9669.0,237504.0,54828.0,10121.0,1737.0,31857.0,7692.0,28.0,329.0,7522.0,301.0,8333.942509344533
2023-02-15T00:00:00.000000,173.0,33,140,108.0,6.0,22.0,72240.0,15813.0,194089.0,44352.0,14578.0,1892.0,47136.0,11216.0,33.0,310.0,9615.0,324.0,9130.379018153013
2023-02-16T00:00:00.000000,178.0,25,151,120.0,4.0,15.0,51090.0,8956.0,264910.0,65875.0,8240.0,2033.0,28374.0,5143.0,18.0,316.0,4451.0,277.0,9268.44125772534
2023-02-17T00:00:00.000000,183.0,34,149,103.0,7.0,23.0,64639.0,12378.0,245129.0,53376.0,18901.0,3778.0,33131.0,4386.0,31.0,322.0,6538.0,341.0,9861.232758883938
2023-02-18T00:00:00.000000,157.0,23,134,103.0,2.0,13.0,63467.0,9652.0,218731.0,58549.0,7650.0,931.0,34138.0,4968.0,31.0,300.0,6224.0,304.0,7537.777794599258
2023-02-19T00:00:00.000000,145.0,23,122,94.0,5.0,12.0,48887.0,9676.0,166116.0,36972.0,14001.0,2885.0,22055.0,5029.0,18.0,360.0,7165.0,281.0,7388.633420974328
2023-02-20T00:00:00.000000,161.0,29,130,110.0,9.0,15.0,67953.0,16681.0,203517.0,41557.0,30606.0,6573.0,31489.0,9342.0,23.0,393.0,6216.0,288.0,8435.60256397575
2023-02-21T00:00:00.000000,189.0,33,156,110.0,9.0,14.0,68075.0,12909.0,268012.0,62075.0,21167.0,3887.0,35689.0,7253.0,18.0,413.0,6230.0,522.0,8642.273123174933
2023-02-22T00:00:00.000000,154.0,28,126,105.0,7.0,14.0,67374.0,14493.0,217617.0,46560.0,7478.0,717.0,37755.0,8900.0,20.0,361.0,6747.0,293.0,6003.17483067826
2023-02-23T00:00:00.000000,137.0,24,113,95.0,4.0,15.0,37303.0,9587.0,185814.0,41510.0,10280.0,4948.0,19307.0,3657.0,23.0,193.0,4196.0,260.0,7105.856822821953
2023-02-24T00:00:00.000000,167.0,22,145,107.0,6.0,14.0,58205.0,15569.0,246885.0,62824.0,10954.0,1663.0,41385.0,12575.0,21.0,339.0,5376.0,327.0,8647.290721804202
2023-02-25T00:00:00.000000,158.0,24,134,98.0,10.0,9.0,55600.0,10794.0,218650.0,58232.0,19724.0,3023.0,23066.0,4988.0,10.0,296.0,3028.0,269.0,7470.012795214749
2023-02-26T00:00:00.000000,167.0,26,141,103.0,10.0,13.0,60853.0,12480.0,254687.0,57667.0,27870.0,5684.0,22959.0,5324.0,14.0,344.0,4129.0,319.0,9183.326396577319
2023-02-27T00:00:00.000000,158.0,30,128,108.0,13.0,11.0,59990.0,15489.0,212946.0,57989.0,28749.0,6988.0,22397.0,5718.0,24.0,318.0,4492.0,263.0,7825.820567957148
2023-02-28T00:00:00.000000,204.0,44,160,122.0,15.0,20.0,84073.0,13798.0,231709.0,57454.0,26853.0,3502.0,38645.0,7344.0,27.0,350.0,8386.0,393.0,10664.332168473647
2023-03-01T00:00:00.000000,175.0,29,146,120.0,6.0,18.0,62106.0,12468.0,271608.0,62194.0,11700.0,2983.0,42016.0,7626.0,20.0,296.0,7799.0,246.0,8511.704301537535
2023-03-02T00:00:00.000000,186.0,35,151,118.0,10.0,18.0,67399.0,13353.0,283009.0,75525.0,22038.0,4139.0,30489.0,5580.0,38.0,381.0,6317.0,288.0,10671.93616366351
2023-03-03T00:00:00.000000,146.0,27,117,94.0,8.0,17.0,69721.0,13011.0,171383.0,40947.0,15860.0,2984.0,50988.0,9245.0,25.0,289.0,4367.0,222.0,6937.884362061365
2023-03-04T00:00:00.000000,149.0,23,126,99.0,8.0,12.0,49179.0,10983.0,229598.0,53040.0,21349.0,5086.0,20832.0,5169.0,28.0,314.0,4500.0,296.0,5960.462965556591
2023-03-05T00:00:00.000000,177.0,41,136,113.0,11.0,19.0,89265.0,18461.0,204383.0,44859.0,23166.0,7214.0,44049.0,7045.0,24.0,305.0,5945.0,300.0,8569.815782684902
2023-03-06T00:00:00.000000,202.0,33,169,121.0,8.0,18.0,61899.0,14924.0,266118.0,63010.0,26236.0,6280.0,28192.0,6571.0,33.0,313.0,8931.0,235.0,10239.81920923726
2023-03-07T00:00:00.000000,211.0,39,172,128.0,5.0,25.0,80119.0,19997.0,305489.0,73382.0,12519.0,2643.0,43284.0,9759.0,37.0,309.0,7571.0,262.0,11022.611287108639
2023-03-08T00:00:00.000000,183.0,39,144,115.0,11.0,19.0,66422.0,11290.0,263783.0,71847.0,21891.0,3919.0,29388.0,5276.0,33.0,349.0,12053.0,297.0,8995.793655839561
2023-03-09T00:00:00.000000,180.0,17,163,102.0,1.0,14.0,24214.0,5104.0,293671.0,72280.0,1022.0,142.0,19705.0,4214.0,20.0,401.0,4348.0,303.0,9572.678069784104
2023-03-10T00:00:00.000000,174.0,30,144,114.0,9.0,16.0,59758.0,12321.0,250310.0,59661.0,17856.0,2162.0,35489.0,8906.0,26.0,328.0,4777.0,319.0,8709.036308407498
2023-03-11T00:00:00.000000,131.0,18,113,87.0,5.0,10.0,35043.0,7313.0,200175.0,53597.0,9402.0,1364.0,16265.0,4791.0,11.0,215.0,2577.0,198.0,7051.353550160808
2023-03-12T00:00:00.000000,182.0,37,145,104.0,10.0,19.0,81221.0,15322.0,212213.0,43680.0,23162.0,3379.0,46925.0,8951.0,25.0,379.0,6728.0,362.0,8806.582697075944
2023-03-13T00:00:00.000000,160.0,32,128,104.0,10.0,18.0,59215.0,14417.0,204392.0,54111.0,16627.0,3590.0,35686.0,8174.0,24.0,250.0,5386.0,278.0,7212.721546236094
2023-03-14T00:00:00.000000,203.0,34,169,120.0,7.0,20.0,71085.0,17393.0,283958.0,65193.0,11319.0,2014.0,50425.0,13399.0,32.0,355.0,6043.0,293.0,10059.333040038906
2023-03-15T00:00:00.000000,161.0,32,129,114.0,11.0,13.0,76981.0,15093.0,238641.0,64152.0,32021.0,6094.0,27355.0,4620.0,16.0,289.0,4967.0,292.0,7268.114889192189
2023-03-16T00:00:00.000000,204.0,24,180,116.0,5.0,15.0,61864.0,11882.0,293705.0,65158.0,9281.0,1201.0,42764.0,7864.0,24.0,378.0,5809.0,368.0,10292.206103048511
2023-03-17T00:00:00.000000,172.0,22,150,102.0,10.0,9.0,44824.0,7745.0,215245.0,46362.0,21666.0,3815.0,12247.0,2397.0,17.0,314.0,4354.0,256.0,8988.029461419857
2023-03-18T00:00:00.000000,174.0,29,145,102.0,4.0,18.0,60774.0,12364.0,218344.0,55048.0,6326.0,692.0,44817.0,9625.0,30.0,282.0,4609.0,253.0,8723.916898414285
2023-03-19T00:00:00.000000,181.0,34,147,114.0,12.0,15.0,96194.0,20759.0,245313.0,53414.0,42654.0,7244.0,42605.0,11885.0,17.0,447.0,9006.0,387.0,9108.186805693405
2023-03-20T00:00:00.000000,199.0,30,169,120.0,8.0,17.0,63018.0,12934.0,263354.0,59648.0,24936.0,4970.0,31846.0,6918.0,19.0,384.0,10092.0,295.0,10830.678419595162
2023-03-21T00:00:00.000000,133.0,24,109,92.0,8.0,10.0,57522.0,10353.0,166068.0,40719.0,16579.0,3432.0,23626.0,4340.0,16.0,269.0,6286.0,252.0,7100.064788077208
2023-03-22T00:00:00.000000,174.0,40,134,104.0,12.0,25.0,88780.0,17048.0,208578.0,43681.0,29472.0,5232.0,53172.0,10327.0,27.0,324.0,7355.0,335.0,9304.822034522129
2023-03-23T00:00:00.000000,156.0,23,133,105.0,7.0,12.0,43617.0,9334.0,226410.0,51374.0,16229.0,3648.0,22479.0,5041.0,14.0,323.0,3881.0,283.0,8587.484480240631
2023-03-24T00:00:00.000000,157.0,28,129,112.0,11.0,14.0,76007.0,21759.0,240124.0,63110.0,32095.0,7946.0,38866.0,11928.0,29.0,308.0,6487.0,269.0,6654.212707387361
2023-03-25T00:00:00.000000,129.0,25,104,78.0,7.0,15.0,47261.0,9711.0,165485.0,45413.0,15498.0,3639.0,28742.0,5789.0,24.0,217.0,3550.0,211.0,5677.419560133479
2023-03-26T00:00:00.000000,141.0,26,115,94.0,8.0,10.0,55606.0,12231.0,202808.0,46642.0,20022.0,4452.0,19212.0,4481.0,13.0,232.0,5915.0,309.0,7199.527249989364
2023-03-27T00:00:00.000000,207.0,52,155,119.0,19.0,22.0,124919.0,41120.0,216962.0,54967.0,50913.0,15872.0,52788.0,17721.0,40.0,372.0,13090.0,392.0,11055.171165500304
2023-03-28T00:00:00.000000,151.0,19,132,119.0,3.0,16.0,33947.0,6464.0,206524.0,50561.0,2193.0,352.0,31754.0,6112.0,18.0,272.0,5462.0,227.0,6516.141905698147
2023-03-29T00:00:00.000000,174.0,44,130,120.0,11.0,22.0,97484.0,26130.0,202656.0,50173.0,19207.0,4031.0,56425.0,16249.0,31.0,321.0,8247.0,340.0,8608.84095534276
2023-03-30T00:00:00.000000,182.0,31,151,118.0,8.0,19.0,56981.0,9519.0,245269.0,65031.0,16355.0,3650.0,29542.0,4495.0,23.0,384.0,5218.0,289.0,8770.966149196027
2023-03-31T00:00:00.000000,162.0,26,136,107.0,7.0,11.0,53467.0,14425.0,208267.0,52682.0,14358.0,2528.0,15987.0,2342.0,13.0,337.0,5144.0,290.0,8872.050632638202
2023-04-01T00:00:00.000000,145.0,25,120,107.0,9.0,14.0,45428.0,6822.0,243921.0,53110.0,18222.0,2362.0,22853.0,3935.0,26.0,323.0,6032.0,263.0,7277.03469604762
2023-04-02T00:00:00.000000,160.0,35,125,101.0,12.0,18.0,74527.0,12559.0,194958.0,49492.0,29174.0,5085.0,30991.0,6174.0,33.0,341.0,6703.0,287.0,8242.55116548038
2023-04-03T00:00:00.000000,162.0,31,131,110.0,8.0,15.0,72581.0,16904.0,226090.0,49578.0,19557.0,5519.0,34677.0,8713.0,18.0,291.0,5745.0,277.0,9056.004082421388
2023-04-04T00:00:00.000000,173.0,29,144,105.0,7.0,15.0,75006.0,16193.0,245107.0,71277.0,13693.0,3297.0,44909.0,9474.0,18.0,314.0,4697.0,225.0,8804.534564937709
2023-04-05T00:00:00.000000,139.0,26,113,98.0,7.0,15.0,62831.0,13636.0,208172.0,52256.0,18102.0,4329.0,38726.0,8186.0,18.0,311.0,8064.0,236.0,7879.558422140967
2023-04-06T00:00:00.000000,170.0,44,126,112.0,10.0,26.0,106825.0,20276.0,191329.0,47108.0,29451.0,4499.0,44882.0,10021.0,44.0,336.0,6782.0,301.0,8785.588143639548
2023-04-07T00:00:00.000000,145.0,22,123,94.0,7.0,9.0,64953.0,12981.0,212430.0,53668.0,16949.0,4036.0,31953.0,3858.0,11.0,277.0,4178.0,255.0,7705.513934232371
2023-04-08T00:00:00.000000,138.0,32,106,103.0,10.0,17.0,78709.0,16973.0,230231.0,53181.0,18486.0,3841.0,45693.0,10338.0,28.0,244.0,6545.0,244.0,6522.46336088874
2023-04-09T00:00:00.000000,137.0,19,118,89.0,6.0,9.0,38014.0,10507.0,187389.0,51564.0,15747.0,4390.0,15542.0,4085.0,16.0,210.0,2663.0,203.0,6961.362364014287
2023-04-10T00:00:00.000000,141.0,16,125,101.0,5.0,10.0,29174.0,6024.0,243549.0,52193.0,12321.0,2807.0,14710.0,2936.0,14.0,282.0,3222.0,223.0,6291.284705006599
2023-04-11T00:00:00.000000,168.0,29,139,117.0,9.0,10.0,64529.0,15774.0,227589.0,50127.0,18988.0,5774.0,24564.0,6064.0,11.0,274.0,4237.0,307.0,8901.175145271121
2023-04-12T00:00:00.000000,165.0,31,134,120.0,7.0,17.0,66541.0,12492.0,220522.0,48185.0,9836.0,1986.0,46510.0,7891.0,19.0,271.0,5529.0,216.0,8575.910201160994
2023-04-13T00:00:00.000000,161.0,21,140,123.0,8.0,11.0,48569.0,9927.0,241517.0,55402.0,16198.0,3580.0,29462.0,6060.0,11.0,324.0,6422.0,320.0,7800.989848052893
2023-04-14T00:00:00.000000,144.0,15,129,108.0,4.0,10.0,30533.0,7595.0,214403.0,48998.0,12668.0,4411.0,15770.0,2680.0,13.0,298.0,3699.0,229.0,7257.32436177334
2023-04-15T00:00:00.000000,147.0,29,118,99.0,6.0,20.0,52697.0,10974.0,187538.0,48749.0,8507.0,877.0,34462.0,6681.0,23.0,228.0,4727.0,174.0,7189.745791273896
2023-04-16T00:00:00.000000,149.0,31,118,95.0,10.0,18.0,59041.0,11625.0,197670.0,53562.0,21171.0,5071.0,35261.0,5751.0,25.0,256.0,6685.0,219.0,7301.253893079985
2023-04-17T00:00:00.000000,168.0,34,134,117.0,11.0,19.0,62552.0,15067.0,225005.0,51448.0,15814.0,2733.0,36105.0,9335.0,35.0,355.0,6145.0,277.0,8463.902306703612
2023-04-18T00:00:00.000000,163.0,24,139,114.0,10.0,12.0,51327.0,9792.0,203490.0,48631.0,14138.0,1890.0,33303.0,6957.0,14.0,276.0,2379.0,247.0,8729.841613748107
2023-04-19T00:00:00.000000,164.0,29,135,110.0,13.0,12.0,41670.0,6942.0,232188.0,54819.0,21459.0,3273.0,16209.0,3263.0,20.0,327.0,4157.0,291.0,7076.129848781783
2023-04-20T00:00:00.000000,160.0,24,136,104.0,5.0,11.0,42467.0,8492.0,250542.0,58724.0,9386.0,1276.0,20801.0,4710.0,12.0,309.0,3254.0,236.0,7599.523132112878
2023-04-21T00:00:00.000000,145.0,32,113,103.0,12.0,16.0,73757.0,22288.0,205857.0,49422.0,27804.0,8377.0,29806.0,9272.0,30.0,372.0,8220.0,254.0,7247.7670990146025
2023-04-22T00:00:00.000000,122.0,19,103,83.0,6.0,9.0,29232.0,4742.0,184379.0,48006.0,12287.0,1757.0,7814.0,1354.0,11.0,233.0,3939.0,203.0,5910.016696613989
2023-04-23T00:00:00.000000,162.0,36,126,95.0,8.0,18.0,63126.0,11036.0,259475.0,64574.0,17622.0,2877.0,29684.0,4859.0,21.0,273.0,5799.0,277.0,9101.033550412814
2023-04-24T00:00:00.000000,178.0,30,148,111.0,9.0,15.0,66656.0,16491.0,255452.0,62375.0,23831.0,5010.0,26690.0,6605.0,21.0,313.0,4421.0,276.0,9144.008371075042
2023-04-25T00:00:00.000000,192.0,33,159,127.0,6.0,18.0,69294.0,14612.0,235582.0,60907.0,12465.0,2600.0,31094.0,5039.0,21.0,431.0,7380.0,314.0,9578.179955961215
2023-04-26T00:00:00.000000,155.0,34,121,111.0,15.0,13.0,70032.0,12304.0,184560.0,43988.0,37256.0,5619.0,23275.0,4600.0,16.0,292.0,4808.0,268.0,8223.88236735838
2023-04-27T00:00:00.000000,139.0,28,111,104.0,8.0,15.0,64893.0,13931.0,222991.0,55229.0,20719.0,3856.0,31758.0,7112.0,24.0,315.0,5121.0,219.0,6423.121543649015
2023-04-28T00:00:00.000000,199.0,37,162,119.0,9.0,19.0,68643.0,17509.0,248572.0,71587.0,13876.0,2542.0,36059.0,7005.0,22.0,343.0,6665.0,287.0,10784.355054176773
2023-04-29T00:00:00.000000,146.0,33,113,85.0,11.0,14.0,77376.0,16961.0,206084.0,49188.0,24074.0,6684.0,21099.0,3797.0,18.0,245.0,5609.0,253.0,6841.942363972951
2023-04-30T00:00:00.000000,156.0,22,134,87.0,7.0,10.0,57067.0,11036.0,266961.0,69729.0,19384.0,4017.0,20635.0,4588.0,12.0,335.0,4165.0,286.0,7789.8516082381975
2023-05-01T00:00:00.000000,163.0,33,130,94.0,4.0,21.0,82418.0,16978.0,201202.0,61414.0,5777.0,1037.0,58172.0,12471.0,30.0,282.0,6051.0,218.0,8098.594923376633
2023-05-02T00:00:00.000000,174.0,26,148,114.0,12.0,10.0,58152.0,11932.0,253048.0,60471.0,19333.0,5638.0,24800.0,3578.0,28.0,325.0,4718.0,251.0,8502.627875075406
2023-05-03T00:00:00.000000,161.0,31,130,100.0,8.0,22.0,67602.0,14730.0,182058.0,49617.0,23535.0,4578.0,43327.0,9974.0,28.0,302.0,4140.0,223.0,8380.509234452717
2023-05-04T00:00:00.000000,173.0,29,144,114.0,11.0,14.0,59542.0,8942.0,215953.0,57438.0,24737.0,4261.0,29248.0,3999.0,23.0,329.0,5656.0,308.0,8987.419607878339
2023-05-05T00:00:00.000000,199.0,34,165,116.0,10.0,17.0,63370.0,13387.0,219236.0,62704.0,23350.0,4172.0,32096.0,7487.0,41.0,366.0,5169.0,243.0,9577.551106681563
2023-05-06T00:00:00.000000,148.0,25,123,104.0,12.0,10.0,40854.0,8539.0,203487.0,51803.0,22644.0,4525.0,14496.0,3223.0,13.0,343.0,5954.0,199.0,6237.920350149947
2023-05-07T00:00:00.000000,176.0,26,150,110.0,10.0,10.0,41184.0,8673.0,255548.0,72781.0,19329.0,4637.0,11924.0,2606.0,12.0,272.0,5100.0,281.0,6901.302761328981
2023-05-08T00:00:00.000000,201.0,44,157,120.0,21.0,19.0,91444.0,21501.0,264240.0,77075.0,43857.0,11222.0,42514.0,9515.0,23.0,345.0,7427.0,398.0,10159.101417827109
2023-05-09T00:00:00.000000,156.0,29,127,106.0,11.0,13.0,67639.0,14377.0,197163.0,47923.0,21003.0,3961.0,34780.0,7853.0,18.0,262.0,4547.0,279.0,8012.563762633609
2023-05-10T00:00:00.000000,175.0,32,143,109.0,9.0,17.0,59752.0,9710.0,225770.0,55744.0,20726.0,3171.0,25939.0,4486.0,28.0,290.0,12638.0,263.0,9773.034988354746
2023-05-11T00:00:00.000000,165.0,32,133,104.0,9.0,19.0,70727.0,11942.0,208683.0,56337.0,21816.0,4640.0,42021.0,6354.0,36.0,290.0,5524.0,234.0,8556.049845852274
2023-05-12T00:00:00.000000,147.0,26,121,104.0,7.0,15.0,60006.0,12546.0,214399.0,51873.0,17909.0,3419.0,29782.0,5576.0,18.0,299.0,4645.0,237.0,7788.909334571954
2023-05-13T00:00:00.000000,138.0,20,118,86.0,2.0,15.0,33292.0,5444.0,200308.0,54302.0,3462.0,1108.0,25305.0,3640.0,15.0,270.0,4288.0,254.0,5902.393746824292
2023-05-14T00:00:00.000000,181.0,30,151,96.0,6.0,22.0,63804.0,13885.0,264901.0,71852.0,19451.0,3643.0,39639.0,9823.0,39.0,341.0,4542.0,399.0,8775.923566983198
2023-05-15T00:00:00.000000,195.0,33,162,114.0,11.0,17.0,71837.0,15353.0,280825.0,78873.0,21278.0,4310.0,38778.0,6401.0,30.0,474.0,5548.0,329.0,9050.8718096728
2023-05-16T00:00:00.000000,167.0,25,142,99.0,8.0,10.0,46678.0,13615.0,272032.0,64817.0,17965.0,5789.0,18384.0,4152.0,12.0,356.0,4268.0,256.0,8826.233154850068
2023-05-17T00:00:00.000000,215.0,45,170,125.0,13.0,25.0,97943.0,18852.0,235742.0,60944.0,26850.0,4352.0,60508.0,13267.0,31.0,394.0,10238.0,383.0,10813.614157278515
2023-05-18T00:00:00.000000,202.0,23,179,124.0,9.0,11.0,46698.0,9552.0,283483.0,68942.0,13838.0,2266.0,22064.0,5022.0,27.0,404.0,3912.0,320.0,10608.266781389098
2023-05-19T00:00:00.000000,168.0,24,144,104.0,7.0,13.0,60339.0,15072.0,236195.0,66928.0,23665.0,9346.0,28525.0,4198.0,18.0,311.0,5034.0,199.0,7973.988844185295
2023-05-20T00:00:00.000000,171.0,32,139,101.0,7.0,18.0,68081.0,16863.0,232476.0,54645.0,18991.0,5327.0,34161.0,6858.0,26.0,322.0,6028.0,297.0,8482.441477362067
2023-05-21T00:00:00.000000,141.0,29,112,88.0,8.0,14.0,67631.0,17738.0,202227.0,58112.0,25671.0,9895.0,29257.0,5655.0,20.0,253.0,4133.0,219.0,6582.013105496576
2023-05-22T00:00:00.000000,193.0,40,153,124.0,12.0,17.0,93997.0,19789.0,279209.0,69543.0,27116.0,3985.0,40825.0,9699.0,26.0,315.0,6591.0,385.0,10314.040248296518
2023-05-23T00:00:00.000000,168.0,26,142,115.0,8.0,14.0,44520.0,10339.0,197148.0,45684.0,19653.0,4784.0,18433.0,4395.0,20.0,266.0,3014.0,223.0,9348.19389242516
2023-05-24T00:00:00.000000,171.0,22,149,106.0,7.0,10.0,51337.0,13189.0,238712.0,64421.0,12764.0,3343.0,26133.0,6748.0,12.0,317.0,5266.0,287.0,10299.104580452666
2023-05-25T00:00:00.000000,135.0,16,119,92.0,6.0,9.0,33650.0,6798.0,215118.0,50289.0,12916.0,3582.0,18753.0,2789.0,12.0,267.0,2433.0,238.0,7213.599012037481
2023-05-26T00:00:00.000000,165.0,27,138,106.0,6.0,18.0,51939.0,14688.0,244720.0,58491.0,14646.0,3383.0,33958.0,10377.0,19.0,335.0,3848.0,324.0,8849.881857350005
2023-05-27T00:00:00.000000,139.0,19,120,89.0,5.0,12.0,44985.0,9407.0,181962.0,46402.0,6194.0,831.0,36239.0,8398.0,15.0,269.0,3536.0,220.0,6129.305278439081
2023-05-28T00:00:00.000000,140.0,26,114,101.0,7.0,14.0,62232.0,13568.0,168565.0,41827.0,19694.0,4864.0,30874.0,7028.0,29.0,268.0,7816.0,311.0,7493.63263680104
2023-05-29T00:00:00.000000,156.0,26,130,102.0,5.0,18.0,43867.0,9071.0,219291.0,61746.0,8123.0,1258.0,33493.0,7451.0,20.0,246.0,4479.0,275.0,7963.193314779951
2023-05-30T00:00:00.000000,174.0,28,146,111.0,12.0,15.0,54399.0,9519.0,203963.0,50545.0,28648.0,5330.0,24758.0,4128.0,21.0,314.0,5876.0,301.0,9090.943364997962
2023-05-31T00:00:00.000000,138.0,16,122,105.0,3.0,8.0,43286.0,10861.0,259337.0,67874.0,15523.0,4387.0,15293.0,2907.0,10.0,282.0,3000.0,223.0,7288.776660990849
2023-06-01T00:00:00.000000,153.0,29,124,103.0,9.0,16.0,72996.0,14365.0,193080.0,53666.0,24596.0,7624.0,42060.0,5795.0,28.0,390.0,9834.0,252.0,7446.779435414487
2023-06-02T00:00:00.000000,145.0,23,122,99.0,3.0,10.0,43828.0,9636.0,189489.0,48348.0,4708.0,667.0,17738.0,5041.0,11.0,230.0,3261.0,169.0,7462.727920748567
2023-06-03T00:00:00.000000,141.0,28,113,94.0,6.0,17.0,51877.0,8194.0,186481.0,49451.0,10523.0,1453.0,30417.0,4801.0,23.0,282.0,5421.0,236.0,7048.000638068744
2023-06-04T00:00:00.000000,134.0,16,118,104.0,3.0,7.0,50873.0,26890.0,215442.0,49284.0,4129.0,893.0,31807.0,22354.0,8.0,284.0,1973.0,246.0,4867.255129427375
2023-06-05T00:00:00.000000,140.0,19,121,100.0,7.0,7.0,47337.0,11138.0,201082.0,44651.0,16884.0,3840.0,15285.0,3269.0,7.0,280.0,2809.0,251.0,6619.919853298693
2023-06-06T00:00:00.000000,169.0,26,143,113.0,7.0,15.0,60817.0,11944.0,213062.0,49008.0,13569.0,3132.0,30424.0,5509.0,16.0,383.0,3642.0,351.0,8439.243927868072
2023-06-07T00:00:00.000000,151.0,19,132,103.0,6.0,9.0,40587.0,8602.0,220831.0,58213.0,14289.0,2433.0,22874.0,5657.0,12.0,457.0,3024.0,219.0,7860.277127605084
2023-06-08T00:00:00.000000,143.0,18,125,89.0,3.0,14.0,40698.0,8199.0,196237.0,43160.0,5498.0,1296.0,32770.0,6642.0,17.0,294.0,3763.0,201.0,7493.664992587677
2023-06-09T00:00:00.000000,138.0,18,120,99.0,2.0,15.0,31926.0,5075.0,204201.0,48583.0,4124.0,1146.0,26719.0,3836.0,25.0,310.0,6035.0,269.0,6559.423950328077
2023-06-10T00:00:00.000000,135.0,22,113,90.0,9.0,9.0,47473.0,13069.0,144916.0,46274.0,18260.0,4162.0,20752.0,7454.0,14.0,346.0,3430.0,212.0,5780.577020881931
2023-06-11T00:00:00.000000,147.0,25,122,94.0,6.0,16.0,40633.0,9156.0,154687.0,41719.0,7098.0,1504.0,25991.0,6017.0,30.0,270.0,5310.0,282.0,6189.076266337997
2023-06-12T00:00:00.000000,177.0,28,149,124.0,8.0,16.0,68689.0,15147.0,229677.0,56674.0,20743.0,5153.0,36313.0,8152.0,20.0,323.0,5097.0,300.0,9875.76696161051
2023-06-13T00:00:00.000000,144.0,20,124,99.0,7.0,11.0,39119.0,8460.0,197564.0,57018.0,14894.0,4258.0,20509.0,4070.0,13.0,278.0,6131.0,243.0,5871.63461422635
2023-06-14T00:00:00.000000,199.0,29,169,114.0,6.0,18.0,64975.0,12833.0,241674.0,68855.0,18527.0,3728.0,28161.0,4504.0,21.0,440.0,5169.0,356.0,10082.122605282682
2023-06-15T00:00:00.000000,149.0,27,122,99.0,5.0,19.0,47326.0,11690.0,249840.0,80339.0,8392.0,2331.0,30167.0,7791.0,29.0,334.0,9691.0,227.0,7097.649012485913
2023-06-16T00:00:00.000000,171.0,27,144,111.0,6.0,16.0,81930.0,16850.0,246640.0,63912.0,27521.0,3811.0,44303.0,11438.0,17.0,353.0,4617.0,330.0,9045.770461900764
2023-06-17T00:00:00.000000,114.0,18,96,79.0,4.0,10.0,59354.0,13151.0,147460.0,36406.0,15239.0,4165.0,29588.0,6099.0,18.0,281.0,3582.0,237.0,4888.380301820663
2023-06-18T00:00:00.000000,153.0,21,132,94.0,4.0,12.0,45097.0,9462.0,216188.0,57848.0,13284.0,2105.0,25449.0,5341.0,16.0,349.0,3404.0,303.0,7450.116949296915
2023-06-19T00:00:00.000000,134.0,23,111,89.0,10.0,12.0,50163.0,8115.0,202036.0,51362.0,28860.0,4221.0,18844.0,3570.0,17.0,351.0,6737.0,292.0,5588.457777991631
2023-06-20T00:00:00.000000,162.0,19,143,103.0,4.0,7.0,46162.0,7571.0,207818.0,49331.0,22492.0,3347.0,9831.0,2013.0,14.0,440.0,3691.0,329.0,8327.526817335245
2023-06-21T00:00:00.000000,156.0,19,137,106.0,5.0,12.0,44180.0,10821.0,237460.0,58420.0,10830.0,2899.0,29957.0,7220.0,18.0,333.0,2264.0,265.0,8075.967342903311
2023-06-22T00:00:00.000000,160.0,33,127,92.0,10.0,15.0,60779.0,10215.0,206688.0,46038.0,24547.0,3827.0,23926.0,3990.0,19.0,311.0,7255.0,296.0,7603.632500795126
2023-06-23T00:00:00.000000,162.0,35,127,104.0,8.0,20.0,68852.0,15023.0,253624.0,56634.0,12021.0,2396.0,46237.0,10599.0,24.0,308.0,7030.0,277.0,8746.139759077176
2023-06-24T00:00:00.000000,129.0,24,105,76.0,6.0,12.0,55429.0,11669.0,157258.0,36016.0,12250.0,2841.0,22038.0,4730.0,14.0,270.0,4324.0,243.0,5400.968655072303
2023-06-25T00:00:00.000000,141.0,24,117,96.0,3.0,15.0,47706.0,8639.0,180443.0,43803.0,6556.0,1802.0,30413.0,4995.0,22.0,270.0,5834.0,220.0,6698.707927703543
2023-06-26T00:00:00.000000,164.0,20,144,98.0,11.0,6.0,37663.0,8755.0,281451.0,69845.0,22770.0,6061.0,9125.0,1202.0,7.0,350.0,2644.0,260.0,8099.861570913106
2023-06-27T00:00:00.000000,153.0,27,126,99.0,6.0,14.0,52109.0,10411.0,215022.0,53626.0,9629.0,1697.0,26143.0,6183.0,19.0,338.0,4428.0,233.0,6852.399951830076
2023-06-28T00:00:00.000000,155.0,25,130,113.0,7.0,11.0,45312.0,6053.0,184553.0,48503.0,17287.0,1709.0,20305.0,3078.0,14.0,312.0,4333.0,255.0,7810.230032344274
2023-06-29T00:00:00.000000,155.0,27,128,108.0,14.0,8.0,51053.0,11745.0,219019.0,58209.0,28768.0,6521.0,13923.0,2906.0,13.0,304.0,4088.0,285.0,7689.666417177677
2023-06-30T00:00:00.000000,163.0,23,140,106.0,13.0,5.0,39829.0,8944.0,231206.0,63084.0,24815.0,4987.0,9299.0,2538.0,14.0,305.0,4252.0,291.0,7454.71904143227
2023-07-01T00:00:00.000000,99.0,17,82,70.0,4.0,13.0,49928.0,11107.0,144664.0,33129.0,13065.0,2939.0,36863.0,8168.0,23.0,149.0,2835.0,230.0,4663.25516970902
2023-07-02T00:00:00.000000,141.0,27,114,101.0,8.0,15.0,48877.0,9303.0,183121.0,43441.0,17079.0,3739.0,26065.0,4813.0,22.0,246.0,4371.0,261.0,5677.24835912598
2023-07-03T00:00:00.000000,95.0,7,88,65.0,0.0,6.0,14304.0,2717.0,139545.0,35551.0,0.0,0.0,13307.0,2309.0,8.0,182.0,970.0,116.0,4066.2560348791935
2023-07-04T00:00:00.000000,179.0,38,141,118.0,8.0,29.0,64356.0,8717.0,218580.0,44599.0,20100.0,1950.0,41927.0,6466.0,58.0,485.0,14539.0,328.0,7726.509396271208
2023-07-05T00:00:00.000000,157.0,27,130,102.0,6.0,18.0,49805.0,9335.0,193113.0,45825.0,12124.0,2728.0,30567.0,5410.0,25.0,311.0,4681.0,318.0,8061.963264358012
2023-07-06T00:00:00.000000,144.0,32,112,96.0,10.0,21.0,74897.0,14377.0,184027.0,43453.0,30965.0,7749.0,41430.0,6039.0,30.0,295.0,5145.0,308.0,7285.897453181012
2023-07-07T00:00:00.000000,171.0,34,137,117.0,8.0,14.0,65577.0,11287.0,237598.0,59882.0,21559.0,3206.0,19083.0,2729.0,21.0,384.0,5890.0,330.0,8463.466647011886
2023-07-08T00:00:00.000000,123.0,22,101,77.0,11.0,7.0,54676.0,11613.0,158493.0,41640.0,38256.0,8248.0,12274.0,2579.0,9.0,241.0,2879.0,232.0,6255.450918840749
2023-07-09T00:00:00.000000,126.0,19,107,81.0,4.0,6.0,36511.0,9202.0,177588.0,43842.0,5654.0,837.0,9740.0,1471.0,10.0,275.0,3265.0,260.0,4820.5299756622235
2023-07-10T00:00:00.000000,126.0,23,103,94.0,5.0,13.0,58851.0,11462.0,152454.0,38061.0,8624.0,1271.0,34760.0,7633.0,15.0,272.0,3458.0,187.0,5613.518370283503
2023-07-11T00:00:00.000000,137.0,31,106,91.0,3.0,22.0,60445.0,12619.0,165471.0,46277.0,6277.0,755.0,46429.0,10361.0,32.0,313.0,4871.0,228.0,6742.119588075792
2023-07-12T00:00:00.000000,155.0,28,127,113.0,7.0,15.0,57047.0,8415.0,185760.0,46263.0,13834.0,1896.0,24562.0,3311.0,17.0,348.0,4008.0,272.0,7719.929209286774
2023-07-13T00:00:00.000000,129.0,24,105,105.0,8.0,13.0,55116.0,14746.0,198226.0,44534.0,23999.0,8245.0,24963.0,6118.0,15.0,275.0,3553.0,208.0,7080.325482080983
2023-07-14T00:00:00.000000,121.0,29,92,92.0,11.0,14.0,70577.0,13161.0,143577.0,37101.0,24131.0,3558.0,37747.0,7803.0,21.0,214.0,5372.0,272.0,6064.927958378878
2023-07-15T00:00:00.000000,114.0,21,93,87.0,6.0,13.0,46662.0,9415.0,193865.0,46220.0,10867.0,1175.0,27751.0,6733.0,17.0,222.0,2554.0,220.0,5034.1247348069655
2023-07-16T00:00:00.000000,90.0,15,75,73.0,7.0,7.0,15738.0,2354.0,122035.0,28787.0,4912.0,701.0,7456.0,1494.0,11.0,196.0,2382.0,169.0,4153.548338478642
2023-07-17T00:00:00.000000,166.0,28,138,111.0,8.0,14.0,73458.0,14855.0,219910.0,51626.0,37150.0,7341.0,24583.0,4861.0,25.0,423.0,8309.0,247.0,8049.739394045859
2023-07-18T00:00:00.000000,177.0,41,136,122.0,12.0,20.0,92374.0,19132.0,228636.0,48542.0,30556.0,6931.0,37750.0,7899.0,21.0,326.0,5784.0,295.0,7410.387511021354
2023-07-19T00:00:00.000000,153.0,27,126,100.0,8.0,14.0,59946.0,14860.0,211491.0,55792.0,27299.0,8483.0,24568.0,5302.0,23.0,414.0,9480.0,308.0,8540.982425837105
2023-07-20T00:00:00.000000,133.0,21,112,95.0,7.0,11.0,61296.0,15745.0,182684.0,42652.0,19403.0,4863.0,36062.0,9729.0,14.0,281.0,3676.0,205.0,6178.40719135241
2023-07-21T00:00:00.000000,157.0,33,124,112.0,10.0,15.0,75985.0,23980.0,172139.0,36510.0,31105.0,12375.0,28371.0,6980.0,25.0,321.0,5478.0,261.0,8274.613946279067
2023-07-22T00:00:00.000000,149.0,32,117,92.0,5.0,20.0,58527.0,12218.0,187544.0,45572.0,5529.0,734.0,40431.0,9093.0,25.0,339.0,6083.0,281.0,6791.121883670595
2023-07-23T00:00:00.000000,150.0,41,109,97.0,11.0,21.0,110071.0,25456.0,161997.0,39281.0,33197.0,9858.0,54632.0,11497.0,21.0,290.0,5353.0,265.0,8036.006585400474
2023-07-24T00:00:00.000000,138.0,25,113,98.0,8.0,12.0,44134.0,8276.0,168626.0,41509.0,11694.0,1838.0,16849.0,2857.0,20.0,312.0,5599.0,337.0,4879.861712429578
2023-07-25T00:00:00.000000,141.0,22,119,106.0,9.0,10.0,40951.0,7342.0,215500.0,47323.0,20733.0,4472.0,16391.0,2505.0,15.0,295.0,3126.0,191.0,7375.646412848246
2023-07-26T00:00:00.000000,141.0,23,118,95.0,8.0,12.0,50201.0,10139.0,214386.0,54434.0,16319.0,2653.0,30178.0,6957.0,16.0,299.0,3055.0,183.0,5804.070748977551
2023-07-27T00:00:00.000000,164.0,22,142,107.0,8.0,11.0,43424.0,8386.0,222430.0,50556.0,17797.0,3142.0,16577.0,3031.0,11.0,401.0,2415.0,198.0,8353.681307581091
2023-07-28T00:00:00.000000,138.0,26,112,93.0,7.0,13.0,58009.0,14847.0,169359.0,42419.0,18773.0,5707.0,19993.0,4430.0,16.0,310.0,9185.0,263.0,6715.1275731799815
2023-07-29T00:00:00.000000,113.0,20,93,81.0,6.0,10.0,40270.0,10041.0,160728.0,43812.0,22321.0,6615.0,12965.0,2568.0,15.0,182.0,3378.0,199.0,4829.7219374592005
2023-07-30T00:00:00.000000,104.0,20,84,68.0,4.0,12.0,34066.0,5958.0,122304.0,28879.0,11078.0,2692.0,17315.0,2630.0,14.0,181.0,2403.0,112.0,5173.852690433854
2023-07-31T00:00:00.000000,150.0,21,129,100.0,5.0,12.0,44141.0,7783.0,214508.0,51285.0,7121.0,750.0,25404.0,4613.0,17.0,328.0,3584.0,272.0,7043.22333699933
2023-08-01T00:00:00.000000,120.0,16,104,84.0,3.0,10.0,30563.0,8220.0,151651.0,37757.0,3925.0,579.0,21953.0,7400.0,18.0,264.0,4953.0,264.0,5219.051555754806
2023-08-02T00:00:00.000000,135.0,23,112,102.0,11.0,7.0,53763.0,14140.0,181163.0,47626.0,28419.0,7075.0,18644.0,6064.0,12.0,279.0,4581.0,254.0,6967.648776960387
2023-08-03T00:00:00.000000,101.0,19,82,72.0,4.0,11.0,39733.0,5508.0,143863.0,29656.0,7565.0,908.0,25648.0,3762.0,12.0,232.0,3115.0,218.0,4851.006901891968
2023-08-04T00:00:00.000000,125.0,21,104,90.0,9.0,7.0,57244.0,9785.0,146417.0,39639.0,32820.0,5266.0,10306.0,1874.0,10.0,226.0,3744.0,281.0,6240.6896147343805
2023-08-05T00:00:00.000000,120.0,24,96,76.0,5.0,14.0,54901.0,17525.0,173977.0,43273.0,10169.0,2263.0,26938.0,4896.0,17.0,243.0,3909.0,265.0,5952.292419857372
2023-08-06T00:00:00.000000,88.0,15,73,69.0,5.0,6.0,31905.0,5076.0,162901.0,49740.0,10733.0,2309.0,10820.0,1317.0,6.0,200.0,4213.0,159.0,4396.4581014381
2023-08-07T00:00:00.000000,135.0,22,113,99.0,6.0,10.0,45748.0,6581.0,206236.0,44061.0,11499.0,1880.0,23878.0,3324.0,12.0,321.0,4261.0,286.0,6369.0043557841045
2023-08-08T00:00:00.000000,155.0,39,116,98.0,9.0,18.0,81791.0,14748.0,200051.0,42301.0,16242.0,2519.0,32675.0,6109.0,34.0,337.0,11100.0,302.0,7133.179696333549
2023-08-09T00:00:00.000000,153.0,21,132,99.0,4.0,10.0,39727.0,4424.0,241281.0,66821.0,11507.0,1386.0,17293.0,1957.0,11.0,266.0,3669.0,223.0,7329.480447275015
2023-08-10T00:00:00.000000,97.0,14,83,82.0,5.0,7.0,36145.0,8145.0,178535.0,43951.0,14072.0,4166.0,17505.0,3635.0,17.0,239.0,2921.0,194.0,4164.711194216417
2023-08-11T00:00:00.000000,136.0,14,122,85.0,8.0,3.0,45687.0,9989.0,181088.0,50382.0,35422.0,8193.0,5775.0,1169.0,3.0,248.0,2481.0,254.0,5157.714420006528
2023-08-12T00:00:00.000000,95.0,19,76,78.0,7.0,7.0,32165.0,4594.0,134270.0,30175.0,10292.0,1418.0,8180.0,1139.0,12.0,209.0,4769.0,187.0,4138.7136089985115
2023-08-13T00:00:00.000000,140.0,27,113,86.0,4.0,18.0,48786.0,6356.0,236313.0,55437.0,4107.0,497.0,33955.0,4664.0,25.0,274.0,6166.0,244.0,6554.011931715094
2023-08-14T00:00:00.000000,138.0,22,116,87.0,6.0,12.0,50524.0,7382.0,184967.0,37675.0,11754.0,1646.0,29177.0,4098.0,12.0,278.0,5036.0,257.0,6532.996200238149
2023-08-15T00:00:00.000000,138.0,25,113,89.0,7.0,13.0,63816.0,14075.0,199883.0,47473.0,29754.0,6531.0,21448.0,3202.0,20.0,318.0,5208.0,231.0,7683.056902832369
2023-08-16T00:00:00.000000,113.0,20,93,84.0,11.0,9.0,47177.0,8963.0,204785.0,54456.0,27855.0,5702.0,19322.0,3261.0,19.0,302.0,5866.0,187.0,4515.957485553592
2023-08-17T00:00:00.000000,114.0,24,90,88.0,6.0,9.0,82817.0,28476.0,153823.0,42712.0,41652.0,19427.0,18495.0,4604.0,14.0,187.0,3696.0,182.0,5320.974759792337
2023-08-18T00:00:00.000000,119.0,20,99,91.0,4.0,13.0,52678.0,8635.0,166541.0,45299.0,16386.0,3891.0,31637.0,3656.0,18.0,253.0,3173.0,196.0,6530.1443388855605
2023-08-19T00:00:00.000000,129.0,23,106,87.0,10.0,11.0,57029.0,14317.0,154210.0,35427.0,26499.0,7004.0,27714.0,6818.0,15.0,272.0,3648.0,187.0,5147.569521029613
2023-08-20T00:00:00.000000,95.0,14,81,64.0,7.0,4.0,56305.0,10922.0,129465.0,32757.0,47380.0,7417.0,4577.0,2185.0,4.0,265.0,1871.0,144.0,4284.42772941781
2023-08-21T00:00:00.000000,124.0,27,97,87.0,8.0,16.0,50098.0,8946.0,160371.0,41250.0,17162.0,2880.0,29775.0,5815.0,25.0,255.0,3832.0,254.0,6038.077088735857
2023-08-22T00:00:00.000000,135.0,24,111,96.0,10.0,9.0,66762.0,13479.0,191405.0,49485.0,30229.0,6928.0,24448.0,3877.0,11.0,274.0,5792.0,227.0,6988.580843087446
2023-08-23T00:00:00.000000,143.0,18,125,95.0,8.0,6.0,62043.0,13791.0,230907.0,51882.0,41847.0,10138.0,17059.0,3239.0,8.0,360.0,2450.0,213.0,6593.7285264177835
2023-08-24T00:00:00.000000,107.0,20,87,88.0,6.0,12.0,44028.0,11392.0,161713.0,35718.0,25057.0,8090.0,16494.0,2929.0,16.0,207.0,3364.0,177.0,5900.5890067050195
2023-08-25T00:00:00.000000,120.0,30,90,83.0,15.0,11.0,74946.0,12506.0,138965.0,35394.0,51835.0,8788.0,19632.0,3451.0,16.0,208.0,4517.0,198.0,6265.76624276512
2023-08-26T00:00:00.000000,111.0,14,97,76.0,3.0,9.0,32832.0,4872.0,190552.0,44882.0,8724.0,984.0,21989.0,3697.0,14.0,276.0,3887.0,191.0,5257.157008332869
2023-08-27T00:00:00.000000,116.0,29,87,84.0,11.0,14.0,72359.0,15767.0,148702.0,44359.0,20951.0,5227.0,43284.0,8630.0,14.0,249.0,3908.0,201.0,4896.94919379229
2023-08-28T00:00:00.000000,104.0,13,91,75.0,4.0,9.0,24550.0,4387.0,187470.0,39478.0,6218.0,839.0,18332.0,3548.0,14.0,208.0,3028.0,153.0,5649.4562303261555
2023-08-29T00:00:00.000000,126.0,19,107,98.0,5.0,12.0,46410.0,10911.0,208776.0,55409.0,16876.0,5172.0,28168.0,5471.0,14.0,223.0,4747.0,258.0,6186.160011290956
2023-08-30T00:00:00.000000,118.0,19,99,82.0,7.0,9.0,24257.0,2965.0,181999.0,43408.0,5667.0,329.0,16106.0,2215.0,14.0,220.0,2302.0,220.0,6340.588435902477
2023-08-31T00:00:00.000000,132.0,20,112,100.0,8.0,9.0,39617.0,6003.0,218521.0,54446.0,20129.0,2653.0,15977.0,2526.0,14.0,282.0,3556.0,242.0,7382.802932638326
2023-09-01T00:00:00.000000,122.0,18,104,82.0,7.0,9.0,27892.0,5033.0,195808.0,50507.0,11957.0,1807.0,13897.0,2782.0,11.0,281.0,2225.0,218.0,6059.235911283829
2023-09-02T00:00:00.000000,109.0,24,85,77.0,7.0,17.0,49799.0,8575.0,138525.0,38758.0,16638.0,3638.0,33161.0,4937.0,23.0,185.0,2670.0,171.0,5600.724579133023
2023-09-03T00:00:00.000000,120.0,20,100,85.0,4.0,13.0,38981.0,6139.0,175246.0,43325.0,6958.0,2359.0,28714.0,2979.0,15.0,233.0,3300.0,218.0,6625.62814199448
2023-09-04T00:00:00.000000,120.0,16,104,80.0,3.0,11.0,35718.0,8096.0,197764.0,45787.0,11782.0,3223.0,21666.0,4665.0,23.0,249.0,3834.0,194.0,6170.907804351697
2023-09-05T00:00:00.000000,120.0,18,102,90.0,5.0,10.0,30188.0,6892.0,231270.0,60799.0,9225.0,2691.0,16287.0,3381.0,19.0,223.0,2191.0,196.0,5535.922589177404
2023-09-06T00:00:00.000000,124.0,14,110,90.0,3.0,6.0,17505.0,3315.0,249905.0,59024.0,2586.0,282.0,8774.0,1473.0,6.0,282.0,2239.0,188.0,5727.470092085418
2023-09-07T00:00:00.000000,142.0,23,119,97.0,10.0,11.0,49461.0,11024.0,225724.0,61572.0,20168.0,5848.0,26153.0,4659.0,22.0,322.0,4018.0,214.0,7224.596096334024
2023-09-08T00:00:00.000000,109.0,19,90,85.0,6.0,12.0,39589.0,7195.0,148978.0,36253.0,14755.0,2705.0,23781.0,4339.0,26.0,226.0,3046.0,146.0,5352.451318091268
2023-09-09T00:00:00.000000,116.0,29,87,89.0,8.0,14.0,69588.0,14799.0,132215.0,31225.0,19891.0,3829.0,34037.0,7356.0,20.0,283.0,5370.0,177.0,6878.002791977397
2023-09-10T00:00:00.000000,137.0,27,110,92.0,9.0,16.0,77919.0,13701.0,199458.0,40834.0,25437.0,6246.0,49954.0,7230.0,31.0,299.0,7519.0,241.0,6266.448103077166
2023-09-11T00:00:00.000000,160.0,33,127,102.0,14.0,16.0,78992.0,20102.0,211427.0,51379.0,41772.0,11485.0,32437.0,8055.0,23.0,358.0,4208.0,233.0,7297.527726455815
2023-09-12T00:00:00.000000,136.0,22,114,96.0,6.0,15.0,54540.0,12104.0,212563.0,43816.0,8533.0,2249.0,42966.0,9647.0,22.0,238.0,3631.0,274.0,6318.317435168191
2023-09-13T00:00:00.000000,134.0,18,116,85.0,3.0,9.0,51256.0,14252.0,237971.0,50374.0,6229.0,1373.0,27926.0,6321.0,9.0,245.0,3243.0,224.0,5981.021803539584
2023-09-14T00:00:00.000000,132.0,24,108,98.0,6.0,14.0,73836.0,13067.0,179480.0,37069.0,32585.0,5428.0,31912.0,4934.0,21.0,289.0,5604.0,205.0,6638.95540982458
2023-09-15T00:00:00.000000,123.0,25,98,80.0,4.0,16.0,45272.0,8021.0,171141.0,40383.0,12821.0,1637.0,24188.0,4822.0,19.0,212.0,4405.0,186.0,6472.437026068755
2023-09-16T00:00:00.000000,103.0,19,84,72.0,4.0,12.0,37595.0,5756.0,148275.0,30165.0,11340.0,2582.0,21289.0,2776.0,15.0,186.0,2967.0,245.0,5322.661289319109
2023-09-17T00:00:00.000000,127.0,21,106,90.0,7.0,11.0,56500.0,8711.0,216306.0,45527.0,32125.0,5398.0,17595.0,2054.0,17.0,286.0,3993.0,292.0,6036.132797562703
2023-09-18T00:00:00.000000,142.0,20,122,103.0,6.0,10.0,44778.0,7470.0,221782.0,51461.0,18389.0,3725.0,16724.0,3029.0,11.0,367.0,3859.0,222.0,7519.638744828389
2023-09-19T00:00:00.000000,171.0,29,142,113.0,10.0,12.0,67385.0,12200.0,240294.0,47693.0,25811.0,4601.0,23740.0,3866.0,16.0,433.0,6253.0,295.0,9530.917977150993
2023-09-20T00:00:00.000000,142.0,22,120,104.0,5.0,16.0,56942.0,11914.0,198543.0,44374.0,26279.0,4328.0,26613.0,4479.0,21.0,271.0,5992.0,204.0,6699.823817645344
2023-09-21T00:00:00.000000,139.0,28,111,90.0,7.0,11.0,50335.0,12329.0,212638.0,50450.0,12108.0,2373.0,27527.0,6790.0,14.0,300.0,4639.0,303.0,7175.6803588857865
2023-09-22T00:00:00.000000,130.0,19,111,97.0,6.0,9.0,29061.0,4220.0,194451.0,40990.0,9092.0,1782.0,13513.0,1789.0,10.0,244.0,3109.0,167.0,6411.007147726611
2023-09-23T00:00:00.000000,125.0,24,101,86.0,6.0,12.0,47713.0,10375.0,166813.0,34581.0,17768.0,4207.0,22087.0,4985.0,16.0,167.0,4096.0,249.0,6002.450878347782
2023-09-24T00:00:00.000000,127.0,24,103,88.0,9.0,13.0,45375.0,11296.0,176132.0,40844.0,10471.0,3032.0,29590.0,7374.0,22.0,207.0,6202.0,255.0,6688.223735992789
2023-09-25T00:00:00.000000,133.0,26,107,89.0,5.0,18.0,41312.0,9425.0,204531.0,50946.0,6974.0,1659.0,30592.0,7063.0,24.0,261.0,3627.0,244.0,6749.518217751535
2023-09-26T00:00:00.000000,152.0,25,127,102.0,8.0,13.0,37574.0,5827.0,229062.0,46143.0,14053.0,1965.0,17653.0,3207.0,19.0,248.0,3802.0,286.0,7275.991383782054
2023-09-27T00:00:00.000000,148.0,24,124,106.0,3.0,18.0,52635.0,11924.0,217831.0,47375.0,8298.0,1703.0,37460.0,9029.0,28.0,262.0,4377.0,212.0,7937.090128370126
2023-09-28T00:00:00.000000,157.0,18,139,121.0,5.0,11.0,43948.0,6454.0,224962.0,56488.0,14972.0,2754.0,22924.0,2724.0,16.0,248.0,2794.0,310.0,8058.30733918568
2023-09-29T00:00:00.000000,136.0,15,121,100.0,2.0,7.0,34031.0,8662.0,222460.0,48465.0,14463.0,5433.0,6788.0,1148.0,12.0,270.0,5339.0,233.0,6849.241104296032
2023-09-30T00:00:00.000000,128.0,25,103,86.0,11.0,10.0,50708.0,8167.0,186634.0,47481.0,17372.0,2908.0,27084.0,4165.0,12.0,306.0,7267.0,234.0,6839.369770990938
2023-10-01T00:00:00.000000,143.0,18,125,100.0,8.0,8.0,50037.0,14767.0,224750.0,45328.0,19013.0,5074.0,25119.0,8358.0,10.0,256.0,2955.0,293.0,5982.459068765152
2023-10-02T00:00:00.000000,153.0,26,127,102.0,7.0,15.0,48241.0,11221.0,220651.0,56861.0,15005.0,2492.0,26402.0,6774.0,16.0,295.0,2791.0,229.0,6607.888792515794
2023-10-03T00:00:00.000000,147.0,16,131,101.0,7.0,6.0,34952.0,5714.0,272715.0,54450.0,15998.0,2122.0,13975.0,2667.0,8.0,288.0,1832.0,242.0,7532.633407759985
2023-10-04T00:00:00.000000,143.0,28,115,107.0,10.0,12.0,50741.0,10083.0,191771.0,45341.0,16800.0,3190.0,17526.0,4450.0,14.0,250.0,4736.0,263.0,6645.381975223912
2023-10-05T00:00:00.000000,150.0,19,131,99.0,8.0,5.0,34926.0,7371.0,215780.0,48369.0,16328.0,4875.0,5557.0,1186.0,7.0,280.0,3381.0,251.0,7938.679491998121
2023-10-06T00:00:00.000000,119.0,15,104,88.0,3.0,7.0,31713.0,7435.0,148833.0,36908.0,5624.0,1392.0,18459.0,4576.0,9.0,220.0,2076.0,209.0,6932.283134138892
2023-10-07T00:00:00.000000,137.0,27,110,87.0,5.0,13.0,52633.0,11755.0,246320.0,72881.0,6441.0,1551.0,22015.0,4543.0,18.0,296.0,11706.0,277.0,7160.910864792738
2023-10-08T00:00:00.000000,155.0,25,130,100.0,7.0,16.0,40870.0,7258.0,227858.0,55073.0,9791.0,2496.0,28554.0,4516.0,27.0,233.0,5916.0,268.0,7647.888767985643
2023-10-09T00:00:00.000000,171.0,38,133,121.0,13.0,20.0,76193.0,16417.0,242709.0,52729.0,24323.0,5572.0,44484.0,9018.0,25.0,377.0,7962.0,328.0,8750.328894616889
2023-10-10T00:00:00.000000,156.0,31,125,106.0,8.0,20.0,77344.0,14140.0,197365.0,42946.0,22568.0,4991.0,36516.0,7388.0,27.0,291.0,5274.0,231.0,7844.007995479082
2023-10-11T00:00:00.000000,152.0,23,129,100.0,6.0,15.0,44446.0,9898.0,219652.0,47293.0,15699.0,3234.0,27023.0,6533.0,23.0,277.0,3947.0,211.0,7811.487029398898
2023-10-12T00:00:00.000000,150.0,27,123,108.0,6.0,15.0,49616.0,12015.0,187538.0,44157.0,9999.0,2249.0,28130.0,6641.0,17.0,290.0,3398.0,218.0,7725.941060437697
2023-10-13T00:00:00.000000,140.0,25,115,98.0,7.0,15.0,56774.0,11273.0,191236.0,44415.0,20918.0,4399.0,27774.0,6181.0,19.0,231.0,3299.0,182.0,8054.136989762756
2023-10-14T00:00:00.000000,127.0,23,104,90.0,10.0,7.0,42146.0,7816.0,167102.0,40428.0,19434.0,3375.0,13873.0,2492.0,8.0,216.0,3829.0,226.0,6576.438392042994
2023-10-15T00:00:00.000000,153.0,31,122,94.0,11.0,12.0,78354.0,17696.0,191970.0,41609.0,40698.0,9469.0,20487.0,4788.0,14.0,272.0,5035.0,215.0,7755.87589339143
2023-10-16T00:00:00.000000,138.0,25,113,99.0,8.0,15.0,44070.0,9301.0,208003.0,51140.0,13333.0,2452.0,29271.0,6541.0,19.0,213.0,4022.0,244.0,6949.000968132297
2023-10-17T00:00:00.000000,182.0,37,145,127.0,11.0,22.0,75407.0,19028.0,241960.0,55431.0,23890.0,6240.0,40126.0,9314.0,30.0,464.0,7048.0,330.0,8987.147028938876
2023-10-18T00:00:00.000000,165.0,20,145,123.0,3.0,14.0,33083.0,6425.0,280269.0,65912.0,3794.0,366.0,24602.0,5236.0,19.0,344.0,3281.0,245.0,8861.46371767346
2023-10-19T00:00:00.000000,160.0,25,135,106.0,7.0,11.0,53369.0,12998.0,260102.0,66739.0,19257.0,4434.0,18170.0,3755.0,15.0,250.0,3140.0,264.0,7516.539032223933
2023-10-20T00:00:00.000000,146.0,30,116,95.0,1.0,27.0,46761.0,7222.0,176465.0,44709.0,4314.0,386.0,39471.0,6546.0,38.0,255.0,5468.0,270.0,7044.017051343888
2023-10-21T00:00:00.000000,131.0,16,115,90.0,3.0,10.0,29485.0,6163.0,194867.0,45897.0,4506.0,519.0,19423.0,4353.0,13.0,254.0,2934.0,219.0,5716.203435213574
2023-10-22T00:00:00.000000,132.0,21,111,97.0,8.0,11.0,43222.0,10589.0,174942.0,40652.0,15157.0,5689.0,20697.0,4078.0,18.0,211.0,3170.0,217.0,7614.841859379337
2023-10-23T00:00:00.000000,154.0,25,129,114.0,5.0,17.0,57452.0,13396.0,206170.0,43112.0,19698.0,5493.0,31213.0,6340.0,22.0,243.0,3140.0,213.0,7516.679119733181
2023-10-24T00:00:00.000000,152.0,20,132,106.0,3.0,15.0,37940.0,8606.0,208275.0,47450.0,3149.0,669.0,30533.0,6716.0,21.0,319.0,4470.0,202.0,8456.575463998379
2023-10-25T00:00:00.000000,158.0,29,129,107.0,9.0,15.0,62435.0,14697.0,208570.0,49805.0,16823.0,4054.0,37508.0,9478.0,17.0,244.0,3828.0,251.0,8444.9239987049
2023-10-26T00:00:00.000000,164.0,22,142,107.0,8.0,13.0,44866.0,7377.0,243738.0,58665.0,15938.0,3037.0,28287.0,4285.0,16.0,303.0,2832.0,194.0,8461.806559816268
2023-10-27T00:00:00.000000,153.0,17,136,107.0,5.0,8.0,45871.0,10629.0,225776.0,56034.0,17862.0,3281.0,16031.0,3840.0,15.0,262.0,3076.0,237.0,8264.203117601579
2023-10-28T00:00:00.000000,146.0,27,119,87.0,8.0,18.0,89151.0,20801.0,262150.0,54084.0,27444.0,6297.0,58863.0,14313.0,33.0,303.0,5825.0,255.0,6861.613023562115
2023-10-29T00:00:00.000000,131.0,17,114,88.0,6.0,10.0,43601.0,9913.0,155246.0,41838.0,11118.0,2270.0,29665.0,7200.0,17.0,254.0,2693.0,163.0,6806.917535727067
2023-10-30T00:00:00.000000,155.0,23,132,103.0,5.0,13.0,65120.0,16281.0,194095.0,49285.0,14908.0,3873.0,36974.0,6338.0,15.0,297.0,4936.0,247.0,7654.773921141363
2023-10-31T00:00:00.000000,178.0,20,158,118.0,5.0,11.0,39026.0,9767.0,271909.0,67389.0,10847.0,1779.0,22664.0,7237.0,20.0,320.0,2614.0,258.0,9750.185891778538
2023-11-01T00:00:00.000000,163.0,24,139,109.0,8.0,13.0,55847.0,15496.0,238016.0,61778.0,16701.0,4277.0,20337.0,5435.0,15.0,303.0,2826.0,268.0,8238.028240703334
2023-11-02T00:00:00.000000,150.0,23,127,102.0,5.0,16.0,35223.0,8873.0,215231.0,51335.0,9249.0,2924.0,23432.0,4915.0,22.0,372.0,5266.0,255.0,8954.81697239173
2023-11-03T00:00:00.000000,159.0,24,135,113.0,7.0,12.0,50482.0,11749.0,262617.0,60959.0,19741.0,5321.0,24508.0,4865.0,25.0,305.0,6382.0,355.0,8809.255753314505
2023-11-04T00:00:00.000000,159.0,30,129,94.0,7.0,14.0,47054.0,8852.0,194548.0,46944.0,10352.0,1761.0,24461.0,5034.0,16.0,349.0,3875.0,265.0,8317.092430879336
2023-11-05T00:00:00.000000,124.0,21,103,86.0,6.0,9.0,47983.0,8335.0,180432.0,45588.0,14530.0,2839.0,16648.0,2257.0,9.0,248.0,4024.0,246.0,6622.671695777547
2023-11-06T00:00:00.000000,160.0,37,123,107.0,14.0,16.0,76800.0,13837.0,201916.0,49946.0,24760.0,4559.0,31374.0,4497.0,21.0,289.0,5480.0,277.0,8174.602136480287
2023-11-07T00:00:00.000000,141.0,26,115,105.0,8.0,10.0,55437.0,11484.0,230471.0,52935.0,14430.0,2996.0,21835.0,4911.0,13.0,267.0,4954.0,232.0,7619.458289328139
2023-11-08T00:00:00.000000,173.0,29,144,112.0,15.0,13.0,67087.0,14614.0,265409.0,63217.0,28557.0,4815.0,36082.0,8908.0,19.0,324.0,4689.0,289.0,8188.837733695662
2023-11-09T00:00:00.000000,146.0,30,116,103.0,9.0,15.0,58260.0,8841.0,204460.0,45412.0,20427.0,1919.0,23930.0,5039.0,17.0,318.0,4617.0,254.0,6939.950393817829
2023-11-10T00:00:00.000000,141.0,22,119,105.0,9.0,12.0,43391.0,6101.0,194518.0,46449.0,18996.0,2241.0,19068.0,2567.0,18.0,281.0,4663.0,209.0,7827.386833907038
2023-11-11T00:00:00.000000,137.0,31,106,80.0,6.0,18.0,67203.0,16224.0,182962.0,44263.0,11584.0,2911.0,37015.0,8227.0,25.0,301.0,7063.0,320.0,7783.3318953694115
2023-11-12T00:00:00.000000,154.0,28,126,99.0,10.0,12.0,58299.0,10267.0,203235.0,50992.0,23469.0,4938.0,22098.0,3622.0,15.0,304.0,4119.0,251.0,7478.555250839516
2023-11-13T00:00:00.000000,182.0,34,148,129.0,11.0,18.0,75868.0,19719.0,276671.0,67004.0,26460.0,7692.0,31502.0,6917.0,26.0,349.0,7696.0,346.0,9380.713220433929
2023-11-14T00:00:00.000000,170.0,28,142,118.0,9.0,9.0,51849.0,10283.0,252758.0,61291.0,11475.0,2223.0,22073.0,4837.0,9.0,306.0,4745.0,226.0,8705.793320543893
2023-11-15T00:00:00.000000,177.0,26,151,125.0,6.0,17.0,65269.0,13202.0,276580.0,66588.0,20097.0,3734.0,34217.0,7078.0,27.0,293.0,4157.0,344.0,9462.938770325716
2023-11-16T00:00:00.000000,176.0,30,146,114.0,11.0,14.0,75471.0,13601.0,258772.0,57904.0,18997.0,2902.0,41553.0,9775.0,16.0,287.0,4582.0,302.0,9742.525680193667
2023-11-17T00:00:00.000000,191.0,34,157,114.0,6.0,15.0,94448.0,19769.0,254751.0,55655.0,11997.0,3854.0,45272.0,10320.0,21.0,323.0,6466.0,368.0,9476.443145570665
2023-11-18T00:00:00.000000,111.0,23,88,77.0,11.0,8.0,40825.0,6040.0,143046.0,37521.0,25729.0,4755.0,10228.0,797.0,19.0,334.0,7993.0,227.0,4789.98780802205
2023-11-19T00:00:00.000000,198.0,40,158,126.0,16.0,17.0,75024.0,12519.0,303674.0,69128.0,37030.0,6243.0,30925.0,5193.0,17.0,353.0,5345.0,328.0,9425.133583810815
2023-11-20T00:00:00.000000,180.0,34,146,121.0,12.0,14.0,61638.0,9951.0,232417.0,58299.0,24773.0,4802.0,28324.0,4334.0,23.0,354.0,6557.0,347.0,9260.83620971154
2023-11-21T00:00:00.000000,157.0,29,128,106.0,7.0,20.0,60114.0,12339.0,234623.0,53900.0,20917.0,4489.0,35136.0,6838.0,24.0,351.0,4999.0,307.0,8905.39152028825
2023-11-22T00:00:00.000000,143.0,26,117,102.0,3.0,19.0,52606.0,11726.0,206236.0,45174.0,2588.0,820.0,44235.0,10415.0,33.0,401.0,12496.0,288.0,6505.180534476292
2023-11-23T00:00:00.000000,168.0,42,126,113.0,13.0,23.0,93086.0,20532.0,197659.0,49944.0,37079.0,7710.0,44157.0,7888.0,33.0,296.0,5584.0,311.0,7768.24024939819
2023-11-24T00:00:00.000000,136.0,24,111,93.0,7.0,13.0,43482.0,9508.0,199446.0,66862.0,12100.0,1968.0,23508.0,4569.0,22.0,307.0,6043.0,247.0,7205.042941669275
2023-11-25T00:00:00.000000,132.0,34,98,95.0,8.0,18.0,56663.0,10074.0,168977.0,36678.0,10379.0,2172.0,27794.0,5129.0,23.0,291.0,7417.0,275.0,7251.228107020148
2023-11-26T00:00:00.000000,158.0,30,128,103.0,7.0,19.0,51496.0,10445.0,269364.0,69237.0,16416.0,2965.0,31609.0,6735.0,32.0,335.0,18291.0,269.0,7984.0896099846605
2023-11-27T00:00:00.000000,169.0,32,137,117.0,14.0,17.0,91299.0,17126.0,232738.0,62422.0,40874.0,8085.0,43445.0,8090.0,20.0,381.0,5168.0,358.0,8277.918553405485
2023-11-28T00:00:00.000000,153.0,34,119,109.0,9.0,21.0,78658.0,20018.0,203287.0,52082.0,30488.0,11055.0,39377.0,7239.0,29.0,333.0,5509.0,274.0,7826.696120971952
2023-11-29T00:00:00.000000,174.0,28,146,110.0,6.0,21.0,40663.0,10404.0,228506.0,57853.0,7750.0,2462.0,29689.0,7624.0,35.0,349.0,5011.0,265.0,8998.369858836679
2023-11-30T00:00:00.000000,168.0,42,126,111.0,9.0,26.0,78989.0,16219.0,203261.0,50556.0,18799.0,4770.0,48473.0,8569.0,43.0,348.0,8069.0,301.0,7535.854354664035
2023-12-01T00:00:00.000000,166.0,31,135,114.0,11.0,16.0,98152.0,34077.0,223017.0,56347.0,44915.0,19412.0,43088.0,11051.0,28.0,322.0,3997.0,249.0,8447.616444085881
2023-12-02T00:00:00.000000,112.0,15,97,75.0,4.0,10.0,29453.0,4986.0,194511.0,46306.0,7685.0,1539.0,21094.0,3367.0,12.0,263.0,3184.0,213.0,5934.77012836585
2023-12-03T00:00:00.000000,181.0,34,147,120.0,7.0,22.0,83228.0,16164.0,260198.0,65170.0,18220.0,4771.0,51039.0,8853.0,23.0,385.0,5043.0,238.0,8386.677343636142
2023-12-04T00:00:00.000000,162.0,22,140,111.0,6.0,11.0,59694.0,13770.0,247145.0,72418.0,17199.0,4301.0,25079.0,6134.0,26.0,360.0,5147.0,283.0,9009.282642994838
2023-12-05T00:00:00.000000,165.0,33,132,115.0,10.0,16.0,73880.0,15308.0,216057.0,51647.0,28913.0,7323.0,33687.0,6476.0,19.0,340.0,4949.0,265.0,9871.507264171492
2023-12-06T00:00:00.000000,183.0,35,148,120.0,5.0,25.0,74128.0,14506.0,294168.0,70204.0,10950.0,2251.0,50278.0,10291.0,42.0,348.0,6694.0,301.0,9454.895347929014
2023-12-07T00:00:00.000000,162.0,28,134,128.0,4.0,18.0,44306.0,8804.0,232195.0,52760.0,8125.0,2736.0,28118.0,4776.0,22.0,362.0,5247.0,276.0,8022.353571362576
2023-12-08T00:00:00.000000,133.0,23,110,96.0,10.0,10.0,60667.0,14394.0,191977.0,54709.0,32990.0,7143.0,21921.0,5881.0,11.0,240.0,3486.0,231.0,6165.283127897671
2023-12-09T00:00:00.000000,139.0,31,108,87.0,4.0,23.0,70640.0,15368.0,180973.0,40276.0,11228.0,933.0,53619.0,13049.0,31.0,263.0,5597.0,227.0,7218.125266159655
2023-12-10T00:00:00.000000,156.0,33,123,110.0,10.0,16.0,88083.0,15668.0,180188.0,39970.0,12539.0,2130.0,32740.0,6658.0,19.0,286.0,4287.0,250.0,8504.409314584975
2023-12-11T00:00:00.000000,174.0,42,132,110.0,17.0,19.0,74786.0,13717.0,220312.0,46812.0,31482.0,4731.0,31357.0,6749.0,29.0,308.0,5149.0,360.0,9396.475789197671
2023-12-12T00:00:00.000000,204.0,45,159,126.0,18.0,23.0,100394.0,26529.0,258033.0,60256.0,36100.0,9774.0,49732.0,12151.0,39.0,414.0,10790.0,320.0,10270.138956519286
2023-12-13T00:00:00.000000,133.0,19,114,102.0,7.0,10.0,49420.0,6814.0,191639.0,50444.0,22930.0,2497.0,24365.0,4138.0,15.0,241.0,3272.0,182.0,6887.618860419061
2023-12-14T00:00:00.000000,173.0,27,146,117.0,6.0,18.0,80362.0,18534.0,249736.0,59840.0,29173.0,8542.0,42203.0,7822.0,23.0,323.0,4516.0,268.0,7482.001912823793
2023-12-15T00:00:00.000000,139.0,43,96,102.0,15.0,22.0,116157.0,28530.0,145759.0,36661.0,43262.0,10700.0,58926.0,15626.0,33.0,320.0,9494.0,314.0,7549.949505861551
2023-12-16T00:00:00.000000,138.0,24,112,91.0,6.0,15.0,49642.0,9062.0,169163.0,36061.0,11141.0,1663.0,34230.0,7056.0,18.0,268.0,3844.0,176.0,5912.4101284682965
2023-12-17T00:00:00.000000,147.0,34,113,106.0,9.0,20.0,63862.0,14169.0,237278.0,48083.0,14321.0,2675.0,40161.0,9665.0,27.0,327.0,6639.0,304.0,6441.156787545636
2023-12-18T00:00:00.000000,175.0,33,142,109.0,4.0,18.0,70751.0,11107.0,223304.0,60136.0,9511.0,1462.0,40676.0,6162.0,21.0,264.0,5163.0,298.0,8742.747453863769
2023-12-19T00:00:00.000000,147.0,28,119,110.0,7.0,14.0,59392.0,13405.0,199697.0,51081.0,14347.0,3188.0,25209.0,3771.0,23.0,300.0,6404.0,263.0,7270.911986813951
2023-12-20T00:00:00.000000,154.0,31,123,107.0,6.0,20.0,70129.0,12642.0,221713.0,52938.0,21556.0,4761.0,37083.0,6325.0,30.0,361.0,6689.0,298.0,7308.537291384405
2023-12-21T00:00:00.000000,150.0,32,118,109.0,10.0,16.0,75839.0,15255.0,209954.0,54357.0,21009.0,3178.0,45715.0,10370.0,22.0,263.0,4808.0,269.0,6197.234251256584
2023-12-22T00:00:00.000000,119.0,17,102,91.0,7.0,4.0,30527.0,4467.0,203241.0,50154.0,12281.0,2350.0,7827.0,879.0,6.0,228.0,3143.0,236.0,6098.623500074529
2023-12-23T00:00:00.000000,132.0,19,113,89.0,5.0,6.0,53010.0,15861.0,211710.0,49375.0,11624.0,4875.0,10749.0,2193.0,11.0,263.0,3550.0,263.0,7288.383562516486
2023-12-24T00:00:00.000000,122.0,22,100,91.0,10.0,10.0,42703.0,6095.0,201817.0,45562.0,23085.0,3282.0,18656.0,2535.0,13.0,226.0,3020.0,196.0,5714.71826447807
2023-12-25T00:00:00.000000,118.0,24,94,87.0,8.0,12.0,46660.0,10771.0,165387.0,40023.0,13937.0,3226.0,23702.0,3445.0,16.0,262.0,5618.0,195.0,6032.607321553876
2023-12-26T00:00:00.000000,156.0,29,127,94.0,2.0,23.0,81205.0,12013.0,248509.0,56229.0,13182.0,3256.0,58215.0,7357.0,35.0,476.0,13172.0,294.0,7720.4427393271235
2023-12-27T00:00:00.000000,123.0,14,109,84.0,4.0,9.0,27930.0,3771.0,221921.0,60635.0,10700.0,735.0,16326.0,2572.0,14.0,253.0,1899.0,220.0,6330.946648322047
2023-12-28T00:00:00.000000,118.0,19,99,77.0,9.0,8.0,98166.0,20031.0,213240.0,45311.0,59906.0,12111.0,27025.0,4784.0,13.0,282.0,3943.0,198.0,5013.630915342722
2023-12-29T00:00:00.000000,128.0,18,110,88.0,2.0,12.0,36918.0,7173.0,200935.0,51190.0,7698.0,1129.0,19477.0,4518.0,14.0,322.0,3852.0,152.0,5853.100454852006
2023-12-30T00:00:00.000000,137.0,25,112,90.0,6.0,14.0,53197.0,11993.0,194880.0,53997.0,11153.0,2443.0,25659.0,4749.0,21.0,325.0,6712.0,250.0,6921.663175673484
2023-12-31T00:00:00.000000,113.0,27,86,84.0,7.0,15.0,50458.0,13892.0,158329.0,40998.0,10120.0,1739.0,30429.0,8390.0,22.0,214.0,4245.0,212.0,5815.046333409811
2024-01-01T00:00:00.000000,124.0,32,92,87.0,8.0,17.0,71605.0,12904.0,186934.0,45714.0,16523.0,3391.0,36646.0,6379.0,29.0,387.0,11336.0,267.0,6620.8048553549115
2024-01-02T00:00:00.000000,118.0,33,85,87.0,8.0,16.0,61700.0,10172.0,155633.0,31847.0,14721.0,1665.0,25245.0,4772.0,26.0,214.0,6010.0,215.0,6615.686850671799
2024-01-03T00:00:00.000000,175.0,41,134,106.0,6.0,27.0,103101.0,27119.0,212637.0,50214.0,11908.0,1774.0,80771.0,23392.0,48.0,374.0,10292.0,330.0,7654.036791884622
2024-01-04T00:00:00.000000,185.0,33,152,119.0,6.0,20.0,58702.0,14043.0,284033.0,67432.0,10729.0,1621.0,36801.0,9202.0,31.0,500.0,12300.0,331.0,9365.598212064595
2024-01-05T00:00:00.000000,159.0,23,136,103.0,5.0,13.0,51108.0,9682.0,251037.0,59760.0,9213.0,1713.0,24370.0,3497.0,14.0,291.0,3643.0,256.0,7193.447917521386
2024-01-06T00:00:00.000000,141.0,28,113,92.0,3.0,20.0,55752.0,13882.0,225032.0,59255.0,6005.0,837.0,44603.0,11630.0,24.0,339.0,6301.0,180.0,5352.1937151072725
2024-01-07T00:00:00.000000,173.0,42,131,104.0,6.0,31.0,101179.0,17114.0,252485.0,55540.0,7828.0,470.0,86158.0,14323.0,47.0,387.0,8410.0,371.0,6716.27011953585
2024-01-08T00:00:00.000000,145.0,28,117,112.0,8.0,16.0,60468.0,9433.0,195290.0,48458.0,16338.0,2332.0,34160.0,5846.0,22.0,313.0,5379.0,281.0,6340.191634580608
2024-01-09T00:00:00.000000,186.0,36,150,120.0,7.0,20.0,89132.0,19799.0,241093.0,51871.0,13416.0,2298.0,52608.0,12138.0,24.0,365.0,7309.0,318.0,10746.51351118734
2024-01-10T00:00:00.000000,159.0,24,135,119.0,7.0,14.0,44743.0,8716.0,249112.0,58724.0,17084.0,4567.0,22657.0,3606.0,20.0,382.0,4150.0,318.0,8348.452252371704
2024-01-11T00:00:00.000000,157.0,24,133,110.0,6.0,17.0,39840.0,7897.0,216215.0,46495.0,10485.0,2671.0,28630.0,5201.0,35.0,330.0,5935.0,298.0,8318.926673962029
2024-01-12T00:00:00.000000,160.0,33,127,111.0,8.0,23.0,55905.0,11507.0,215824.0,52786.0,17789.0,3828.0,35914.0,7272.0,45.0,328.0,7572.0,282.0,7330.4178370815125
2024-01-13T00:00:00.000000,136.0,32,104,104.0,7.0,17.0,65338.0,12161.0,162476.0,37974.0,14940.0,1474.0,32717.0,6460.0,25.0,315.0,6560.0,251.0,7257.251132465565
2024-01-14T00:00:00.000000,171.0,35,136,100.0,5.0,22.0,79814.0,15282.0,233084.0,52082.0,10552.0,3394.0,48689.0,6738.0,39.0,391.0,18936.0,285.0,8709.272015539822
2024-01-15T00:00:00.000000,143.0,25,118,102.0,3.0,18.0,50327.0,10099.0,262545.0,67235.0,7699.0,1191.0,39340.0,8001.0,28.0,342.0,8750.0,297.0,7390.378446683606
2024-01-16T00:00:00.000000,156.0,21,135,104.0,6.0,11.0,44288.0,8115.0,284143.0,61719.0,12887.0,2593.0,26121.0,4345.0,22.0,357.0,5087.0,335.0,8012.913119740373
2024-01-17T00:00:00.000000,152.0,24,128,115.0,5.0,11.0,46747.0,11918.0,210446.0,48914.0,14758.0,3214.0,13493.0,3478.0,22.0,284.0,3444.0,225.0,8243.15755110334
2024-01-18T00:00:00.000000,160.0,32,128,108.0,11.0,15.0,53395.0,10422.0,197808.0,40722.0,15336.0,2249.0,23347.0,4338.0,17.0,274.0,4358.0,301.0,8321.165471031958
2024-01-19T00:00:00.000000,147.0,31,116,97.0,8.0,20.0,74157.0,16386.0,193825.0,45436.0,19131.0,4473.0,52030.0,11580.0,38.0,409.0,12313.0,284.0,6664.468684456449
2024-01-20T00:00:00.000000,123.0,21,102,96.0,4.0,14.0,45542.0,8978.0,191663.0,47378.0,6957.0,1791.0,30282.0,5719.0,17.0,188.0,3104.0,205.0,5816.170759875531
2024-01-21T00:00:00.000000,144.0,27,117,107.0,11.0,14.0,49665.0,8803.0,192617.0,43081.0,24181.0,4616.0,23122.0,3758.0,27.0,354.0,5572.0,242.0,7269.527469456728
2024-01-22T00:00:00.000000,147.0,25,122,102.0,7.0,12.0,76048.0,13578.0,214495.0,48162.0,26995.0,4138.0,27861.0,5144.0,16.0,332.0,4339.0,197.0,7074.782958552708
2024-01-23T00:00:00.000000,156.0,19,137,106.0,3.0,15.0,36994.0,5425.0,246649.0,69368.0,13558.0,1573.0,22713.0,3647.0,23.0,333.0,3214.0,286.0,7023.736382058369
2024-01-24T00:00:00.000000,162.0,32,130,110.0,8.0,20.0,64948.0,10225.0,248300.0,50634.0,18910.0,2049.0,40222.0,6358.0,24.0,323.0,5117.0,268.0,9357.72725018784
2024-01-25T00:00:00.000000,171.0,30,141,116.0,6.0,22.0,52917.0,9885.0,249907.0,57481.0,10998.0,1762.0,39892.0,8070.0,32.0,369.0,4405.0,280.0,8908.050062440883
2024-01-26T00:00:00.000000,128.0,19,109,103.0,3.0,11.0,33834.0,6920.0,210114.0,48821.0,4629.0,791.0,19959.0,3992.0,22.0,289.0,4277.0,185.0,6586.16937528772
2024-01-27T00:00:00.000000,128.0,31,97,87.0,8.0,14.0,56088.0,12027.0,207169.0,50412.0,10191.0,1764.0,25768.0,4256.0,20.0,213.0,3814.0,203.0,7771.342668474352
2024-01-28T00:00:00.000000,120.0,24,96,98.0,5.0,14.0,68072.0,13413.0,167682.0,40657.0,21432.0,4917.0,28289.0,5886.0,20.0,273.0,5461.0,204.0,6329.261923913716
2024-01-29T00:00:00.000000,133.0,29,104,100.0,9.0,14.0,53149.0,8963.0,196256.0,51450.0,12973.0,2836.0,27911.0,4779.0,26.0,234.0,5939.0,197.0,6378.018377650009
2024-01-30T00:00:00.000000,148.0,30,118,94.0,8.0,20.0,57913.0,14911.0,217985.0,60973.0,16909.0,2237.0,37859.0,11861.0,27.0,255.0,4626.0,216.0,6352.129984119397
2024-01-31T00:00:00.000000,135.0,16,119,97.0,2.0,13.0,37726.0,8464.0,216044.0,46914.0,10150.0,3920.0,26075.0,4034.0,16.0,247.0,2381.0,158.0,6894.364560881899
2024-02-01T00:00:00.000000,150.0,18,132,99.0,4.0,12.0,34957.0,6805.0,238018.0,58473.0,11593.0,2520.0,22173.0,4010.0,27.0,302.0,3031.0,267.0,6873.16153459746
2024-02-02T00:00:00.000000,146.0,26,119,105.0,5.0,19.0,61892.0,17138.0,196496.0,49995.0,15126.0,4489.0,43203.0,11760.0,25.0,275.0,2821.0,226.0,7150.58122289557
2024-02-03T00:00:00.000000,153.0,28,125,104.0,6.0,13.0,71698.0,16192.0,271183.0,58610.0,17375.0,2835.0,33522.0,6027.0,16.0,289.0,5321.0,244.0,7398.33433425736
2024-02-04T00:00:00.000000,118.0,21,97,98.0,5.0,10.0,50591.0,15454.0,170100.0,39690.0,13616.0,3093.0,25861.0,11147.0,13.0,240.0,3125.0,181.0,5894.998292137927
2024-02-05T00:00:00.000000,166.0,28,138,113.0,5.0,16.0,64587.0,10029.0,265764.0,58446.0,11842.0,2719.0,41794.0,6395.0,24.0,388.0,7504.0,321.0,8642.715442198802
2024-02-06T00:00:00.000000,165.0,22,143,122.0,8.0,12.0,44268.0,5966.0,230984.0,52497.0,18395.0,2524.0,22654.0,2899.0,14.0,397.0,3534.0,301.0,8419.394942742925
2024-02-07T00:00:00.000000,174.0,34,140,115.0,9.0,23.0,81699.0,19796.0,252039.0,70643.0,31580.0,7279.0,48107.0,12160.0,32.0,394.0,6693.0,304.0,8887.996392599256
2024-02-08T00:00:00.000000,156.0,20,136,108.0,6.0,13.0,44700.0,9872.0,233493.0,63126.0,9938.0,2066.0,31922.0,7357.0,18.0,272.0,3420.0,235.0,7318.394387538453
2024-02-09T00:00:00.000000,139.0,17,122,92.0,3.0,13.0,31086.0,4901.0,228913.0,50122.0,4825.0,680.0,25598.0,4128.0,18.0,279.0,2860.0,286.0,7404.216074151444
2024-02-10T00:00:00.000000,135.0,20,115,91.0,8.0,12.0,32951.0,7089.0,255474.0,64516.0,13918.0,2486.0,19033.0,4603.0,19.0,257.0,3616.0,222.0,7175.890551200186
2024-02-11T00:00:00.000000,143.0,25,118,88.0,6.0,16.0,41597.0,11025.0,191235.0,45179.0,11658.0,2337.0,22362.0,6681.0,22.0,266.0,3056.0,211.0,7209.998976383322
2024-02-12T00:00:00.000000,161.0,29,132,110.0,5.0,21.0,50667.0,10962.0,229717.0,49712.0,6093.0,728.0,40716.0,9900.0,42.0,399.0,6535.0,282.0,8914.843810510805
2024-02-13T00:00:00.000000,164.0,38,126,118.0,10.0,24.0,68807.0,11810.0,218403.0,46389.0,17775.0,2605.0,46564.0,8541.0,37.0,333.0,6068.0,328.0,8131.019824927441
2024-02-14T00:00:00.000000,114.0,20,94,86.0,6.0,12.0,34497.0,7915.0,136330.0,31773.0,14512.0,3429.0,18469.0,4330.0,16.0,225.0,2977.0,229.0,6380.485526623293
2024-02-15T00:00:00.000000,154.0,23,131,109.0,7.0,14.0,37477.0,7356.0,247287.0,56499.0,14103.0,2968.0,21200.0,4329.0,24.0,377.0,4829.0,229.0,7806.930545859648
2024-02-16T00:00:00.000000,151.0,29,122,112.0,6.0,21.0,49040.0,12977.0,216120.0,50907.0,12021.0,3309.0,34685.0,9503.0,30.0,411.0,7567.0,202.0,7652.780389176101
2024-02-17T00:00:00.000000,119.0,24,95,82.0,9.0,12.0,40045.0,8898.0,216182.0,47789.0,18332.0,3257.0,16102.0,4185.0,22.0,328.0,6531.0,251.0,6230.506461316476
2024-02-18T00:00:00.000000,164.0,30,134,106.0,10.0,17.0,58166.0,11527.0,203135.0,47468.0,19098.0,3237.0,35216.0,7468.0,21.0,406.0,5933.0,279.0,7530.717157969092
2024-02-19T00:00:00.000000,188.0,45,143,123.0,17.0,25.0,77665.0,23414.0,277979.0,57136.0,43484.0,14402.0,29181.0,7481.0,37.0,356.0,7085.0,403.0,8749.327388723008
2024-02-20T00:00:00.000000,134.0,22,112,105.0,7.0,11.0,31708.0,5889.0,194836.0,43227.0,13297.0,2496.0,13570.0,1909.0,21.0,325.0,6497.0,224.0,6078.037591897181
2024-02-21T00:00:00.000000,205.0,40,165,89.0,9.0,24.0,75778.0,15965.0,344807.0,124838.0,19302.0,4500.0,43492.0,9080.0,45.0,387.0,9308.0,392.0,11205.046916759782
2024-02-22T00:00:00.000000,158.0,24,134,93.0,2.0,19.0,49367.0,11373.0,269308.0,71821.0,1844.0,350.0,41859.0,10055.0,22.0,285.0,3490.0,281.0,7201.858507809741
2024-02-23T00:00:00.000000,156.0,19,137,104.0,3.0,14.0,30376.0,5947.0,291195.0,71586.0,2301.0,522.0,25052.0,5186.0,16.0,324.0,2854.0,232.0,8422.273889708495
2024-02-24T00:00:00.000000,134.0,25,109,89.0,4.0,17.0,49901.0,11079.0,248118.0,75467.0,7670.0,1673.0,34388.0,5790.0,24.0,281.0,4770.0,215.0,6563.722514206448
2024-02-25T00:00:00.000000,148.0,30,118,100.0,10.0,17.0,54368.0,8981.0,182810.0,47930.0,16621.0,2460.0,33975.0,5727.0,21.0,226.0,5171.0,259.0,7433.220001289288
2024-02-26T00:00:00.000000,161.0,23,138,113.0,5.0,13.0,39910.0,6163.0,303825.0,70931.0,8468.0,1238.0,20234.0,3459.0,22.0,304.0,2776.0,233.0,8626.968634641118
2024-02-27T00:00:00.000000,145.0,18,126,111.0,10.0,6.0,40339.0,7084.0,248108.0,57599.0,24016.0,4820.0,10596.0,1875.0,8.0,251.0,2522.0,220.0,7578.325932355073
2024-02-28T00:00:00.000000,162.0,38,124,113.0,4.0,24.0,92697.0,14439.0,201977.0,53638.0,10279.0,1272.0,41382.0,9022.0,37.0,378.0,6816.0,268.0,9074.343681676397
2024-02-29T00:00:00.000000,183.0,33,150,134.0,16.0,16.0,70663.0,15121.0,279261.0,67632.0,35198.0,6716.0,33604.0,8301.0,20.0,348.0,4314.0,265.0,9091.350035358502
2024-03-01T00:00:00.000000,114.0,17,97,91.0,6.0,5.0,31466.0,4179.0,177423.0,37781.0,9259.0,968.0,9162.0,1123.0,8.0,210.0,4702.0,232.0,5521.503934312175
2024-03-02T00:00:00.000000,147.0,23,124,110.0,6.0,15.0,40677.0,6922.0,257035.0,65702.0,8240.0,878.0,30368.0,5557.0,22.0,287.0,2857.0,246.0,7272.845213356453
2024-03-03T00:00:00.000000,148.0,26,122,87.0,5.0,14.0,60322.0,12973.0,241562.0,59778.0,13675.0,2270.0,35105.0,9082.0,16.0,371.0,4091.0,164.0,8157.258510737326
2024-03-04T00:00:00.000000,147.0,34,113,100.0,11.0,18.0,61209.0,10460.0,215100.0,45565.0,27844.0,4747.0,24264.0,4548.0,28.0,278.0,5113.0,248.0,8205.40562803363
2024-03-05T00:00:00.000000,148.0,26,122,104.0,1.0,17.0,53714.0,9955.0,268610.0,68954.0,2010.0,265.0,38693.0,6703.0,26.0,224.0,3938.0,254.0,7682.818986685706
2024-03-06T00:00:00.000000,133.0,23,110,104.0,6.0,14.0,51601.0,12735.0,206609.0,50901.0,12042.0,2789.0,33184.0,7748.0,18.0,236.0,2623.0,215.0,7331.868162844403
2024-03-07T00:00:00.000000,112.0,20,92,82.0,8.0,10.0,39266.0,6522.0,171108.0,36652.0,13986.0,2490.0,23270.0,3758.0,11.0,210.0,2297.0,200.0,6202.295982395975
2024-03-08T00:00:00.000000,133.0,28,105,99.0,7.0,20.0,54650.0,10376.0,196511.0,42758.0,14419.0,2527.0,37362.0,7528.0,37.0,261.0,5193.0,220.0,7731.050866234742
2024-03-09T00:00:00.000000,97.0,21,76,80.0,3.0,12.0,37398.0,7033.0,119469.0,25222.0,4403.0,401.0,22240.0,4410.0,14.0,150.0,3110.0,132.0,5611.181006437152
2024-03-10T00:00:00.000000,135.0,30,105,90.0,6.0,20.0,65167.0,12873.0,196555.0,41940.0,15126.0,1789.0,40012.0,8804.0,27.0,341.0,7528.0,253.0,7493.072852628434
2024-03-11T00:00:00.000000,137.0,34,103,107.0,13.0,18.0,67771.0,14019.0,151759.0,36217.0,29432.0,5205.0,35047.0,8096.0,24.0,247.0,3950.0,286.0,8048.056410471829
2024-03-12T00:00:00.000000,148.0,33,115,106.0,8.0,17.0,76297.0,18611.0,203037.0,53461.0,18315.0,2954.0,45967.0,12777.0,30.0,279.0,4264.0,300.0,7826.603353057754
2024-03-13T00:00:00.000000,169.0,40,129,123.0,9.0,25.0,80189.0,15472.0,270578.0,69056.0,14253.0,3651.0,56327.0,10153.0,31.0,295.0,6784.0,322.0,8423.056093321251
2024-03-14T00:00:00.000000,150.0,24,126,98.0,7.0,14.0,49359.0,12271.0,243919.0,53414.0,17462.0,4529.0,25017.0,6884.0,18.0,262.0,2433.0,232.0,8065.63549661689
2024-03-15T00:00:00.000000,130.0,26,104,86.0,8.0,15.0,46451.0,10263.0,200999.0,55067.0,19417.0,4367.0,22780.0,5079.0,18.0,199.0,2694.0,222.0,6025.980680299315
2024-03-16T00:00:00.000000,121.0,27,94,82.0,6.0,17.0,40772.0,8636.0,168995.0,45968.0,11734.0,1961.0,22085.0,4767.0,29.0,265.0,5995.0,183.0,4904.01218198952
2024-03-17T00:00:00.000000,173.0,30,143,104.0,5.0,23.0,47872.0,9131.0,263569.0,63324.0,14976.0,3512.0,29683.0,5186.0,36.0,280.0,3961.0,262.0,8220.628931615302
2024-03-18T00:00:00.000000,152.0,27,125,111.0,7.0,15.0,61525.0,10611.0,240471.0,58163.0,12713.0,1861.0,36405.0,5961.0,29.0,331.0,4208.0,217.0,7640.327857423885
2024-03-19T00:00:00.000000,158.0,29,129,117.0,11.0,13.0,57277.0,11466.0,236166.0,56931.0,26436.0,5638.0,23131.0,4086.0,17.0,294.0,4384.0,291.0,8854.727117460045
2024-03-20T00:00:00.000000,150.0,22,128,110.0,10.0,8.0,67625.0,13116.0,227617.0,53253.0,18773.0,2936.0,41625.0,9126.0,13.0,287.0,2936.0,223.0,8393.074106060916
2024-03-21T00:00:00.000000,172.0,26,146,121.0,6.0,18.0,44640.0,9088.0,275394.0,76778.0,16651.0,3629.0,26059.0,5255.0,39.0,351.0,5607.0,240.0,8902.525730279138
2024-03-22T00:00:00.000000,124.0,14,110,89.0,6.0,7.0,29711.0,6424.0,207461.0,49332.0,12519.0,3487.0,15770.0,2409.0,9.0,243.0,1603.0,124.0,5580.110182660304
2024-03-23T00:00:00.000000,124.0,19,105,87.0,6.0,12.0,40588.0,8780.0,256860.0,84006.0,20122.0,4713.0,18131.0,3658.0,14.0,264.0,2096.0,198.0,6299.506582295348
2024-03-24T00:00:00.000000,153.0,33,120,108.0,13.0,15.0,63502.0,13360.0,202690.0,64356.0,26453.0,3981.0,32104.0,8199.0,23.0,361.0,5601.0,264.0,8098.996338737569
2024-03-25T00:00:00.000000,192.0,34,158,119.0,10.0,15.0,73085.0,15474.0,295235.0,86421.0,24478.0,5152.0,27303.0,6541.0,24.0,355.0,4776.0,298.0,10412.01078550814
2024-03-26T00:00:00.000000,166.0,37,129,119.0,10.0,21.0,76360.0,14449.0,244681.0,62825.0,19529.0,2430.0,43531.0,9879.0,29.0,360.0,7054.0,345.0,8897.603371031833
2024-03-27T00:00:00.000000,145.0,31,114,98.0,7.0,16.0,79275.0,15162.0,229095.0,55565.0,21568.0,4644.0,37379.0,8084.0,27.0,278.0,4195.0,234.0,7362.143711337091
2024-03-28T00:00:00.000000,130.0,19,111,96.0,4.0,10.0,31176.0,7743.0,284268.0,63959.0,5672.0,921.0,20930.0,5877.0,14.0,295.0,3973.0,203.0,5940.52040379624
2024-03-29T00:00:00.000000,125.0,23,102,94.0,5.0,10.0,48078.0,8936.0,199144.0,47759.0,14451.0,1937.0,15688.0,4366.0,12.0,235.0,3399.0,218.0,5771.27194929866
2024-03-30T00:00:00.000000,182.0,36,146,109.0,5.0,22.0,69854.0,15247.0,250717.0,63249.0,14048.0,3746.0,34266.0,7282.0,35.0,356.0,9111.0,346.0,9119.486920878597
2024-03-31T00:00:00.000000,145.0,31,114,95.0,3.0,17.0,65644.0,13340.0,184733.0,49258.0,6764.0,1448.0,41463.0,8310.0,26.0,211.0,3815.0,259.0,6813.992549906349
2024-04-01T00:00:00.000000,125.0,21,104,88.0,5.0,9.0,35272.0,7564.0,235513.0,64469.0,7793.0,2076.0,15685.0,3362.0,11.0,251.0,2304.0,149.0,7378.8121074392575
2024-04-02T00:00:00.000000,153.0,27,126,100.0,9.0,14.0,46212.0,8391.0,247769.0,60539.0,14790.0,2311.0,25796.0,5082.0,20.0,290.0,3409.0,177.0,7817.652172716472
2024-04-03T00:00:00.000000,155.0,32,123,114.0,11.0,16.0,75067.0,16196.0,219846.0,53425.0,23130.0,4296.0,39717.0,9964.0,18.0,372.0,4774.0,296.0,7795.912064192952
2024-04-04T00:00:00.000000,174.0,27,147,114.0,8.0,12.0,49658.0,9547.0,241056.0,60235.0,17609.0,3144.0,20054.0,3955.0,17.0,316.0,7581.0,315.0,8448.447672081413
2024-04-05T00:00:00.000000,129.0,25,104,87.0,10.0,11.0,62081.0,13269.0,199801.0,49845.0,25836.0,4050.0,22486.0,5173.0,13.0,233.0,2413.0,216.0,6592.020115000594
2024-04-06T00:00:00.000000,138.0,20,118,94.0,6.0,8.0,40901.0,9357.0,211443.0,49326.0,10462.0,2110.0,14100.0,2383.0,14.0,298.0,3598.0,245.0,7065.602434582817
2024-04-07T00:00:00.000000,127.0,18,109,92.0,5.0,5.0,36240.0,7101.0,178264.0,38807.0,9439.0,2010.0,10611.0,1566.0,6.0,244.0,2639.0,171.0,6899.0351080567025
2024-04-08T00:00:00.000000,134.0,25,109,95.0,8.0,6.0,54910.0,10369.0,186995.0,44998.0,22411.0,3820.0,9848.0,1802.0,7.0,255.0,4613.0,231.0,6709.915203927984
2024-04-09T00:00:00.000000,163.0,34,129,114.0,13.0,17.0,76228.0,17557.0,221311.0,53437.0,31010.0,6623.0,32306.0,7649.0,26.0,330.0,4394.0,270.0,9085.413339945773
2024-04-10T00:00:00.000000,169.0,33,136,110.0,10.0,15.0,68858.0,16113.0,251568.0,67229.0,18456.0,4085.0,30436.0,7033.0,17.0,297.0,4318.0,205.0,9013.82409692336
2024-04-11T00:00:00.000000,201.0,38,163,128.0,13.0,17.0,99005.0,24369.0,329231.0,78957.0,52213.0,11751.0,33994.0,9921.0,34.0,364.0,4950.0,278.0,9521.26884579051
2024-04-12T00:00:00.000000,151.0,30,121,96.0,6.0,17.0,62694.0,11659.0,236512.0,56512.0,18726.0,3540.0,28688.0,4928.0,24.0,367.0,5089.0,256.0,9144.401611812886
2024-04-13T00:00:00.000000,151.0,25,126,92.0,11.0,10.0,44158.0,7773.0,205026.0,47601.0,18302.0,3654.0,18682.0,3878.0,12.0,247.0,2881.0,207.0,7712.908737350453
2024-04-14T00:00:00.000000,130.0,20,110,91.0,4.0,10.0,44313.0,9779.0,188617.0,47944.0,12881.0,2648.0,21978.0,5873.0,25.0,300.0,4332.0,204.0,6253.164028439781
2024-04-15T00:00:00.000000,162.0,28,134,115.0,5.0,17.0,53012.0,9795.0,228654.0,65990.0,12382.0,2839.0,34415.0,6544.0,23.0,276.0,3714.0,234.0,7876.740085640242
2024-04-16T00:00:00.000000,150.0,26,124,118.0,8.0,12.0,49041.0,10721.0,186419.0,46416.0,17061.0,3520.0,24017.0,6203.0,18.0,239.0,3236.0,213.0,7958.060847529715
2024-04-17T00:00:00.000000,158.0,31,127,113.0,8.0,19.0,62727.0,14959.0,200823.0,47661.0,22516.0,5660.0,37021.0,9000.0,31.0,294.0,4341.0,198.0,7940.035514231469
2024-04-18T00:00:00.000000,175.0,37,138,117.0,9.0,21.0,86537.0,18880.0,243700.0,63866.0,28390.0,7470.0,37494.0,6547.0,36.0,353.0,6552.0,284.0,8139.0537775970715
2024-04-19T00:00:00.000000,171.0,33,138,112.0,14.0,17.0,68418.0,15945.0,243744.0,59729.0,38213.0,7523.0,27289.0,7349.0,21.0,334.0,3446.0,315.0,9053.914765507467
2024-04-20T00:00:00.000000,119.0,21,98,81.0,5.0,11.0,43631.0,11061.0,174214.0,39827.0,18835.0,7145.0,17199.0,2454.0,13.0,235.0,3440.0,163.0,5766.219356110884
2024-04-21T00:00:00.000000,152.0,34,118,92.0,12.0,20.0,63548.0,16323.0,199342.0,54024.0,18392.0,3695.0,39022.0,11296.0,31.0,316.0,4457.0,199.0,8333.846956265987
2024-04-22T00:00:00.000000,164.0,27,137,112.0,9.0,14.0,56142.0,8607.0,241584.0,48983.0,17442.0,3471.0,27133.0,3274.0,19.0,270.0,3736.0,286.0,8915.755748772663
2024-04-23T00:00:00.000000,151.0,24,127,116.0,7.0,10.0,55483.0,12395.0,252486.0,61916.0,15243.0,2876.0,22464.0,5281.0,14.0,271.0,3724.0,273.0,6327.814537351478
2024-04-24T00:00:00.000000,180.0,37,143,114.0,10.0,19.0,72173.0,15969.0,248545.0,59895.0,21951.0,6634.0,38473.0,7036.0,32.0,404.0,8296.0,342.0,8951.073396325051
2024-04-25T00:00:00.000000,142.0,23,119,103.0,5.0,14.0,40642.0,8844.0,212516.0,59690.0,4843.0,704.0,24276.0,6331.0,24.0,285.0,3696.0,272.0,7131.85425933139
2024-04-26T00:00:00.000000,182.0,36,146,121.0,10.0,18.0,62338.0,14865.0,279954.0,69389.0,18327.0,4494.0,19945.0,2710.0,34.0,351.0,5771.0,331.0,9318.184892571297
2024-04-27T00:00:00.000000,139.0,26,113,85.0,8.0,14.0,58254.0,16781.0,190028.0,49962.0,20171.0,6075.0,27268.0,8938.0,32.0,270.0,5214.0,215.0,6945.4786765059025
2024-04-28T00:00:00.000000,150.0,17,133,99.0,2.0,15.0,33741.0,5960.0,235243.0,56660.0,4668.0,551.0,29073.0,5409.0,19.0,281.0,1923.0,228.0,7311.1963402003
2024-04-29T00:00:00.000000,145.0,31,114,109.0,12.0,17.0,59783.0,13204.0,198903.0,40191.0,23536.0,5808.0,32911.0,6949.0,21.0,288.0,3387.0,245.0,6796.759563392028
2024-04-30T00:00:00.000000,158.0,28,130,106.0,4.0,16.0,72194.0,12588.0,204869.0,52437.0,5815.0,1117.0,37694.0,6928.0,26.0,543.0,15484.0,242.0,7671.410366165578
2024-05-01T00:00:00.000000,209.0,48,161,133.0,12.0,31.0,110011.0,25296.0,295686.0,69978.0,38833.0,7874.0,58752.0,15037.0,45.0,350.0,6462.0,383.0,10045.131377795442
2024-05-02T00:00:00.000000,144.0,20,124,103.0,6.0,11.0,70164.0,13774.0,260093.0,70703.0,19272.0,3305.0,41915.0,9199.0,13.0,269.0,2628.0,268.0,7599.1029755648
2024-05-03T00:00:00.000000,148.0,24,124,106.0,7.0,12.0,43739.0,8997.0,221959.0,52280.0,15850.0,2701.0,20581.0,4891.0,14.0,219.0,2668.0,201.0,7974.197902124931
2024-05-04T00:00:00.000000,138.0,27,111,94.0,9.0,18.0,65267.0,12662.0,188998.0,44538.0,26790.0,6263.0,38477.0,6399.0,21.0,225.0,3218.0,273.0,7164.6600081879715
2024-05-05T00:00:00.000000,143.0,29,114,99.0,6.0,16.0,54630.0,11175.0,213238.0,54499.0,15347.0,3455.0,22847.0,5436.0,23.0,247.0,6722.0,188.0,7009.434529633389
2024-05-06T00:00:00.000000,176.0,34,142,123.0,12.0,16.0,65518.0,14527.0,240033.0,60409.0,22454.0,6212.0,23917.0,5765.0,30.0,327.0,4550.0,418.0,7777.720320348736
2024-05-07T00:00:00.000000,162.0,31,131,121.0,13.0,14.0,59353.0,12747.0,209802.0,47573.0,19377.0,2699.0,35029.0,9391.0,22.0,305.0,4119.0,282.0,7719.438494520791
2024-05-08T00:00:00.000000,178.0,37,141,119.0,9.0,24.0,80614.0,18345.0,194319.0,49954.0,20246.0,2414.0,50004.0,13040.0,32.0,240.0,4134.0,256.0,8175.875958000421
2024-05-09T00:00:00.000000,167.0,29,138,114.0,7.0,16.0,57922.0,11540.0,250785.0,61418.0,10735.0,2135.0,30591.0,4854.0,21.0,316.0,4740.0,274.0,8641.264203561628
2024-05-10T00:00:00.000000,152.0,31,121,111.0,9.0,19.0,65165.0,8290.0,262233.0,58183.0,25290.0,3556.0,32088.0,3913.0,23.0,336.0,5613.0,300.0,6540.044767084912
2024-05-11T00:00:00.000000,141.0,27,114,90.0,9.0,14.0,56133.0,11656.0,211479.0,57318.0,16351.0,2984.0,33854.0,7275.0,16.0,294.0,2998.0,187.0,7667.342820607652
2024-05-12T00:00:00.000000,160.0,36,124,92.0,10.0,24.0,53054.0,11439.0,230583.0,55680.0,18370.0,2627.0,31466.0,8782.0,44.0,292.0,5225.0,318.0,7823.571930307312
2024-05-13T00:00:00.000000,168.0,33,135,119.0,8.0,20.0,68955.0,14760.0,237438.0,52874.0,9635.0,1550.0,45248.0,7395.0,35.0,356.0,6502.0,368.0,8991.65062496917
2024-05-14T00:00:00.000000,145.0,27,118,104.0,12.0,11.0,67208.0,16099.0,193777.0,45371.0,28408.0,5837.0,35178.0,10037.0,14.0,275.0,3075.0,254.0,8020.36046421943
2024-05-15T00:00:00.000000,158.0,30,128,115.0,11.0,13.0,65028.0,13034.0,222479.0,48828.0,22426.0,4899.0,27314.0,5250.0,26.0,367.0,7502.0,232.0,9138.894611058782
2024-05-16T00:00:00.000000,147.0,19,128,113.0,3.0,12.0,44897.0,5652.0,208299.0,50713.0,4731.0,605.0,21674.0,2780.0,14.0,283.0,2518.0,344.0,7270.052938662186
2024-05-17T00:00:00.000000,151.0,33,118,106.0,8.0,22.0,73093.0,17331.0,194336.0,48941.0,22907.0,4747.0,46470.0,11921.0,33.0,303.0,5315.0,290.0,6919.985090097101
2024-05-18T00:00:00.000000,127.0,29,98,98.0,7.0,18.0,70868.0,10920.0,148357.0,36689.0,11999.0,2486.0,49451.0,6263.0,30.0,297.0,6104.0,233.0,6455.585124472899
2024-05-19T00:00:00.000000,138.0,30,108,96.0,7.0,13.0,62770.0,15172.0,203446.0,47438.0,10498.0,2068.0,29705.0,5997.0,21.0,236.0,3775.0,277.0,6200.428237062459
2024-05-20T00:00:00.000000,181.0,29,152,120.0,8.0,15.0,64208.0,14399.0,278760.0,71402.0,19858.0,3611.0,32764.0,7759.0,26.0,346.0,5181.0,275.0,9110.690329090583
2024-05-21T00:00:00.000000,177.0,38,139,112.0,12.0,16.0,76422.0,14318.0,227533.0,56138.0,23495.0,4654.0,29875.0,6366.0,28.0,356.0,4923.0,293.0,8416.10259466988
2024-05-22T00:00:00.000000,138.0,25,113,102.0,10.0,11.0,53969.0,11004.0,228938.0,50521.0,28246.0,5836.0,20103.0,4393.0,13.0,282.0,2735.0,267.0,7481.76217083151
2024-05-23T00:00:00.000000,146.0,22,124,111.0,7.0,12.0,34541.0,5846.0,219621.0,54363.0,10086.0,2001.0,19937.0,3221.0,18.0,264.0,2215.0,286.0,7418.066619450356
2024-05-24T00:00:00.000000,146.0,25,121,103.0,9.0,12.0,48218.0,9337.0,218709.0,49988.0,17298.0,3084.0,24575.0,5366.0,22.0,293.0,3742.0,198.0,7427.044639364358
2024-05-25T00:00:00.000000,113.0,23,90,83.0,5.0,14.0,47768.0,6657.0,182617.0,49720.0,10376.0,1161.0,23104.0,3143.0,22.0,238.0,3708.0,208.0,5868.267465273888
2024-05-26T00:00:00.000000,108.0,27,81,90.0,13.0,11.0,80980.0,15876.0,169112.0,35614.0,35160.0,6475.0,30146.0,7846.0,12.0,187.0,3332.0,274.0,5973.487964472199
2024-05-27T00:00:00.000000,137.0,33,104,96.0,7.0,16.0,82532.0,20273.0,257582.0,62379.0,15339.0,2800.0,32864.0,8950.0,28.0,324.0,4842.0,223.0,7516.721092134639
2024-05-28T00:00:00.000000,141.0,26,115,108.0,13.0,12.0,43862.0,10189.0,203678.0,51992.0,19732.0,4226.0,23411.0,5807.0,14.0,294.0,2666.0,248.0,6216.780078353944
2024-05-29T00:00:00.000000,125.0,27,98,84.0,7.0,16.0,53025.0,10808.0,199467.0,50057.0,10674.0,1932.0,36019.0,7660.0,27.0,373.0,6426.0,219.0,6298.35446106955
2024-05-30T00:00:00.000000,148.0,28,120,107.0,7.0,14.0,52238.0,8358.0,221667.0,52469.0,15458.0,2590.0,19251.0,3748.0,20.0,288.0,3515.0,263.0,7524.098534829067
2024-05-31T00:00:00.000000,129.0,19,110,90.0,2.0,12.0,32063.0,8679.0,224143.0,69945.0,2662.0,624.0,21105.0,6318.0,27.0,314.0,3555.0,186.0,6669.6457750269055
2024-06-01T00:00:00.000000,142.0,22,120,91.0,3.0,15.0,39115.0,6308.0,238040.0,75706.0,4160.0,396.0,21902.0,3239.0,24.0,265.0,2850.0,167.0,6432.21208400767
2024-06-02T00:00:00.000000,107.0,10,97,77.0,6.0,4.0,14787.0,1971.0,169652.0,41785.0,9582.0,871.0,5205.0,1100.0,4.0,253.0,1043.0,168.0,5838.458808064839
2024-06-03T00:00:00.000000,147.0,28,119,101.0,2.0,22.0,47798.0,10354.0,243924.0,55772.0,4355.0,927.0,35378.0,8415.0,35.0,319.0,5164.0,262.0,7701.5100765980515
2024-06-04T00:00:00.000000,141.0,17,124,97.0,5.0,10.0,50311.0,8756.0,236089.0,59544.0,25402.0,4941.0,22488.0,3587.0,13.0,260.0,2498.0,202.0,6967.101361905198
2024-06-05T00:00:00.000000,128.0,20,108,99.0,9.0,6.0,41014.0,8663.0,157210.0,38621.0,16266.0,2569.0,13182.0,2927.0,7.0,249.0,1574.0,215.0,5191.934668128933
2024-06-06T00:00:00.000000,129.0,24,105,105.0,8.0,12.0,52534.0,13331.0,247535.0,62205.0,19154.0,4976.0,25324.0,6699.0,22.0,241.0,2936.0,231.0,6701.80688623327
2024-06-07T00:00:00.000000,99.0,14,85,77.0,3.0,8.0,25777.0,4702.0,168849.0,41022.0,6388.0,1387.0,12940.0,2453.0,10.0,194.0,1536.0,182.0,5119.101574047836
2024-06-08T00:00:00.000000,117.0,23,94,90.0,12.0,6.0,39687.0,7967.0,152066.0,37205.0,17185.0,3443.0,12514.0,2446.0,10.0,214.0,3222.0,221.0,5981.3085325392585
2024-06-09T00:00:00.000000,128.0,33,95,83.0,13.0,17.0,64464.0,12823.0,178660.0,42841.0,29803.0,6801.0,30010.0,5225.0,32.0,268.0,4755.0,210.0,6737.685893435494
2024-06-10T00:00:00.000000,128.0,19,109,95.0,9.0,8.0,34723.0,4837.0,190777.0,45252.0,17170.0,1947.0,14232.0,2727.0,9.0,264.0,2131.0,157.0,6822.053878995997
2024-06-11T00:00:00.000000,147.0,21,126,98.0,3.0,14.0,75395.0,13772.0,239868.0,59962.0,8635.0,3045.0,47935.0,9199.0,20.0,307.0,4275.0,242.0,7644.491465304723
2024-06-12T00:00:00.000000,141.0,20,121,102.0,5.0,14.0,50958.0,10536.0,245102.0,70463.0,20497.0,5199.0,28133.0,4990.0,29.0,298.0,3552.0,245.0,7144.681147139474
2024-06-13T00:00:00.000000,150.0,23,127,106.0,10.0,10.0,50573.0,9105.0,219419.0,52699.0,23759.0,5363.0,20239.0,2674.0,14.0,287.0,2997.0,224.0,7130.581244525357
2024-06-14T00:00:00.000000,139.0,23,116,103.0,5.0,13.0,43989.0,9608.0,228129.0,53971.0,13343.0,3013.0,22872.0,5396.0,17.0,246.0,2581.0,269.0,6602.845395824973
2024-06-15T00:00:00.000000,113.0,23,90,78.0,6.0,11.0,63665.0,15824.0,185572.0,41363.0,17909.0,4417.0,23950.0,7143.0,18.0,242.0,3091.0,170.0,6156.905796717115
2024-06-16T00:00:00.000000,149.0,32,117,96.0,4.0,21.0,86055.0,11988.0,184616.0,42644.0,10858.0,1768.0,50790.0,7439.0,28.0,231.0,6513.0,288.0,8059.164627290849
2024-06-17T00:00:00.000000,124.0,22,102,87.0,1.0,14.0,54830.0,11007.0,170638.0,40369.0,2599.0,646.0,30172.0,5841.0,23.0,261.0,3442.0,205.0,6708.3741633545615
2024-06-18T00:00:00.000000,143.0,19,124,99.0,3.0,8.0,34797.0,8322.0,218818.0,51075.0,3324.0,962.0,10774.0,2010.0,13.0,256.0,2597.0,180.0,8053.9294963815455
2024-06-19T00:00:00.000000,144.0,20,124,106.0,4.0,11.0,32899.0,7407.0,229893.0,49438.0,11095.0,3262.0,16238.0,3352.0,17.0,240.0,2763.0,239.0,8677.555260849485
2024-06-20T00:00:00.000000,124.0,24,100,84.0,7.0,13.0,59439.0,12753.0,180094.0,38367.0,24271.0,4951.0,27119.0,5969.0,22.0,202.0,7198.0,212.0,5740.146764595075
2024-06-21T00:00:00.000000,130.0,22,108,88.0,4.0,12.0,38629.0,7640.0,226106.0,46997.0,8318.0,1890.0,23970.0,4988.0,17.0,471.0,3660.0,207.0,6364.965794769033
2024-06-22T00:00:00.000000,126.0,29,97,77.0,5.0,15.0,51435.0,9401.0,230756.0,47271.0,7356.0,2169.0,30444.0,3341.0,23.0,250.0,3534.0,218.0,6082.338010261291
2024-06-23T00:00:00.000000,108.0,26,82,86.0,7.0,13.0,36565.0,7610.0,184015.0,34518.0,10721.0,1951.0,16260.0,3878.0,19.0,201.0,3634.0,195.0,5213.276672071154
2024-06-24T00:00:00.000000,135.0,19,116,88.0,6.0,10.0,36986.0,8595.0,233625.0,56388.0,14255.0,4754.0,15937.0,2417.0,13.0,324.0,2443.0,223.0,6153.454376198535
2024-06-25T00:00:00.000000,103.0,18,85,79.0,4.0,10.0,36913.0,11232.0,182434.0,34857.0,14189.0,5405.0,15991.0,4005.0,15.0,240.0,3514.0,144.0,5513.34675014253
2024-06-26T00:00:00.000000,133.0,21,112,97.0,6.0,12.0,53066.0,9898.0,179297.0,37610.0,15116.0,3325.0,25586.0,4594.0,20.0,299.0,2385.0,206.0,7241.273389581737
2024-06-27T00:00:00.000000,125.0,15,110,85.0,4.0,8.0,33701.0,5845.0,193576.0,43261.0,8573.0,1946.0,17769.0,2630.0,13.0,261.0,2236.0,224.0,6921.683102158648
2024-06-28T00:00:00.000000,117.0,19,98,85.0,1.0,11.0,39876.0,8265.0,206641.0,53178.0,11047.0,2840.0,17442.0,3043.0,17.0,297.0,2926.0,191.0,5707.783874942307
2024-06-29T00:00:00.000000,135.0,30,105,92.0,9.0,13.0,79437.0,9682.0,305883.0,77817.0,33648.0,4894.0,23454.0,3203.0,17.0,318.0,3753.0,268.0,6804.697850060661
2024-06-30T00:00:00.000000,97.0,18,79,67.0,7.0,8.0,35870.0,5133.0,124842.0,30925.0,10986.0,1454.0,17833.0,2170.0,14.0,330.0,10793.0,154.0,5292.319747319137
2024-07-01T00:00:00.000000,131.0,20,111,86.0,5.0,8.0,43702.0,7623.0,192124.0,55269.0,11679.0,1912.0,15140.0,2523.0,10.0,314.0,2341.0,220.0,6568.082000101838
2024-07-02T00:00:00.000000,117.0,18,99,85.0,4.0,11.0,33950.0,5481.0,193053.0,46807.0,11798.0,2807.0,18116.0,2087.0,19.0,202.0,2354.0,210.0,5912.566941562318
2024-07-03T00:00:00.000000,115.0,21,94,74.0,5.0,12.0,75184.0,25137.0,198004.0,46205.0,17896.0,5025.0,26574.0,8216.0,17.0,248.0,2324.0,166.0,5784.526706925844
2024-07-04T00:00:00.000000,135.0,30,105,86.0,6.0,16.0,61173.0,10780.0,276434.0,74474.0,9573.0,1469.0,30864.0,5440.0,27.0,333.0,5007.0,219.0,7125.442060109415
2024-07-05T00:00:00.000000,100.0,18,82,77.0,9.0,8.0,56855.0,11380.0,147521.0,33414.0,30031.0,5482.0,20357.0,3661.0,16.0,322.0,3195.0,183.0,5155.938698951383
2024-07-06T00:00:00.000000,117.0,24,93,78.0,3.0,13.0,89856.0,14545.0,172675.0,38408.0,9200.0,1112.0,34660.0,6357.0,27.0,272.0,3893.0,220.0,6356.158242108472
2024-07-07T00:00:00.000000,129.0,24,105,86.0,2.0,16.0,53859.0,10750.0,178552.0,35534.0,5255.0,1036.0,32089.0,6143.0,27.0,330.0,4010.0,218.0,5721.423007571644
2024-07-08T00:00:00.000000,154.0,23,131,103.0,8.0,10.0,35619.0,5955.0,250888.0,53898.0,11570.0,1748.0,17908.0,3345.0,23.0,295.0,2348.0,243.0,7259.640868185104
2024-07-09T00:00:00.000000,125.0,26,99,81.0,7.0,11.0,73393.0,13466.0,201976.0,48477.0,12622.0,2294.0,26285.0,4866.0,15.0,294.0,4076.0,195.0,7320.937823607733
2024-07-10T00:00:00.000000,114.0,14,100,79.0,3.0,8.0,26589.0,4546.0,184519.0,49507.0,6856.0,654.0,10815.0,2776.0,16.0,247.0,7081.0,159.0,5374.360990921434
2024-07-11T00:00:00.000000,114.0,18,96,81.0,6.0,10.0,33528.0,8627.0,185098.0,45431.0,11211.0,2243.0,19427.0,5660.0,17.0,232.0,2588.0,164.0,5645.936929129123
2024-07-12T00:00:00.000000,130.0,20,109,89.0,5.0,10.0,53987.0,12173.0,174589.0,48478.0,16247.0,3215.0,29388.0,7082.0,13.0,225.0,2357.0,201.0,6992.349404393276
2024-07-13T00:00:00.000000,80.0,10,70,64.0,2.0,4.0,19846.0,3439.0,182925.0,34282.0,8059.0,1483.0,5272.0,1149.0,5.0,217.0,1271.0,165.0,4152.259630871795
2024-07-14T00:00:00.000000,87.0,19,68,75.0,5.0,7.0,39890.0,7339.0,116620.0,29582.0,11837.0,2652.0,17792.0,2727.0,9.0,163.0,2297.0,145.0,3992.8385242356867
2024-07-15T00:00:00.000000,104.0,21,83,77.0,8.0,12.0,33221.0,6470.0,158852.0,41503.0,12544.0,2037.0,18708.0,3769.0,17.0,190.0,2213.0,199.0,5046.071114887933
2024-07-16T00:00:00.000000,105.0,23,82,81.0,9.0,12.0,50948.0,9970.0,138717.0,30654.0,24712.0,4614.0,20200.0,4771.0,20.0,257.0,3039.0,183.0,5348.453105998872
2024-07-17T00:00:00.000000,131.0,29,102,91.0,6.0,21.0,65300.0,16201.0,210832.0,52913.0,10039.0,1578.0,48429.0,13253.0,37.0,287.0,4741.0,225.0,7074.693707387717
2024-07-18T00:00:00.000000,114.0,22,92,80.0,5.0,12.0,38187.0,9537.0,199722.0,46740.0,12033.0,3320.0,17823.0,4070.0,18.0,239.0,2382.0,249.0,5319.0210526433675
2024-07-19T00:00:00.000000,103.0,22,81,78.0,3.0,16.0,45321.0,9230.0,148708.0,35241.0,7904.0,1677.0,32177.0,6450.0,26.0,236.0,3839.0,223.0,5042.2921790334285
2024-07-20T00:00:00.000000,100.0,20,80,80.0,5.0,12.0,53355.0,15708.0,130484.0,27512.0,13653.0,1044.0,22083.0,5905.0,21.0,274.0,4326.0,212.0,4426.089807617837
2024-07-21T00:00:00.000000,105.0,16,89,60.0,1.0,12.0,33776.0,6099.0,199870.0,37274.0,5105.0,509.0,25646.0,4775.0,14.0,266.0,2992.0,161.0,5190.564169745615
2024-07-22T00:00:00.000000,111.0,16,95,76.0,4.0,5.0,32182.0,11807.0,203895.0,42457.0,5761.0,954.0,8076.0,1625.0,5.0,253.0,2116.0,187.0,5061.892689046952
2024-07-23T00:00:00.000000,113.0,25,88,79.0,6.0,14.0,57288.0,13964.0,203775.0,51198.0,28043.0,7325.0,21691.0,5106.0,22.0,322.0,6998.0,227.0,3642.2423105602456
2024-07-24T00:00:00.000000,114.0,21,93,90.0,5.0,15.0,36978.0,5328.0,212636.0,45185.0,10644.0,1708.0,24726.0,3349.0,20.0,271.0,3005.0,192.0,4905.674798897011
2024-07-25T00:00:00.000000,109.0,12,97,80.0,6.0,5.0,24882.0,5449.0,195877.0,42204.0,14614.0,2907.0,7335.0,2117.0,8.0,255.0,1687.0,156.0,5610.741854392889
2024-07-26T00:00:00.000000,115.0,17,98,82.0,2.0,9.0,35420.0,9861.0,228546.0,57532.0,5206.0,2855.0,18109.0,4588.0,13.0,290.0,5566.0,211.0,5460.524462217448
2024-07-27T00:00:00.000000,114.0,17,97,78.0,2.0,12.0,44131.0,8263.0,231635.0,48612.0,4883.0,760.0,33929.0,6005.0,26.0,350.0,10328.0,245.0,5787.5134754152405
2024-07-28T00:00:00.000000,119.0,22,97,83.0,4.0,10.0,76436.0,12402.0,225112.0,46770.0,16831.0,2430.0,26776.0,4444.0,17.0,356.0,4048.0,238.0,4800.641633281464
2024-07-29T00:00:00.000000,117.0,23,94,85.0,6.0,15.0,54962.0,9617.0,198452.0,46652.0,17530.0,3092.0,33488.0,5873.0,19.0,382.0,5551.0,197.0,6075.47848686644
2024-07-30T00:00:00.000000,104.0,13,91,75.0,3.0,7.0,38908.0,8082.0,177802.0,37045.0,13568.0,4143.0,13904.0,1785.0,10.0,233.0,2068.0,142.0,4341.673066380494
2024-07-31T00:00:00.000000,126.0,18,108,86.0,5.0,12.0,39643.0,6594.0,226173.0,49852.0,11556.0,2447.0,22321.0,2768.0,15.0,291.0,2215.0,205.0,6268.633465094533
2024-08-01T00:00:00.000000,117.0,16,101,87.0,7.0,4.0,43499.0,9018.0,212084.0,61566.0,23382.0,5275.0,8198.0,1544.0,4.0,183.0,1705.0,217.0,4989.365204758656
2024-08-02T00:00:00.000000,110.0,20,90,72.0,5.0,12.0,38298.0,6553.0,207033.0,46405.0,10334.0,1774.0,20473.0,3326.0,19.0,277.0,3283.0,154.0,5442.492509692303
2024-08-03T00:00:00.000000,87.0,17,70,69.0,5.0,11.0,40734.0,7803.0,156607.0,35479.0,10306.0,2362.0,30023.0,5314.0,14.0,204.0,1951.0,123.0,4256.953035762686
2024-08-04T00:00:00.000000,102.0,18,84,75.0,6.0,7.0,49161.0,11604.0,168036.0,33773.0,27005.0,5523.0,11422.0,2687.0,10.0,192.0,2533.0,141.0,4983.064304547543
2024-08-05T00:00:00.000000,84.0,16,68,70.0,4.0,9.0,33602.0,6951.0,132815.0,34166.0,8491.0,1717.0,16099.0,3858.0,16.0,220.0,2706.0,154.0,3918.8492415841547
2024-08-06T00:00:00.000000,124.0,31,93,91.0,10.0,17.0,79793.0,16412.0,169905.0,36204.0,29387.0,7600.0,43185.0,7619.0,26.0,308.0,4621.0,185.0,5924.124554650416
2024-08-07T00:00:00.000000,104.0,19,84,80.0,2.0,11.0,39783.0,8253.0,172016.0,37325.0,4492.0,1539.0,22894.0,3598.0,14.0,235.0,3338.0,215.0,5034.074482661153
2024-08-08T00:00:00.000000,106.0,19,86,72.0,6.0,6.0,29999.0,7888.0,150157.0,37098.0,12261.0,3966.0,7666.0,2238.0,7.0,185.0,1933.0,216.0,5495.49527422019
2024-08-09T00:00:00.000000,121.0,26,95,96.0,9.0,16.0,46812.0,8253.0,223454.0,49701.0,14383.0,1442.0,30637.0,6685.0,23.0,291.0,4199.0,213.0,6434.988527013608
2024-08-10T00:00:00.000000,87.0,20,67,65.0,7.0,9.0,33798.0,7601.0,144997.0,30093.0,18410.0,4772.0,10370.0,2285.0,12.0,266.0,2543.0,168.0,4380.888535042842
2024-08-11T00:00:00.000000,104.0,19,85,79.0,6.0,9.0,44852.0,9306.0,186857.0,47479.0,10389.0,2505.0,28416.0,5977.0,11.0,222.0,2363.0,204.0,4371.160023339613
2024-08-12T00:00:00.000000,104.0,17,87,83.0,4.0,10.0,36625.0,6362.0,178768.0,45222.0,4512.0,746.0,26915.0,4447.0,15.0,206.0,2472.0,236.0,4660.338773407526
2024-08-13T00:00:00.000000,100.0,17,83,81.0,6.0,8.0,29972.0,5216.0,139871.0,29045.0,12904.0,2056.0,12928.0,2861.0,9.0,231.0,1736.0,142.0,5262.334311763008
2024-08-14T00:00:00.000000,86.0,15,71,71.0,3.0,7.0,35784.0,6827.0,136431.0,33841.0,7135.0,1246.0,12540.0,1914.0,16.0,160.0,2456.0,139.0,4243.3561615808885
2024-08-15T00:00:00.000000,130.0,29,101,91.0,9.0,18.0,66668.0,16914.0,168677.0,42356.0,16189.0,2249.0,38361.0,9409.0,29.0,228.0,3717.0,184.0,6942.514440966641
2024-08-16T00:00:00.000000,106.0,16,90,80.0,3.0,11.0,42344.0,6785.0,206041.0,54802.0,19541.0,2764.0,19850.0,3354.0,19.0,229.0,2318.0,168.0,4658.410461566082
2024-08-17T00:00:00.000000,93.0,14,79,76.0,6.0,4.0,28468.0,5557.0,168891.0,38322.0,8353.0,1264.0,11895.0,2700.0,4.0,156.0,1139.0,170.0,4832.414756387528
2024-08-18T00:00:00.000000,90.0,9,81,67.0,0.0,6.0,12370.0,2853.0,176684.0,44827.0,0.0,0.0,9216.0,2151.0,8.0,219.0,1242.0,127.0,4114.118190664632
2024-08-19T00:00:00.000000,115.0,15,100,94.0,5.0,7.0,44008.0,9720.0,213488.0,46356.0,21895.0,4643.0,17469.0,4001.0,11.0,246.0,1743.0,150.0,6211.266852169616
2024-08-20T00:00:00.000000,116.0,17,99,89.0,8.0,8.0,48165.0,16308.0,192141.0,49997.0,17984.0,3618.0,26049.0,11606.0,15.0,325.0,2263.0,189.0,5202.174370774663
2024-08-21T00:00:00.000000,107.0,25,82,83.0,5.0,15.0,59123.0,19908.0,164386.0,44061.0,11958.0,3100.0,33143.0,12369.0,17.0,258.0,3730.0,132.0,4291.20145973649
2024-08-22T00:00:00.000000,103.0,23,80,79.0,5.0,14.0,72888.0,11846.0,170936.0,39317.0,18086.0,2051.0,46917.0,8190.0,16.0,230.0,3592.0,181.0,4340.832121100783
2024-08-23T00:00:00.000000,117.0,21,96,89.0,5.0,10.0,40317.0,5463.0,190410.0,48414.0,11441.0,1153.0,17142.0,2440.0,19.0,197.0,2587.0,196.0,5793.555560221401
2024-08-24T00:00:00.000000,85.0,12,73,66.0,1.0,9.0,20191.0,5008.0,132447.0,29024.0,2106.0,216.0,15751.0,4468.0,14.0,197.0,1493.0,88.0,4352.45251324473
2024-08-25T00:00:00.000000,108.0,22,86,76.0,9.0,7.0,37390.0,6796.0,171454.0,39508.0,17624.0,4103.0,7891.0,1212.0,11.0,209.0,2747.0,153.0,5199.990063202379
2024-08-26T00:00:00.000000,126.0,25,101,98.0,7.0,14.0,38875.0,7179.0,184321.0,41388.0,10306.0,1959.0,20551.0,3065.0,18.0,219.0,2316.0,162.0,6646.288530099633
2024-08-27T00:00:00.000000,123.0,21,102,92.0,9.0,8.0,57207.0,8153.0,179566.0,40607.0,31148.0,3071.0,12326.0,3082.0,16.0,240.0,2454.0,153.0,5057.465390041627
2024-08-28T00:00:00.000000,122.0,28,94,85.0,9.0,16.0,54142.0,12411.0,169787.0,47313.0,16293.0,2954.0,35911.0,8962.0,18.0,289.0,4282.0,211.0,6285.034748128914
2024-08-29T00:00:00.000000,119.0,27,92,94.0,4.0,14.0,51758.0,7332.0,197159.0,45245.0,6003.0,843.0,22561.0,2954.0,20.0,271.0,4539.0,231.0,5457.342901950038
2024-08-30T00:00:00.000000,95.0,13,82,70.0,4.0,3.0,32976.0,6993.0,185127.0,57100.0,13692.0,3775.0,12375.0,2607.0,3.0,263.0,2570.0,182.0,3866.360180485996
2024-08-31T00:00:00.000000,109.0,20,89,74.0,4.0,14.0,32572.0,8079.0,237355.0,59632.0,9869.0,2558.0,20940.0,5441.0,39.0,238.0,3715.0,164.0,4763.17980246799
2024-09-01T00:00:00.000000,93.0,15,78,70.0,11.0,2.0,37182.0,5634.0,148094.0,37317.0,29037.0,4706.0,3381.0,434.0,5.0,274.0,2021.0,202.0,5025.181789325181
2024-09-02T00:00:00.000000,122.0,22,100,84.0,1.0,18.0,37075.0,8508.0,198385.0,45621.0,1191.0,258.0,32453.0,7674.0,34.0,310.0,6150.0,216.0,6126.924302699879
2024-09-03T00:00:00.000000,126.0,14,112,99.0,4.0,7.0,40797.0,8605.0,204843.0,46525.0,11724.0,2690.0,21487.0,4073.0,9.0,275.0,2198.0,211.0,6189.335620017393
2024-09-04T00:00:00.000000,138.0,19,119,87.0,4.0,8.0,50700.0,7883.0,235160.0,60733.0,8416.0,1472.0,19009.0,2703.0,18.0,293.0,2883.0,206.0,7435.750836396028
2024-09-05T00:00:00.000000,138.0,19,119,99.0,6.0,9.0,61443.0,13513.0,209668.0,49526.0,30852.0,7170.0,19808.0,4928.0,17.0,276.0,2733.0,189.0,6371.05459244849
2024-09-06T00:00:00.000000,125.0,26,99,95.0,6.0,15.0,46823.0,11035.0,184318.0,48762.0,12894.0,3276.0,23697.0,5129.0,21.0,284.0,3561.0,260.0,6079.307820110225
2024-09-07T00:00:00.000000,107.0,22,85,83.0,7.0,10.0,34768.0,9786.0,164444.0,35103.0,11160.0,2600.0,15453.0,5145.0,19.0,229.0,2837.0,179.0,4686.687804496291
2024-09-08T00:00:00.000000,108.0,21,87,78.0,6.0,11.0,49406.0,8515.0,163690.0,41324.0,19590.0,4468.0,13325.0,2101.0,17.0,250.0,2429.0,187.0,4657.731123630525
2024-09-09T00:00:00.000000,117.0,21,96,92.0,4.0,9.0,39424.0,9957.0,136748.0,33270.0,11924.0,3597.0,12932.0,3596.0,12.0,289.0,3208.0,180.0,4967.6459373850175
2024-09-10T00:00:00.000000,131.0,14,117,88.0,6.0,7.0,31757.0,6203.0,179240.0,47266.0,20995.0,4019.0,9200.0,1994.0,13.0,361.0,1534.0,253.0,4309.559456147384
2024-09-11T00:00:00.000000,128.0,23,105,93.0,6.0,14.0,59850.0,16722.0,199327.0,50521.0,12920.0,2896.0,40413.0,12299.0,20.0,233.0,4618.0,142.0,5617.832431893748
2024-09-12T00:00:00.000000,147.0,30,117,106.0,5.0,18.0,67343.0,10924.0,201083.0,45871.0,11771.0,3206.0,43174.0,5222.0,25.0,388.0,5109.0,248.0,7191.0469571191525
2024-09-13T00:00:00.000000,127.0,18,109,87.0,5.0,12.0,42739.0,7360.0,182480.0,39702.0,10889.0,2317.0,28322.0,4430.0,18.0,299.0,2120.0,169.0,6800.910580954221
2024-09-14T00:00:00.000000,100.0,13,87,68.0,0.0,7.0,26549.0,6454.0,167290.0,43089.0,0.0,0.0,13131.0,3948.0,9.0,185.0,1212.0,142.0,5002.20176346511
2024-09-15T00:00:00.000000,96.0,10,86,74.0,5.0,2.0,22882.0,4546.0,133440.0,34118.0,14241.0,3635.0,2674.0,277.0,3.0,193.0,978.0,177.0,4914.465633311058
2024-09-16T00:00:00.000000,100.0,15,85,77.0,2.0,10.0,30984.0,5505.0,134301.0,31024.0,4572.0,596.0,18047.0,3717.0,11.0,257.0,2489.0,123.0,5064.439582616269
2024-09-17T00:00:00.000000,112.0,21,91,83.0,4.0,11.0,46530.0,8921.0,148056.0,35035.0,11062.0,1433.0,22529.0,5658.0,17.0,330.0,3099.0,172.0,5392.546803033984
2024-09-18T00:00:00.000000,122.0,22,100,90.0,8.0,9.0,39363.0,7450.0,184486.0,40343.0,18655.0,3552.0,12041.0,2643.0,9.0,222.0,2124.0,208.0,6606.999716020093
2024-09-19T00:00:00.000000,128.0,16,112,94.0,2.0,11.0,25400.0,5552.0,224402.0,53528.0,4179.0,1142.0,17500.0,2972.0,21.0,344.0,7164.0,240.0,6990.697621234007
2024-09-20T00:00:00.000000,116.0,23,93,89.0,5.0,16.0,51665.0,10888.0,156838.0,33754.0,21458.0,6403.0,25000.0,4309.0,22.0,284.0,3688.0,182.0,6484.149782053357
2024-09-21T00:00:00.000000,127.0,29,98,86.0,5.0,13.0,67213.0,9933.0,177995.0,39647.0,25425.0,2709.0,20994.0,3247.0,25.0,272.0,5690.0,208.0,6210.752170849851
2024-09-22T00:00:00.000000,102.0,16,86,73.0,2.0,7.0,36781.0,9771.0,143055.0,32243.0,7834.0,1828.0,14610.0,3195.0,9.0,212.0,2540.0,156.0,4893.103112436137
2024-09-23T00:00:00.000000,113.0,18,95,82.0,6.0,9.0,41224.0,7187.0,159476.0,37581.0,13043.0,2889.0,21020.0,3790.0,11.0,243.0,2183.0,157.0,6090.054080415879
2024-09-24T00:00:00.000000,120.0,17,103,86.0,6.0,8.0,30007.0,5323.0,188828.0,44590.0,8967.0,1522.0,14156.0,2981.0,14.0,233.0,2362.0,153.0,6737.014751098254
2024-09-25T00:00:00.000000,122.0,21,101,88.0,6.0,12.0,56837.0,15605.0,190823.0,45898.0,19035.0,2992.0,34210.0,12183.0,14.0,260.0,2655.0,205.0,6956.26975152426
2024-09-26T00:00:00.000000,111.0,19,92,80.0,4.0,12.0,34889.0,5432.0,197903.0,36615.0,8751.0,1398.0,21976.0,3265.0,18.0,258.0,2329.0,194.0,5653.610773854276
2024-09-27T00:00:00.000000,137.0,37,100,97.0,20.0,15.0,84903.0,15807.0,208066.0,51271.0,44534.0,9595.0,31067.0,3922.0,26.0,282.0,3960.0,243.0,6979.087023164175
2024-09-28T00:00:00.000000,90.0,10,80,67.0,4.0,2.0,17819.0,4296.0,164027.0,31235.0,7991.0,2124.0,5422.0,1533.0,3.0,232.0,3181.0,114.0,4690.215226452496
2024-09-29T00:00:00.000000,80.0,9,71,64.0,2.0,4.0,22803.0,4835.0,135456.0,31063.0,10564.0,2369.0,6201.0,1171.0,5.0,188.0,1485.0,135.0,4771.228220362484
2024-09-30T00:00:00.000000,101.0,13,88,79.0,2.0,8.0,31906.0,3594.0,203634.0,42633.0,2650.0,725.0,22824.0,2064.0,11.0,209.0,2497.0,162.0,5235.95329724456
2024-10-01T00:00:00.000000,123.0,21,102,87.0,7.0,12.0,56160.0,10390.0,166945.0,43396.0,16043.0,3163.0,30765.0,6259.0,16.0,303.0,4089.0,207.0,6454.147049121269
2024-10-02T00:00:00.000000,126.0,20,106,86.0,3.0,15.0,34992.0,6378.0,167159.0,37528.0,5651.0,1082.0,26101.0,4785.0,23.0,265.0,3362.0,232.0,6691.240310273894
2024-10-03T00:00:00.000000,139.0,25,114,87.0,7.0,13.0,64806.0,15808.0,202954.0,46559.0,20018.0,3985.0,29000.0,6384.0,24.0,259.0,4098.0,268.0,8005.683879353534
2024-10-04T00:00:00.000000,117.0,21,96,85.0,5.0,11.0,55405.0,12584.0,168911.0,35775.0,11267.0,2059.0,33389.0,7522.0,12.0,243.0,2607.0,199.0,6348.571596487519
2024-10-05T00:00:00.000000,121.0,21,100,87.0,5.0,12.0,48179.0,10169.0,169236.0,38737.0,9851.0,2626.0,26453.0,5992.0,20.0,230.0,3637.0,192.0,6021.154557792969
2024-10-06T00:00:00.000000,120.0,21,99,81.0,10.0,11.0,65074.0,16988.0,173209.0,38239.0,34967.0,12460.0,30107.0,4528.0,15.0,298.0,3671.0,213.0,5394.960468967235
2024-10-07T00:00:00.000000,129.0,27,102,97.0,10.0,10.0,82347.0,16579.0,192118.0,45524.0,37118.0,8827.0,23874.0,5092.0,18.0,309.0,3107.0,246.0,6233.398888121949
2024-10-08T00:00:00.000000,141.0,37,104,103.0,11.0,21.0,69904.0,11387.0,201663.0,52232.0,21256.0,3966.0,42281.0,6353.0,30.0,239.0,5732.0,265.0,7657.331096466564
2024-10-09T00:00:00.000000,96.0,14,82,71.0,5.0,8.0,32659.0,6610.0,144539.0,36739.0,12729.0,2136.0,16993.0,3971.0,10.0,149.0,2292.0,92.0,3891.844081953178
2024-10-10T00:00:00.000000,146.0,34,112,102.0,13.0,16.0,74952.0,14054.0,181999.0,40384.0,29968.0,4929.0,23263.0,5631.0,29.0,253.0,4204.0,196.0,7903.887597398931
2024-10-11T00:00:00.000000,116.0,17,99,91.0,6.0,7.0,38270.0,7005.0,202346.0,45486.0,15450.0,3375.0,14586.0,3236.0,9.0,258.0,3171.0,231.0,5585.585136982009
2024-10-12T00:00:00.000000,93.0,25,68,73.0,13.0,9.0,57030.0,9944.0,99492.0,25426.0,30715.0,5095.0,22430.0,3499.0,47.0,274.0,14769.0,187.0,4532.7736065342615
2024-10-13T00:00:00.000000,131.0,25,106,90.0,9.0,16.0,61875.0,13126.0,161883.0,45432.0,19843.0,3510.0,42032.0,9616.0,23.0,252.0,3157.0,198.0,7301.710295433738
2024-10-14T00:00:00.000000,132.0,20,111,93.0,10.0,8.0,42400.0,5075.0,179948.0,42554.0,20066.0,2248.0,15394.0,2003.0,10.0,309.0,2639.0,203.0,7217.322853675861
2024-10-15T00:00:00.000000,137.0,39,98,92.0,10.0,23.0,91606.0,15627.0,211563.0,46038.0,23556.0,3862.0,61183.0,10787.0,41.0,370.0,6958.0,253.0,6667.249797864274
2024-10-16T00:00:00.000000,149.0,31,118,100.0,13.0,11.0,92757.0,20580.0,245619.0,56013.0,29843.0,10110.0,50041.0,8490.0,22.0,307.0,7176.0,254.0,7683.074989704241
2024-10-17T00:00:00.000000,149.0,32,116,99.0,10.0,16.0,70162.0,15818.0,198025.0,52776.0,25703.0,5244.0,30113.0,7870.0,27.0,242.0,4193.0,241.0,7004.121875552657
2024-10-18T00:00:00.000000,105.0,17,88,82.0,12.0,5.0,34637.0,7320.0,146731.0,35582.0,26087.0,5986.0,8550.0,1334.0,7.0,188.0,1258.0,157.0,5958.9532576294305
2024-10-19T00:00:00.000000,110.0,22,88,87.0,10.0,10.0,66894.0,11308.0,153926.0,48396.0,31391.0,4529.0,30901.0,6123.0,12.0,219.0,2133.0,158.0,4988.76797876659
2024-10-20T00:00:00.000000,126.0,24,102,90.0,5.0,11.0,61673.0,10372.0,156349.0,36783.0,8777.0,1742.0,22254.0,2025.0,14.0,235.0,4247.0,267.0,6178.714094087312
2024-10-21T00:00:00.000000,121.0,27,94,88.0,6.0,12.0,52140.0,11747.0,193176.0,49191.0,12276.0,1994.0,25493.0,4008.0,15.0,191.0,3780.0,184.0,6997.521335411766
2024-10-22T00:00:00.000000,114.0,18,96,93.0,8.0,7.0,34579.0,6079.0,169381.0,39363.0,14634.0,2344.0,13942.0,2150.0,12.0,302.0,6854.0,196.0,5826.063239863362
2024-10-23T00:00:00.000000,114.0,22,92,94.0,7.0,12.0,54215.0,9348.0,140266.0,30254.0,16880.0,2745.0,25639.0,5037.0,18.0,234.0,2657.0,199.0,5680.905171262353
2024-10-24T00:00:00.000000,115.0,17,98,87.0,9.0,6.0,35584.0,5534.0,177276.0,35648.0,16235.0,2619.0,14763.0,1536.0,12.0,209.0,1921.0,169.0,6277.657402782102
2024-10-25T00:00:00.000000,135.0,30,105,92.0,13.0,13.0,62049.0,13254.0,178745.0,44829.0,20552.0,3388.0,32022.0,7153.0,24.0,273.0,2948.0,221.0,6318.821292680734
2024-10-26T00:00:00.000000,101.0,27,74,77.0,6.0,17.0,62929.0,11832.0,152356.0,32674.0,20948.0,4985.0,34796.0,4891.0,21.0,174.0,3453.0,230.0,5786.47961921626
2024-10-27T00:00:00.000000,117.0,21,96,90.0,9.0,10.0,41146.0,8122.0,167075.0,40104.0,13456.0,2916.0,23964.0,4481.0,12.0,206.0,2388.0,148.0,5252.165767461059
2024-10-28T00:00:00.000000,168.0,38,130,105.0,8.0,29.0,77295.0,19175.0,205858.0,71937.0,21612.0,5264.0,54082.0,13402.0,64.0,323.0,6689.0,235.0,7738.490866815168
2024-10-29T00:00:00.000000,132.0,25,107,94.0,6.0,9.0,64179.0,13647.0,189850.0,41281.0,16452.0,3196.0,9493.0,1269.0,9.0,291.0,4915.0,247.0,7036.908449684636
2024-10-30T00:00:00.000000,108.0,30,78,85.0,7.0,17.0,58677.0,12952.0,138378.0,36180.0,14313.0,2697.0,35119.0,8324.0,29.0,196.0,2939.0,174.0,5711.135640258782
2024-10-31T00:00:00.000000,136.0,37,99,95.0,10.0,17.0,96363.0,19192.0,204137.0,47657.0,27623.0,6908.0,51245.0,9595.0,23.0,267.0,5607.0,216.0,6678.5616488190435
2024-11-01T00:00:00.000000,94.0,13,81,77.0,3.0,8.0,36913.0,7179.0,164705.0,42181.0,8791.0,1243.0,23637.0,5133.0,10.0,199.0,1657.0,131.0,4478.2498247084595
2024-11-02T00:00:00.000000,95.0,21,74,68.0,7.0,14.0,55035.0,11686.0,120684.0,33876.0,19481.0,3133.0,35554.0,8553.0,20.0,184.0,2630.0,133.0,5027.277655857014
2024-11-03T00:00:00.000000,123.0,22,101,89.0,7.0,11.0,73710.0,30114.0,177764.0,42178.0,42495.0,24172.0,21191.0,4124.0,13.0,241.0,3213.0,170.0,6760.85498325819
2024-11-04T00:00:00.000000,119.0,30,89,84.0,13.0,16.0,53947.0,10561.0,127300.0,33205.0,19079.0,4442.0,31108.0,5363.0,26.0,199.0,5649.0,226.0,6440.216767054294
2024-11-05T00:00:00.000000,157.0,29,128,101.0,15.0,11.0,60233.0,16979.0,220031.0,58811.0,29788.0,6739.0,27592.0,9480.0,11.0,256.0,2498.0,219.0,6862.598795196867
2024-11-06T00:00:00.000000,120.0,28,92,84.0,9.0,16.0,53225.0,12384.0,191841.0,50787.0,12131.0,3121.0,35534.0,7461.0,25.0,273.0,3795.0,232.0,5129.750372560084
2024-11-07T00:00:00.000000,134.0,30,104,87.0,11.0,14.0,55987.0,9724.0,190009.0,47635.0,18286.0,1769.0,24191.0,5432.0,27.0,258.0,3661.0,187.0,7081.496829919642
2024-11-08T00:00:00.000000,115.0,20,95,77.0,8.0,12.0,38900.0,8634.0,156716.0,44963.0,17271.0,4935.0,21629.0,3699.0,21.0,232.0,2597.0,177.0,4880.180115034904
2024-11-09T00:00:00.000000,106.0,13,93,81.0,8.0,4.0,20892.0,4484.0,174699.0,46333.0,13818.0,3161.0,5457.0,808.0,6.0,225.0,1363.0,142.0,4192.65076444255
2024-11-10T00:00:00.000000,128.0,21,107,82.0,8.0,6.0,41402.0,8352.0,160382.0,37233.0,20239.0,4249.0,11645.0,2732.0,7.0,281.0,2210.0,149.0,4752.525213484832
2024-11-11T00:00:00.000000,107.0,24,83,79.0,7.0,11.0,59761.0,10930.0,175627.0,48905.0,13872.0,3397.0,30481.0,4797.0,34.0,321.0,10398.0,214.0,4454.801652191827
2024-11-12T00:00:00.000000,105.0,22,83,89.0,4.0,17.0,37724.0,5617.0,161788.0,38425.0,7517.0,494.0,29182.0,5074.0,25.0,284.0,2224.0,186.0,5427.345204680225
2024-11-13T00:00:00.000000,136.0,29,107,104.0,16.0,13.0,69302.0,15666.0,160671.0,36484.0,38128.0,7736.0,31174.0,7930.0,17.0,261.0,2300.0,198.0,6248.500113307728
2024-11-14T00:00:00.000000,119.0,21,98,91.0,4.0,16.0,47134.0,7314.0,190350.0,39488.0,12109.0,1934.0,33037.0,4869.0,29.0,283.0,5460.0,156.0,5300.732550177052
2024-11-15T00:00:00.000000,137.0,20,117,88.0,8.0,10.0,46779.0,9905.0,196727.0,53111.0,21162.0,4281.0,24204.0,5324.0,12.0,258.0,1858.0,144.0,5950.839143665372
2024-11-16T00:00:00.000000,116.0,12,104,78.0,4.0,4.0,20639.0,4344.0,180866.0,36302.0,5850.0,944.0,8229.0,1517.0,4.0,224.0,1252.0,124.0,4836.925133430544
2024-11-17T00:00:00.000000,76.0,12,64,65.0,4.0,2.0,29687.0,5871.0,109286.0,28108.0,10716.0,2082.0,5767.0,1423.0,2.0,144.0,1148.0,133.0,3791.4242220168367
2024-11-18T00:00:00.000000,125.0,19,106,83.0,12.0,5.0,37919.0,7200.0,199002.0,49275.0,23871.0,5247.0,11172.0,1761.0,7.0,170.0,1847.0,164.0,6662.195703621763
2024-11-19T00:00:00.000000,146.0,21,125,89.0,6.0,10.0,56873.0,15895.0,212766.0,59598.0,15800.0,4576.0,30839.0,10013.0,12.0,254.0,2749.0,226.0,4594.494430826236
2024-11-20T00:00:00.000000,134.0,16,118,88.0,5.0,9.0,48825.0,15834.0,262739.0,66509.0,18247.0,8429.0,27004.0,6225.0,12.0,285.0,1806.0,208.0,6573.223572991364
2024-11-21T00:00:00.000000,124.0,24,100,91.0,5.0,11.0,54257.0,10816.0,193011.0,42225.0,11825.0,2492.0,22678.0,4551.0,13.0,229.0,5241.0,195.0,5971.799244951378
2024-11-22T00:00:00.000000,122.0,14,108,92.0,5.0,8.0,22035.0,4167.0,212640.0,51994.0,7474.0,1355.0,13594.0,2655.0,13.0,266.0,2097.0,146.0,4067.4379266400483
2024-11-23T00:00:00.000000,113.0,18,95,79.0,7.0,6.0,54637.0,18606.0,205611.0,63872.0,15540.0,5109.0,18066.0,6485.0,7.0,256.0,2765.0,153.0,3924.1148149434484
2024-11-24T00:00:00.000000,93.0,15,78,72.0,7.0,4.0,35565.0,11342.0,170373.0,42980.0,17356.0,4242.0,6951.0,989.0,6.0,180.0,1481.0,191.0,4770.65220277666
2024-11-25T00:00:00.000000,154.0,33,120,91.0,14.0,16.0,124503.0,32850.0,186149.0,47160.0,34539.0,6160.0,41864.0,7324.0,24.0,318.0,4517.0,209.0,7889.045467135305
2024-11-26T00:00:00.000000,149.0,28,121,92.0,6.0,15.0,54532.0,9747.0,209729.0,47620.0,20027.0,3487.0,20817.0,3253.0,19.0,260.0,3265.0,222.0,7831.538194774936
2024-11-27T00:00:00.000000,161.0,23,136,102.0,11.0,9.0,80496.0,16344.0,232188.0,49546.0,28054.0,3834.0,25599.0,6098.0,10.0,261.0,2192.0,236.0,5519.809391807304
2024-11-28T00:00:00.000000,114.0,23,91,78.0,9.0,10.0,37593.0,5520.0,176411.0,43885.0,13535.0,2044.0,18495.0,2146.0,16.0,228.0,2926.0,217.0,5442.989056942552
2024-11-29T00:00:00.000000,113.0,27,86,90.0,7.0,13.0,52283.0,11430.0,178326.0,41102.0,10318.0,1726.0,22566.0,4255.0,13.0,249.0,3157.0,161.0,5464.1767731011905
2024-11-30T00:00:00.000000,98.0,14,84,71.0,3.0,7.0,33968.0,9372.0,165836.0,37385.0,9571.0,696.0,15727.0,4621.0,9.0,220.0,2077.0,115.0,4844.682755624341
2024-12-01T00:00:00.000000,104.0,16,88,79.0,4.0,9.0,35033.0,6802.0,158881.0,35374.0,7779.0,2410.0,18980.0,3050.0,13.0,183.0,1474.0,140.0,5554.755346871797
2024-12-02T00:00:00.000000,108.0,20,88,83.0,10.0,7.0,28259.0,5425.0,201819.0,46519.0,13222.0,2214.0,11902.0,2463.0,9.0,197.0,1571.0,139.0,5555.178335690398
2024-12-03T00:00:00.000000,121.0,30,91,85.0,2.0,22.0,115968.0,59072.0,190678.0,45904.0,3634.0,492.0,97482.0,56289.0,38.0,293.0,4753.0,276.0,5895.2516830790455
2024-12-04T00:00:00.000000,118.0,26,92,89.0,12.0,12.0,48667.0,9267.0,196006.0,44980.0,22253.0,4963.0,19151.0,2611.0,17.0,269.0,2236.0,154.0,4314.230245196419
2024-12-05T00:00:00.000000,128.0,27,101,90.0,8.0,12.0,56843.0,14915.0,183201.0,44630.0,20978.0,6977.0,19759.0,3921.0,16.0,230.0,3023.0,181.0,6723.9794691881325
2024-12-06T00:00:00.000000,137.0,14,123,91.0,1.0,11.0,39752.0,5836.0,234077.0,59515.0,1691.0,216.0,35088.0,5340.0,14.0,278.0,1606.0,169.0,5238.285250762923
2024-12-07T00:00:00.000000,114.0,14,100,68.0,0.0,10.0,45349.0,10078.0,140789.0,37514.0,0.0,0.0,37367.0,8595.0,10.0,219.0,1997.0,103.0,3768.0251406404846
2024-12-08T00:00:00.000000,104.0,18,86,76.0,12.0,3.0,37454.0,6849.0,148786.0,31272.0,24752.0,4776.0,5796.0,570.0,7.0,196.0,1698.0,183.0,5020.083288418407
2024-12-09T00:00:00.000000,126.0,19,107,102.0,4.0,10.0,42724.0,7493.0,180674.0,43933.0,8567.0,1144.0,15974.0,3342.0,14.0,298.0,2917.0,169.0,6118.452339112411
2024-12-10T00:00:00.000000,111.0,12,99,77.0,1.0,5.0,23625.0,6552.0,194756.0,42768.0,2749.0,426.0,14137.0,5343.0,6.0,317.0,2109.0,186.0,5379.057921754608
2024-12-11T00:00:00.000000,109.0,21,88,76.0,6.0,9.0,65179.0,14713.0,200032.0,48692.0,27568.0,6701.0,24762.0,5691.0,10.0,219.0,2757.0,172.0,5777.978111994573
2024-12-12T00:00:00.000000,154.0,34,120,86.0,14.0,11.0,65920.0,12400.0,209822.0,53075.0,22672.0,3340.0,25466.0,5401.0,29.0,319.0,4312.0,194.0,6904.498154232105
2024-12-13T00:00:00.000000,123.0,19,104,88.0,7.0,7.0,61099.0,15570.0,185684.0,47958.0,32301.0,7656.0,20465.0,6189.0,11.0,272.0,4037.0,134.0,4869.5332225744605
2024-12-14T00:00:00.000000,94.0,17,77,61.0,8.0,8.0,43962.0,9186.0,134716.0,39348.0,23207.0,7122.0,15535.0,1789.0,9.0,170.0,2537.0,184.0,2733.960046366634
2024-12-15T00:00:00.000000,102.0,16,86,73.0,6.0,8.0,30293.0,7161.0,166103.0,37348.0,10695.0,1897.0,15479.0,4751.0,9.0,191.0,1479.0,180.0,5150.817184280586
2024-12-16T00:00:00.000000,124.0,30,94,82.0,7.0,20.0,68977.0,11673.0,255722.0,57496.0,19298.0,2439.0,39284.0,7569.0,29.0,327.0,4152.0,180.0,5951.090241142299
2024-12-17T00:00:00.000000,135.0,33,102,99.0,8.0,19.0,46733.0,7392.0,204757.0,51890.0,12584.0,2024.0,27715.0,4170.0,29.0,294.0,4750.0,205.0,5771.9595254314845
2024-12-18T00:00:00.000000,130.0,24,106,98.0,7.0,10.0,42694.0,6259.0,241548.0,56444.0,7838.0,716.0,21342.0,3987.0,15.0,256.0,3170.0,208.0,6396.728334114665
2024-12-19T00:00:00.000000,122.0,20,102,87.0,4.0,13.0,49775.0,8362.0,213793.0,50738.0,12058.0,1014.0,33822.0,6680.0,19.0,279.0,2498.0,206.0,6508.837178141118
2024-12-20T00:00:00.000000,109.0,15,94,87.0,2.0,12.0,28643.0,4224.0,187918.0,53372.0,3007.0,414.0,21674.0,3328.0,18.0,221.0,1875.0,129.0,5084.596042835102
2024-12-21T00:00:00.000000,75.0,5,70,61.0,0.0,2.0,8270.0,947.0,137658.0,32321.0,0.0,0.0,3531.0,0.0,6.0,211.0,2408.0,139.0,3272.6529849758576
2024-12-22T00:00:00.000000,113.0,20,93,80.0,5.0,11.0,48266.0,8971.0,170269.0,32249.0,9584.0,1258.0,25774.0,3968.0,21.0,248.0,3399.0,250.0,6574.322779923458
2024-12-23T00:00:00.000000,105.0,24,81,82.0,7.0,10.0,51249.0,10540.0,197956.0,45610.0,18368.0,3189.0,20341.0,4965.0,15.0,252.0,2882.0,166.0,4797.979856808199
2024-12-24T00:00:00.000000,95.0,27,68,72.0,7.0,13.0,38376.0,8379.0,133238.0,30314.0,11166.0,1932.0,16583.0,3137.0,23.0,209.0,3889.0,170.0,5004.755138804653
2024-12-25T00:00:00.000000,94.0,25,69,69.0,8.0,9.0,55446.0,13088.0,101123.0,25721.0,26544.0,8353.0,14972.0,2589.0,13.0,276.0,4370.0,204.0,5194.543129852842
2024-12-26T00:00:00.000000,110.0,27,83,70.0,6.0,18.0,70434.0,11107.0,166681.0,48630.0,10759.0,1827.0,44477.0,6768.0,26.0,254.0,3726.0,193.0,4001.1039733125526
2024-12-27T00:00:00.000000,97.0,13,84,76.0,6.0,7.0,39388.0,7720.0,192999.0,39519.0,17106.0,4244.0,22282.0,3476.0,10.0,266.0,1724.0,172.0,4306.003601658016
2024-12-28T00:00:00.000000,84.0,15,69,69.0,6.0,7.0,54753.0,10861.0,147279.0,37764.0,23690.0,5025.0,20688.0,3921.0,8.0,204.0,1917.0,118.0,3874.0561948738127
2024-12-29T00:00:00.000000,74.0,14,60,53.0,6.0,8.0,31154.0,5206.0,148701.0,38446.0,14233.0,2005.0,16921.0,3201.0,13.0,128.0,1389.0,124.0,3897.1288205310507
2024-12-30T00:00:00.000000,99.0,20,79,81.0,5.0,11.0,48737.0,8034.0,166405.0,43138.0,16571.0,3508.0,27712.0,4198.0,17.0,252.0,2467.0,161.0,5216.7595671053605
2024-12-31T00:00:00.000000,94.0,19,75,72.0,6.0,7.0,43375.0,6958.0,165041.0,37537.0,14329.0,2109.0,17903.0,2838.0,10.0,273.0,5070.0,153.0,5232.097035860597
2025-01-01T00:00:00.000000,104.0,18,86,81.0,4.0,12.0,44763.0,6982.0,175538.0,43266.0,10428.0,1749.0,24106.0,3636.0,15.0,216.0,2052.0,173.0,5221.521170247501
2025-01-02T00:00:00.000000,157.0,27,130,111.0,6.0,13.0,71086.0,11836.0,240047.0,55582.0,21375.0,2890.0,18691.0,3275.0,22.0,452.0,5063.0,254.0,7507.228989306896
2025-01-03T00:00:00.000000,129.0,21,108,79.0,12.0,7.0,52108.0,11225.0,200739.0,58679.0,30821.0,7254.0,16649.0,2686.0,12.0,313.0,2060.0,214.0,5653.379272561559
2025-01-04T00:00:00.000000,115.0,21,94,90.0,4.0,14.0,37120.0,9435.0,215360.0,48389.0,4635.0,519.0,26677.0,6794.0,19.0,325.0,3711.0,258.0,4787.003216321805
2025-01-05T00:00:00.000000,121.0,23,98,80.0,10.0,12.0,52940.0,11524.0,202876.0,45767.0,24660.0,4972.0,26549.0,6087.0,18.0,290.0,2712.0,243.0,6767.1087813970835
2025-01-06T00:00:00.000000,97.0,22,75,74.0,7.0,12.0,59715.0,12588.0,129796.0,35326.0,15904.0,2417.0,36264.0,8742.0,14.0,234.0,3456.0,113.0,4765.966952737834
2025-01-07T00:00:00.000000,105.0,21,84,82.0,6.0,9.0,51323.0,12075.0,151183.0,39474.0,15823.0,3740.0,21012.0,5238.0,10.0,245.0,4621.0,169.0,3890.398038392041
2025-01-08T00:00:00.000000,134.0,34,100,92.0,9.0,18.0,86720.0,18980.0,230626.0,58729.0,21225.0,5775.0,52103.0,11667.0,26.0,382.0,5528.0,306.0,5611.618375775443
2025-01-09T00:00:00.000000,121.0,21,100,88.0,7.0,10.0,54300.0,10725.0,259889.0,67245.0,17057.0,3931.0,24538.0,4246.0,17.0,250.0,2529.0,223.0,5703.787249246486
2025-01-10T00:00:00.000000,106.0,23,83,82.0,9.0,11.0,62134.0,13181.0,170564.0,44743.0,27122.0,5981.0,29360.0,6154.0,15.0,288.0,2214.0,175.0,5472.501199796591
2025-01-11T00:00:00.000000,99.0,22,77,76.0,7.0,9.0,45976.0,9321.0,140254.0,34788.0,14840.0,2600.0,16809.0,2986.0,14.0,269.0,5893.0,193.0,4905.502288583665
2025-01-12T00:00:00.000000,104.0,26,78,73.0,9.0,12.0,71844.0,11688.0,138485.0,31479.0,24817.0,3605.0,32581.0,5013.0,15.0,195.0,2550.0,171.0,4416.667133252038
2025-01-13T00:00:00.000000,123.0,33,90,82.0,8.0,16.0,95632.0,22403.0,153818.0,34544.0,30438.0,7737.0,32501.0,5856.0,25.0,291.0,6791.0,211.0,5974.7323066923245
2025-01-14T00:00:00.000000,105.0,29,76,81.0,7.0,14.0,70692.0,14051.0,146505.0,37966.0,20056.0,2981.0,30892.0,4800.0,22.0,313.0,6467.0,154.0,5572.6546651504905
2025-01-15T00:00:00.000000,111.0,22,89,86.0,5.0,12.0,49738.0,14668.0,189042.0,52952.0,15494.0,5451.0,22628.0,6467.0,18.0,239.0,2548.0,220.0,5305.752662308173
2025-01-16T00:00:00.000000,90.0,16,73,71.0,6.0,7.0,36798.0,9133.0,139273.0,30612.0,14834.0,4319.0,17184.0,4397.0,7.0,176.0,1510.0,110.0,4843.512917526759
2025-01-17T00:00:00.000000,124.0,25,99,82.0,6.0,15.0,52207.0,10472.0,207314.0,48850.0,18920.0,3335.0,26246.0,5411.0,26.0,310.0,4189.0,150.0,5845.943579933124
2025-01-18T00:00:00.000000,95.0,18,77,67.0,5.0,8.0,66545.0,13297.0,126057.0,30529.0,25197.0,6836.0,30997.0,5427.0,9.0,257.0,2583.0,145.0,4547.851696787221
2025-01-19T00:00:00.000000,113.0,22,91,78.0,3.0,17.0,52102.0,9172.0,203004.0,37206.0,7122.0,1408.0,41862.0,7325.0,20.0,321.0,3736.0,201.0,5319.747574505763
2025-01-20T00:00:00.000000,116.0,19,97,89.0,3.0,11.0,47742.0,7869.0,183961.0,41013.0,5415.0,995.0,30697.0,4829.0,14.0,275.0,3998.0,174.0,5117.197826226964
2025-01-21T00:00:00.000000,114.0,31,83,80.0,8.0,19.0,58458.0,10846.0,214398.0,53944.0,18021.0,2517.0,32910.0,6838.0,36.0,280.0,3589.0,254.0,5776.890037945854
2025-01-22T00:00:00.000000,124.0,23,101,85.0,5.0,9.0,46786.0,9505.0,182244.0,43842.0,11599.0,2955.0,16326.0,2473.0,14.0,301.0,3698.0,207.0,5984.9795378006675
2025-01-23T00:00:00.000000,124.0,25,99,85.0,7.0,13.0,50034.0,14766.0,230412.0,56171.0,11594.0,2816.0,29318.0,10488.0,24.0,259.0,4040.0,217.0,6025.136714024126
2025-01-24T00:00:00.000000,125.0,30,95,77.0,6.0,18.0,106539.0,21821.0,211915.0,46314.0,48412.0,8041.0,44562.0,8387.0,39.0,239.0,4380.0,150.0,6105.843865716887
2025-01-25T00:00:00.000000,103.0,22,81,77.0,6.0,9.0,48414.0,8364.0,142841.0,36052.0,10252.0,1344.0,25345.0,4788.0,12.0,218.0,2109.0,152.0,4349.749240910264
2025-01-26T00:00:00.000000,128.0,18,110,91.0,0.0,12.0,38307.0,11264.0,204215.0,52298.0,0.0,0.0,25266.0,6747.0,25.0,248.0,3087.0,193.0,5846.831307586454
2025-01-27T00:00:00.000000,117.0,23,94,93.0,8.0,10.0,37708.0,6309.0,192659.0,56064.0,13692.0,2138.0,16117.0,2969.0,20.0,360.0,3101.0,198.0,5318.705483941156
2025-01-28T00:00:00.000000,122.0,20,102,76.0,6.0,12.0,65218.0,16307.0,170565.0,48198.0,9307.0,2285.0,51794.0,13000.0,28.0,445.0,15163.0,207.0,2932.5214044196928
2025-01-29T00:00:00.000000,106.0,28,78,74.0,6.0,16.0,52791.0,9666.0,164024.0,38440.0,15719.0,2448.0,25880.0,4160.0,29.0,207.0,8435.0,179.0,4955.310911078509
2025-01-30T00:00:00.000000,115.0,20,95,82.0,5.0,13.0,60229.0,9616.0,215771.0,54641.0,17631.0,2947.0,32398.0,4690.0,18.0,345.0,4540.0,168.0,5489.708008958457
2025-01-31T00:00:00.000000,102.0,19,83,82.0,9.0,5.0,30629.0,4866.0,172706.0,50093.0,16186.0,2616.0,7914.0,1219.0,10.0,204.0,2197.0,142.0,4839.3730292832615
2025-02-01T00:00:00.000000,85.0,19,66,69.0,8.0,10.0,53554.0,11627.0,131678.0,25721.0,20808.0,4105.0,28132.0,6155.0,17.0,245.0,3194.0,150.0,3844.714108448196
2025-02-02T00:00:00.000000,101.0,21,80,71.0,6.0,10.0,43383.0,9308.0,148045.0,40490.0,13651.0,2492.0,18523.0,3811.0,14.0,243.0,2691.0,200.0,3779.989400231177
2025-02-03T00:00:00.000000,107.0,24,83,86.0,11.0,10.0,50325.0,9193.0,171473.0,46960.0,25116.0,5806.0,19460.0,2791.0,19.0,224.0,5173.0,173.0,4219.16326399392
2025-02-04T00:00:00.000000,127.0,24,103,94.0,6.0,13.0,49590.0,8436.0,223929.0,61072.0,11453.0,3199.0,28372.0,4252.0,19.0,287.0,2843.0,177.0,5638.2550572651435
2025-02-05T00:00:00.000000,104.0,23,81,73.0,10.0,9.0,53029.0,9047.0,134610.0,37815.0,17899.0,1766.0,26836.0,5340.0,16.0,229.0,4058.0,179.0,4645.023817227169
2025-02-06T00:00:00.000000,125.0,12,113,88.0,2.0,6.0,27075.0,6612.0,203229.0,47805.0,3788.0,530.0,18358.0,4484.0,8.0,259.0,1394.0,148.0,6112.415791292264
2025-02-07T00:00:00.000000,142.0,22,120,90.0,8.0,12.0,59009.0,10090.0,208191.0,51008.0,25398.0,4900.0,28475.0,4438.0,19.0,343.0,4927.0,245.0,4952.684771555484
2025-02-08T00:00:00.000000,97.0,11,86,70.0,4.0,5.0,32277.0,10327.0,162196.0,45106.0,17403.0,6511.0,10517.0,2742.0,15.0,209.0,1876.0,120.0,4892.918397675859
2025-02-09T00:00:00.000000,85.0,16,69,63.0,3.0,6.0,42234.0,9963.0,117832.0,29931.0,8501.0,2058.0,16821.0,3341.0,8.0,184.0,1969.0,156.0,3434.7016660001327
2025-02-10T00:00:00.000000,111.0,17,94,72.0,4.0,10.0,33142.0,5530.0,165894.0,41133.0,9093.0,680.0,18831.0,3894.0,17.0,200.0,2061.0,176.0,5592.623682282867
2025-02-11T00:00:00.000000,111.0,24,87,76.0,9.0,11.0,79148.0,18702.0,211298.0,46836.0,30336.0,6349.0,30525.0,6268.0,18.0,275.0,2864.0,175.0,4749.074659415453
2025-02-12T00:00:00.000000,110.0,19,91,93.0,7.0,8.0,53474.0,11271.0,184003.0,44662.0,24953.0,5037.0,20496.0,4440.0,9.0,284.0,1952.0,165.0,5048.995800548069
2025-02-13T00:00:00.000000,98.0,17,81,78.0,3.0,12.0,40284.0,7926.0,169420.0,30051.0,7133.0,1417.0,29497.0,5714.0,17.0,217.0,2341.0,177.0,4295.723082080677
2025-02-14T00:00:00.000000,94.0,24,70,75.0,11.0,7.0,55957.0,11200.0,116858.0,25182.0,26468.0,5367.0,15229.0,3806.0,9.0,271.0,2714.0,216.0,4369.923157516363
2025-02-15T00:00:00.000000,97.0,18,79,76.0,5.0,13.0,34022.0,7348.0,134044.0,33382.0,10238.0,2370.0,23784.0,4978.0,15.0,233.0,2112.0,159.0,4175.732266142668
2025-02-16T00:00:00.000000,116.0,15,101,75.0,5.0,6.0,32307.0,7806.0,190009.0,44774.0,8199.0,1614.0,16380.0,2484.0,7.0,218.0,2379.0,216.0,5386.699125139034
2025-02-17T00:00:00.000000,126.0,25,99,78.0,7.0,14.0,63888.0,11228.0,201505.0,48093.0,18364.0,4133.0,33808.0,5815.0,19.0,258.0,3468.0,206.0,5305.704513200616
2025-02-18T00:00:00.000000,105.0,25,78,73.0,6.0,16.0,77928.0,17840.0,143629.0,31103.0,14950.0,2997.0,46968.0,10118.0,21.0,264.0,4189.0,172.0,6577.299335429587
2025-02-19T00:00:00.000000,95.0,13,82,74.0,1.0,9.0,20919.0,4354.0,181493.0,38341.0,1261.0,30.0,15343.0,3737.0,14.0,189.0,2225.0,153.0,4959.502661608344
2025-02-20T00:00:00.000000,110.0,23,87,75.0,5.0,17.0,43213.0,8678.0,202730.0,47224.0,10666.0,2209.0,27604.0,5472.0,25.0,353.0,4268.0,184.0,5073.372110213932
2025-02-21T00:00:00.000000,100.0,16,84,76.0,3.0,6.0,43232.0,6103.0,151573.0,34962.0,8173.0,1103.0,16986.0,3588.0,6.0,205.0,3546.0,158.0,5107.415810925062
2025-02-22T00:00:00.000000,98.0,21,75,70.0,7.0,8.0,59061.0,10768.0,160882.0,34471.0,26864.0,6870.0,15310.0,2371.0,11.0,237.0,2242.0,202.0,4391.739879472769
2025-02-23T00:00:00.000000,84.0,12,72,64.0,4.0,7.0,34274.0,11304.0,135197.0,33500.0,13829.0,4244.0,17461.0,6217.0,12.0,184.0,2050.0,181.0,4873.0982066181095
2025-02-24T00:00:00.000000,91.0,21,70,67.0,6.0,10.0,58836.0,12870.0,197118.0,50705.0,19872.0,4718.0,17862.0,3463.0,13.0,245.0,3257.0,163.0,4516.161486278219
2025-02-25T00:00:00.000000,92.0,15,77,65.0,6.0,8.0,48381.0,11016.0,140103.0,37806.0,23518.0,5135.0,19108.0,4848.0,18.0,203.0,1918.0,159.0,3005.7585661933367
2025-02-26T00:00:00.000000,114.0,26,88,86.0,5.0,17.0,57940.0,16348.0,135299.0,30993.0,12515.0,3720.0,38737.0,9119.0,25.0,263.0,4323.0,232.0,4832.342871331251
2025-02-27T00:00:00.000000,111.0,23,88,80.0,3.0,16.0,50550.0,10499.0,177740.0,42862.0,6425.0,1545.0,36560.0,8028.0,23.0,287.0,3861.0,219.0,5490.975215726539
2025-02-28T00:00:00.000000,72.0,8,64,62.0,2.0,5.0,18846.0,3476.0,116510.0,25124.0,5423.0,1127.0,7589.0,1567.0,7.0,163.0,1433.0,121.0,3731.0178366535097
2025-03-01T00:00:00.000000,76.0,9,67,64.0,3.0,5.0,18606.0,2607.0,136218.0,34948.0,3041.0,568.0,12806.0,1790.0,5.0,132.0,820.0,109.0,3500.3981428403076
2025-03-02T00:00:00.000000,94.0,10,84,71.0,2.0,8.0,20599.0,7352.0,153331.0,38901.0,2960.0,750.0,17639.0,6602.0,14.0,276.0,4953.0,203.0,4764.575965348824
2025-03-03T00:00:00.000000,110.0,22,86,72.0,8.0,9.0,53089.0,12270.0,185890.0,43415.0,28045.0,4904.0,18005.0,5693.0,19.0,187.0,2664.0,180.0,4406.356871935495
2025-03-04T00:00:00.000000,109.0,19,90,65.0,3.0,16.0,35180.0,9908.0,165282.0,42460.0,6007.0,910.0,29173.0,8998.0,27.0,306.0,3312.0,143.0,4647.198053155513
2025-03-05T00:00:00.000000,105.0,17,88,70.0,2.0,13.0,32149.0,7751.0,234999.0,61004.0,3324.0,105.0,26984.0,7371.0,24.0,341.0,7007.0,134.0,5137.815742727403
2025-03-06T00:00:00.000000,104.0,28,76,76.0,9.0,12.0,59536.0,10487.0,133733.0,34664.0,26528.0,5620.0,26804.0,4099.0,20.0,258.0,4233.0,155.0,4638.518676524411
2025-03-07T00:00:00.000000,94.0,11,83,80.0,4.0,6.0,29095.0,6108.0,182034.0,42779.0,11629.0,2811.0,13444.0,2626.0,10.0,178.0,1136.0,135.0,4239.386147442394
2025-03-08T00:00:00.000000,91.0,14,77,57.0,3.0,5.0,33715.0,9996.0,165755.0,50546.0,5934.0,1416.0,12851.0,1140.0,7.0,215.0,3478.0,106.0,2955.0700582655963
2025-03-09T00:00:00.000000,98.0,16,82,79.0,7.0,8.0,36951.0,7938.0,167718.0,46055.0,22959.0,5253.0,12073.0,2544.0,10.0,191.0,1820.0,134.0,4398.443024812306
2025-03-10T00:00:00.000000,97.0,16,81,77.0,2.0,8.0,53609.0,9269.0,153193.0,37693.0,7194.0,577.0,29259.0,5289.0,11.0,292.0,2476.0,177.0,4121.647628352299
2025-03-11T00:00:00.000000,93.0,13,80,63.0,4.0,7.0,31387.0,7630.0,190704.0,61228.0,12482.0,3779.0,11793.0,2027.0,8.0,211.0,1688.0,116.0,2474.173869713229
2025-03-12T00:00:00.000000,90.0,14,76,68.0,6.0,7.0,38360.0,8919.0,142964.0,37658.0,18001.0,5236.0,12554.0,2270.0,16.0,290.0,2271.0,137.0,4238.270861581527
2025-03-13T00:00:00.000000,85.0,12,73,60.0,7.0,5.0,23207.0,6197.0,154007.0,36100.0,12068.0,2527.0,11139.0,3670.0,7.0,180.0,1474.0,105.0,4182.989636309532
2025-03-14T00:00:00.000000,80.0,11,69,65.0,5.0,3.0,24354.0,7072.0,116870.0,31305.0,11285.0,3332.0,7258.0,951.0,4.0,163.0,1481.0,135.0,3304.9527424482458
2025-03-15T00:00:00.000000,94.0,17,77,69.0,6.0,7.0,39019.0,11950.0,157237.0,41021.0,8584.0,1162.0,17372.0,5160.0,13.0,193.0,2267.0,109.0,3407.7522335309277
2025-03-16T00:00:00.000000,92.0,14,78,69.0,2.0,9.0,33060.0,2912.0,152177.0,36060.0,3829.0,339.0,24645.0,2219.0,10.0,263.0,2851.0,182.0,4496.459531966095
2025-03-17T00:00:00.000000,80.0,11,69,63.0,0.0,6.0,17823.0,3134.0,152552.0,24222.0,0.0,0.0,8782.0,1318.0,8.0,146.0,1584.0,115.0,3581.7881293526175
2025-03-18T00:00:00.000000,99.0,13,86,71.0,2.0,4.0,41428.0,4948.0,156847.0,39681.0,10175.0,595.0,12907.0,2145.0,4.0,226.0,2158.0,153.0,5173.798341776145
2025-03-19T00:00:00.000000,76.0,11,65,62.0,2.0,7.0,24698.0,3838.0,130480.0,30359.0,4463.0,903.0,14315.0,1717.0,10.0,149.0,1030.0,120.0,3824.85567018424
2025-03-20T00:00:00.000000,98.0,18,80,74.0,2.0,15.0,38146.0,8343.0,181395.0,38935.0,4596.0,985.0,31193.0,5726.0,18.0,239.0,1970.0,155.0,4724.436043812622
2025-03-21T00:00:00.000000,98.0,18,80,62.0,4.0,9.0,53607.0,19507.0,153809.0,47268.0,8850.0,627.0,31271.0,11660.0,20.0,213.0,2925.0,126.0,3857.4537393188766
2025-03-22T00:00:00.000000,90.0,16,74,68.0,5.0,9.0,32176.0,7229.0,147352.0,39272.0,14835.0,2016.0,11027.0,2823.0,15.0,141.0,1922.0,149.0,3413.4740800922227
2025-03-23T00:00:00.000000,81.0,8,73,54.0,3.0,4.0,12227.0,3745.0,134212.0,38034.0,3432.0,1045.0,7586.0,2370.0,6.0,127.0,779.0,72.0,2025.610247849737
2025-03-24T00:00:00.000000,117.0,25,92,71.0,4.0,18.0,56810.0,11198.0,172513.0,44769.0,11082.0,3171.0,31816.0,4569.0,27.0,259.0,4571.0,188.0,4234.507554566764
2025-03-25T00:00:00.000000,127.0,21,106,88.0,4.0,12.0,38883.0,6489.0,212127.0,43272.0,9067.0,1383.0,21710.0,2829.0,15.0,230.0,2472.0,160.0,6520.465089093615
2025-03-26T00:00:00.000000,90.0,33,57,70.0,15.0,11.0,80826.0,18762.0,98625.0,18588.0,46536.0,11999.0,18748.0,3477.0,11.0,167.0,3923.0,113.0,4360.887768327054
2025-03-27T00:00:00.000000,101.0,13,88,76.0,5.0,6.0,33066.0,7965.0,190058.0,41217.0,13504.0,3896.0,11540.0,3209.0,10.0,224.0,1728.0,172.0,4515.349013713223
2025-03-28T00:00:00.000000,93.0,14,79,69.0,5.0,7.0,28428.0,4282.0,142218.0,40702.0,7954.0,1195.0,18557.0,2800.0,9.0,171.0,1483.0,165.0,4443.21542172514
2025-03-29T00:00:00.000000,73.0,13,60,56.0,2.0,7.0,31880.0,4419.0,147518.0,27331.0,6464.0,930.0,15767.0,2824.0,11.0,178.0,2396.0,101.0,3312.4903883441
2025-03-30T00:00:00.000000,108.0,15,93,70.0,2.0,9.0,26170.0,5420.0,179013.0,39979.0,2328.0,383.0,13571.0,3113.0,14.0,216.0,4021.0,138.0,4751.366111651281
2025-03-31T00:00:00.000000,84.0,16,68,60.0,5.0,9.0,33543.0,8337.0,109524.0,22177.0,20000.0,5030.0,11761.0,2925.0,15.0,140.0,2099.0,106.0,3606.976497173645
2025-04-01T00:00:00.000000,67.0,11,56,52.0,4.0,6.0,36840.0,6583.0,113013.0,34269.0,13126.0,2180.0,21772.0,4288.0,6.0,170.0,1525.0,100.0,3107.486659878569
2025-04-02T00:00:00.000000,88.0,15,73,71.0,6.0,1.0,50023.0,13345.0,140574.0,33762.0,18725.0,4865.0,3250.0,1116.0,2.0,159.0,1650.0,132.0,4379.113581968786
2025-04-03T00:00:00.000000,89.0,18,71,65.0,6.0,7.0,36753.0,8745.0,141490.0,32082.0,17975.0,4295.0,12936.0,3510.0,14.0,218.0,3159.0,161.0,3068.9192728371913
2025-04-04T00:00:00.000000,87.0,19,68,70.0,4.0,13.0,40694.0,11280.0,136239.0,38532.0,6686.0,623.0,28001.0,7715.0,24.0,289.0,3384.0,206.0,2665.5066020118497
2025-04-05T00:00:00.000000,71.0,7,64,56.0,3.0,3.0,36928.0,8130.0,116496.0,31801.0,25314.0,5687.0,10718.0,2358.0,4.0,130.0,1024.0,97.0,3491.2710681802423
2025-04-06T00:00:00.000000,76.0,11,65,48.0,5.0,6.0,24455.0,5567.0,132524.0,31981.0,12594.0,2700.0,11861.0,2867.0,14.0,137.0,1134.0,98.0,3486.35585470213
2025-04-07T00:00:00.000000,98.0,23,75,76.0,6.0,14.0,44912.0,9012.0,147187.0,37130.0,14588.0,3170.0,27770.0,5562.0,19.0,216.0,3337.0,163.0,4734.664448150992
2025-04-08T00:00:00.000000,88.0,18,70,73.0,7.0,9.0,47700.0,11472.0,133609.0,44468.0,14664.0,2529.0,30630.0,8479.0,18.0,151.0,2280.0,138.0,3092.18111655274
2025-04-09T00:00:00.000000,93.0,13,80,79.0,3.0,7.0,28157.0,5113.0,142553.0,29669.0,12265.0,2005.0,11372.0,2260.0,10.0,208.0,2041.0,144.0,5137.910033815915
2025-04-10T00:00:00.000000,110.0,28,82,77.0,7.0,14.0,70585.0,15638.0,175088.0,46625.0,16601.0,3795.0,34755.0,5977.0,24.0,267.0,4231.0,148.0,5134.073749082188
2025-04-11T00:00:00.000000,73.0,16,57,60.0,6.0,8.0,32740.0,5679.0,126776.0,31721.0,18036.0,3826.0,11624.0,1807.0,10.0,146.0,1611.0,86.0,3532.528264773815
2025-04-12T00:00:00.000000,74.0,12,62,62.0,4.0,6.0,19300.0,4039.0,109718.0,23871.0,4517.0,745.0,11367.0,2355.0,7.0,202.0,2093.0,98.0,3958.1345005308963
2025-04-13T00:00:00.000000,80.0,17,63,60.0,3.0,12.0,29169.0,6402.0,122609.0,30417.0,5080.0,678.0,19437.0,4672.0,28.0,174.0,6153.0,113.0,3692.3816074516967
2025-04-14T00:00:00.000000,92.0,28,64,72.0,7.0,16.0,62909.0,14105.0,116994.0,27383.0,26771.0,6643.0,24569.0,5195.0,24.0,201.0,3570.0,128.0,4037.937776815007
2025-04-15T00:00:00.000000,89.0,11,78,72.0,7.0,4.0,31784.0,5602.0,161113.0,43269.0,15563.0,2997.0,16221.0,2605.0,9.0,300.0,7751.0,139.0,4088.6978340077158
2025-04-16T00:00:00.000000,89.0,19,70,64.0,8.0,8.0,43438.0,9947.0,162208.0,38241.0,18988.0,5045.0,22929.0,4767.0,11.0,267.0,2353.0,209.0,3786.8630327854526
2025-04-17T00:00:00.000000,82.0,17,65,57.0,7.0,7.0,48875.0,8257.0,159050.0,42429.0,28051.0,3297.0,16131.0,4290.0,10.0,174.0,1981.0,97.0,3732.0439264512756
2025-04-18T00:00:00.000000,70.0,13,57,58.0,3.0,6.0,36745.0,6868.0,122564.0,28466.0,9535.0,1136.0,14506.0,3150.0,10.0,135.0,1475.0,102.0,3403.4268632161825
2025-04-19T00:00:00.000000,62.0,9,53,51.0,3.0,2.0,33058.0,6526.0,105806.0,25437.0,6112.0,1330.0,6568.0,1253.0,2.0,133.0,1484.0,71.0,3557.2440884729917
2025-04-20T00:00:00.000000,65.0,16,49,49.0,8.0,6.0,48950.0,9753.0,125034.0,31376.0,26309.0,3797.0,19817.0,5718.0,13.0,205.0,5849.0,195.0,3175.254388771152
2025-04-21T00:00:00.000000,69.0,11,58,59.0,0.0,5.0,26706.0,6187.0,113972.0,26604.0,0.0,0.0,15668.0,3959.0,5.0,138.0,1164.0,113.0,3528.641440286929
2025-04-22T00:00:00.000000,88.0,19,69,64.0,6.0,13.0,38199.0,7555.0,163273.0,36394.0,12208.0,1980.0,25991.0,5575.0,14.0,259.0,2480.0,135.0,4219.538130533456
2025-04-23T00:00:00.000000,82.0,15,67,66.0,4.0,8.0,46999.0,8370.0,148316.0,37749.0,13538.0,2535.0,16419.0,2765.0,8.0,176.0,2092.0,164.0,3286.32194664357
2025-04-24T00:00:00.000000,81.0,14,67,59.0,3.0,8.0,35195.0,8070.0,136093.0,36407.0,6616.0,1187.0,19016.0,3911.0,9.0,140.0,1530.0,134.0,4222.9338619440205
2025-04-25T00:00:00.000000,66.0,10,56,59.0,3.0,7.0,19432.0,5513.0,123535.0,29834.0,5829.0,749.0,13603.0,4764.0,16.0,158.0,2399.0,100.0,3262.596590265348
2025-04-26T00:00:00.000000,74.0,14,60,59.0,3.0,9.0,20656.0,4156.0,109336.0,30596.0,4693.0,879.0,12315.0,2963.0,13.0,171.0,3570.0,105.0,3603.617210107158
2025-04-27T00:00:00.000000,82.0,14,68,61.0,5.0,9.0,35110.0,6047.0,144365.0,34906.0,15611.0,2113.0,19499.0,3934.0,16.0,229.0,2225.0,126.0,4756.514638622009
2025-04-28T00:00:00.000000,62.0,13,49,49.0,4.0,7.0,43831.0,16408.0,108254.0,29073.0,7672.0,1200.0,33090.0,14733.0,11.0,166.0,3424.0,117.0,3070.7808607076877
2025-04-29T00:00:00.000000,88.0,21,67,69.0,11.0,7.0,45598.0,8210.0,142440.0,36176.0,28058.0,6618.0,14006.0,1178.0,10.0,257.0,2553.0,132.0,4303.35750071893
2025-04-30T00:00:00.000000,89.0,20,69,72.0,7.0,6.0,35548.0,7511.0,160055.0,49178.0,18375.0,3023.0,8514.0,1826.0,7.0,223.0,2384.0,134.0,3829.0320926310583
2025-05-01T00:00:00.000000,57.0,10,47,47.0,5.0,3.0,36385.0,7457.0,120838.0,30095.0,9494.0,1876.0,16817.0,4509.0,3.0,115.0,911.0,130.0,2487.8212666466598
2025-05-02T00:00:00.000000,76.0,13,63,65.0,2.0,10.0,33457.0,5931.0,114909.0,30751.0,7842.0,1305.0,23271.0,4124.0,14.0,169.0,2506.0,124.0,3946.426423790043
2025-05-03T00:00:00.000000,63.0,11,52,56.0,4.0,2.0,39576.0,6272.0,107908.0,27790.0,21070.0,4467.0,6123.0,901.0,4.0,174.0,1668.0,147.0,2428.252574684118
2025-05-04T00:00:00.000000,88.0,19,69,68.0,4.0,11.0,46289.0,10080.0,131763.0,33669.0,13563.0,2430.0,24476.0,6042.0,20.0,338.0,3334.0,134.0,4533.9299291172665
2025-05-05T00:00:00.000000,93.0,20,73,71.0,4.0,6.0,41703.0,7722.0,131445.0,36435.0,10224.0,1300.0,10259.0,2910.0,12.0,191.0,3139.0,161.0,4515.283369640361
2025-05-06T00:00:00.000000,95.0,9,86,74.0,2.0,5.0,18774.0,5008.0,160833.0,53193.0,5841.0,1414.0,7088.0,1391.0,5.0,262.0,1172.0,140.0,4237.068291518471
2025-05-07T00:00:00.000000,79.0,12,67,64.0,2.0,9.0,22685.0,3189.0,140402.0,36001.0,5128.0,266.0,13941.0,2200.0,14.0,227.0,4074.0,150.0,2832.1247738853885
2025-05-08T00:00:00.000000,83.0,18,65,59.0,3.0,10.0,27774.0,4605.0,126221.0,25736.0,5313.0,949.0,15517.0,2350.0,13.0,170.0,2705.0,149.0,4084.558136205579
2025-05-09T00:00:00.000000,65.0,7,58,61.0,3.0,4.0,13586.0,2259.0,130886.0,33993.0,6919.0,1825.0,6667.0,434.0,6.0,134.0,785.0,72.0,2881.7429970197663
2025-05-10T00:00:00.000000,68.0,15,53,52.0,4.0,9.0,37316.0,7403.0,112808.0,23962.0,13345.0,3472.0,20327.0,2785.0,10.0,136.0,2796.0,84.0,3501.920789787143
2025-05-11T00:00:00.000000,73.0,7,66,58.0,1.0,5.0,12803.0,3450.0,134307.0,28102.0,1558.0,288.0,10137.0,2648.0,7.0,134.0,823.0,90.0,3289.985257239303
2025-05-12T00:00:00.000000,81.0,9,72,68.0,2.0,5.0,21403.0,4387.0,111523.0,27308.0,7885.0,1873.0,11187.0,2020.0,8.0,227.0,967.0,104.0,4390.787321038014
2025-05-13T00:00:00.000000,78.0,13,65,60.0,4.0,5.0,16980.0,2082.0,147484.0,35022.0,3316.0,296.0,7419.0,1086.0,6.0,193.0,1202.0,147.0,4180.630934330371
2025-05-14T00:00:00.000000,76.0,15,61,67.0,6.0,6.0,28935.0,6325.0,108700.0,25084.0,11710.0,2858.0,13117.0,2600.0,7.0,183.0,1409.0,134.0,3476.691180248796
2025-05-15T00:00:00.000000,72.0,9,63,59.0,1.0,4.0,19190.0,4385.0,111892.0,30614.0,2363.0,383.0,5813.0,1296.0,7.0,130.0,1147.0,58.0,3261.270690388884
2025-05-16T00:00:00.000000,75.0,18,57,61.0,6.0,7.0,31607.0,6373.0,118401.0,31420.0,9705.0,1568.0,11120.0,2600.0,10.0,159.0,1750.0,157.0,4313.313605794482
2025-05-17T00:00:00.000000,41.0,8,33,39.0,3.0,4.0,16905.0,2345.0,62723.0,17017.0,3900.0,842.0,5706.0,922.0,6.0,95.0,1188.0,99.0,2284.3110776138274
2025-05-18T00:00:00.000000,87.0,18,69,70.0,4.0,13.0,38719.0,6680.0,198105.0,51243.0,15630.0,2182.0,21430.0,4155.0,25.0,264.0,5177.0,146.0,4408.174536799591
2025-05-19T00:00:00.000000,80.0,15,65,60.0,3.0,8.0,32227.0,12520.0,135050.0,35012.0,5940.0,1036.0,21122.0,10690.0,21.0,300.0,6537.0,134.0,3599.9695206927117
2025-05-20T00:00:00.000000,89.0,29,60,65.0,9.0,11.0,54529.0,16875.0,109355.0,32508.0,19299.0,5348.0,16176.0,5078.0,18.0,218.0,3700.0,145.0,4028.4127110528543
2025-05-21T00:00:00.000000,81.0,19,62,58.0,6.0,11.0,48512.0,11578.0,127491.0,32303.0,17426.0,4418.0,25045.0,6253.0,15.0,191.0,2693.0,123.0,4675.827530775507
2025-05-22T00:00:00.000000,103.0,21,82,75.0,5.0,10.0,37535.0,10879.0,188411.0,51343.0,9108.0,997.0,17816.0,6278.0,16.0,225.0,2896.0,235.0,5468.686386687074
2025-05-23T00:00:00.000000,82.0,11,71,64.0,3.0,8.0,24399.0,7389.0,115362.0,31600.0,10957.0,1729.0,13442.0,5660.0,14.0,224.0,1801.0,128.0,4183.854394798891
2025-05-24T00:00:00.000000,64.0,13,51,51.0,1.0,10.0,31718.0,12944.0,84387.0,21390.0,2308.0,311.0,24851.0,11541.0,20.0,154.0,3366.0,124.0,2699.798588022426
2025-05-25T00:00:00.000000,71.0,10,61,58.0,2.0,8.0,24962.0,5196.0,173987.0,35415.0,3991.0,417.0,20971.0,4779.0,23.0,225.0,5556.0,77.0,3336.1986253209766
2025-05-26T00:00:00.000000,75.0,15,60,61.0,4.0,8.0,41897.0,10395.0,163029.0,37802.0,9990.0,2276.0,24017.0,5521.0,12.0,186.0,1730.0,137.0,3644.470481780968
2025-05-27T00:00:00.000000,80.0,10,70,60.0,2.0,5.0,18295.0,2030.0,122824.0,33311.0,4843.0,561.0,6631.0,1051.0,6.0,143.0,1191.0,176.0,3953.4572873447137
2025-05-28T00:00:00.000000,70.0,18,52,60.0,6.0,10.0,28237.0,5912.0,107763.0,27413.0,9006.0,2075.0,14770.0,3550.0,22.0,245.0,5079.0,141.0,3761.406907569636
2025-05-29T00:00:00.000000,74.0,19,55,62.0,8.0,7.0,38010.0,9413.0,122032.0,29175.0,10926.0,2041.0,20834.0,6379.0,11.0,205.0,2428.0,103.0,3342.7438888213132
2025-05-30T00:00:00.000000,84.0,15,69,66.0,5.0,5.0,32302.0,6805.0,147571.0,33731.0,8717.0,1315.0,12064.0,3002.0,6.0,206.0,2288.0,139.0,3643.0504950711943
2025-05-31T00:00:00.000000,58.0,9,49,47.0,6.0,2.0,18157.0,3021.0,139019.0,39100.0,13315.0,2207.0,2993.0,554.0,2.0,156.0,1047.0,98.0,2534.4557313610385
2025-06-01T00:00:00.000000,73.0,14,59,53.0,2.0,10.0,28193.0,7047.0,144053.0,37683.0,2228.0,310.0,22893.0,6615.0,14.0,164.0,1839.0,152.0,2582.2502490065285
2025-06-02T00:00:00.000000,64.0,10,54,58.0,5.0,5.0,16841.0,3227.0,111160.0,33033.0,10670.0,2279.0,6171.0,948.0,12.0,181.0,1962.0,94.0,3193.906692404448
2025-06-03T00:00:00.000000,73.0,18,55,54.0,3.0,10.0,52847.0,13775.0,105742.0,27527.0,12276.0,5870.0,25479.0,4483.0,13.0,154.0,2043.0,142.0,3468.8981347953
2025-06-04T00:00:00.000000,82.0,17,65,60.0,9.0,6.0,55267.0,14024.0,130034.0,32081.0,36914.0,9936.0,9967.0,1024.0,12.0,183.0,3047.0,219.0,4384.325695401463
2025-06-05T00:00:00.000000,91.0,27,64,62.0,8.0,14.0,46793.0,11963.0,106922.0,34917.0,13356.0,2615.0,20858.0,4298.0,22.0,212.0,4341.0,160.0,4492.148536425454
2025-06-06T00:00:00.000000,97.0,10,87,77.0,0.0,7.0,28577.0,3873.0,182778.0,48614.0,0.0,0.0,16748.0,2316.0,8.0,273.0,1447.0,158.0,4395.143753152324
2025-06-07T00:00:00.000000,72.0,17,55,59.0,6.0,7.0,56966.0,13486.0,122614.0,34729.0,10423.0,1993.0,17657.0,3174.0,11.0,189.0,4960.0,156.0,3398.70852512202
2025-06-08T00:00:00.000000,83.0,22,61,53.0,5.0,12.0,55838.0,11777.0,114105.0,31054.0,16607.0,3124.0,26643.0,5269.0,23.0,208.0,4504.0,171.0,3939.328719298453
2025-06-09T00:00:00.000000,77.0,12,65,53.0,4.0,6.0,22892.0,7912.0,129293.0,29453.0,11122.0,6521.0,9281.0,1084.0,12.0,150.0,1895.0,127.0,2793.98688812709
2025-06-10T00:00:00.000000,90.0,16,74,69.0,8.0,7.0,22685.0,4327.0,130729.0,34457.0,11208.0,2297.0,10872.0,2030.0,9.0,158.0,1175.0,99.0,4030.8686882362135
2025-06-11T00:00:00.000000,80.0,18,62,62.0,6.0,7.0,46626.0,16397.0,129458.0,31273.0,18081.0,5395.0,12789.0,4184.0,10.0,246.0,3348.0,146.0,3756.639157662993
2025-06-12T00:00:00.000000,101.0,21,80,72.0,6.0,10.0,46961.0,9613.0,169817.0,43651.0,13795.0,2199.0,18682.0,3539.0,15.0,251.0,1791.0,160.0,4679.90294425818
2025-06-13T00:00:00.000000,67.0,15,52,60.0,7.0,8.0,38825.0,9564.0,104752.0,25933.0,18591.0,4511.0,20234.0,5053.0,13.0,136.0,2264.0,95.0,2965.0240645606605
2025-06-14T00:00:00.000000,53.0,11,42,45.0,3.0,4.0,19473.0,2849.0,72033.0,18977.0,7158.0,978.0,4197.0,942.0,8.0,105.0,1770.0,99.0,2481.924895014675
2025-06-15T00:00:00.000000,78.0,16,62,53.0,6.0,8.0,28906.0,6137.0,144759.0,35164.0,13890.0,4087.0,8663.0,1783.0,14.0,184.0,2004.0,183.0,2637.349915342161
2025-06-16T00:00:00.000000,99.0,16,83,70.0,7.0,6.0,32248.0,5433.0,176171.0,39831.0,17557.0,3296.0,8385.0,1219.0,8.0,242.0,1562.0,122.0,4938.7321630761935
2025-06-17T00:00:00.000000,84.0,20,64,58.0,4.0,13.0,37023.0,9014.0,151905.0,33845.0,5794.0,1602.0,22147.0,5875.0,33.0,197.0,3673.0,104.0,3507.536250743113
2025-06-18T00:00:00.000000,109.0,26,83,73.0,7.0,17.0,65137.0,16935.0,172894.0,49513.0,14804.0,3281.0,39881.0,8134.0,27.0,305.0,3382.0,149.0,3187.6303561635023
2025-06-19T00:00:00.000000,92.0,25,67,64.0,7.0,12.0,59986.0,12229.0,151607.0,45736.0,11186.0,1618.0,32854.0,7255.0,18.0,235.0,3425.0,161.0,3620.2120604578736
2025-06-20T00:00:00.000000,87.0,19,68,64.0,5.0,11.0,37164.0,6929.0,160435.0,49381.0,8077.0,1609.0,16580.0,2977.0,16.0,192.0,2037.0,131.0,3328.1917676884923
2025-06-21T00:00:00.000000,69.0,11,58,59.0,4.0,7.0,23362.0,4599.0,136996.0,28115.0,5491.0,635.0,17871.0,3964.0,10.0,147.0,1023.0,76.0,3604.7329439756913
2025-06-22T00:00:00.000000,69.0,9,60,55.0,4.0,4.0,20325.0,3593.0,154472.0,39107.0,5663.0,749.0,12610.0,2421.0,4.0,135.0,1156.0,91.0,3309.0018878722735
2025-06-23T00:00:00.000000,67.0,12,55,50.0,3.0,7.0,33683.0,8833.0,110526.0,34749.0,4754.0,1388.0,21838.0,6689.0,12.0,133.0,1402.0,95.0,1922.8296535425497
2025-06-24T00:00:00.000000,95.0,21,74,65.0,5.0,14.0,44925.0,10691.0,229501.0,51591.0,8911.0,642.0,29698.0,9123.0,17.0,202.0,3117.0,142.0,3743.4915613329463
2025-06-25T00:00:00.000000,70.0,20,50,59.0,5.0,12.0,64707.0,17929.0,106820.0,26300.0,10253.0,2534.0,46852.0,14237.0,18.0,163.0,3048.0,104.0,2505.0390168311146
2025-06-26T00:00:00.000000,74.0,9,65,52.0,1.0,8.0,21834.0,4819.0,158276.0,40847.0,3961.0,447.0,17873.0,4372.0,14.0,258.0,1345.0,95.0,2311.77204258695
2025-06-27T00:00:00.000000,71.0,14,57,60.0,3.0,8.0,40515.0,9789.0,115853.0,30119.0,6713.0,1249.0,30746.0,8215.0,11.0,147.0,1826.0,79.0,3447.8546339036257
2025-06-28T00:00:00.000000,46.0,11,35,34.0,4.0,4.0,32551.0,8954.0,61449.0,19337.0,10568.0,3670.0,15894.0,3713.0,6.0,94.0,1957.0,63.0,1226.409093722837
2025-06-29T00:00:00.000000,78.0,10,68,58.0,4.0,3.0,35858.0,6410.0,120011.0,31702.0,21694.0,4127.0,5920.0,803.0,3.0,193.0,1633.0,134.0,4150.307781694318
2025-06-30T00:00:00.000000,76.0,15,61,60.0,4.0,8.0,22801.0,4842.0,123446.0,36565.0,6294.0,1865.0,9038.0,1505.0,9.0,207.0,4095.0,114.0,3855.1240374996455
2025-07-01T00:00:00.000000,98.0,27,71,68.0,8.0,14.0,60878.0,16428.0,143605.0,36379.0,27755.0,7838.0,21331.0,5953.0,18.0,178.0,2535.0,164.0,4692.6226326186115
2025-07-02T00:00:00.000000,93.0,18,75,61.0,3.0,12.0,29321.0,6322.0,203632.0,36141.0,9368.0,1830.0,16251.0,3797.0,17.0,169.0,1881.0,122.0,3560.4917080698483
2025-07-03T00:00:00.000000,76.0,17,59,51.0,5.0,11.0,62984.0,10111.0,148636.0,31180.0,32610.0,3736.0,30035.0,6375.0,20.0,146.0,3117.0,136.0,2693.849380864335
2025-07-04T00:00:00.000000,65.0,8,57,52.0,6.0,1.0,17517.0,3122.0,134891.0,33964.0,14942.0,2375.0,1975.0,608.0,1.0,92.0,766.0,91.0,3254.219241572342
2025-07-05T00:00:00.000000,39.0,6,33,32.0,2.0,2.0,10722.0,2378.0,69477.0,16276.0,2597.0,739.0,2591.0,569.0,2.0,69.0,611.0,46.0,1936.8479652509382
2025-07-06T00:00:00.000000,66.0,12,54,50.0,1.0,5.0,25084.0,5382.0,112535.0,28768.0,2974.0,397.0,9659.0,881.0,9.0,147.0,2342.0,109.0,2940.7033114183864
2025-07-07T00:00:00.000000,76.0,14,62,54.0,7.0,3.0,51957.0,9091.0,136056.0,27822.0,29180.0,7302.0,4391.0,578.0,4.0,225.0,4790.0,144.0,3373.8539045088264
2025-07-08T00:00:00.000000,69.0,16,53,52.0,5.0,7.0,50090.0,13366.0,138356.0,33168.0,14352.0,1426.0,20941.0,5187.0,11.0,150.0,2470.0,108.0,2848.781424718199
2025-07-09T00:00:00.000000,71.0,10,61,57.0,4.0,4.0,30252.0,8543.0,124773.0,31883.0,19170.0,7162.0,6542.0,694.0,5.0,162.0,893.0,100.0,3446.7432486971684
2025-07-10T00:00:00.000000,64.0,11,53,52.0,4.0,4.0,18763.0,4216.0,109333.0,29986.0,5304.0,1180.0,7015.0,1515.0,4.0,124.0,1242.0,96.0,3021.7543427089454
2025-07-11T00:00:00.000000,77.0,10,67,60.0,3.0,5.0,29286.0,5807.0,126650.0,20811.0,8634.0,1388.0,13101.0,2796.0,11.0,252.0,1392.0,119.0,3497.5753279267437
2025-07-12T00:00:00.000000,71.0,16,55,48.0,7.0,7.0,43427.0,10061.0,107023.0,28924.0,22652.0,4339.0,13895.0,3127.0,8.0,161.0,2001.0,112.0,2942.1337611550894
2025-07-13T00:00:00.000000,53.0,9,44,36.0,3.0,2.0,17384.0,2785.0,81521.0,20407.0,7212.0,1232.0,5400.0,739.0,2.0,80.0,1215.0,68.0,2403.2492512367817
2025-07-14T00:00:00.000000,89.0,10,79,59.0,2.0,6.0,26875.0,4123.0,135444.0,31676.0,9315.0,1409.0,14160.0,1834.0,6.0,209.0,838.0,102.0,5065.78842160371
2025-07-15T00:00:00.000000,70.0,14,56,47.0,6.0,6.0,36842.0,8025.0,145050.0,49783.0,15064.0,3848.0,18758.0,3688.0,12.0,199.0,2253.0,140.0,1448.0476400920288
2025-07-16T00:00:00.000000,79.0,16,63,56.0,0.0,7.0,26431.0,4089.0,131373.0,30266.0,0.0,0.0,13174.0,2101.0,11.0,383.0,3690.0,176.0,3506.3857812309725
2025-07-17T00:00:00.000000,62.0,8,54,42.0,3.0,4.0,14750.0,2882.0,138055.0,32856.0,5698.0,1200.0,6825.0,1184.0,4.0,156.0,644.0,104.0,2800.3356125337336
2025-07-18T00:00:00.000000,63.0,18,45,46.0,3.0,9.0,34806.0,8576.0,85937.0,23042.0,4397.0,417.0,21247.0,4196.0,13.0,144.0,1945.0,124.0,2561.9026424434664
2025-07-19T00:00:00.000000,113.0,19,94,64.0,7.0,9.0,66493.0,12785.0,189877.0,50861.0,20224.0,5488.0,31348.0,4612.0,27.0,387.0,15511.0,225.0,4851.398759584646
2025-07-20T00:00:00.000000,80.0,10,70,46.0,3.0,3.0,29435.0,6945.0,150814.0,38627.0,7422.0,1907.0,13959.0,2689.0,6.0,199.0,3751.0,68.0,3790.834586908806
2025-07-21T00:00:00.000000,83.0,17,66,54.0,2.0,7.0,41956.0,10003.0,173828.0,43142.0,10088.0,2619.0,14402.0,3045.0,12.0,268.0,5453.0,115.0,4241.824988928723
2025-07-22T00:00:00.000000,83.0,14,69,65.0,6.0,6.0,31404.0,8179.0,140880.0,41255.0,20629.0,6083.0,9128.0,1817.0,9.0,152.0,1469.0,108.0,2939.4273245897416
2025-07-23T00:00:00.000000,75.0,6,69,55.0,2.0,1.0,12387.0,1991.0,155289.0,38438.0,4144.0,710.0,1495.0,87.0,1.0,186.0,460.0,97.0,3286.6890582721926
2025-07-24T00:00:00.000000,51.0,6,45,39.0,2.0,3.0,14886.0,2856.0,95251.0,22568.0,7100.0,1341.0,6274.0,1206.0,4.0,124.0,852.0,73.0,2462.314026996243
2025-07-25T00:00:00.000000,75.0,15,60,57.0,4.0,7.0,36439.0,7484.0,122130.0,30186.0,10803.0,1505.0,15749.0,3246.0,14.0,176.0,2312.0,134.0,3310.8271947405733
2025-07-26T00:00:00.000000,74.0,11,63,47.0,5.0,3.0,37084.0,4860.0,153754.0,42748.0,21288.0,2113.0,5821.0,1215.0,3.0,171.0,1221.0,149.0,3202.412782439835
2025-07-27T00:00:00.000000,82.0,13,69,59.0,2.0,10.0,32209.0,11042.0,168572.0,59414.0,4131.0,769.0,24621.0,9460.0,14.0,205.0,1186.0,127.0,4226.91295048015
2025-07-28T00:00:00.000000,80.0,15,65,63.0,2.0,9.0,71687.0,25060.0,142302.0,31724.0,7315.0,2406.0,47483.0,17791.0,12.0,213.0,2070.0,147.0,3333.456693224619
2025-07-29T00:00:00.000000,104.0,23,81,70.0,3.0,18.0,57781.0,10430.0,163093.0,39103.0,7463.0,2174.0,43425.0,7198.0,30.0,214.0,4147.0,150.0,4395.707856875162
2025-07-30T00:00:00.000000,81.0,13,68,60.0,1.0,8.0,29489.0,6965.0,122646.0,30033.0,239.0,0.0,23184.0,5788.0,18.0,211.0,2457.0,122.0,3997.1105634917285
2025-07-31T00:00:00.000000,95.0,17,78,62.0,5.0,9.0,44999.0,9266.0,138740.0,33336.0,19441.0,3221.0,19171.0,4730.0,19.0,244.0,2893.0,150.0,4283.880723782632
2025-08-01T00:00:00.000000,87.0,19,68,60.0,5.0,9.0,50503.0,9047.0,126457.0,31488.0,16774.0,3854.0,23336.0,4118.0,13.0,226.0,2540.0,138.0,3959.9692308454432
2025-08-02T00:00:00.000000,79.0,14,65,55.0,2.0,7.0,45810.0,13616.0,161870.0,37982.0,3215.0,492.0,23973.0,6005.0,16.0,206.0,1913.0,140.0,2869.368060232489
2025-08-03T00:00:00.000000,72.0,13,59,49.0,5.0,6.0,32727.0,10372.0,146020.0,33234.0,12613.0,3068.0,9158.0,2767.0,11.0,182.0,2488.0,102.0,3478.8135871745867
2025-08-04T00:00:00.000000,69.0,13,56,47.0,4.0,2.0,44379.0,9031.0,122842.0,29662.0,15592.0,3279.0,4107.0,541.0,2.0,223.0,1655.0,142.0,3106.627784123567
2025-08-05T00:00:00.000000,78.0,18,60,58.0,5.0,7.0,33681.0,7863.0,151056.0,34781.0,10786.0,2331.0,13955.0,3195.0,11.0,173.0,2425.0,143.0,3151.3386915544284
2025-08-06T00:00:00.000000,71.0,12,59,59.0,4.0,8.0,27834.0,5438.0,97599.0,23797.0,10797.0,2370.0,17037.0,3068.0,10.0,160.0,954.0,116.0,3560.7828344312716
2025-08-07T00:00:00.000000,66.0,6,60,56.0,2.0,2.0,10957.0,1967.0,113154.0,25780.0,5685.0,1001.0,2948.0,332.0,3.0,180.0,2126.0,80.0,3576.4499321691223
2025-08-08T00:00:00.000000,65.0,6,59,55.0,3.0,2.0,14072.0,3095.0,142570.0,43747.0,7830.0,1963.0,4888.0,796.0,2.0,170.0,541.0,148.0,3472.7713908289575
2025-08-09T00:00:00.000000,57.0,12,45,44.0,3.0,5.0,60336.0,22644.0,84532.0,22139.0,24719.0,11978.0,26503.0,7494.0,12.0,151.0,2438.0,104.0,2823.0357289770413
2025-08-10T00:00:00.000000,59.0,12,47,43.0,5.0,4.0,26032.0,6821.0,97883.0,26544.0,5196.0,987.0,10703.0,3432.0,4.0,165.0,1011.0,124.0,2648.077548295966
2025-08-11T00:00:00.000000,98.0,17,81,64.0,2.0,10.0,41862.0,11518.0,184406.0,47574.0,6404.0,1962.0,26600.0,8507.0,17.0,222.0,3126.0,132.0,4250.749112604751
2025-08-12T00:00:00.000000,74.0,16,58,55.0,6.0,6.0,43221.0,7929.0,152912.0,34764.0,16270.0,3434.0,14058.0,3745.0,9.0,178.0,2176.0,102.0,3117.6597310494003
2025-08-13T00:00:00.000000,66.0,10,56,50.0,2.0,6.0,21301.0,3627.0,109250.0,29913.0,5105.0,874.0,11933.0,1902.0,8.0,132.0,1037.0,69.0,2953.261837816828
2025-08-14T00:00:00.000000,88.0,12,76,61.0,5.0,4.0,19473.0,3443.0,197275.0,45477.0,9743.0,1878.0,4062.0,582.0,7.0,194.0,3502.0,144.0,4104.853079983171
2025-08-15T00:00:00.000000,75.0,17,58,57.0,7.0,5.0,31087.0,6651.0,124784.0,25875.0,12439.0,1703.0,7044.0,2333.0,10.0,118.0,1822.0,136.0,3740.0136752835324
2025-08-16T00:00:00.000000,78.0,10,68,46.0,2.0,6.0,28262.0,7607.0,129944.0,38829.0,4193.0,1201.0,20865.0,5909.0,14.0,157.0,2010.0,111.0,3366.859402711943
2025-08-17T00:00:00.000000,59.0,18,41,43.0,6.0,8.0,31076.0,4129.0,70117.0,18586.0,11584.0,1017.0,14229.0,1665.0,12.0,118.0,1902.0,104.0,2779.0103414088644
2025-08-18T00:00:00.000000,60.0,13,47,43.0,4.0,5.0,26932.0,4461.0,107757.0,26769.0,10810.0,1497.0,9445.0,1882.0,7.0,120.0,1335.0,171.0,2360.4407981595073
2025-08-19T00:00:00.000000,75.0,12,63,52.0,0.0,6.0,33071.0,4947.0,136572.0,41341.0,0.0,0.0,17422.0,2057.0,9.0,163.0,2108.0,122.0,2881.1193922141692
2025-08-20T00:00:00.000000,81.0,15,66,66.0,3.0,11.0,39688.0,7939.0,158843.0,45917.0,7027.0,1192.0,30196.0,6473.0,16.0,137.0,1825.0,137.0,3837.7907329843633
2025-08-21T00:00:00.000000,50.0,13,37,40.0,5.0,7.0,30033.0,5988.0,69339.0,21456.0,12527.0,2000.0,15276.0,3642.0,9.0,105.0,1262.0,86.0,2532.7620029029035
2025-08-22T00:00:00.000000,67.0,11,56,55.0,2.0,3.0,33333.0,9567.0,121706.0,28125.0,8598.0,2397.0,4780.0,626.0,6.0,169.0,1426.0,140.0,2799.3297871448026
2025-08-23T00:00:00.000000,58.0,11,47,49.0,4.0,6.0,20833.0,3856.0,81901.0,18951.0,10006.0,1647.0,8109.0,1646.0,18.0,113.0,1444.0,98.0,2361.412665009917
2025-08-24T00:00:00.000000,63.0,13,50,51.0,2.0,9.0,35879.0,5692.0,126666.0,33441.0,3693.0,410.0,27449.0,5046.0,11.0,151.0,1632.0,90.0,3112.573198730802
2025-08-25T00:00:00.000000,76.0,4,72,60.0,1.0,3.0,10048.0,2097.0,221141.0,64917.0,1302.0,245.0,8746.0,1852.0,3.0,171.0,491.0,89.0,2571.758784000207
2025-08-26T00:00:00.000000,85.0,21,64,63.0,4.0,12.0,51073.0,11207.0,139001.0,36474.0,10801.0,2763.0,15548.0,2977.0,14.0,155.0,2669.0,118.0,3591.5469309410087
2025-08-27T00:00:00.000000,107.0,22,85,59.0,10.0,10.0,56535.0,9427.0,198464.0,44327.0,32742.0,6620.0,17697.0,1759.0,12.0,245.0,2812.0,221.0,4135.275196706719
2025-08-28T00:00:00.000000,78.0,13,65,56.0,1.0,5.0,35070.0,7451.0,131648.0,37703.0,1059.0,45.0,8121.0,1683.0,14.0,226.0,4158.0,124.0,3546.5543355815207
2025-08-29T00:00:00.000000,60.0,15,45,50.0,3.0,9.0,31936.0,7231.0,118080.0,41133.0,9976.0,2258.0,17917.0,4040.0,11.0,207.0,1782.0,103.0,2642.2097154591193
2025-08-30T00:00:00.000000,65.0,16,49,47.0,7.0,8.0,39041.0,6431.0,95713.0,24604.0,21503.0,3118.0,16337.0,3054.0,14.0,257.0,3602.0,108.0,3426.673638095226
2025-08-31T00:00:00.000000,57.0,12,45,48.0,3.0,7.0,24797.0,2634.0,124737.0,29500.0,13265.0,992.0,10119.0,1494.0,8.0,186.0,1639.0,75.0,2237.9226376674437
2025-09-01T00:00:00.000000,52.0,8,44,45.0,4.0,3.0,20872.0,6085.0,92528.0,23402.0,16738.0,5368.0,3149.0,690.0,3.0,157.0,1226.0,109.0,2201.4975633590648
2025-09-02T00:00:00.000000,66.0,7,59,48.0,1.0,5.0,12748.0,2278.0,168058.0,49686.0,1329.0,198.0,10601.0,1880.0,7.0,188.0,872.0,101.0,2229.6290657296345
2025-09-03T00:00:00.000000,81.0,16,65,63.0,2.0,12.0,33010.0,6245.0,138055.0,28562.0,4032.0,1197.0,25442.0,4356.0,23.0,165.0,2496.0,117.0,3778.0506169602277
2025-09-04T00:00:00.000000,64.0,8,56,43.0,5.0,2.0,27918.0,7933.0,124222.0,28318.0,18478.0,6161.0,8003.0,1614.0,3.0,145.0,1284.0,100.0,3238.586149452702
2025-09-05T00:00:00.000000,81.0,11,70,64.0,1.0,8.0,22926.0,4862.0,149269.0,36042.0,805.0,77.0,20748.0,4568.0,11.0,224.0,1542.0,117.0,4208.304827607832
2025-09-06T00:00:00.000000,71.0,16,55,55.0,5.0,9.0,39737.0,6877.0,141671.0,35641.0,15199.0,1228.0,21885.0,5205.0,11.0,190.0,1574.0,114.0,3957.5253946345347
2025-09-07T00:00:00.000000,73.0,20,53,52.0,9.0,8.0,53744.0,12053.0,101703.0,22550.0,34808.0,9035.0,12851.0,1178.0,10.0,163.0,3031.0,134.0,3048.916933510016
2025-09-08T00:00:00.000000,73.0,11,62,59.0,4.0,5.0,18511.0,4230.0,157470.0,38131.0,10517.0,2445.0,4963.0,1234.0,8.0,185.0,2031.0,108.0,3749.5729323573796
2025-09-09T00:00:00.000000,78.0,13,65,52.0,6.0,6.0,38494.0,8397.0,166285.0,34771.0,15503.0,3722.0,21587.0,4216.0,10.0,204.0,1300.0,116.0,3535.2108193250338
2025-09-10T00:00:00.000000,63.0,8,55,55.0,4.0,3.0,20295.0,6576.0,95606.0,23638.0,10970.0,4449.0,6413.0,1112.0,5.0,144.0,971.0,81.0,2926.246791701913
2025-09-11T00:00:00.000000,65.0,10,55,54.0,3.0,4.0,23748.0,4801.0,142114.0,31762.0,6383.0,900.0,11587.0,2873.0,5.0,157.0,1047.0,124.0,3332.3396926737682
2025-09-12T00:00:00.000000,70.0,11,59,60.0,5.0,4.0,43828.0,9959.0,112101.0,34206.0,19137.0,6138.0,19974.0,2631.0,6.0,165.0,1216.0,98.0,3287.722083063726
2025-09-13T00:00:00.000000,72.0,14,58,52.0,6.0,6.0,39203.0,10075.0,132892.0,31737.0,20994.0,4571.0,17527.0,5498.0,14.0,181.0,2275.0,130.0,3124.3129254540454
2025-09-14T00:00:00.000000,47.0,10,37,39.0,4.0,3.0,26663.0,6514.0,64266.0,15796.0,12897.0,3196.0,6798.0,1959.0,4.0,81.0,1366.0,56.0,2212.1550086229704
2025-09-15T00:00:00.000000,45.0,4,41,37.0,2.0,2.0,10281.0,2793.0,66225.0,17483.0,6688.0,1848.0,3593.0,945.0,2.0,62.0,567.0,43.0,2145.361718776286
2025-09-16T00:00:00.000000,87.0,21,66,61.0,3.0,9.0,50855.0,9076.0,165480.0,35857.0,17248.0,3235.0,17202.0,2756.0,10.0,129.0,2232.0,115.0,4711.9470753972655
2025-09-17T00:00:00.000000,63.0,9,54,52.0,5.0,3.0,13890.0,1011.0,109432.0,30287.0,5997.0,396.0,4760.0,457.0,4.0,188.0,7781.0,68.0,3270.199800499166
2025-09-18T00:00:00.000000,70.0,8,62,54.0,1.0,7.0,14360.0,2931.0,131415.0,32154.0,1102.0,191.0,13258.0,2740.0,20.0,154.0,1889.0,107.0,3527.543766333687
2025-09-19T00:00:00.000000,62.0,13,49,45.0,6.0,5.0,37787.0,10427.0,109398.0,32784.0,17062.0,5163.0,17117.0,4364.0,7.0,128.0,1551.0,55.0,2919.449931821793
2025-09-20T00:00:00.000000,62.0,13,49,45.0,6.0,4.0,54970.0,20891.0,117782.0,29970.0,38238.0,17478.0,6780.0,2449.0,5.0,136.0,1273.0,39.0,2234.3734581945546
2025-09-21T00:00:00.000000,59.0,11,48,44.0,5.0,6.0,43785.0,14792.0,110989.0,32402.0,34222.0,12421.0,9563.0,2371.0,7.0,138.0,1291.0,65.0,3133.892989730574
2025-09-22T00:00:00.000000,86.0,15,71,55.0,4.0,5.0,36514.0,7661.0,161024.0,36305.0,15426.0,1450.0,7420.0,1884.0,6.0,232.0,2154.0,100.0,4023.226958812742
2025-09-23T00:00:00.000000,66.0,10,56,46.0,4.0,4.0,10403.0,1066.0,113936.0,26375.0,4670.0,311.0,2353.0,298.0,9.0,140.0,1348.0,112.0,2923.0120777630755
2025-09-24T00:00:00.000000,80.0,15,65,58.0,3.0,6.0,34281.0,4473.0,145810.0,35668.0,6764.0,542.0,16477.0,2604.0,6.0,130.0,1365.0,133.0,4428.885494874813
2025-09-25T00:00:00.000000,76.0,15,61,59.0,5.0,5.0,30425.0,6490.0,117047.0,27347.0,13862.0,3427.0,7908.0,1524.0,8.0,159.0,3118.0,107.0,3173.6753115782044
2025-09-26T00:00:00.000000,74.0,10,64,68.0,2.0,3.0,17321.0,2437.0,112256.0,22884.0,2042.0,302.0,4342.0,331.0,4.0,187.0,880.0,84.0,3529.987701961238
2025-09-27T00:00:00.000000,71.0,12,59,50.0,6.0,2.0,31818.0,4488.0,138845.0,37312.0,19883.0,3143.0,4093.0,583.0,2.0,168.0,1425.0,125.0,3718.5217053656656
2025-09-28T00:00:00.000000,43.0,8,35,34.0,4.0,2.0,16318.0,3420.0,77381.0,16387.0,11165.0,2771.0,1236.0,60.0,2.0,84.0,605.0,80.0,1745.6274688636524
2025-09-29T00:00:00.000000,71.0,7,64,49.0,2.0,2.0,8358.0,1318.0,109430.0,33541.0,2654.0,466.0,2157.0,478.0,6.0,147.0,1005.0,95.0,2900.106156016364
2025-09-30T00:00:00.000000,79.0,12,67,55.0,3.0,5.0,17998.0,3041.0,134076.0,40627.0,3277.0,673.0,5356.0,1095.0,7.0,151.0,1217.0,82.0,3774.0525718852537
