Day,Total_Posts,Total_Questions,Total_Answers,Active_Users,Total_Unanswered_Q,Total_Accepted_Q,Sum_Len_Q,Sum_CodeLen_Q,Sum_Len_A,Sum_CodeLen_A,Sum_Len_Unanswered_Q,Sum_CodeLen_Unanswered_Q,Sum_Len_Q_with_Accepted,Sum_CodeLen_Q_with_Accepted,Sum_Answers_on_Accepted_Q,Sum_Score,Sum_Views,Sum_Comments,Sum_Readability
2021-01-01T00:00:00.000000,28.0,2,26,3.0,0.0,2.0,2560.0,354.0,28628.0,5475.0,0.0,0.0,2560.0,354.0,2.0,56.0,99.0,36.0,1930.8455800567758
2021-01-02T00:00:00.000000,50.0,2,48,8.0,0.0,2.0,1442.0,216.0,46121.0,11414.0,0.0,0.0,1442.0,216.0,2.0,77.0,444.0,68.0,2790.7085664551846
2021-01-03T00:00:00.000000,93.0,1,92,19.0,0.0,1.0,223.0,52.0,117508.0,30647.0,0.0,0.0,223.0,52.0,6.0,158.0,208.0,160.0,5838.403735231867
2021-01-04T00:00:00.000000,123.0,2,121,30.0,0.0,2.0,3976.0,1098.0,144743.0,30548.0,0.0,0.0,3976.0,1098.0,2.0,248.0,848.0,214.0,7606.12230084976
2021-01-05T00:00:00.000000,180.0,9,171,49.0,2.0,3.0,18626.0,3643.0,210296.0,47261.0,2470.0,356.0,10717.0,2486.0,3.0,375.0,2135.0,381.0,10283.1018842085
2021-01-06T00:00:00.000000,192.0,17,175,59.0,5.0,11.0,32207.0,5365.0,228949.0,47885.0,9153.0,904.0,17242.0,2638.0,13.0,368.0,5706.0,321.0,11576.126861315872
2021-01-07T00:00:00.000000,239.0,32,207,73.0,5.0,18.0,34658.0,6818.0,228583.0,52652.0,3882.0,1341.0,20834.0,3898.0,33.0,478.0,6030.0,425.0,12922.745703731778
2021-01-08T00:00:00.000000,258.0,38,220,86.0,3.0,23.0,65770.0,14061.0,311307.0,70389.0,5786.0,1004.0,37302.0,8783.0,50.0,477.0,17283.0,511.0,15086.201452093239
2021-01-09T00:00:00.000000,292.0,41,251,97.0,6.0,20.0,79537.0,17238.0,279463.0,71660.0,12160.0,2306.0,38117.0,7915.0,39.0,597.0,11014.0,546.0,16924.20735523955
2021-01-10T00:00:00.000000,302.0,37,265,102.0,4.0,22.0,55054.0,10811.0,366556.0,73438.0,6431.0,1159.0,34440.0,7474.0,30.0,538.0,13313.0,440.0,16198.077923277335
2021-01-11T00:00:00.000000,279.0,23,256,115.0,2.0,18.0,29247.0,8277.0,351348.0,71140.0,8543.0,3363.0,17653.0,4344.0,34.0,558.0,7505.0,445.0,15036.212052379118
2021-01-12T00:00:00.000000,262.0,33,229,112.0,4.0,16.0,36446.0,6928.0,289468.0,58399.0,9408.0,3045.0,15178.0,2826.0,27.0,420.0,21051.0,491.0,15226.087301577205
2021-01-13T00:00:00.000000,291.0,27,264,128.0,10.0,13.0,50642.0,10808.0,293392.0,75649.0,23297.0,4083.0,24649.0,6281.0,28.0,428.0,8643.0,487.0,15534.071265061202
2021-01-14T00:00:00.000000,303.0,51,252,146.0,7.0,32.0,80868.0,15951.0,320782.0,62641.0,10366.0,1163.0,53542.0,10142.0,65.0,573.0,14113.0,463.0,16952.605839181953
2021-01-15T00:00:00.000000,289.0,64,225,148.0,10.0,40.0,95313.0,21666.0,311688.0,73827.0,10986.0,2445.0,57863.0,12568.0,51.0,432.0,10143.0,503.0,15633.081329799217
2021-01-16T00:00:00.000000,288.0,54,234,128.0,9.0,33.0,83218.0,20362.0,323095.0,88603.0,7370.0,1580.0,63240.0,16091.0,57.0,472.0,12919.0,588.0,15790.818333491083
2021-01-17T00:00:00.000000,306.0,56,250,147.0,7.0,29.0,102808.0,17712.0,340555.0,82632.0,9784.0,1358.0,74730.0,13206.0,41.0,471.0,13042.0,486.0,17739.748370102883
2021-01-18T00:00:00.000000,294.0,39,255,142.0,6.0,23.0,63215.0,10371.0,338852.0,69829.0,12734.0,895.0,41666.0,8012.0,34.0,557.0,12972.0,464.0,16057.889766980932
2021-01-19T00:00:00.000000,332.0,50,282,174.0,12.0,27.0,59267.0,12360.0,353520.0,77218.0,19374.0,3682.0,25433.0,5759.0,40.0,560.0,10790.0,565.0,19731.216550995385
2021-01-20T00:00:00.000000,319.0,60,259,162.0,5.0,44.0,80256.0,15161.0,333453.0,75168.0,11902.0,3495.0,54544.0,9999.0,64.0,466.0,12800.0,461.0,18144.999865460937
2021-01-21T00:00:00.000000,297.0,52,245,172.0,7.0,31.0,64891.0,12045.0,309435.0,62866.0,10620.0,1720.0,41279.0,7211.0,54.0,428.0,14438.0,539.0,17390.181771163025
2021-01-22T00:00:00.000000,316.0,49,267,173.0,10.0,30.0,82797.0,16891.0,326641.0,71593.0,23496.0,3836.0,45998.0,9976.0,43.0,476.0,10947.0,526.0,19569.73287717866
2021-01-23T00:00:00.000000,316.0,62,254,160.0,11.0,37.0,88378.0,19992.0,331849.0,69382.0,14707.0,5488.0,54557.0,10178.0,56.0,441.0,13072.0,510.0,17793.430576428498
2021-01-24T00:00:00.000000,355.0,67,288,174.0,17.0,37.0,121910.0,26029.0,364453.0,78448.0,40705.0,7427.0,63993.0,14206.0,47.0,564.0,20599.0,625.0,20905.501584434696
2021-01-25T00:00:00.000000,382.0,66,316,191.0,9.0,48.0,108569.0,22411.0,435338.0,102831.0,13296.0,3368.0,76979.0,14951.0,71.0,668.0,23527.0,651.0,21578.307832171824
2021-01-26T00:00:00.000000,330.0,56,274,181.0,16.0,32.0,108766.0,21102.0,340998.0,82802.0,36341.0,7496.0,62125.0,12781.0,51.0,519.0,14576.0,543.0,18484.974083977384
2021-01-27T00:00:00.000000,361.0,64,297,187.0,15.0,33.0,104900.0,21206.0,378452.0,87899.0,23685.0,4183.0,60685.0,12812.0,53.0,777.0,25207.0,625.0,20539.257926380884
2021-01-28T00:00:00.000000,338.0,84,254,200.0,8.0,45.0,103590.0,20866.0,383546.0,87339.0,13860.0,2100.0,55679.0,11804.0,61.0,661.0,28257.0,600.0,18653.134473363567
2021-01-29T00:00:00.000000,296.0,59,237,171.0,19.0,33.0,92892.0,17500.0,311989.0,68684.0,42014.0,6751.0,42271.0,8699.0,55.0,478.0,9380.0,523.0,17284.414209928593
2021-01-30T00:00:00.000000,310.0,78,232,179.0,11.0,50.0,121292.0,20432.0,376458.0,83086.0,16899.0,3849.0,81151.0,13536.0,75.0,519.0,16730.0,501.0,16580.339132052097
2021-01-31T00:00:00.000000,360.0,80,280,191.0,16.0,53.0,127270.0,28263.0,392363.0,82302.0,31581.0,5209.0,71681.0,18068.0,88.0,583.0,20039.0,533.0,19464.553676287615
2021-02-01T00:00:00.000000,421.0,96,325,212.0,12.0,59.0,141033.0,30038.0,432471.0,102078.0,31807.0,9511.0,69616.0,15264.0,105.0,850.0,24848.0,654.0,25304.73240392788
2021-02-02T00:00:00.000000,371.0,80,291,203.0,15.0,45.0,132517.0,34405.0,378052.0,84612.0,26023.0,7163.0,78036.0,21306.0,68.0,617.0,19184.0,538.0,22187.25724372151
2021-02-03T00:00:00.000000,387.0,94,293,211.0,18.0,58.0,129221.0,25515.0,389878.0,81603.0,40290.0,9522.0,66206.0,12734.0,88.0,625.0,20794.0,794.0,24328.907438918566
2021-02-04T00:00:00.000000,380.0,91,289,203.0,19.0,48.0,135970.0,25564.0,342377.0,79060.0,39883.0,8191.0,64768.0,12183.0,68.0,556.0,25311.0,666.0,22717.281951891237
2021-02-05T00:00:00.000000,350.0,74,276,193.0,17.0,46.0,118631.0,22698.0,320436.0,72881.0,34288.0,7690.0,68218.0,13490.0,83.0,537.0,18006.0,537.0,19474.928888840834
2021-02-06T00:00:00.000000,357.0,94,263,200.0,15.0,65.0,153618.0,28699.0,430190.0,99849.0,25337.0,4666.0,102465.0,19756.0,114.0,639.0,27227.0,650.0,19923.720272662013
2021-02-07T00:00:00.000000,368.0,84,284,197.0,14.0,50.0,119664.0,24448.0,409544.0,83642.0,18111.0,3607.0,74659.0,14761.0,92.0,537.0,16808.0,666.0,21475.81113017559
2021-02-08T00:00:00.000000,382.0,94,288,206.0,13.0,60.0,150229.0,35235.0,379523.0,80892.0,26997.0,4938.0,95162.0,25043.0,101.0,710.0,40643.0,751.0,23008.92125804183
2021-02-09T00:00:00.000000,395.0,90,305,214.0,18.0,54.0,124397.0,21129.0,420700.0,96129.0,19729.0,2981.0,77780.0,14387.0,102.0,585.0,23157.0,633.0,23518.18661404164
2021-02-10T00:00:00.000000,370.0,76,294,209.0,13.0,46.0,123181.0,24487.0,419739.0,103894.0,23198.0,6275.0,79356.0,14323.0,75.0,607.0,19886.0,638.0,20941.405598401474
2021-02-11T00:00:00.000000,313.0,62,251,197.0,11.0,43.0,92617.0,17865.0,341813.0,91922.0,14952.0,3241.0,66947.0,11981.0,66.0,558.0,13482.0,454.0,17643.31939089131
2021-02-12T00:00:00.000000,356.0,89,267,203.0,17.0,52.0,132793.0,25476.0,374765.0,88487.0,30724.0,6631.0,75187.0,13949.0,78.0,667.0,24698.0,555.0,20247.282221927955
2021-02-13T00:00:00.000000,317.0,85,232,187.0,13.0,50.0,137566.0,28083.0,318498.0,71031.0,28584.0,8523.0,67825.0,13196.0,80.0,736.0,27093.0,668.0,17661.58130530365
2021-02-14T00:00:00.000000,289.0,69,220,176.0,14.0,42.0,126371.0,25556.0,301609.0,73059.0,37106.0,7779.0,70527.0,14552.0,57.0,532.0,23260.0,569.0,16441.93000884765
2021-02-15T00:00:00.000000,327.0,81,244,200.0,19.0,40.0,130631.0,29085.0,357980.0,73268.0,29464.0,5835.0,63681.0,15179.0,61.0,593.0,19497.0,511.0,17926.113672234453
2021-02-16T00:00:00.000000,361.0,95,266,220.0,19.0,60.0,141741.0,27434.0,372403.0,76373.0,34930.0,8665.0,87892.0,16511.0,89.0,639.0,42955.0,682.0,21104.727515045895
2021-02-17T00:00:00.000000,319.0,88,231,210.0,24.0,53.0,137366.0,26402.0,310514.0,79774.0,41077.0,5599.0,80592.0,17212.0,76.0,547.0,16866.0,624.0,18689.968876576953
2021-02-18T00:00:00.000000,350.0,93,257,222.0,29.0,45.0,142438.0,27461.0,333016.0,69759.0,53306.0,9925.0,68596.0,13314.0,68.0,613.0,23658.0,674.0,20479.6295634568
2021-02-19T00:00:00.000000,329.0,92,237,207.0,11.0,64.0,124227.0,23342.0,337487.0,72397.0,20762.0,3807.0,85214.0,16638.0,109.0,520.0,25080.0,616.0,17857.994371167
2021-02-20T00:00:00.000000,347.0,81,266,228.0,16.0,52.0,122372.0,23353.0,311322.0,68074.0,27026.0,6171.0,74146.0,13132.0,83.0,485.0,18706.0,636.0,19341.88883213437
2021-02-21T00:00:00.000000,300.0,79,221,195.0,15.0,46.0,110972.0,19891.0,343692.0,73214.0,23264.0,4725.0,70455.0,12222.0,59.0,513.0,34462.0,445.0,15336.522279550438
2021-02-22T00:00:00.000000,343.0,90,251,215.0,24.0,45.0,130424.0,25925.0,308019.0,67102.0,45437.0,8716.0,60428.0,12470.0,63.0,554.0,28429.0,594.0,19024.21257614829
2021-02-23T00:00:00.000000,369.0,99,270,224.0,24.0,58.0,157712.0,31676.0,408298.0,102776.0,39795.0,7229.0,83811.0,15661.0,85.0,649.0,28831.0,665.0,19355.79700000728
2021-02-24T00:00:00.000000,331.0,86,245,210.0,14.0,51.0,130489.0,35775.0,336795.0,85488.0,22955.0,4397.0,80520.0,26716.0,72.0,542.0,31556.0,568.0,18234.29878246355
2021-02-25T00:00:00.000000,352.0,90,262,210.0,20.0,51.0,130444.0,25921.0,365917.0,85334.0,33108.0,6914.0,68018.0,12860.0,62.0,527.0,24449.0,591.0,19146.26593363013
2021-02-26T00:00:00.000000,302.0,92,210,203.0,16.0,52.0,136644.0,30896.0,300188.0,70635.0,23563.0,5474.0,86611.0,20488.0,71.0,529.0,26574.0,470.0,16270.755099565195
2021-02-27T00:00:00.000000,325.0,100,225,212.0,23.0,53.0,127675.0,29939.0,334123.0,75905.0,33983.0,9067.0,66135.0,14898.0,94.0,541.0,51319.0,612.0,18281.904044119165
2021-02-28T00:00:00.000000,321.0,98,223,210.0,13.0,59.0,159180.0,28117.0,317918.0,65994.0,23372.0,2259.0,93318.0,18103.0,82.0,646.0,32193.0,595.0,17165.933645410947
2021-03-01T00:00:00.000000,294.0,74,220,183.0,15.0,49.0,112002.0,20045.0,294056.0,75380.0,27404.0,4455.0,75999.0,13391.0,61.0,516.0,17276.0,449.0,16636.329241197254
2021-03-02T00:00:00.000000,351.0,101,250,217.0,16.0,56.0,149453.0,26264.0,329516.0,85918.0,22507.0,4981.0,78779.0,12843.0,83.0,553.0,24122.0,630.0,19758.929246976557
2021-03-03T00:00:00.000000,384.0,113,271,233.0,28.0,55.0,185918.0,34022.0,368869.0,80327.0,72617.0,13310.0,76952.0,15837.0,75.0,559.0,26776.0,645.0,23307.153742499002
2021-03-04T00:00:00.000000,392.0,114,278,230.0,23.0,70.0,159047.0,31185.0,317315.0,76705.0,34025.0,5641.0,98846.0,21464.0,113.0,535.0,32291.0,652.0,22408.536030338208
2021-03-05T00:00:00.000000,307.0,84,223,210.0,13.0,53.0,119619.0,25832.0,306645.0,67246.0,23624.0,5438.0,67649.0,14540.0,82.0,467.0,19530.0,685.0,18212.29394432659
2021-03-06T00:00:00.000000,352.0,102,250,215.0,19.0,73.0,133239.0,23238.0,371737.0,90256.0,26154.0,4825.0,95999.0,16214.0,105.0,545.0,29873.0,673.0,20306.83835347741
2021-03-07T00:00:00.000000,325.0,83,240,205.0,13.0,46.0,129973.0,24827.0,299067.0,61259.0,16484.0,2926.0,74198.0,14776.0,63.0,518.0,36797.0,544.0,18780.091338811813
2021-03-08T00:00:00.000000,308.0,93,215,201.0,22.0,49.0,130018.0,23203.0,324045.0,70222.0,33177.0,6249.0,63398.0,11033.0,86.0,470.0,24096.0,595.0,16698.26467415148
2021-03-09T00:00:00.000000,341.0,98,243,214.0,14.0,57.0,133875.0,24949.0,299764.0,64778.0,14932.0,2664.0,77264.0,14811.0,73.0,459.0,18559.0,668.0,20672.352126647173
2021-03-10T00:00:00.000000,333.0,105,228,207.0,28.0,52.0,177314.0,28335.0,301528.0,67394.0,38968.0,7092.0,91970.0,14738.0,71.0,526.0,44883.0,651.0,18569.2306399008
2021-03-11T00:00:00.000000,340.0,99,241,219.0,20.0,61.0,137710.0,32276.0,310861.0,72613.0,25894.0,4791.0,93299.0,23197.0,94.0,516.0,27335.0,602.0,21567.562493682974
2021-03-12T00:00:00.000000,308.0,99,209,202.0,22.0,55.0,168299.0,29197.0,301079.0,74199.0,37890.0,6859.0,87264.0,15769.0,94.0,522.0,29291.0,601.0,16692.693467599038
2021-03-13T00:00:00.000000,329.0,107,222,208.0,18.0,70.0,168836.0,37220.0,278547.0,63865.0,35003.0,9801.0,104982.0,21362.0,113.0,527.0,49804.0,560.0,17716.548798113472
2021-03-14T00:00:00.000000,287.0,99,188,188.0,19.0,62.0,161641.0,35128.0,278677.0,68853.0,34822.0,9580.0,104682.0,20168.0,80.0,407.0,26209.0,477.0,16261.000084342517
2021-03-15T00:00:00.000000,379.0,118,261,234.0,21.0,67.0,177342.0,31305.0,342938.0,77552.0,30403.0,6131.0,89715.0,16139.0,106.0,709.0,48506.0,677.0,21473.836171103005
2021-03-16T00:00:00.000000,372.0,111,261,247.0,21.0,73.0,171504.0,39662.0,359228.0,81148.0,35794.0,6299.0,116531.0,28879.0,106.0,646.0,29170.0,794.0,21727.803933320072
2021-03-17T00:00:00.000000,397.0,124,273,241.0,20.0,82.0,185106.0,39677.0,386142.0,95825.0,42581.0,9425.0,107821.0,22269.0,141.0,603.0,38981.0,717.0,23186.902864850137
2021-03-18T00:00:00.000000,370.0,113,257,235.0,25.0,65.0,155696.0,32652.0,349917.0,83479.0,40108.0,8006.0,79666.0,16840.0,89.0,485.0,42803.0,616.0,21143.299698126142
2021-03-19T00:00:00.000000,290.0,89,201,197.0,22.0,45.0,142763.0,30132.0,288278.0,68723.0,37163.0,8374.0,80047.0,16381.0,64.0,444.0,21485.0,453.0,15954.36520496161
2021-03-20T00:00:00.000000,294.0,97,197,192.0,29.0,52.0,120673.0,26437.0,279535.0,67057.0,29404.0,7109.0,68349.0,15120.0,78.0,409.0,27172.0,544.0,16153.683417148673
2021-03-21T00:00:00.000000,349.0,131,218,231.0,21.0,86.0,176637.0,31597.0,286792.0,65743.0,34967.0,5795.0,115033.0,21641.0,138.0,539.0,34434.0,556.0,19807.952756495284
2021-03-22T00:00:00.000000,350.0,118,232,230.0,18.0,73.0,163948.0,35799.0,294109.0,64338.0,21620.0,4857.0,107475.0,24177.0,116.0,463.0,35559.0,528.0,19346.097730256053
2021-03-23T00:00:00.000000,336.0,121,215,216.0,18.0,86.0,169351.0,36567.0,285723.0,61878.0,26158.0,6662.0,123383.0,25037.0,144.0,529.0,28949.0,636.0,19857.814402700726
2021-03-24T00:00:00.000000,345.0,128,217,236.0,22.0,86.0,214761.0,42415.0,323077.0,73353.0,40159.0,10235.0,127225.0,22200.0,114.0,536.0,41230.0,694.0,19968.466046144007
2021-03-25T00:00:00.000000,348.0,119,229,224.0,25.0,67.0,184634.0,33478.0,307357.0,70030.0,48162.0,8136.0,92095.0,16094.0,107.0,562.0,36423.0,623.0,19894.76159815296
2021-03-26T00:00:00.000000,335.0,114,221,232.0,28.0,56.0,191336.0,39181.0,309000.0,71130.0,53987.0,10555.0,91108.0,18234.0,79.0,500.0,29190.0,616.0,18359.79888784291
2021-03-27T00:00:00.000000,250.0,84,166,158.0,17.0,47.0,133839.0,26604.0,240937.0,46999.0,24659.0,4499.0,65758.0,11797.0,66.0,437.0,20508.0,552.0,13738.0657487542
2021-03-28T00:00:00.000000,295.0,94,201,218.0,19.0,56.0,163594.0,34196.0,308044.0,75191.0,44148.0,11339.0,86092.0,17689.0,83.0,496.0,20828.0,519.0,14991.73527780422
2021-03-29T00:00:00.000000,309.0,111,198,215.0,29.0,54.0,154243.0,35501.0,232484.0,49298.0,58778.0,12895.0,64898.0,17720.0,67.0,482.0,26851.0,596.0,17698.824105581072
2021-03-30T00:00:00.000000,350.0,125,225,231.0,30.0,84.0,192687.0,37849.0,282046.0,66294.0,61148.0,13496.0,116262.0,21452.0,125.0,622.0,27323.0,763.0,18411.980285833397
2021-03-31T00:00:00.000000,392.0,124,268,232.0,31.0,77.0,176573.0,35685.0,348064.0,77275.0,40828.0,8562.0,108288.0,20364.0,110.0,477.0,28102.0,744.0,20434.555029144572
2021-04-01T00:00:00.000000,307.0,117,190,224.0,29.0,67.0,181513.0,36078.0,246111.0,52903.0,45991.0,8876.0,97370.0,19378.0,94.0,429.0,28255.0,564.0,17272.083926706135
2021-04-02T00:00:00.000000,297.0,100,197,208.0,17.0,63.0,150283.0,28610.0,262463.0,61005.0,23604.0,3464.0,100295.0,19436.0,105.0,438.0,18573.0,558.0,17061.956237023947
2021-04-03T00:00:00.000000,293.0,102,191,170.0,25.0,58.0,161009.0,35384.0,234711.0,51575.0,35747.0,5592.0,81949.0,18642.0,90.0,473.0,31217.0,556.0,16827.655424472894
2021-04-04T00:00:00.000000,308.0,118,190,210.0,26.0,67.0,186793.0,38264.0,284025.0,58828.0,45953.0,9112.0,99791.0,21456.0,104.0,522.0,26835.0,649.0,17390.256323355366
2021-04-05T00:00:00.000000,322.0,113,209,216.0,23.0,72.0,146016.0,28713.0,290825.0,66645.0,33813.0,7818.0,89230.0,17194.0,106.0,521.0,34214.0,528.0,18033.22777379001
2021-04-06T00:00:00.000000,343.0,109,234,219.0,18.0,69.0,145119.0,26453.0,342007.0,73801.0,36032.0,6768.0,79485.0,15142.0,97.0,510.0,30401.0,681.0,17316.78805924575
2021-04-07T00:00:00.000000,401.0,144,257,257.0,28.0,96.0,235829.0,47878.0,343486.0,69272.0,41165.0,7379.0,149470.0,29676.0,151.0,627.0,41054.0,766.0,22153.69243235037
2021-04-08T00:00:00.000000,343.0,126,217,226.0,26.0,82.0,159567.0,38169.0,337225.0,69897.0,36382.0,7435.0,99657.0,26011.0,124.0,569.0,31585.0,615.0,19745.547242388133
2021-04-09T00:00:00.000000,333.0,98,235,226.0,19.0,51.0,141860.0,29868.0,320264.0,70301.0,20844.0,3805.0,82905.0,17528.0,81.0,533.0,35554.0,591.0,17592.357582508914
2021-04-10T00:00:00.000000,277.0,103,174,209.0,22.0,61.0,142802.0,28644.0,293045.0,70922.0,41005.0,8565.0,84651.0,17896.0,93.0,506.0,22220.0,535.0,14949.781984815178
2021-04-11T00:00:00.000000,275.0,112,163,197.0,28.0,64.0,178878.0,35257.0,222300.0,51617.0,45676.0,8986.0,109957.0,22713.0,85.0,463.0,32813.0,563.0,15376.85609788932
2021-04-12T00:00:00.000000,321.0,126,195,222.0,25.0,73.0,179461.0,34174.0,273584.0,60734.0,32980.0,6994.0,107216.0,18256.0,89.0,483.0,35127.0,629.0,17433.011706885198
2021-04-13T00:00:00.000000,280.0,106,174,201.0,20.0,64.0,165123.0,29050.0,251549.0,53475.0,33430.0,4973.0,92028.0,16436.0,91.0,526.0,25988.0,564.0,16213.05467788363
2021-04-14T00:00:00.000000,272.0,111,161,196.0,20.0,67.0,152739.0,33698.0,275673.0,60907.0,29262.0,5516.0,97070.0,22262.0,90.0,419.0,29577.0,530.0,15834.253843267068
2021-04-15T00:00:00.000000,277.0,112,165,202.0,32.0,65.0,211636.0,44284.0,254260.0,60174.0,75289.0,15090.0,109603.0,24977.0,98.0,518.0,31036.0,498.0,16179.680872274419
2021-04-16T00:00:00.000000,295.0,122,172,204.0,22.0,76.0,178896.0,39051.0,267397.0,66075.0,34343.0,7864.0,115444.0,23830.0,108.0,505.0,37704.0,582.0,17760.169563278127
2021-04-17T00:00:00.000000,303.0,137,166,211.0,35.0,77.0,206273.0,42094.0,257299.0,66702.0,59452.0,11777.0,117035.0,25190.0,114.0,415.0,49950.0,638.0,16325.684510708776
2021-04-18T00:00:00.000000,301.0,109,192,198.0,19.0,63.0,181225.0,34558.0,263036.0,55147.0,38174.0,5517.0,101897.0,20773.0,94.0,458.0,24430.0,618.0,16942.130131327576
2021-04-19T00:00:00.000000,342.0,128,214,242.0,25.0,75.0,163426.0,35324.0,334170.0,81375.0,33892.0,7208.0,97827.0,21889.0,101.0,517.0,45519.0,639.0,18768.346687221318
2021-04-20T00:00:00.000000,309.0,145,164,232.0,40.0,75.0,218097.0,46100.0,202583.0,47789.0,80267.0,17751.0,97293.0,19200.0,109.0,479.0,29029.0,588.0,16205.987064793926
2021-04-21T00:00:00.000000,318.0,123,191,218.0,28.0,64.0,210301.0,40630.0,255764.0,57750.0,41246.0,8734.0,130174.0,23534.0,93.0,418.0,42333.0,701.0,18106.92176201183
2021-04-22T00:00:00.000000,270.0,115,155,195.0,33.0,61.0,160763.0,29983.0,210997.0,48146.0,39384.0,7419.0,92108.0,16682.0,88.0,354.0,36402.0,539.0,14432.26984799301
2021-04-23T00:00:00.000000,277.0,107,170,196.0,28.0,62.0,156881.0,32927.0,228197.0,53778.0,50785.0,10935.0,85423.0,17487.0,85.0,395.0,22407.0,565.0,15135.99516080778
2021-04-24T00:00:00.000000,295.0,105,190,170.0,35.0,53.0,158804.0,35119.0,232562.0,51107.0,67227.0,13130.0,70973.0,17396.0,60.0,451.0,21979.0,578.0,15957.337358990157
2021-04-25T00:00:00.000000,268.0,120,148,187.0,29.0,67.0,182729.0,35533.0,210932.0,56510.0,61420.0,12449.0,97915.0,18087.0,93.0,394.0,28742.0,496.0,15499.44906318573
2021-04-26T00:00:00.000000,349.0,135,214,220.0,42.0,71.0,219796.0,39966.0,291615.0,64299.0,75799.0,16631.0,112000.0,16824.0,104.0,594.0,33534.0,685.0,19429.240687023223
2021-04-27T00:00:00.000000,302.0,125,177,224.0,33.0,65.0,179786.0,39109.0,276764.0,66913.0,52841.0,10991.0,95647.0,21595.0,101.0,486.0,68912.0,592.0,17199.845416898086
2021-04-28T00:00:00.000000,297.0,119,178,212.0,23.0,72.0,196592.0,39370.0,299326.0,70064.0,34257.0,6479.0,125157.0,25858.0,110.0,487.0,40775.0,559.0,16819.361287536445
2021-04-29T00:00:00.000000,304.0,113,191,209.0,17.0,71.0,137665.0,25477.0,251134.0,60246.0,19882.0,4333.0,90019.0,16318.0,96.0,467.0,28430.0,670.0,14748.60556134735
2021-04-30T00:00:00.000000,305.0,128,177,210.0,38.0,64.0,239628.0,47668.0,275535.0,70726.0,87387.0,18174.0,118140.0,23383.0,97.0,459.0,37873.0,669.0,15554.805231780752
2021-05-01T00:00:00.000000,208.0,98,110,163.0,25.0,46.0,151004.0,30787.0,183495.0,37643.0,42907.0,7927.0,71260.0,13393.0,62.0,295.0,18963.0,421.0,11947.313576566186
2021-05-02T00:00:00.000000,258.0,100,158,187.0,32.0,50.0,135421.0,26738.0,207622.0,48903.0,44034.0,9531.0,60242.0,12065.0,66.0,388.0,20650.0,480.0,14725.934081688945
2021-05-03T00:00:00.000000,289.0,137,152,229.0,24.0,83.0,183414.0,35482.0,226052.0,48012.0,39026.0,8575.0,108792.0,20401.0,112.0,475.0,44076.0,590.0,16493.533505383788
2021-05-04T00:00:00.000000,288.0,128,160,213.0,27.0,71.0,185529.0,39132.0,200914.0,43822.0,51651.0,9726.0,94960.0,21399.0,102.0,459.0,42848.0,529.0,15665.536309247516
2021-05-05T00:00:00.000000,290.0,119,171,218.0,26.0,65.0,162876.0,32159.0,235675.0,51488.0,39529.0,5566.0,85558.0,18863.0,96.0,474.0,28418.0,557.0,16253.786303299004
2021-05-06T00:00:00.000000,313.0,135,178,229.0,35.0,74.0,179763.0,38047.0,242613.0,60992.0,44292.0,8940.0,102126.0,22988.0,97.0,416.0,28755.0,612.0,17233.223311671525
2021-05-07T00:00:00.000000,248.0,110,138,178.0,26.0,68.0,156083.0,27881.0,222032.0,58991.0,28457.0,3724.0,109312.0,20388.0,91.0,382.0,23733.0,507.0,13242.963490650052
2021-05-08T00:00:00.000000,266.0,133,133,191.0,34.0,76.0,216165.0,39667.0,173170.0,41089.0,46165.0,8946.0,123782.0,24283.0,97.0,481.0,32530.0,572.0,15347.495273815224
2021-05-09T00:00:00.000000,241.0,109,132,188.0,29.0,56.0,173504.0,31165.0,160416.0,30414.0,67904.0,13016.0,79275.0,13304.0,74.0,385.0,27208.0,480.0,14129.783252790136
2021-05-10T00:00:00.000000,263.0,113,150,182.0,27.0,62.0,176202.0,32621.0,219491.0,50082.0,46152.0,7909.0,100161.0,18551.0,87.0,412.0,32718.0,546.0,15207.711125459542
2021-05-11T00:00:00.000000,294.0,129,165,209.0,37.0,70.0,193205.0,37759.0,207517.0,45194.0,54532.0,9715.0,110486.0,22384.0,101.0,423.0,30174.0,586.0,17553.97584945259
2021-05-12T00:00:00.000000,272.0,113,159,183.0,27.0,62.0,201657.0,48536.0,179881.0,44705.0,65012.0,14440.0,101715.0,28410.0,93.0,377.0,18828.0,404.0,15000.857887981287
2021-05-13T00:00:00.000000,280.0,125,155,205.0,34.0,68.0,203729.0,40275.0,221516.0,41431.0,69600.0,15309.0,96903.0,17746.0,90.0,371.0,27730.0,599.0,15689.144627520827
2021-05-14T00:00:00.000000,265.0,110,155,184.0,30.0,61.0,148769.0,31625.0,261003.0,61925.0,44106.0,9365.0,81123.0,16940.0,95.0,397.0,36085.0,468.0,13803.122433121482
2021-05-15T00:00:00.000000,246.0,105,141,166.0,25.0,66.0,162952.0,34226.0,173017.0,38631.0,38944.0,8532.0,104139.0,21992.0,94.0,394.0,31000.0,552.0,13024.786626172352
2021-05-16T00:00:00.000000,228.0,98,130,168.0,18.0,63.0,147040.0,28596.0,169085.0,40745.0,26023.0,5106.0,93464.0,18771.0,87.0,343.0,24430.0,358.0,12655.443892585028
2021-05-17T00:00:00.000000,262.0,122,140,208.0,43.0,49.0,177535.0,36823.0,208202.0,44458.0,65377.0,15776.0,65722.0,12826.0,65.0,444.0,32029.0,610.0,15126.397370871582
2021-05-18T00:00:00.000000,305.0,131,174,210.0,37.0,67.0,197184.0,39800.0,237871.0,50555.0,64644.0,13815.0,102200.0,19786.0,94.0,552.0,35008.0,742.0,17243.436626266048
2021-05-19T00:00:00.000000,268.0,116,152,195.0,38.0,59.0,171600.0,32921.0,210263.0,45227.0,47073.0,9364.0,95961.0,17607.0,85.0,409.0,25093.0,553.0,14269.983096131049
2021-05-20T00:00:00.000000,279.0,119,160,202.0,30.0,72.0,160467.0,31610.0,228238.0,55803.0,42184.0,7331.0,99197.0,21068.0,96.0,554.0,29069.0,582.0,15704.421338398239
2021-05-21T00:00:00.000000,250.0,111,139,186.0,25.0,69.0,174684.0,32241.0,198171.0,43423.0,36386.0,7131.0,104632.0,19740.0,84.0,374.0,28769.0,498.0,14031.994340891139
2021-05-22T00:00:00.000000,214.0,97,117,160.0,22.0,56.0,142512.0,25413.0,171381.0,33951.0,34752.0,6950.0,84042.0,14914.0,79.0,352.0,24229.0,478.0,11889.278739220803
2021-05-23T00:00:00.000000,217.0,92,125,165.0,24.0,36.0,140420.0,26502.0,214696.0,56640.0,34391.0,5729.0,49735.0,9783.0,50.0,335.0,18677.0,501.0,10699.186034608778
2021-05-24T00:00:00.000000,259.0,105,154,176.0,28.0,59.0,177092.0,39086.0,199774.0,48894.0,51857.0,11866.0,97061.0,21131.0,87.0,454.0,23152.0,486.0,13791.360903793959
2021-05-25T00:00:00.000000,233.0,105,128,183.0,29.0,56.0,159593.0,32748.0,188528.0,43402.0,45457.0,10142.0,85382.0,16449.0,71.0,432.0,26600.0,389.0,13577.081992395908
2021-05-26T00:00:00.000000,269.0,118,151,197.0,34.0,63.0,171548.0,33390.0,172981.0,38546.0,48259.0,7971.0,96322.0,19417.0,89.0,384.0,29275.0,493.0,14235.094669079868
2021-05-27T00:00:00.000000,271.0,101,170,205.0,21.0,67.0,120809.0,25152.0,249401.0,56960.0,26561.0,4214.0,76925.0,17875.0,92.0,421.0,25248.0,538.0,15163.344638745979
2021-05-28T00:00:00.000000,263.0,111,152,184.0,25.0,68.0,176451.0,40148.0,198104.0,38714.0,56790.0,15469.0,91513.0,17862.0,95.0,481.0,28125.0,478.0,13742.696450626177
2021-05-29T00:00:00.000000,218.0,89,129,153.0,19.0,50.0,171068.0,41225.0,158716.0,31072.0,45428.0,9567.0,93718.0,24014.0,71.0,372.0,30526.0,340.0,13156.957516489803
2021-05-30T00:00:00.000000,219.0,98,121,158.0,25.0,50.0,159262.0,28771.0,172280.0,33133.0,43768.0,8822.0,84297.0,14327.0,73.0,351.0,23123.0,398.0,12398.61260515302
2021-05-31T00:00:00.000000,223.0,102,121,157.0,18.0,62.0,164841.0,35772.0,166089.0,31567.0,37053.0,7990.0,97141.0,22389.0,95.0,385.0,28818.0,405.0,12212.486497491003
2021-06-01T00:00:00.000000,260.0,112,148,175.0,27.0,69.0,152620.0,26867.0,183600.0,41511.0,39354.0,6691.0,90903.0,14808.0,87.0,390.0,32204.0,498.0,15087.156253769104
2021-06-02T00:00:00.000000,245.0,116,129,183.0,33.0,53.0,192532.0,44437.0,187650.0,40236.0,62635.0,15544.0,81209.0,16971.0,73.0,394.0,27382.0,544.0,13932.004423958728
2021-06-03T00:00:00.000000,230.0,102,128,169.0,20.0,68.0,177245.0,35732.0,191611.0,41156.0,31930.0,4216.0,112925.0,25560.0,81.0,365.0,29599.0,472.0,13009.061967602249
2021-06-04T00:00:00.000000,241.0,105,136,170.0,23.0,54.0,169778.0,32568.0,181210.0,37137.0,27775.0,5452.0,94475.0,20367.0,72.0,386.0,27057.0,475.0,13693.62812978021
2021-06-05T00:00:00.000000,246.0,123,123,178.0,23.0,76.0,188996.0,38569.0,199970.0,37362.0,48851.0,8917.0,105833.0,23549.0,110.0,449.0,34773.0,520.0,12988.393994498869
2021-06-06T00:00:00.000000,259.0,121,138,185.0,38.0,63.0,217406.0,49330.0,231979.0,49738.0,74877.0,16207.0,108621.0,25601.0,83.0,435.0,28734.0,543.0,14347.07938741893
2021-06-07T00:00:00.000000,283.0,125,158,203.0,23.0,77.0,197719.0,43595.0,218874.0,52398.0,30653.0,6647.0,124939.0,25519.0,103.0,496.0,35579.0,718.0,16012.254760267362
2021-06-08T00:00:00.000000,268.0,127,141,193.0,32.0,68.0,224094.0,43761.0,205547.0,41732.0,56112.0,12719.0,117523.0,21198.0,113.0,463.0,31587.0,595.0,14072.222776229382
2021-06-09T00:00:00.000000,255.0,122,133,190.0,22.0,69.0,209932.0,51104.0,204434.0,45388.0,36533.0,8624.0,113704.0,28702.0,92.0,380.0,35807.0,495.0,12474.70032442276
2021-06-10T00:00:00.000000,232.0,93,139,178.0,22.0,56.0,166065.0,39446.0,211950.0,54089.0,48347.0,11401.0,90510.0,22368.0,73.0,353.0,25459.0,493.0,12796.70312134437
2021-06-11T00:00:00.000000,223.0,103,120,158.0,28.0,60.0,175258.0,37661.0,189052.0,37456.0,52080.0,11755.0,93423.0,19605.0,89.0,366.0,22822.0,500.0,12179.789645072375
2021-06-12T00:00:00.000000,224.0,105,119,152.0,27.0,56.0,194951.0,44662.0,189416.0,44006.0,59009.0,17291.0,99541.0,19106.0,74.0,350.0,20676.0,447.0,10998.978531596193
2021-06-13T00:00:00.000000,203.0,82,121,151.0,22.0,50.0,115953.0,25244.0,198681.0,43871.0,41362.0,10043.0,54937.0,10528.0,66.0,367.0,25419.0,436.0,11786.460367080324
2021-06-14T00:00:00.000000,249.0,122,126,190.0,29.0,66.0,194908.0,40014.0,246291.0,50944.0,55108.0,10342.0,102425.0,21205.0,82.0,431.0,25257.0,509.0,14556.447443458543
2021-06-15T00:00:00.000000,207.0,106,101,174.0,32.0,53.0,166493.0,34317.0,166214.0,36771.0,58518.0,13461.0,72896.0,15665.0,80.0,304.0,33850.0,492.0,11353.669132218769
2021-06-16T00:00:00.000000,182.0,80,102,153.0,22.0,44.0,136237.0,31396.0,191254.0,42269.0,45920.0,10493.0,69419.0,16016.0,53.0,253.0,24742.0,313.0,9201.999618336447
2021-06-17T00:00:00.000000,199.0,85,114,160.0,21.0,54.0,130272.0,24135.0,203309.0,53867.0,28200.0,4272.0,85178.0,16096.0,69.0,345.0,17104.0,384.0,10855.936182666115
2021-06-18T00:00:00.000000,194.0,82,112,151.0,26.0,43.0,133881.0,25879.0,219324.0,49939.0,50160.0,8972.0,66544.0,13000.0,58.0,318.0,20955.0,432.0,10370.761275441295
2021-06-19T00:00:00.000000,166.0,69,97,126.0,25.0,32.0,103635.0,19380.0,163509.0,35536.0,43055.0,9280.0,39747.0,6658.0,40.0,268.0,13292.0,317.0,9058.586114209596
2021-06-20T00:00:00.000000,195.0,87,108,151.0,12.0,53.0,127402.0,23183.0,180094.0,40656.0,17808.0,2721.0,74498.0,13762.0,77.0,339.0,25498.0,415.0,11150.095084175477
2021-06-21T00:00:00.000000,228.0,97,131,179.0,22.0,49.0,148713.0,26109.0,180631.0,37966.0,35108.0,6944.0,63855.0,11446.0,71.0,337.0,38087.0,506.0,12294.79618902632
2021-06-22T00:00:00.000000,238.0,112,126,175.0,25.0,61.0,176751.0,34109.0,177306.0,35930.0,48971.0,9053.0,90576.0,18767.0,81.0,384.0,31139.0,556.0,11827.261584504204
2021-06-23T00:00:00.000000,235.0,99,136,168.0,21.0,52.0,142884.0,30052.0,204965.0,44590.0,29852.0,6084.0,70581.0,14889.0,67.0,421.0,25028.0,534.0,13635.888372797344
2021-06-24T00:00:00.000000,217.0,92,125,166.0,17.0,53.0,145097.0,29711.0,197056.0,42836.0,23850.0,4527.0,91434.0,20365.0,79.0,455.0,34841.0,439.0,10783.336024137043
2021-06-25T00:00:00.000000,229.0,106,123,178.0,18.0,70.0,173281.0,32661.0,189406.0,39750.0,28856.0,5468.0,104899.0,18186.0,114.0,466.0,28845.0,447.0,12481.12583548858
2021-06-26T00:00:00.000000,191.0,77,114,135.0,16.0,41.0,131958.0,28389.0,167439.0,53962.0,29197.0,6302.0,73905.0,16012.0,53.0,352.0,19074.0,323.0,9462.874269268894
2021-06-27T00:00:00.000000,194.0,84,110,139.0,20.0,50.0,148961.0,30484.0,204883.0,51109.0,36432.0,7773.0,93266.0,19123.0,59.0,369.0,26688.0,466.0,9798.250272831652
2021-06-28T00:00:00.000000,238.0,107,131,174.0,37.0,60.0,159869.0,35512.0,250156.0,50280.0,62007.0,14530.0,87119.0,18290.0,91.0,428.0,27636.0,504.0,12820.102051431764
2021-06-29T00:00:00.000000,232.0,114,118,165.0,32.0,60.0,178500.0,36556.0,180390.0,36651.0,57739.0,10968.0,86412.0,17186.0,86.0,391.0,28853.0,543.0,12592.90692591088
2021-06-30T00:00:00.000000,225.0,112,113,170.0,30.0,65.0,188660.0,37182.0,198152.0,39730.0,52387.0,10271.0,106296.0,19559.0,89.0,402.0,30189.0,522.0,12782.746614661955
2021-07-01T00:00:00.000000,207.0,77,130,146.0,19.0,39.0,116176.0,23227.0,187916.0,40051.0,29961.0,6146.0,57014.0,10524.0,60.0,362.0,14052.0,425.0,9980.992000961925
2021-07-02T00:00:00.000000,224.0,104,120,157.0,24.0,60.0,163473.0,32529.0,196632.0,46050.0,46996.0,9126.0,91549.0,19587.0,82.0,396.0,28540.0,465.0,11404.742723175044
2021-07-03T00:00:00.000000,175.0,90,85,130.0,31.0,45.0,157156.0,38119.0,136209.0,29854.0,59306.0,14862.0,81035.0,19718.0,58.0,328.0,23251.0,419.0,9471.480452748427
2021-07-04T00:00:00.000000,193.0,81,112,145.0,20.0,42.0,155004.0,34215.0,222828.0,50217.0,40169.0,8122.0,75372.0,19661.0,65.0,342.0,18880.0,441.0,9971.603000913234
2021-07-05T00:00:00.000000,231.0,92,139,166.0,22.0,61.0,137213.0,31823.0,218646.0,50955.0,38003.0,8139.0,87827.0,20660.0,88.0,471.0,17906.0,497.0,10844.312634874466
2021-07-06T00:00:00.000000,227.0,106,121,171.0,30.0,51.0,164357.0,40288.0,202111.0,42144.0,44093.0,8837.0,82430.0,22205.0,72.0,473.0,27568.0,548.0,11217.99243842586
2021-07-07T00:00:00.000000,205.0,81,124,162.0,21.0,46.0,139773.0,30083.0,224460.0,58249.0,37649.0,7892.0,74685.0,16663.0,61.0,403.0,17467.0,426.0,9272.395690559697
2021-07-08T00:00:00.000000,216.0,107,109,170.0,26.0,59.0,186905.0,40665.0,154619.0,40157.0,42999.0,8665.0,103989.0,23428.0,73.0,347.0,26605.0,514.0,11201.851270291148
2021-07-09T00:00:00.000000,204.0,93,111,158.0,30.0,37.0,145382.0,28387.0,140815.0,30428.0,50435.0,9483.0,60832.0,13106.0,45.0,365.0,24174.0,429.0,10736.76861402586
2021-07-10T00:00:00.000000,170.0,80,90,136.0,14.0,44.0,134243.0,26956.0,137086.0,29824.0,30491.0,5718.0,60841.0,11259.0,56.0,292.0,23914.0,396.0,9578.13537529284
2021-07-11T00:00:00.000000,206.0,102,104,153.0,20.0,62.0,175284.0,34188.0,165997.0,44440.0,31920.0,5254.0,105687.0,20549.0,99.0,348.0,33650.0,433.0,10062.229315632028
2021-07-12T00:00:00.000000,183.0,76,107,149.0,21.0,45.0,130183.0,27438.0,172213.0,36015.0,43559.0,6887.0,64346.0,15750.0,66.0,355.0,20513.0,427.0,10219.536151323982
2021-07-13T00:00:00.000000,217.0,102,114,164.0,27.0,56.0,153481.0,32629.0,172000.0,32116.0,38456.0,7835.0,89102.0,18432.0,82.0,377.0,36945.0,490.0,11646.788690343885
2021-07-14T00:00:00.000000,242.0,105,137,178.0,22.0,58.0,176524.0,38424.0,235373.0,60711.0,48449.0,12934.0,92632.0,17828.0,88.0,458.0,34687.0,512.0,12250.73295592937
2021-07-15T00:00:00.000000,220.0,98,122,174.0,20.0,57.0,176269.0,40846.0,180401.0,38988.0,29832.0,6646.0,86865.0,17869.0,87.0,412.0,22314.0,401.0,12423.28864053235
2021-07-16T00:00:00.000000,153.0,80,73,133.0,20.0,42.0,152981.0,29163.0,128097.0,29493.0,37188.0,6687.0,75208.0,14950.0,59.0,341.0,26663.0,357.0,7231.252503821093
2021-07-17T00:00:00.000000,163.0,81,82,115.0,27.0,42.0,152175.0,31631.0,116578.0,28568.0,55897.0,11684.0,74799.0,15682.0,55.0,271.0,19222.0,393.0,8520.87536020247
2021-07-18T00:00:00.000000,188.0,82,106,138.0,20.0,46.0,146182.0,33501.0,162904.0,43894.0,40467.0,7515.0,77318.0,20159.0,59.0,314.0,23589.0,376.0,10414.944832210462
2021-07-19T00:00:00.000000,228.0,88,140,153.0,22.0,55.0,146616.0,28848.0,213164.0,47069.0,36341.0,6732.0,86035.0,14447.0,80.0,411.0,24429.0,454.0,11549.089974280128
2021-07-20T00:00:00.000000,248.0,97,151,191.0,25.0,56.0,157971.0,31539.0,238862.0,55263.0,49739.0,10788.0,81218.0,15176.0,75.0,459.0,32697.0,471.0,13548.017013509514
2021-07-21T00:00:00.000000,206.0,85,121,147.0,26.0,42.0,145384.0,31937.0,193818.0,49427.0,50214.0,12422.0,59366.0,12782.0,60.0,431.0,22058.0,418.0,11322.817870589353
2021-07-22T00:00:00.000000,172.0,79,93,146.0,26.0,35.0,169614.0,38498.0,169014.0,37381.0,45458.0,9697.0,58324.0,11318.0,53.0,333.0,15424.0,308.0,8986.204726512244
2021-07-23T00:00:00.000000,137.0,61,76,113.0,16.0,32.0,95153.0,16527.0,131133.0,41066.0,20490.0,3508.0,57588.0,10417.0,44.0,226.0,14112.0,288.0,6984.918429199256
2021-07-24T00:00:00.000000,156.0,69,87,121.0,15.0,41.0,124089.0,25120.0,151057.0,36713.0,36654.0,7940.0,60652.0,12098.0,52.0,257.0,19693.0,315.0,7475.099689998133
2021-07-25T00:00:00.000000,161.0,63,98,129.0,16.0,33.0,123833.0,22610.0,160847.0,39039.0,29469.0,4479.0,73612.0,14732.0,46.0,357.0,18332.0,362.0,8065.485456686638
2021-07-26T00:00:00.000000,171.0,65,106,130.0,16.0,37.0,95978.0,18262.0,168118.0,36374.0,19470.0,2803.0,57626.0,12380.0,48.0,353.0,16240.0,346.0,9350.08732163051
2021-07-27T00:00:00.000000,227.0,93,134,163.0,25.0,51.0,163681.0,32257.0,217080.0,48017.0,41761.0,7787.0,88537.0,18007.0,73.0,400.0,24566.0,504.0,10732.075636848931
2021-07-28T00:00:00.000000,240.0,111,129,169.0,25.0,67.0,179281.0,37728.0,220407.0,47187.0,37311.0,7882.0,115575.0,25455.0,89.0,435.0,26889.0,533.0,11775.349678399773
2021-07-29T00:00:00.000000,215.0,96,119,166.0,29.0,53.0,157692.0,29149.0,210225.0,49193.0,45850.0,7908.0,89135.0,16130.0,80.0,342.0,26411.0,498.0,11541.014515185258
2021-07-30T00:00:00.000000,182.0,86,96,145.0,18.0,53.0,130939.0,24539.0,149984.0,35672.0,28495.0,4979.0,80465.0,15718.0,70.0,265.0,16331.0,391.0,9409.314820418651
2021-07-31T00:00:00.000000,153.0,65,88,124.0,18.0,33.0,117135.0,24748.0,145396.0,35479.0,34027.0,7176.0,58425.0,12253.0,61.0,314.0,14767.0,307.0,8961.43923339272
2021-08-01T00:00:00.000000,157.0,60,97,115.0,17.0,36.0,96242.0,23338.0,153823.0,34445.0,25260.0,6415.0,55111.0,13024.0,58.0,353.0,27762.0,349.0,8313.961523614218
2021-08-02T00:00:00.000000,216.0,80,136,153.0,22.0,43.0,110093.0,20763.0,205000.0,41139.0,29553.0,5838.0,59583.0,10373.0,70.0,393.0,18673.0,430.0,11044.60936310741
2021-08-03T00:00:00.000000,181.0,72,109,141.0,23.0,40.0,118652.0,23642.0,209930.0,62127.0,41446.0,8717.0,60555.0,11713.0,56.0,385.0,19224.0,417.0,8779.447458395533
2021-08-04T00:00:00.000000,214.0,93,121,159.0,16.0,59.0,138567.0,30696.0,193225.0,53401.0,21309.0,5346.0,95008.0,20217.0,90.0,395.0,27146.0,398.0,10744.942423855722
2021-08-05T00:00:00.000000,206.0,106,100,152.0,31.0,60.0,169404.0,35422.0,195781.0,42184.0,45348.0,9930.0,99171.0,20565.0,86.0,401.0,27379.0,482.0,10821.396420317442
2021-08-06T00:00:00.000000,205.0,77,128,146.0,22.0,47.0,130150.0,26442.0,216588.0,51320.0,37300.0,7580.0,78313.0,14678.0,60.0,393.0,20931.0,442.0,10903.617399422592
2021-08-07T00:00:00.000000,180.0,85,95,132.0,21.0,47.0,155749.0,36016.0,165835.0,39181.0,55816.0,14237.0,78860.0,17366.0,58.0,327.0,22093.0,377.0,9211.241111773725
2021-08-08T00:00:00.000000,217.0,87,130,151.0,17.0,56.0,148978.0,28586.0,203405.0,45251.0,37848.0,7353.0,83987.0,16236.0,76.0,362.0,24322.0,416.0,11318.850256833352
2021-08-09T00:00:00.000000,236.0,114,122,174.0,39.0,55.0,183935.0,40042.0,190448.0,48735.0,59727.0,12269.0,93281.0,20665.0,79.0,451.0,35852.0,573.0,12076.069561125767
2021-08-10T00:00:00.000000,228.0,124,104,175.0,34.0,67.0,186553.0,43320.0,180604.0,48458.0,48922.0,10814.0,104235.0,23879.0,95.0,361.0,30516.0,380.0,11052.070116774443
2021-08-11T00:00:00.000000,227.0,103,124,170.0,30.0,58.0,148040.0,23718.0,216663.0,52902.0,40866.0,7317.0,88110.0,13048.0,82.0,355.0,24080.0,503.0,12564.068482174273
2021-08-12T00:00:00.000000,189.0,98,91,137.0,35.0,46.0,156415.0,33366.0,128114.0,28835.0,64320.0,13259.0,67547.0,15044.0,72.0,320.0,22956.0,392.0,9411.630796180929
2021-08-13T00:00:00.000000,212.0,84,128,136.0,22.0,41.0,123924.0,24061.0,232393.0,63012.0,26114.0,4901.0,67094.0,13011.0,62.0,366.0,24970.0,404.0,10726.740039602979
2021-08-14T00:00:00.000000,168.0,90,78,132.0,22.0,57.0,135408.0,23968.0,141336.0,31005.0,30617.0,5059.0,83915.0,14660.0,84.0,300.0,31039.0,419.0,9206.672148502368
2021-08-15T00:00:00.000000,155.0,74,81,109.0,17.0,40.0,118980.0,20691.0,135692.0,30547.0,32021.0,6505.0,57545.0,10512.0,63.0,286.0,17252.0,327.0,8638.299176000019
2021-08-16T00:00:00.000000,182.0,78,104,139.0,23.0,40.0,131076.0,25092.0,196077.0,51849.0,38924.0,8049.0,70531.0,12680.0,62.0,298.0,20796.0,344.0,9613.974894828469
2021-08-17T00:00:00.000000,205.0,106,99,151.0,27.0,51.0,159977.0,31569.0,139728.0,29053.0,45360.0,8453.0,79861.0,15448.0,73.0,332.0,31248.0,462.0,9988.894644612548
2021-08-18T00:00:00.000000,210.0,99,111,155.0,21.0,63.0,172470.0,32543.0,176415.0,36127.0,40551.0,8146.0,98253.0,19011.0,79.0,395.0,23713.0,488.0,11300.874513637877
2021-08-19T00:00:00.000000,223.0,98,125,164.0,21.0,58.0,144373.0,30407.0,187346.0,48418.0,41784.0,7900.0,78716.0,17850.0,75.0,410.0,22542.0,518.0,11457.950241432902
2021-08-20T00:00:00.000000,200.0,76,122,141.0,19.0,44.0,123318.0,25408.0,174697.0,35886.0,32266.0,5302.0,70338.0,14868.0,66.0,410.0,18474.0,358.0,10232.670994802062
2021-08-21T00:00:00.000000,175.0,92,83,136.0,22.0,46.0,132616.0,26240.0,106710.0,28117.0,28796.0,5748.0,72631.0,12989.0,62.0,296.0,26076.0,427.0,10379.843600318092
2021-08-22T00:00:00.000000,176.0,79,97,123.0,19.0,47.0,131563.0,28628.0,130586.0,31117.0,39055.0,10329.0,75223.0,15658.0,86.0,362.0,20133.0,340.0,9467.941398146875
2021-08-23T00:00:00.000000,218.0,80,138,145.0,12.0,52.0,124733.0,28246.0,195409.0,42701.0,19469.0,4292.0,75940.0,18030.0,88.0,498.0,22606.0,430.0,11029.652945392138
2021-08-24T00:00:00.000000,178.0,81,97,132.0,19.0,47.0,138834.0,29099.0,165735.0,37544.0,34495.0,6550.0,77593.0,17321.0,70.0,320.0,21760.0,378.0,9634.38138619099
2021-08-25T00:00:00.000000,219.0,100,119,160.0,33.0,54.0,159134.0,30268.0,180019.0,39728.0,52632.0,9421.0,87370.0,17980.0,78.0,353.0,23178.0,468.0,12501.127291008135
2021-08-26T00:00:00.000000,190.0,82,108,147.0,24.0,49.0,131163.0,21413.0,172236.0,42430.0,38516.0,5760.0,79796.0,13725.0,70.0,280.0,18317.0,400.0,10488.255555620945
2021-08-27T00:00:00.000000,182.0,83,99,140.0,17.0,47.0,119826.0,24188.0,119622.0,28459.0,22007.0,3321.0,67657.0,14954.0,65.0,332.0,28008.0,431.0,10213.08902923561
2021-08-28T00:00:00.000000,177.0,81,96,136.0,21.0,49.0,117248.0,22646.0,116291.0,26273.0,33453.0,6231.0,67760.0,13085.0,66.0,279.0,16085.0,316.0,9111.875547076519
2021-08-29T00:00:00.000000,184.0,99,85,145.0,26.0,59.0,152862.0,32443.0,138028.0,30736.0,34714.0,6775.0,96428.0,20240.0,75.0,377.0,25549.0,379.0,9982.45417395449
2021-08-30T00:00:00.000000,199.0,90,109,142.0,22.0,56.0,156798.0,28223.0,161038.0,30518.0,53639.0,8086.0,80479.0,15468.0,75.0,334.0,24419.0,427.0,10569.244340955678
2021-08-31T00:00:00.000000,193.0,86,107,145.0,26.0,46.0,139693.0,29761.0,164405.0,33176.0,34594.0,5909.0,83736.0,19614.0,72.0,322.0,22969.0,398.0,10395.956371947317
2021-09-01T00:00:00.000000,231.0,121,110,169.0,34.0,63.0,196751.0,43401.0,177481.0,37167.0,59485.0,12891.0,102291.0,24881.0,101.0,336.0,32362.0,618.0,11125.517740783196
2021-09-02T00:00:00.000000,189.0,85,104,141.0,21.0,46.0,103214.0,17508.0,191730.0,45826.0,33173.0,5362.0,54948.0,9918.0,68.0,358.0,36103.0,408.0,9368.678853613872
2021-09-03T00:00:00.000000,237.0,115,122,156.0,29.0,68.0,166329.0,26920.0,172259.0,38506.0,38501.0,6000.0,99872.0,15529.0,93.0,389.0,31529.0,564.0,13462.709790230809
2021-09-04T00:00:00.000000,202.0,87,115,146.0,20.0,41.0,156708.0,33389.0,142863.0,32832.0,28779.0,4480.0,65554.0,13745.0,56.0,437.0,22535.0,451.0,11208.674666739314
2021-09-05T00:00:00.000000,224.0,118,106,160.0,30.0,59.0,174937.0,37034.0,144813.0,31215.0,53475.0,12655.0,78630.0,15399.0,88.0,337.0,58736.0,486.0,13005.497090921963
2021-09-06T00:00:00.000000,229.0,110,119,163.0,30.0,58.0,173267.0,34309.0,175974.0,39368.0,38213.0,7060.0,96854.0,16845.0,80.0,448.0,29763.0,451.0,13278.341306156659
2021-09-07T00:00:00.000000,241.0,116,125,167.0,28.0,60.0,176541.0,40379.0,199894.0,55942.0,43000.0,6114.0,100409.0,27260.0,84.0,423.0,35959.0,550.0,12808.865121722458
2021-09-08T00:00:00.000000,230.0,108,122,160.0,25.0,63.0,155403.0,35691.0,164670.0,34121.0,36798.0,8982.0,91542.0,23215.0,109.0,453.0,24255.0,522.0,11814.134232777422
2021-09-09T00:00:00.000000,216.0,97,119,160.0,26.0,54.0,143611.0,29515.0,206651.0,50253.0,38644.0,6971.0,82320.0,18458.0,81.0,402.0,38136.0,498.0,10845.861345605625
2021-09-10T00:00:00.000000,209.0,109,100,153.0,28.0,63.0,180691.0,37105.0,141607.0,33924.0,52096.0,13076.0,88622.0,14783.0,87.0,388.0,34005.0,435.0,10200.402332609792
2021-09-11T00:00:00.000000,221.0,91,130,153.0,25.0,43.0,147554.0,33492.0,190502.0,45827.0,49461.0,10159.0,58993.0,12547.0,72.0,416.0,26328.0,453.0,11362.390491349122
2021-09-12T00:00:00.000000,245.0,108,137,179.0,34.0,51.0,171406.0,34726.0,260951.0,62056.0,57510.0,10990.0,84331.0,16536.0,74.0,359.0,36756.0,522.0,12341.61384165089
2021-09-13T00:00:00.000000,228.0,104,123,165.0,28.0,53.0,166351.0,35340.0,190225.0,38927.0,45103.0,11430.0,86077.0,17823.0,66.0,462.0,25871.0,492.0,12120.010059721197
2021-09-14T00:00:00.000000,214.0,89,125,171.0,22.0,52.0,131789.0,26261.0,179325.0,42415.0,31005.0,5431.0,80094.0,16653.0,68.0,366.0,20016.0,351.0,11292.780261604228
2021-09-15T00:00:00.000000,196.0,83,113,153.0,17.0,46.0,124160.0,21633.0,165429.0,39023.0,27972.0,5754.0,70443.0,11879.0,68.0,365.0,22949.0,364.0,9373.966807756684
2021-09-16T00:00:00.000000,210.0,90,120,162.0,34.0,39.0,163012.0,31803.0,160266.0,32344.0,64164.0,12015.0,65078.0,13909.0,59.0,366.0,26353.0,425.0,10659.252395292751
2021-09-17T00:00:00.000000,234.0,99,135,160.0,28.0,62.0,163481.0,32121.0,199502.0,52355.0,57071.0,10415.0,89960.0,18765.0,98.0,339.0,23619.0,481.0,13481.847826463814
2021-09-18T00:00:00.000000,229.0,101,128,160.0,32.0,56.0,165641.0,34623.0,197163.0,39184.0,48941.0,10135.0,97747.0,20919.0,90.0,385.0,26819.0,477.0,12999.430267437341
2021-09-19T00:00:00.000000,227.0,97,130,167.0,23.0,49.0,131564.0,28077.0,210778.0,56628.0,35154.0,7057.0,68278.0,16109.0,80.0,404.0,20480.0,499.0,12569.177769000495
2021-09-20T00:00:00.000000,217.0,105,112,163.0,19.0,69.0,181368.0,34752.0,165612.0,33300.0,30365.0,5257.0,114664.0,24229.0,96.0,379.0,27728.0,468.0,12373.762232823647
2021-09-21T00:00:00.000000,266.0,137,129,176.0,33.0,76.0,228709.0,37653.0,201722.0,42713.0,82262.0,10889.0,106722.0,20033.0,123.0,447.0,40905.0,583.0,14405.724579158254
2021-09-22T00:00:00.000000,218.0,107,111,162.0,24.0,63.0,157338.0,33667.0,200365.0,34827.0,39027.0,9681.0,89057.0,18191.0,88.0,356.0,32618.0,492.0,10079.383755808196
2021-09-23T00:00:00.000000,230.0,110,120,176.0,34.0,59.0,169955.0,31194.0,156774.0,33710.0,57599.0,10759.0,90036.0,17140.0,84.0,316.0,32467.0,522.0,12544.193900398066
2021-09-24T00:00:00.000000,182.0,92,90,137.0,26.0,49.0,136225.0,25118.0,146772.0,33014.0,41703.0,9201.0,63435.0,11103.0,68.0,317.0,22282.0,509.0,9734.259710480663
2021-09-25T00:00:00.000000,180.0,78,102,142.0,10.0,49.0,113654.0,23522.0,132430.0,31014.0,15598.0,4482.0,65222.0,13559.0,67.0,262.0,15376.0,322.0,10680.649519310013
2021-09-26T00:00:00.000000,205.0,96,109,155.0,32.0,52.0,144877.0,34213.0,160197.0,34241.0,46474.0,10601.0,82564.0,20994.0,73.0,270.0,27288.0,331.0,10648.560030863437
2021-09-27T00:00:00.000000,203.0,86,117,158.0,20.0,50.0,108037.0,17705.0,201697.0,33195.0,33313.0,5019.0,57404.0,9221.0,81.0,364.0,23331.0,374.0,10522.601903351455
2021-09-28T00:00:00.000000,177.0,79,98,137.0,16.0,40.0,116635.0,22944.0,178291.0,31814.0,20114.0,3860.0,61953.0,12204.0,59.0,249.0,29054.0,325.0,9161.212988601172
2021-09-29T00:00:00.000000,186.0,82,104,135.0,22.0,46.0,126050.0,25306.0,142698.0,29725.0,38841.0,7284.0,67404.0,13484.0,68.0,290.0,18454.0,342.0,9767.841622027183
2021-09-30T00:00:00.000000,222.0,94,128,157.0,30.0,52.0,120539.0,20909.0,188545.0,44315.0,28526.0,4369.0,69507.0,12209.0,73.0,297.0,22504.0,439.0,12011.700480983582
2021-10-01T00:00:00.000000,170.0,84,86,148.0,24.0,45.0,102760.0,19998.0,121466.0,24961.0,29408.0,5378.0,51526.0,10364.0,73.0,291.0,17775.0,363.0,9608.720821179691
2021-10-02T00:00:00.000000,185.0,83,102,147.0,16.0,52.0,117231.0,23461.0,148960.0,44753.0,25302.0,5466.0,69721.0,14264.0,71.0,259.0,20980.0,428.0,10266.908154732304
2021-10-03T00:00:00.000000,174.0,66,108,125.0,16.0,38.0,104534.0,22791.0,191938.0,51089.0,32230.0,9156.0,48294.0,8136.0,54.0,253.0,12728.0,311.0,9304.777551763189
2021-10-04T00:00:00.000000,219.0,113,106,164.0,38.0,57.0,219058.0,57257.0,143410.0,32067.0,67385.0,10893.0,116803.0,39955.0,79.0,297.0,23231.0,457.0,12534.659371531601
2021-10-05T00:00:00.000000,197.0,96,101,152.0,24.0,54.0,163793.0,32515.0,183513.0,36845.0,56172.0,9600.0,85455.0,18894.0,85.0,326.0,26600.0,389.0,10883.298752860977
2021-10-06T00:00:00.000000,193.0,103,90,152.0,30.0,61.0,193124.0,48376.0,154134.0,39006.0,45389.0,10802.0,129864.0,33151.0,86.0,323.0,25117.0,409.0,10905.714944559244
2021-10-07T00:00:00.000000,185.0,96,89,151.0,35.0,46.0,151177.0,29753.0,157307.0,38051.0,61741.0,13408.0,68782.0,12270.0,57.0,233.0,24064.0,478.0,7954.477751576501
2021-10-08T00:00:00.000000,249.0,106,143,152.0,33.0,53.0,148241.0,30968.0,174920.0,43466.0,53451.0,11017.0,61897.0,12683.0,66.0,353.0,20524.0,555.0,13560.505635351063
2021-10-09T00:00:00.000000,212.0,93,119,151.0,24.0,41.0,144726.0,36214.0,182000.0,53307.0,42468.0,11384.0,68699.0,16409.0,52.0,335.0,32225.0,375.0,11622.133087945702
2021-10-10T00:00:00.000000,187.0,100,87,146.0,30.0,52.0,127464.0,24401.0,118646.0,24821.0,34424.0,7114.0,64355.0,11092.0,71.0,208.0,21350.0,421.0,10758.618330058876
2021-10-11T00:00:00.000000,184.0,79,105,147.0,21.0,40.0,145969.0,27056.0,145476.0,30921.0,47781.0,8869.0,62883.0,11722.0,49.0,373.0,30411.0,337.0,10061.288867522513
2021-10-12T00:00:00.000000,198.0,97,101,169.0,24.0,47.0,121089.0,24446.0,132804.0,28099.0,30176.0,5899.0,65056.0,13116.0,63.0,324.0,20168.0,416.0,11144.935046725885
2021-10-13T00:00:00.000000,202.0,108,94,166.0,35.0,56.0,151496.0,31289.0,143974.0,34451.0,52532.0,10652.0,77409.0,17453.0,66.0,274.0,30752.0,443.0,11997.900950652336
2021-10-14T00:00:00.000000,206.0,95,111,166.0,29.0,49.0,142869.0,28745.0,139208.0,34018.0,50233.0,10325.0,77132.0,15737.0,63.0,294.0,18023.0,389.0,11429.0331681948
2021-10-15T00:00:00.000000,197.0,84,113,163.0,18.0,54.0,136388.0,25906.0,207623.0,44458.0,31923.0,5304.0,86741.0,16919.0,78.0,348.0,25055.0,367.0,11029.281487507107
2021-10-16T00:00:00.000000,208.0,105,103,147.0,35.0,50.0,171297.0,40840.0,188014.0,45879.0,57944.0,13282.0,74062.0,18572.0,67.0,398.0,29064.0,471.0,11097.19465958598
2021-10-17T00:00:00.000000,234.0,99,135,176.0,25.0,47.0,131921.0,28365.0,172986.0,45037.0,43550.0,7211.0,63096.0,14831.0,64.0,280.0,17594.0,349.0,13379.300771439277
2021-10-18T00:00:00.000000,225.0,100,125,166.0,25.0,54.0,170851.0,33680.0,191141.0,43295.0,37338.0,7170.0,86424.0,16634.0,70.0,321.0,25675.0,385.0,13309.051726736583
2021-10-19T00:00:00.000000,238.0,93,145,168.0,18.0,62.0,136669.0,30467.0,223175.0,55302.0,27197.0,6156.0,96241.0,22732.0,96.0,344.0,30130.0,387.0,12247.514655354677
2021-10-20T00:00:00.000000,293.0,129,164,211.0,34.0,67.0,191625.0,43056.0,223581.0,49207.0,45315.0,8886.0,110463.0,25196.0,102.0,496.0,30196.0,543.0,17095.63737501325
2021-10-21T00:00:00.000000,262.0,110,152,181.0,28.0,51.0,178403.0,38353.0,220186.0,54454.0,42467.0,7985.0,79578.0,14151.0,66.0,347.0,24620.0,490.0,14763.013307529525
2021-10-22T00:00:00.000000,253.0,106,147,170.0,39.0,43.0,156929.0,32929.0,262838.0,74339.0,64428.0,12910.0,57934.0,11754.0,69.0,384.0,20376.0,551.0,13435.288147390243
2021-10-23T00:00:00.000000,216.0,97,119,145.0,31.0,49.0,156200.0,30135.0,136622.0,28174.0,67743.0,14571.0,60741.0,10782.0,69.0,340.0,19904.0,381.0,12175.310550399978
2021-10-24T00:00:00.000000,240.0,112,128,178.0,37.0,54.0,156407.0,32387.0,178835.0,46085.0,52314.0,11517.0,83109.0,16684.0,76.0,365.0,21422.0,386.0,11713.546141575725
2021-10-25T00:00:00.000000,240.0,112,128,175.0,27.0,65.0,166016.0,35152.0,176915.0,44290.0,43454.0,7790.0,87150.0,20572.0,83.0,316.0,22673.0,450.0,11640.885728631574
2021-10-26T00:00:00.000000,270.0,120,150,180.0,30.0,70.0,160639.0,31467.0,230162.0,55932.0,41313.0,6926.0,96168.0,19724.0,96.0,424.0,25248.0,492.0,13637.72579915465
2021-10-27T00:00:00.000000,209.0,104,105,172.0,30.0,58.0,160576.0,33147.0,151731.0,34942.0,44240.0,9014.0,88343.0,17450.0,73.0,322.0,27909.0,403.0,12146.9376781689
2021-10-28T00:00:00.000000,252.0,124,128,187.0,34.0,56.0,188624.0,42502.0,186027.0,42534.0,60083.0,15093.0,77580.0,16853.0,77.0,408.0,28371.0,508.0,13487.856809202465
2021-10-29T00:00:00.000000,235.0,118,117,171.0,33.0,50.0,171744.0,30779.0,208113.0,50197.0,52437.0,8280.0,75685.0,15872.0,81.0,403.0,32696.0,469.0,13547.430617449569
2021-10-30T00:00:00.000000,204.0,107,97,147.0,33.0,51.0,180179.0,37794.0,158760.0,42618.0,51505.0,11925.0,76310.0,16374.0,59.0,282.0,27252.0,375.0,10182.376417875863
2021-10-31T00:00:00.000000,211.0,114,97,153.0,32.0,49.0,175663.0,44313.0,156255.0,40568.0,48490.0,12253.0,81844.0,18970.0,69.0,342.0,28066.0,414.0,10575.756095184566
2021-11-01T00:00:00.000000,229.0,103,126,170.0,23.0,64.0,173306.0,35322.0,172570.0,47641.0,38264.0,8272.0,107522.0,23472.0,77.0,376.0,24213.0,392.0,12180.514452931024
2021-11-02T00:00:00.000000,266.0,124,142,181.0,43.0,63.0,194588.0,45009.0,183933.0,44875.0,92975.0,24944.0,78460.0,15748.0,96.0,257.0,27481.0,573.0,13723.594267658838
2021-11-03T00:00:00.000000,247.0,127,120,194.0,46.0,68.0,187885.0,40889.0,198592.0,44530.0,68612.0,15297.0,95824.0,21091.0,91.0,343.0,22831.0,565.0,13730.714621889956
2021-11-04T00:00:00.000000,244.0,117,127,184.0,29.0,70.0,161354.0,33567.0,200552.0,42193.0,43722.0,6914.0,90174.0,22563.0,94.0,334.0,25908.0,498.0,12910.05287377849
2021-11-05T00:00:00.000000,210.0,86,124,150.0,22.0,44.0,152071.0,33473.0,210353.0,44638.0,40644.0,7686.0,77377.0,17615.0,57.0,316.0,23783.0,391.0,11814.079564780306
2021-11-06T00:00:00.000000,226.0,122,104,169.0,33.0,66.0,189598.0,47385.0,172237.0,43763.0,63841.0,13959.0,91624.0,22880.0,86.0,352.0,22905.0,464.0,12456.543315506993
2021-11-07T00:00:00.000000,211.0,103,108,155.0,22.0,58.0,165322.0,42118.0,134155.0,32044.0,44840.0,10792.0,93449.0,24113.0,89.0,286.0,23325.0,388.0,11747.647152233245
2021-11-08T00:00:00.000000,240.0,111,129,185.0,32.0,53.0,176689.0,39020.0,199915.0,51608.0,48513.0,11087.0,93213.0,19927.0,75.0,349.0,30124.0,492.0,12643.38936447221
2021-11-09T00:00:00.000000,252.0,118,134,184.0,31.0,57.0,197700.0,38583.0,243964.0,65064.0,64646.0,12195.0,86424.0,15460.0,70.0,377.0,26658.0,472.0,13081.37579342466
2021-11-10T00:00:00.000000,258.0,136,122,203.0,41.0,68.0,236140.0,46559.0,215905.0,60396.0,73451.0,15462.0,122707.0,21529.0,91.0,402.0,35492.0,548.0,13135.14809905173
2021-11-11T00:00:00.000000,212.0,106,106,164.0,28.0,53.0,157662.0,37060.0,172727.0,36611.0,42654.0,10244.0,71059.0,14712.0,69.0,368.0,29894.0,456.0,11522.834076164994
2021-11-12T00:00:00.000000,229.0,112,117,180.0,33.0,54.0,168387.0,34571.0,174942.0,38166.0,50048.0,12458.0,86165.0,16810.0,75.0,280.0,29913.0,531.0,12622.370004598883
2021-11-13T00:00:00.000000,232.0,123,109,170.0,31.0,71.0,193321.0,41395.0,197180.0,45831.0,50945.0,11101.0,108145.0,23907.0,87.0,344.0,25893.0,412.0,12116.419879078292
2021-11-14T00:00:00.000000,205.0,97,108,152.0,26.0,51.0,139447.0,27602.0,168292.0,35716.0,50707.0,11525.0,61944.0,11157.0,82.0,307.0,35718.0,439.0,11111.992208865699
2021-11-15T00:00:00.000000,245.0,119,126,189.0,39.0,45.0,198350.0,38794.0,210392.0,48605.0,73746.0,15508.0,74265.0,12872.0,64.0,322.0,27750.0,521.0,12561.976436368903
2021-11-16T00:00:00.000000,175.0,82,91,139.0,24.0,41.0,128381.0,25842.0,140523.0,33256.0,42422.0,7723.0,61976.0,12826.0,60.0,253.0,16369.0,327.0,9520.599147507904
2021-11-17T00:00:00.000000,220.0,124,94,170.0,35.0,68.0,178369.0,37861.0,127292.0,34584.0,55040.0,10360.0,93601.0,22190.0,94.0,391.0,38081.0,403.0,12080.213391491998
2021-11-18T00:00:00.000000,223.0,125,98,169.0,39.0,63.0,180482.0,31817.0,191583.0,43044.0,64660.0,10303.0,86810.0,16436.0,92.0,389.0,26514.0,497.0,12438.397255840497
2021-11-19T00:00:00.000000,222.0,112,110,177.0,27.0,54.0,177886.0,40245.0,161424.0,40036.0,42896.0,8307.0,83120.0,20588.0,77.0,384.0,22312.0,386.0,11456.157397233197
2021-11-20T00:00:00.000000,207.0,98,109,154.0,24.0,56.0,166324.0,31626.0,150506.0,33257.0,46430.0,8693.0,97581.0,17443.0,79.0,325.0,20841.0,437.0,11651.124507652628
2021-11-21T00:00:00.000000,194.0,102,92,145.0,21.0,57.0,188424.0,35897.0,177768.0,37072.0,48260.0,10430.0,104507.0,18491.0,75.0,275.0,21180.0,441.0,10289.681388332587
2021-11-22T00:00:00.000000,243.0,108,135,180.0,32.0,48.0,172789.0,33694.0,221286.0,60628.0,54571.0,8796.0,85414.0,18185.0,67.0,339.0,22803.0,371.0,13985.332510201799
2021-11-23T00:00:00.000000,221.0,117,104,171.0,41.0,52.0,201120.0,41625.0,158701.0,37436.0,91265.0,18050.0,80087.0,17842.0,77.0,372.0,34816.0,452.0,11711.729008122491
2021-11-24T00:00:00.000000,223.0,105,115,168.0,33.0,57.0,162994.0,34400.0,160518.0,44361.0,53713.0,9920.0,82215.0,16955.0,69.0,332.0,23124.0,411.0,11561.130542300818
2021-11-25T00:00:00.000000,215.0,111,104,177.0,40.0,49.0,202023.0,48398.0,163482.0,39856.0,70669.0,14836.0,92094.0,23349.0,68.0,393.0,24409.0,450.0,9939.598110402614
2021-11-26T00:00:00.000000,203.0,109,94,143.0,38.0,52.0,182547.0,35938.0,137632.0,33260.0,66191.0,12481.0,82183.0,16060.0,80.0,333.0,26650.0,477.0,10590.67337408327
2021-11-27T00:00:00.000000,194.0,101,93,147.0,31.0,51.0,140252.0,24227.0,152041.0,33952.0,46678.0,8663.0,63633.0,10528.0,68.0,305.0,25614.0,358.0,10587.42845841024
2021-11-28T00:00:00.000000,216.0,112,104,169.0,32.0,61.0,168672.0,35428.0,171772.0,40407.0,56763.0,12037.0,83375.0,17431.0,74.0,332.0,20941.0,482.0,10356.809848021201
2021-11-29T00:00:00.000000,259.0,126,133,195.0,31.0,70.0,231881.0,39573.0,242441.0,66018.0,54387.0,8577.0,134758.0,24409.0,101.0,406.0,27010.0,582.0,14279.650277263861
2021-11-30T00:00:00.000000,204.0,103,101,169.0,37.0,49.0,155084.0,32165.0,142119.0,28962.0,57428.0,12456.0,73074.0,14055.0,62.0,327.0,22099.0,441.0,10897.314817449616
2021-12-01T00:00:00.000000,212.0,103,109,160.0,30.0,42.0,171394.0,37125.0,184874.0,47144.0,57816.0,12206.0,66736.0,13939.0,59.0,330.0,19460.0,437.0,10431.247563142195
2021-12-02T00:00:00.000000,203.0,99,104,168.0,34.0,49.0,149181.0,29857.0,134739.0,32131.0,54067.0,10847.0,74278.0,14916.0,66.0,383.0,30147.0,437.0,10912.208089334195
2021-12-03T00:00:00.000000,207.0,88,119,152.0,36.0,33.0,138097.0,25655.0,185416.0,38927.0,51153.0,11094.0,60265.0,9694.0,43.0,308.0,16157.0,471.0,11918.948389231135
2021-12-04T00:00:00.000000,183.0,102,81,140.0,36.0,47.0,168145.0,30560.0,155370.0,31711.0,58800.0,10018.0,77690.0,14158.0,67.0,687.0,41419.0,407.0,9475.259830478792
2021-12-05T00:00:00.000000,230.0,111,119,164.0,33.0,52.0,173906.0,37499.0,196334.0,47455.0,58146.0,13452.0,79643.0,16182.0,82.0,314.0,27072.0,400.0,12631.161858470772
2021-12-06T00:00:00.000000,236.0,122,114,181.0,43.0,57.0,178992.0,35297.0,136207.0,31909.0,65618.0,13359.0,87230.0,16496.0,78.0,393.0,28876.0,501.0,13726.701610038055
2021-12-07T00:00:00.000000,211.0,113,98,169.0,29.0,67.0,164531.0,34325.0,161089.0,36563.0,51019.0,9166.0,85013.0,16583.0,92.0,258.0,31394.0,408.0,11182.61228527949
2021-12-08T00:00:00.000000,239.0,115,124,182.0,40.0,62.0,188222.0,35628.0,164545.0,45408.0,65167.0,11309.0,100812.0,21071.0,98.0,407.0,28008.0,518.0,11527.158014359109
2021-12-09T00:00:00.000000,220.0,118,102,177.0,45.0,53.0,215085.0,44560.0,161832.0,35610.0,102335.0,22701.0,76934.0,13685.0,70.0,326.0,29474.0,514.0,11280.178127827301
2021-12-10T00:00:00.000000,245.0,119,126,173.0,26.0,63.0,180456.0,37644.0,187351.0,40624.0,39179.0,7260.0,105990.0,23052.0,74.0,350.0,28894.0,460.0,13634.974098250392
2021-12-11T00:00:00.000000,166.0,82,84,141.0,33.0,38.0,135181.0,26760.0,103456.0,24016.0,62069.0,11904.0,57377.0,11732.0,46.0,286.0,22108.0,344.0,9139.663491799296
2021-12-12T00:00:00.000000,183.0,87,96,136.0,27.0,40.0,146051.0,28751.0,174594.0,46789.0,40539.0,7587.0,71412.0,14435.0,48.0,301.0,16151.0,335.0,10295.687013824909
2021-12-13T00:00:00.000000,209.0,110,99,162.0,34.0,52.0,162734.0,32976.0,133377.0,26242.0,54732.0,10862.0,69118.0,13838.0,66.0,302.0,21690.0,403.0,11622.943270721313
2021-12-14T00:00:00.000000,221.0,116,105,165.0,31.0,66.0,175739.0,31954.0,151458.0,33880.0,54517.0,11701.0,93631.0,15168.0,96.0,345.0,23690.0,459.0,11721.843446174367
2021-12-15T00:00:00.000000,178.0,88,90,152.0,21.0,41.0,134915.0,26222.0,141251.0,28940.0,39780.0,8874.0,57789.0,11663.0,58.0,273.0,17689.0,392.0,10000.29420516357
2021-12-16T00:00:00.000000,199.0,112,87,160.0,40.0,50.0,190280.0,37755.0,140690.0,36122.0,63289.0,11503.0,78646.0,13767.0,65.0,285.0,21877.0,460.0,10459.425862590686
2021-12-17T00:00:00.000000,175.0,80,95,137.0,22.0,48.0,133250.0,28824.0,151147.0,37511.0,34618.0,6396.0,86934.0,19998.0,67.0,283.0,24551.0,333.0,8008.6637881906045
2021-12-18T00:00:00.000000,190.0,89,101,130.0,25.0,45.0,148464.0,28809.0,187766.0,37876.0,46992.0,8338.0,73515.0,15477.0,64.0,381.0,22047.0,353.0,9771.502981507381
2021-12-19T00:00:00.000000,167.0,78,89,127.0,19.0,43.0,141849.0,29044.0,138535.0,34743.0,38987.0,6500.0,65287.0,13823.0,69.0,314.0,16614.0,361.0,9688.49256059096
2021-12-20T00:00:00.000000,184.0,97,87,145.0,29.0,46.0,151197.0,26442.0,118899.0,33630.0,36247.0,5706.0,81635.0,13603.0,56.0,322.0,25028.0,391.0,10292.670360056496
2021-12-21T00:00:00.000000,206.0,106,100,151.0,26.0,56.0,155793.0,25209.0,165255.0,39576.0,39628.0,6694.0,82441.0,13430.0,71.0,375.0,22092.0,435.0,11155.401649105766
2021-12-22T00:00:00.000000,155.0,85,70,136.0,33.0,34.0,138704.0,29485.0,141945.0,34564.0,54304.0,13548.0,57224.0,12216.0,42.0,285.0,16263.0,386.0,8716.696152566505
2021-12-23T00:00:00.000000,170.0,80,90,138.0,21.0,43.0,146714.0,28455.0,129771.0,26661.0,38602.0,7416.0,73721.0,13217.0,55.0,330.0,24723.0,457.0,9425.982940537499
2021-12-24T00:00:00.000000,160.0,88,72,129.0,28.0,44.0,142793.0,31151.0,95209.0,19134.0,44757.0,8382.0,73658.0,17297.0,58.0,291.0,19203.0,316.0,8045.592160643756
2021-12-25T00:00:00.000000,176.0,77,99,135.0,23.0,43.0,129869.0,25492.0,151858.0,31358.0,50659.0,7664.0,61741.0,14858.0,62.0,329.0,19397.0,324.0,9335.752762129225
2021-12-26T00:00:00.000000,191.0,92,99,142.0,20.0,52.0,183493.0,35440.0,142095.0,26810.0,53244.0,11129.0,96581.0,19374.0,71.0,321.0,33974.0,370.0,10180.253593612677
2021-12-27T00:00:00.000000,162.0,79,83,131.0,22.0,38.0,122164.0,27002.0,122031.0,24698.0,33099.0,8472.0,66496.0,14251.0,63.0,240.0,12838.0,335.0,8786.692866218997
2021-12-28T00:00:00.000000,197.0,95,102,154.0,20.0,53.0,154883.0,29989.0,148620.0,30417.0,31802.0,5546.0,85548.0,16815.0,73.0,355.0,26295.0,395.0,10419.245659509203
2021-12-29T00:00:00.000000,191.0,91,100,155.0,17.0,56.0,142326.0,30548.0,145538.0,29584.0,27707.0,7083.0,87410.0,18248.0,82.0,355.0,22378.0,392.0,9881.316289419754
2021-12-30T00:00:00.000000,243.0,111,132,163.0,32.0,57.0,200318.0,43181.0,223917.0,53436.0,68136.0,14791.0,94540.0,19681.0,70.0,401.0,28648.0,553.0,13678.119363804175
2021-12-31T00:00:00.000000,153.0,79,74,128.0,18.0,40.0,134132.0,28483.0,102390.0,25505.0,30973.0,6957.0,63928.0,11680.0,51.0,277.0,18414.0,298.0,7561.027500131791
2022-01-01T00:00:00.000000,144.0,68,76,109.0,19.0,40.0,116261.0,28136.0,107579.0,21427.0,33685.0,7013.0,71545.0,19627.0,47.0,230.0,18264.0,338.0,7016.134174626846
2022-01-02T00:00:00.000000,165.0,82,83,120.0,21.0,37.0,170234.0,32369.0,129332.0,24844.0,65292.0,11211.0,66193.0,13650.0,52.0,351.0,22648.0,378.0,7943.00811699429
2022-01-03T00:00:00.000000,225.0,116,109,166.0,26.0,65.0,184720.0,32385.0,163104.0,33989.0,36988.0,5032.0,115555.0,20507.0,90.0,469.0,34317.0,466.0,11811.708849368535
2022-01-04T00:00:00.000000,208.0,106,102,157.0,36.0,54.0,159363.0,31190.0,174045.0,29211.0,59677.0,11195.0,82458.0,17963.0,71.0,343.0,21520.0,485.0,11176.212065386955
2022-01-05T00:00:00.000000,188.0,111,77,150.0,22.0,67.0,183124.0,36007.0,142846.0,28720.0,35144.0,6489.0,109189.0,21742.0,91.0,402.0,37907.0,471.0,9848.15158810139
2022-01-06T00:00:00.000000,233.0,128,105,158.0,46.0,63.0,203007.0,50422.0,179096.0,41104.0,71811.0,18469.0,87757.0,17245.0,84.0,380.0,32530.0,530.0,13191.290914113204
2022-01-07T00:00:00.000000,189.0,95,94,145.0,31.0,49.0,141730.0,25567.0,146794.0,27135.0,45996.0,7752.0,71543.0,13915.0,57.0,267.0,17243.0,465.0,11186.494224461623
2022-01-08T00:00:00.000000,196.0,103,93,147.0,12.0,69.0,168983.0,32292.0,180476.0,50652.0,19722.0,3619.0,109651.0,21963.0,102.0,344.0,30862.0,442.0,8624.936861097702
2022-01-09T00:00:00.000000,203.0,101,102,150.0,28.0,50.0,172932.0,36891.0,140766.0,34018.0,60008.0,12436.0,74593.0,16205.0,71.0,285.0,21679.0,497.0,11340.591932243186
2022-01-10T00:00:00.000000,201.0,106,95,156.0,36.0,54.0,181637.0,35444.0,148894.0,40390.0,73368.0,13827.0,79240.0,14507.0,74.0,339.0,24364.0,440.0,9871.484781306383
2022-01-11T00:00:00.000000,222.0,114,108,163.0,21.0,64.0,177901.0,33179.0,156496.0,38588.0,35103.0,5791.0,105145.0,21060.0,84.0,301.0,28287.0,382.0,11261.57366982467
2022-01-12T00:00:00.000000,251.0,130,121,189.0,42.0,66.0,190561.0,37604.0,189073.0,36369.0,65655.0,12970.0,97891.0,19133.0,92.0,410.0,28021.0,618.0,13306.624236459733
2022-01-13T00:00:00.000000,197.0,105,92,150.0,27.0,48.0,178021.0,38315.0,149653.0,35551.0,62359.0,17125.0,74494.0,14965.0,61.0,243.0,26002.0,471.0,11605.987939454815
2022-01-14T00:00:00.000000,205.0,114,91,163.0,27.0,66.0,209783.0,42162.0,136437.0,27658.0,53509.0,11669.0,122314.0,24399.0,91.0,309.0,28694.0,427.0,11322.291542510593
2022-01-15T00:00:00.000000,185.0,96,89,138.0,32.0,43.0,163875.0,34856.0,136321.0,33107.0,60542.0,13293.0,68212.0,16072.0,56.0,287.0,19047.0,451.0,9323.179979996195
2022-01-16T00:00:00.000000,173.0,90,83,127.0,26.0,38.0,140376.0,30908.0,96415.0,20595.0,48984.0,12648.0,55039.0,11651.0,44.0,229.0,23309.0,393.0,8359.230785481313
2022-01-17T00:00:00.000000,216.0,115,101,175.0,31.0,62.0,164012.0,27055.0,176794.0,41039.0,44050.0,6673.0,93171.0,16767.0,80.0,455.0,37388.0,498.0,11325.140552965993
2022-01-18T00:00:00.000000,198.0,102,96,154.0,20.0,53.0,173939.0,42349.0,158025.0,37178.0,31589.0,6897.0,100339.0,28233.0,70.0,358.0,26021.0,417.0,9830.243206998666
2022-01-19T00:00:00.000000,226.0,123,103,183.0,39.0,57.0,216412.0,42857.0,151792.0,30529.0,86524.0,16886.0,93460.0,19352.0,78.0,348.0,28306.0,539.0,13249.08359810692
2022-01-20T00:00:00.000000,253.0,118,135,187.0,29.0,67.0,185723.0,34713.0,191668.0,45749.0,57080.0,10427.0,90821.0,17681.0,100.0,465.0,41070.0,501.0,12742.03034121254
2022-01-21T00:00:00.000000,254.0,129,125,174.0,32.0,71.0,212266.0,41578.0,196401.0,44818.0,66540.0,15147.0,118277.0,21525.0,92.0,481.0,41487.0,464.0,12760.112002785376
2022-01-22T00:00:00.000000,204.0,99,105,173.0,31.0,51.0,178533.0,34637.0,202901.0,49476.0,57170.0,11655.0,90791.0,17218.0,67.0,346.0,20034.0,408.0,10168.393065617765
2022-01-23T00:00:00.000000,189.0,91,98,144.0,32.0,43.0,160209.0,28516.0,151350.0,30532.0,66955.0,10738.0,69117.0,13621.0,60.0,326.0,22133.0,395.0,9516.258422526334
2022-01-24T00:00:00.000000,230.0,109,121,166.0,41.0,50.0,183300.0,33939.0,198015.0,48346.0,86377.0,15604.0,69201.0,13679.0,62.0,296.0,23083.0,450.0,12254.19426970883
2022-01-25T00:00:00.000000,207.0,105,102,170.0,34.0,48.0,192120.0,40198.0,157221.0,37879.0,58065.0,11105.0,87188.0,18520.0,58.0,343.0,25343.0,512.0,10533.842302785059
2022-01-26T00:00:00.000000,255.0,140,115,182.0,49.0,66.0,204101.0,40025.0,163211.0,41329.0,73146.0,14034.0,101315.0,20425.0,89.0,338.0,25333.0,613.0,13659.310268938152
2022-01-27T00:00:00.000000,213.0,101,112,161.0,35.0,51.0,179915.0,33067.0,190024.0,45104.0,61992.0,9471.0,91926.0,19640.0,71.0,308.0,18134.0,410.0,10479.316091949597
2022-01-28T00:00:00.000000,197.0,89,108,145.0,27.0,44.0,135125.0,24850.0,178162.0,46118.0,43682.0,7180.0,66859.0,12893.0,52.0,293.0,18511.0,363.0,10759.556638143727
2022-01-29T00:00:00.000000,203.0,105,98,154.0,28.0,61.0,178865.0,34831.0,148252.0,32769.0,62227.0,14114.0,92507.0,15876.0,81.0,336.0,20777.0,416.0,10085.514404903206
2022-01-30T00:00:00.000000,218.0,109,109,148.0,35.0,51.0,159113.0,28471.0,219648.0,44428.0,56893.0,11561.0,69337.0,12244.0,63.0,297.0,23015.0,519.0,11222.216013521695
2022-01-31T00:00:00.000000,209.0,103,106,157.0,29.0,46.0,178895.0,40432.0,165418.0,37398.0,44836.0,6791.0,75738.0,13259.0,60.0,293.0,20465.0,379.0,11211.342913185656
2022-02-01T00:00:00.000000,219.0,110,109,169.0,34.0,55.0,184732.0,41320.0,157185.0,38714.0,74330.0,22817.0,80830.0,13927.0,68.0,328.0,22118.0,472.0,9607.810942830598
2022-02-02T00:00:00.000000,188.0,106,82,153.0,43.0,44.0,165471.0,38387.0,163235.0,48894.0,76081.0,18038.0,65335.0,15672.0,55.0,283.0,21373.0,469.0,9931.952444282626
2022-02-03T00:00:00.000000,201.0,101,100,148.0,43.0,44.0,155220.0,26779.0,163207.0,36254.0,62566.0,10761.0,69028.0,12645.0,52.0,301.0,21135.0,410.0,10066.238515619392
2022-02-04T00:00:00.000000,194.0,100,94,164.0,27.0,52.0,140756.0,33066.0,167080.0,36706.0,40535.0,8017.0,74692.0,20168.0,72.0,332.0,24523.0,448.0,9969.326223168191
2022-02-05T00:00:00.000000,217.0,111,106,150.0,37.0,60.0,191361.0,31811.0,177606.0,37315.0,89516.0,15124.0,84925.0,13234.0,80.0,322.0,22535.0,426.0,11351.169490495518
2022-02-06T00:00:00.000000,184.0,92,92,144.0,25.0,42.0,141927.0,29479.0,146427.0,34237.0,33738.0,7933.0,76689.0,16305.0,51.0,256.0,18497.0,396.0,9511.992244998335
2022-02-07T00:00:00.000000,212.0,123,89,155.0,45.0,56.0,197388.0,39107.0,160744.0,31330.0,71747.0,12963.0,84478.0,17187.0,75.0,313.0,25133.0,417.0,12138.054057211582
2022-02-08T00:00:00.000000,212.0,115,97,182.0,33.0,61.0,168898.0,32360.0,127566.0,33274.0,52590.0,9582.0,91465.0,18366.0,77.0,285.0,26625.0,428.0,11154.484009835576
2022-02-09T00:00:00.000000,243.0,123,120,175.0,39.0,59.0,185067.0,38254.0,162889.0,39972.0,68371.0,13051.0,83657.0,18464.0,84.0,321.0,24704.0,415.0,11797.086907032271
2022-02-10T00:00:00.000000,167.0,86,81,135.0,29.0,38.0,148904.0,28131.0,146319.0,32790.0,37301.0,7740.0,76003.0,13570.0,54.0,264.0,21175.0,398.0,8649.057540534825
2022-02-11T00:00:00.000000,166.0,88,78,125.0,21.0,51.0,160116.0,36443.0,119173.0,22858.0,34222.0,9963.0,83640.0,15653.0,78.0,215.0,20737.0,395.0,8984.256136019803
2022-02-12T00:00:00.000000,185.0,88,97,131.0,27.0,46.0,110368.0,18361.0,139590.0,31746.0,36130.0,5881.0,56753.0,9485.0,70.0,285.0,28919.0,304.0,10574.18424120426
2022-02-13T00:00:00.000000,213.0,106,107,156.0,18.0,71.0,161708.0,30643.0,169333.0,38282.0,30063.0,6242.0,110422.0,21313.0,88.0,332.0,19841.0,410.0,11271.178455690033
2022-02-14T00:00:00.000000,235.0,109,126,178.0,28.0,63.0,193252.0,38761.0,217277.0,64326.0,57137.0,12783.0,115909.0,21187.0,85.0,320.0,28422.0,476.0,12034.526147291346
2022-02-15T00:00:00.000000,211.0,94,115,157.0,28.0,47.0,150777.0,25893.0,191401.0,49788.0,40087.0,8133.0,82105.0,13109.0,60.0,397.0,22506.0,330.0,11430.86395679184
2022-02-16T00:00:00.000000,213.0,91,122,161.0,27.0,48.0,152716.0,28001.0,197813.0,48880.0,48622.0,7661.0,85628.0,16981.0,74.0,352.0,15152.0,466.0,12648.099213592619
2022-02-17T00:00:00.000000,209.0,99,110,140.0,24.0,53.0,146597.0,28156.0,183941.0,37155.0,35525.0,6159.0,78704.0,16769.0,71.0,386.0,19072.0,475.0,12071.560172176636
2022-02-18T00:00:00.000000,192.0,86,106,148.0,25.0,43.0,146745.0,25740.0,177319.0,42304.0,39544.0,5970.0,79353.0,14185.0,64.0,339.0,21247.0,489.0,10594.557655541425
2022-02-19T00:00:00.000000,162.0,76,86,132.0,26.0,39.0,122248.0,18785.0,120907.0,27085.0,42846.0,5814.0,60392.0,10002.0,54.0,234.0,14280.0,318.0,8825.867669338471
2022-02-20T00:00:00.000000,170.0,94,76,129.0,29.0,49.0,155725.0,28266.0,114831.0,25231.0,45910.0,9870.0,72885.0,13575.0,73.0,233.0,27200.0,359.0,10001.746040539601
2022-02-21T00:00:00.000000,218.0,111,107,154.0,26.0,65.0,178853.0,33938.0,168311.0,33896.0,44872.0,7836.0,101545.0,16283.0,89.0,306.0,22298.0,408.0,11753.11788670905
2022-02-22T00:00:00.000000,221.0,112,107,174.0,30.0,64.0,172397.0,32995.0,178729.0,49142.0,45120.0,8158.0,99173.0,20273.0,85.0,329.0,23826.0,455.0,12011.509454271863
2022-02-23T00:00:00.000000,220.0,107,113,161.0,34.0,53.0,163478.0,30593.0,177052.0,50449.0,44780.0,7918.0,93430.0,17284.0,65.0,302.0,23836.0,460.0,12043.754496172403
2022-02-24T00:00:00.000000,203.0,114,89,163.0,36.0,57.0,210089.0,40342.0,140542.0,29020.0,81640.0,15345.0,97782.0,20179.0,80.0,277.0,23477.0,470.0,11163.916199733743
2022-02-25T00:00:00.000000,137.0,62,75,117.0,17.0,35.0,93167.0,16488.0,134128.0,23314.0,35247.0,5555.0,44417.0,8557.0,47.0,255.0,16365.0,259.0,7641.773020740499
2022-02-26T00:00:00.000000,179.0,90,89,123.0,26.0,49.0,158437.0,31047.0,163122.0,41116.0,52469.0,10731.0,75911.0,15547.0,76.0,298.0,18369.0,341.0,9220.932495737257
2022-02-27T00:00:00.000000,153.0,65,88,109.0,20.0,34.0,88628.0,15367.0,136721.0,28648.0,32194.0,4276.0,39397.0,8031.0,41.0,212.0,10746.0,314.0,7773.104787771854
2022-02-28T00:00:00.000000,164.0,83,81,117.0,32.0,34.0,121553.0,24581.0,129833.0,23329.0,49435.0,10745.0,51595.0,10114.0,41.0,205.0,18174.0,370.0,8569.895408573837
2022-03-01T00:00:00.000000,152.0,86,66,121.0,26.0,43.0,128975.0,19917.0,100383.0,19428.0,40579.0,6653.0,55741.0,8772.0,59.0,217.0,21112.0,325.0,8576.84555289915
2022-03-02T00:00:00.000000,162.0,81,81,129.0,21.0,35.0,121977.0,23606.0,113730.0,23999.0,37456.0,8557.0,55902.0,10827.0,40.0,225.0,18830.0,385.0,9040.725802641842
2022-03-03T00:00:00.000000,152.0,72,80,122.0,21.0,37.0,97769.0,20262.0,136307.0,33640.0,38680.0,8389.0,46913.0,8629.0,42.0,206.0,14159.0,296.0,8439.331060189883
2022-03-04T00:00:00.000000,200.0,106,94,136.0,26.0,62.0,155576.0,29089.0,125863.0,34323.0,40257.0,7401.0,93306.0,17635.0,88.0,263.0,24189.0,348.0,12069.212296470172
2022-03-05T00:00:00.000000,140.0,76,64,116.0,23.0,34.0,120957.0,23323.0,109582.0,22812.0,39724.0,6989.0,57087.0,11307.0,42.0,219.0,12439.0,322.0,7538.163478592669
2022-03-06T00:00:00.000000,173.0,68,105,129.0,14.0,34.0,118957.0,30182.0,151899.0,32504.0,38006.0,12252.0,53385.0,11792.0,46.0,316.0,17443.0,302.0,9868.878973848927
2022-03-07T00:00:00.000000,142.0,66,76,116.0,17.0,36.0,108041.0,18598.0,130963.0,21093.0,33576.0,5918.0,53950.0,8960.0,45.0,175.0,16500.0,295.0,7732.708511101071
2022-03-08T00:00:00.000000,177.0,98,79,147.0,35.0,42.0,144066.0,25873.0,107336.0,23424.0,53193.0,9637.0,61537.0,10543.0,56.0,205.0,16983.0,352.0,9584.995037721495
2022-03-09T00:00:00.000000,176.0,101,75,138.0,30.0,50.0,148392.0,23018.0,109855.0,22837.0,47144.0,5870.0,73763.0,12329.0,69.0,284.0,35605.0,309.0,9053.590059488657
2022-03-10T00:00:00.000000,188.0,96,92,145.0,37.0,47.0,147482.0,30133.0,125491.0,27185.0,66099.0,13623.0,57450.0,11523.0,57.0,292.0,16776.0,378.0,9629.300738851925
2022-03-11T00:00:00.000000,167.0,81,86,135.0,20.0,37.0,134556.0,25975.0,134124.0,28986.0,29737.0,4973.0,63441.0,13224.0,55.0,303.0,18310.0,334.0,9492.309862112657
2022-03-12T00:00:00.000000,188.0,98,90,142.0,25.0,47.0,142451.0,33116.0,147060.0,27823.0,42499.0,12653.0,67971.0,13556.0,59.0,257.0,22103.0,395.0,10941.392661488697
2022-03-13T00:00:00.000000,174.0,97,76,137.0,31.0,48.0,141297.0,27496.0,122998.0,22634.0,49987.0,8625.0,62137.0,12385.0,64.0,260.0,21192.0,361.0,10008.588823231557
2022-03-14T00:00:00.000000,188.0,98,90,149.0,41.0,44.0,157052.0,29679.0,143150.0,37174.0,68854.0,12866.0,70727.0,14570.0,50.0,280.0,22869.0,321.0,10293.556074248407
2022-03-15T00:00:00.000000,196.0,99,97,149.0,29.0,48.0,162092.0,32377.0,161036.0,39205.0,50725.0,8678.0,71907.0,13588.0,60.0,362.0,19516.0,357.0,10470.859844925446
2022-03-16T00:00:00.000000,195.0,103,92,155.0,37.0,48.0,158757.0,34692.0,140954.0,30940.0,69365.0,13765.0,65686.0,15916.0,66.0,298.0,19419.0,422.0,9974.391673255386
2022-03-17T00:00:00.000000,206.0,110,96,165.0,33.0,57.0,162355.0,33601.0,148216.0,32903.0,47575.0,10961.0,85799.0,18642.0,74.0,359.0,20826.0,374.0,10733.876045591616
2022-03-18T00:00:00.000000,126.0,65,61,102.0,20.0,29.0,98369.0,20856.0,124804.0,27528.0,39455.0,9554.0,36492.0,7432.0,36.0,188.0,14512.0,275.0,6710.737583250911
2022-03-19T00:00:00.000000,186.0,93,93,134.0,28.0,47.0,142072.0,32477.0,141668.0,26806.0,46915.0,10803.0,70640.0,15704.0,67.0,354.0,20092.0,340.0,8752.328738128697
2022-03-20T00:00:00.000000,154.0,67,87,124.0,21.0,29.0,117254.0,22854.0,164428.0,33522.0,46462.0,7148.0,50019.0,11251.0,38.0,238.0,12051.0,278.0,7635.615189803548
2022-03-21T00:00:00.000000,195.0,101,94,140.0,29.0,47.0,155111.0,27629.0,193850.0,48041.0,47352.0,8630.0,67003.0,10610.0,56.0,314.0,25100.0,401.0,10965.291861687794
2022-03-22T00:00:00.000000,212.0,111,101,167.0,38.0,60.0,176378.0,35504.0,147558.0,27976.0,66484.0,14124.0,90457.0,17533.0,79.0,317.0,17819.0,435.0,10552.740817267488
2022-03-23T00:00:00.000000,198.0,107,91,156.0,35.0,52.0,169170.0,41628.0,141664.0,34840.0,46895.0,9119.0,97082.0,27319.0,70.0,297.0,18757.0,490.0,11006.251018382263
2022-03-24T00:00:00.000000,186.0,97,89,153.0,35.0,45.0,122670.0,24217.0,164313.0,41228.0,44239.0,8316.0,56524.0,11549.0,58.0,269.0,21830.0,393.0,10069.935120004502
2022-03-25T00:00:00.000000,156.0,86,70,122.0,17.0,57.0,127158.0,22753.0,121615.0,32303.0,28619.0,6339.0,84350.0,14469.0,69.0,269.0,25182.0,316.0,8258.349490739995
2022-03-26T00:00:00.000000,169.0,82,87,121.0,24.0,43.0,137370.0,24030.0,167942.0,39141.0,49461.0,6934.0,69425.0,13423.0,56.0,222.0,15965.0,326.0,9152.298058931929
2022-03-27T00:00:00.000000,151.0,80,71,119.0,34.0,29.0,123088.0,24617.0,125353.0,33420.0,53742.0,9975.0,38913.0,7306.0,37.0,220.0,13635.0,292.0,8051.905047518656
2022-03-28T00:00:00.000000,195.0,98,97,155.0,24.0,53.0,147935.0,30909.0,147477.0,31564.0,45111.0,11460.0,74068.0,14670.0,74.0,264.0,23725.0,360.0,11022.70251956944
2022-03-29T00:00:00.000000,203.0,104,99,155.0,43.0,44.0,154083.0,29726.0,154110.0,31287.0,81817.0,16343.0,54248.0,10228.0,54.0,296.0,18041.0,379.0,11502.538670846494
2022-03-30T00:00:00.000000,194.0,102,92,152.0,36.0,41.0,149101.0,28013.0,161589.0,36232.0,53949.0,10490.0,60797.0,11371.0,61.0,265.0,20224.0,332.0,11016.824486332063
2022-03-31T00:00:00.000000,187.0,113,74,140.0,33.0,53.0,180338.0,37617.0,116964.0,25661.0,66620.0,13531.0,76136.0,14357.0,67.0,307.0,27824.0,361.0,11128.439023868106
2022-04-01T00:00:00.000000,207.0,88,119,129.0,26.0,43.0,149235.0,26703.0,203189.0,45734.0,47812.0,8345.0,71927.0,12985.0,59.0,328.0,21301.0,361.0,12243.395808520074
2022-04-02T00:00:00.000000,166.0,67,99,122.0,20.0,32.0,100513.0,19375.0,142367.0,32235.0,26821.0,5863.0,55968.0,10528.0,43.0,217.0,13541.0,300.0,10045.76784603494
2022-04-03T00:00:00.000000,136.0,73,63,116.0,30.0,32.0,113088.0,22619.0,83149.0,20003.0,50118.0,10143.0,46243.0,10273.0,37.0,207.0,11510.0,276.0,8164.55189821454
2022-04-04T00:00:00.000000,168.0,74,94,123.0,24.0,35.0,114768.0,22827.0,146395.0,26790.0,42358.0,8938.0,53707.0,10671.0,43.0,287.0,14810.0,358.0,9305.6020749821
2022-04-05T00:00:00.000000,161.0,91,70,133.0,28.0,43.0,155890.0,31260.0,115855.0,22229.0,44690.0,9850.0,79463.0,15482.0,49.0,210.0,23187.0,302.0,8775.502271901069
2022-04-06T00:00:00.000000,160.0,82,78,126.0,22.0,41.0,125746.0,24354.0,133232.0,26026.0,42269.0,8930.0,55795.0,9422.0,52.0,252.0,20993.0,327.0,8933.308438490842
2022-04-07T00:00:00.000000,152.0,66,86,126.0,27.0,28.0,107346.0,24173.0,134432.0,27254.0,47852.0,11007.0,41038.0,10478.0,38.0,227.0,18077.0,352.0,8101.28912796938
2022-04-08T00:00:00.000000,167.0,81,86,128.0,25.0,40.0,119800.0,22079.0,109507.0,22632.0,40586.0,8363.0,56025.0,9604.0,52.0,228.0,18798.0,304.0,9115.450945629522
2022-04-09T00:00:00.000000,164.0,86,76,135.0,27.0,43.0,137192.0,25618.0,145830.0,32842.0,49568.0,8498.0,69193.0,13863.0,62.0,232.0,13690.0,326.0,8851.23374205647
2022-04-10T00:00:00.000000,151.0,79,72,117.0,24.0,36.0,131362.0,23269.0,111335.0,24737.0,40957.0,8656.0,51867.0,8525.0,43.0,209.0,12064.0,281.0,8070.541663832845
2022-04-11T00:00:00.000000,193.0,115,78,145.0,38.0,53.0,185686.0,36178.0,118423.0,24047.0,73534.0,13266.0,79857.0,17122.0,75.0,265.0,27203.0,470.0,11286.623992692177
2022-04-12T00:00:00.000000,162.0,78,84,127.0,22.0,45.0,114883.0,26468.0,115607.0,25970.0,38002.0,7211.0,62611.0,15254.0,58.0,205.0,15262.0,359.0,9038.074716201361
2022-04-13T00:00:00.000000,157.0,77,80,119.0,24.0,37.0,109689.0,24779.0,154601.0,27029.0,38085.0,7043.0,50465.0,12171.0,53.0,229.0,18280.0,302.0,8545.706150580363
2022-04-14T00:00:00.000000,161.0,71,90,127.0,21.0,38.0,105723.0,20231.0,140857.0,27576.0,40649.0,6122.0,51166.0,11204.0,47.0,224.0,14104.0,296.0,8201.084995965008
2022-04-15T00:00:00.000000,167.0,87,80,120.0,21.0,47.0,119222.0,27691.0,130150.0,28767.0,36026.0,8906.0,61706.0,14061.0,58.0,165.0,18002.0,302.0,8927.058712631253
2022-04-16T00:00:00.000000,150.0,91,59,118.0,28.0,46.0,151101.0,33841.0,99150.0,17799.0,49671.0,10712.0,74174.0,17217.0,66.0,262.0,20262.0,310.0,7679.339073222472
2022-04-17T00:00:00.000000,166.0,80,86,122.0,19.0,46.0,144458.0,25223.0,140395.0,27027.0,46836.0,7060.0,74639.0,13063.0,59.0,284.0,21728.0,313.0,9488.4593632931
2022-04-18T00:00:00.000000,153.0,72,81,116.0,21.0,41.0,94529.0,18121.0,138205.0,30338.0,26756.0,5379.0,57184.0,10715.0,55.0,212.0,12173.0,337.0,8317.552087157632
2022-04-19T00:00:00.000000,166.0,78,88,122.0,27.0,37.0,111036.0,20293.0,131366.0,28980.0,37630.0,7199.0,50577.0,9542.0,54.0,286.0,14613.0,344.0,9294.881785396788
2022-04-20T00:00:00.000000,185.0,87,98,138.0,25.0,40.0,142154.0,28011.0,147066.0,28677.0,46025.0,9982.0,56886.0,11281.0,50.0,297.0,13704.0,305.0,10849.955665337697
2022-04-21T00:00:00.000000,168.0,90,78,140.0,37.0,34.0,137557.0,25986.0,125620.0,24451.0,61144.0,10787.0,50887.0,10095.0,42.0,238.0,16255.0,370.0,9383.164591086928
2022-04-22T00:00:00.000000,167.0,89,78,133.0,36.0,39.0,147204.0,30800.0,114853.0,23481.0,65979.0,14968.0,55185.0,10202.0,53.0,329.0,19730.0,321.0,8837.291562900484
2022-04-23T00:00:00.000000,152.0,88,64,119.0,25.0,48.0,124949.0,25927.0,99383.0,27126.0,38665.0,6915.0,64852.0,15178.0,69.0,228.0,16531.0,363.0,7522.819571654089
2022-04-24T00:00:00.000000,168.0,93,75,126.0,34.0,44.0,145805.0,28649.0,150983.0,31288.0,52812.0,9749.0,70982.0,15224.0,66.0,232.0,19276.0,301.0,9767.461035324983
2022-04-25T00:00:00.000000,189.0,85,104,148.0,29.0,38.0,128575.0,26175.0,165786.0,38889.0,48170.0,9335.0,48073.0,9518.0,50.0,257.0,13333.0,371.0,10793.149253407428
2022-04-26T00:00:00.000000,211.0,95,116,162.0,31.0,51.0,130818.0,24260.0,181250.0,37314.0,46996.0,8832.0,70291.0,11432.0,68.0,314.0,21599.0,409.0,11528.052883639608
2022-04-27T00:00:00.000000,171.0,85,86,143.0,23.0,44.0,130981.0,28889.0,176508.0,40581.0,41722.0,11927.0,55928.0,10249.0,65.0,241.0,24157.0,274.0,9388.402548533439
2022-04-28T00:00:00.000000,187.0,88,99,137.0,18.0,56.0,132858.0,22863.0,201808.0,54509.0,27159.0,5267.0,83562.0,13307.0,75.0,383.0,21221.0,323.0,9251.326777669625
2022-04-29T00:00:00.000000,201.0,99,102,154.0,31.0,50.0,148249.0,27781.0,183616.0,40141.0,53503.0,11199.0,64530.0,11101.0,60.0,288.0,18982.0,307.0,11585.218330845419
2022-04-30T00:00:00.000000,165.0,82,83,120.0,23.0,44.0,136478.0,26470.0,149693.0,36132.0,36460.0,7862.0,80751.0,13338.0,59.0,290.0,17863.0,289.0,9172.991015617978
2022-05-01T00:00:00.000000,169.0,89,80,140.0,34.0,38.0,121865.0,23309.0,155252.0,38109.0,42717.0,8328.0,48086.0,9121.0,55.0,249.0,18153.0,402.0,8979.741181331672
2022-05-02T00:00:00.000000,170.0,89,81,132.0,29.0,51.0,141104.0,30280.0,131222.0,24719.0,38033.0,7337.0,92429.0,19778.0,62.0,217.0,18353.0,388.0,8372.296188906543
2022-05-03T00:00:00.000000,167.0,76,91,125.0,22.0,36.0,112760.0,21483.0,123669.0,27895.0,39857.0,6933.0,55699.0,11826.0,44.0,192.0,15277.0,377.0,9390.962922019477
2022-05-04T00:00:00.000000,189.0,105,84,143.0,27.0,54.0,142440.0,30839.0,145988.0,49883.0,37571.0,7779.0,74566.0,17705.0,72.0,262.0,16998.0,307.0,10272.772679855627
2022-05-05T00:00:00.000000,190.0,110,80,153.0,40.0,44.0,158474.0,29923.0,113724.0,24744.0,54607.0,10649.0,46907.0,9008.0,57.0,233.0,20954.0,466.0,10251.949942330464
2022-05-06T00:00:00.000000,158.0,85,73,123.0,29.0,44.0,137725.0,30062.0,102632.0,21710.0,46151.0,10117.0,76616.0,17375.0,56.0,247.0,19467.0,346.0,9184.108810775771
2022-05-07T00:00:00.000000,152.0,87,65,124.0,20.0,56.0,136649.0,23217.0,88333.0,21028.0,26350.0,4739.0,95330.0,16145.0,64.0,235.0,15828.0,324.0,8686.34927661208
2022-05-08T00:00:00.000000,171.0,91,77,125.0,31.0,41.0,126869.0,24697.0,102772.0,20226.0,47195.0,9006.0,58695.0,11317.0,51.0,248.0,19106.0,347.0,8622.752880762713
2022-05-09T00:00:00.000000,160.0,91,69,125.0,24.0,50.0,140509.0,28257.0,131534.0,41145.0,40820.0,9952.0,75132.0,13077.0,68.0,242.0,18462.0,295.0,8121.986278508941
2022-05-10T00:00:00.000000,182.0,99,83,145.0,28.0,48.0,131584.0,26178.0,138465.0,30181.0,39395.0,7670.0,63442.0,13823.0,59.0,281.0,20730.0,366.0,9119.92273839525
2022-05-11T00:00:00.000000,219.0,110,109,167.0,32.0,49.0,165622.0,32962.0,152925.0,30518.0,63234.0,12727.0,68994.0,13909.0,69.0,334.0,18387.0,376.0,11053.896604200603
2022-05-12T00:00:00.000000,182.0,101,81,142.0,38.0,41.0,177061.0,34122.0,124643.0,23962.0,70091.0,15642.0,73342.0,12097.0,53.0,282.0,21156.0,399.0,9563.99106961693
2022-05-13T00:00:00.000000,154.0,78,76,109.0,30.0,34.0,148733.0,32967.0,118009.0,21532.0,80500.0,19674.0,43805.0,7872.0,46.0,208.0,16519.0,322.0,9032.2780676877
2022-05-14T00:00:00.000000,147.0,82,65,106.0,26.0,38.0,124827.0,22342.0,104841.0,24789.0,37281.0,6744.0,53601.0,10517.0,51.0,221.0,13922.0,232.0,8967.654158890044
2022-05-15T00:00:00.000000,135.0,77,58,109.0,20.0,42.0,147050.0,26373.0,82954.0,20649.0,62071.0,12219.0,64648.0,10054.0,58.0,208.0,17316.0,263.0,6941.77972990077
2022-05-16T00:00:00.000000,159.0,87,72,135.0,29.0,32.0,130869.0,25066.0,99910.0,22357.0,56610.0,11413.0,47447.0,9626.0,40.0,212.0,13317.0,310.0,8411.403683854345
2022-05-17T00:00:00.000000,193.0,115,78,145.0,40.0,55.0,164551.0,30154.0,98386.0,20054.0,58915.0,10846.0,73561.0,13073.0,66.0,245.0,21849.0,432.0,9846.530393866167
2022-05-18T00:00:00.000000,183.0,94,89,138.0,19.0,52.0,139075.0,26284.0,150736.0,40577.0,31069.0,5213.0,77639.0,15607.0,68.0,266.0,26046.0,319.0,9378.49749928776
2022-05-19T00:00:00.000000,207.0,109,98,155.0,36.0,55.0,150033.0,31160.0,158033.0,38003.0,53838.0,11960.0,73215.0,15110.0,68.0,288.0,20058.0,466.0,11852.288331488064
2022-05-20T00:00:00.000000,151.0,75,76,125.0,21.0,47.0,120772.0,21524.0,155272.0,42115.0,34162.0,5974.0,73604.0,13328.0,77.0,308.0,14630.0,284.0,7455.227044109928
2022-05-21T00:00:00.000000,156.0,82,74,123.0,29.0,39.0,141442.0,29549.0,93700.0,18318.0,51465.0,9807.0,68401.0,14730.0,54.0,264.0,15734.0,294.0,9102.634863696563
2022-05-22T00:00:00.000000,157.0,75,82,112.0,21.0,43.0,131644.0,25284.0,154306.0,36792.0,53511.0,10316.0,65616.0,13021.0,60.0,289.0,15042.0,318.0,7555.026247068766
2022-05-23T00:00:00.000000,151.0,72,79,120.0,22.0,36.0,111366.0,22086.0,127937.0,31179.0,29904.0,5469.0,55449.0,11474.0,52.0,259.0,17230.0,249.0,9375.237833412006
2022-05-24T00:00:00.000000,186.0,105,81,140.0,33.0,56.0,174880.0,39551.0,131318.0,26745.0,61246.0,14428.0,92722.0,19856.0,71.0,378.0,22572.0,430.0,10453.20251295064
2022-05-25T00:00:00.000000,148.0,90,58,109.0,32.0,41.0,140573.0,29424.0,95122.0,23526.0,50370.0,9703.0,67523.0,14421.0,58.0,208.0,18732.0,300.0,7589.849825580134
2022-05-26T00:00:00.000000,191.0,101,90,149.0,36.0,44.0,166098.0,31924.0,146314.0,35373.0,56949.0,10621.0,81556.0,15413.0,61.0,317.0,17482.0,432.0,11139.05010104627
2022-05-27T00:00:00.000000,166.0,82,84,127.0,24.0,41.0,151279.0,27258.0,131984.0,32879.0,57769.0,10376.0,76263.0,14539.0,55.0,279.0,17317.0,341.0,8723.439719606971
2022-05-28T00:00:00.000000,121.0,71,50,103.0,22.0,32.0,112632.0,22133.0,66068.0,14173.0,31130.0,5031.0,56178.0,11454.0,43.0,152.0,12918.0,238.0,6677.771975190387
2022-05-29T00:00:00.000000,145.0,82,63,119.0,26.0,38.0,137014.0,31813.0,97875.0,18318.0,38687.0,9691.0,66082.0,12618.0,49.0,183.0,13969.0,339.0,7291.467449603762
2022-05-30T00:00:00.000000,150.0,88,62,125.0,28.0,40.0,127762.0,25207.0,99099.0,20135.0,34418.0,7461.0,62356.0,13194.0,52.0,201.0,15118.0,345.0,8303.738705989417
2022-05-31T00:00:00.000000,178.0,105,73,134.0,39.0,56.0,163235.0,36332.0,119968.0,27809.0,67010.0,15482.0,79666.0,17906.0,71.0,251.0,19695.0,333.0,9193.898353290217
2022-06-01T00:00:00.000000,156.0,80,76,124.0,25.0,40.0,142825.0,32095.0,113162.0,25501.0,46110.0,11168.0,70131.0,14512.0,45.0,267.0,13912.0,303.0,8394.55267599171
2022-06-02T00:00:00.000000,208.0,120,88,149.0,42.0,43.0,204678.0,44603.0,135281.0,31193.0,81483.0,16615.0,68339.0,15259.0,59.0,265.0,61753.0,416.0,11419.606240567433
2022-06-03T00:00:00.000000,134.0,66,68,108.0,16.0,41.0,115372.0,25025.0,122770.0,29093.0,32036.0,8131.0,66793.0,12800.0,59.0,311.0,16865.0,329.0,6977.355276295506
2022-06-04T00:00:00.000000,147.0,72,75,96.0,16.0,39.0,114923.0,22534.0,119151.0,23369.0,29601.0,5905.0,61330.0,11308.0,61.0,255.0,15273.0,237.0,8463.819583737959
2022-06-05T00:00:00.000000,152.0,80,72,119.0,23.0,44.0,112038.0,20616.0,135516.0,27692.0,40784.0,7280.0,55196.0,11671.0,58.0,238.0,17986.0,311.0,8758.941642099855
2022-06-06T00:00:00.000000,157.0,90,67,133.0,31.0,43.0,142881.0,27197.0,126867.0,24480.0,53932.0,9548.0,64308.0,13285.0,51.0,249.0,20258.0,317.0,9092.017639848193
2022-06-07T00:00:00.000000,156.0,91,65,131.0,27.0,47.0,172840.0,33225.0,136217.0,25275.0,50451.0,6214.0,92739.0,21078.0,58.0,201.0,21978.0,343.0,8430.01170424997
2022-06-08T00:00:00.000000,173.0,105,68,135.0,38.0,53.0,168607.0,37484.0,116311.0,30712.0,67259.0,15527.0,80667.0,16463.0,64.0,225.0,19997.0,472.0,9270.334622668932
2022-06-09T00:00:00.000000,162.0,86,76,131.0,32.0,43.0,124685.0,25439.0,120606.0,24749.0,53071.0,9959.0,60662.0,13768.0,60.0,236.0,15542.0,338.0,8315.55958023536
2022-06-10T00:00:00.000000,173.0,95,78,138.0,34.0,45.0,147739.0,31324.0,116685.0,26583.0,58296.0,12599.0,69483.0,15869.0,62.0,289.0,24766.0,405.0,9669.30306201732
2022-06-11T00:00:00.000000,146.0,78,68,104.0,19.0,45.0,118637.0,21114.0,118668.0,26151.0,31186.0,6511.0,72444.0,11477.0,63.0,219.0,18518.0,286.0,7949.548488832582
2022-06-12T00:00:00.000000,148.0,78,70,118.0,21.0,39.0,131313.0,27116.0,134425.0,28994.0,40776.0,9135.0,60739.0,12172.0,54.0,169.0,11618.0,289.0,8748.645392658713
2022-06-13T00:00:00.000000,170.0,80,90,138.0,26.0,37.0,133822.0,24442.0,164959.0,36972.0,47783.0,8612.0,52950.0,9828.0,45.0,271.0,19422.0,299.0,7947.198788482151
2022-06-14T00:00:00.000000,180.0,83,97,139.0,23.0,44.0,125666.0,20469.0,148279.0,36829.0,38473.0,5702.0,66901.0,11933.0,60.0,282.0,27784.0,347.0,9138.21053478507
2022-06-15T00:00:00.000000,177.0,98,79,141.0,30.0,54.0,188833.0,40911.0,130101.0,32106.0,87102.0,20299.0,78640.0,15584.0,72.0,362.0,37869.0,359.0,9490.96395044057
2022-06-16T00:00:00.000000,193.0,97,96,135.0,29.0,50.0,162403.0,38189.0,159315.0,48491.0,50649.0,15156.0,85029.0,17897.0,67.0,309.0,19197.0,372.0,10768.617782394387
2022-06-17T00:00:00.000000,175.0,79,96,128.0,26.0,33.0,132151.0,25955.0,147038.0,33547.0,46500.0,10215.0,52558.0,8815.0,49.0,275.0,13827.0,365.0,8806.071771561015
2022-06-18T00:00:00.000000,165.0,78,87,114.0,26.0,35.0,156238.0,31009.0,121332.0,21260.0,71722.0,17600.0,51987.0,7047.0,50.0,306.0,16285.0,315.0,9153.362119329893
2022-06-19T00:00:00.000000,180.0,85,95,131.0,31.0,40.0,134668.0,27504.0,127769.0,31084.0,50351.0,12180.0,63070.0,10527.0,56.0,356.0,22223.0,357.0,9761.625907459624
2022-06-20T00:00:00.000000,163.0,88,75,119.0,25.0,40.0,146738.0,31202.0,108092.0,24184.0,44900.0,7787.0,61691.0,14371.0,60.0,221.0,15609.0,367.0,8416.07118702333
2022-06-21T00:00:00.000000,155.0,74,81,114.0,28.0,33.0,112220.0,19194.0,156675.0,69930.0,44392.0,8753.0,51849.0,8259.0,39.0,267.0,10527.0,287.0,8021.874240393136
2022-06-22T00:00:00.000000,180.0,86,94,139.0,23.0,40.0,129576.0,27068.0,145462.0,28623.0,45255.0,8765.0,59888.0,13557.0,63.0,249.0,25411.0,362.0,10134.304431044016
2022-06-23T00:00:00.000000,161.0,84,76,133.0,20.0,50.0,147347.0,28750.0,126136.0,26821.0,39787.0,7726.0,88765.0,16824.0,69.0,264.0,14288.0,289.0,8659.146683889103
2022-06-24T00:00:00.000000,152.0,81,71,120.0,27.0,38.0,115983.0,20698.0,139378.0,28892.0,41619.0,6733.0,51713.0,9476.0,52.0,240.0,11631.0,385.0,8424.325770176189
2022-06-25T00:00:00.000000,143.0,83,60,107.0,28.0,39.0,144485.0,26126.0,99477.0,23868.0,54542.0,8816.0,62747.0,11499.0,67.0,228.0,13886.0,298.0,7353.125183358096
2022-06-26T00:00:00.000000,160.0,84,76,123.0,22.0,42.0,140449.0,32870.0,123796.0,33748.0,38544.0,7728.0,74222.0,18971.0,57.0,245.0,12288.0,314.0,8272.382819951308
2022-06-27T00:00:00.000000,185.0,99,86,148.0,36.0,48.0,168185.0,33981.0,135170.0,24073.0,59825.0,10878.0,83272.0,18028.0,73.0,335.0,21548.0,372.0,8921.41461826209
2022-06-28T00:00:00.000000,203.0,111,92,134.0,34.0,57.0,160301.0,30192.0,140751.0,29997.0,49471.0,8604.0,85729.0,16143.0,69.0,299.0,21948.0,445.0,11107.652516806394
2022-06-29T00:00:00.000000,168.0,95,73,130.0,33.0,42.0,150177.0,26545.0,148025.0,24995.0,58024.0,8665.0,57139.0,12062.0,64.0,283.0,17348.0,356.0,9362.467107417135
2022-06-30T00:00:00.000000,155.0,82,73,126.0,29.0,39.0,120219.0,23836.0,126114.0,25048.0,52422.0,10783.0,50593.0,9583.0,51.0,210.0,15956.0,330.0,8299.119652604777
2022-07-01T00:00:00.000000,128.0,66,62,108.0,19.0,31.0,112022.0,24689.0,105677.0,28661.0,39270.0,7304.0,53392.0,12883.0,44.0,228.0,15273.0,354.0,7170.405992249479
2022-07-02T00:00:00.000000,127.0,79,48,96.0,24.0,44.0,134156.0,23034.0,58217.0,10659.0,38202.0,6456.0,78157.0,14023.0,76.0,251.0,14469.0,333.0,7303.976471929351
2022-07-03T00:00:00.000000,149.0,85,64,114.0,26.0,41.0,118338.0,23913.0,86714.0,21020.0,40384.0,8352.0,57132.0,11619.0,60.0,216.0,15632.0,276.0,8815.236860446348
2022-07-04T00:00:00.000000,140.0,76,64,114.0,23.0,42.0,127598.0,23909.0,94139.0,17862.0,47894.0,7143.0,58753.0,13400.0,56.0,215.0,11187.0,302.0,7609.9858754735515
2022-07-05T00:00:00.000000,147.0,77,70,114.0,25.0,38.0,137776.0,25115.0,154852.0,33296.0,51887.0,10761.0,54495.0,8805.0,55.0,256.0,15211.0,287.0,7528.046484129828
2022-07-06T00:00:00.000000,139.0,80,59,110.0,26.0,42.0,125292.0,24652.0,113064.0,31526.0,43383.0,6947.0,62440.0,13084.0,65.0,249.0,13926.0,311.0,7419.6893584963145
2022-07-07T00:00:00.000000,144.0,81,63,115.0,26.0,40.0,156731.0,33390.0,106104.0,28241.0,56962.0,11099.0,75454.0,14333.0,57.0,231.0,15963.0,306.0,7211.155878888837
2022-07-08T00:00:00.000000,140.0,73,67,101.0,23.0,29.0,107675.0,20927.0,107219.0,14629.0,37133.0,7110.0,37258.0,8000.0,39.0,216.0,13617.0,292.0,6730.390851270812
2022-07-09T00:00:00.000000,138.0,88,50,102.0,26.0,44.0,153543.0,27690.0,118146.0,20591.0,43152.0,7064.0,80258.0,15153.0,55.0,236.0,13005.0,312.0,7602.450813764465
2022-07-10T00:00:00.000000,167.0,78,89,106.0,21.0,41.0,140920.0,25114.0,152377.0,27375.0,41393.0,7504.0,77633.0,13634.0,56.0,266.0,20954.0,335.0,9490.846798327226
2022-07-11T00:00:00.000000,200.0,83,117,122.0,21.0,49.0,141314.0,22776.0,164637.0,36138.0,44183.0,8319.0,63846.0,9654.0,73.0,282.0,19277.0,356.0,10178.004354018385
2022-07-12T00:00:00.000000,203.0,94,109,132.0,26.0,56.0,180787.0,50618.0,155768.0,34459.0,46558.0,9502.0,86448.0,17453.0,81.0,315.0,20352.0,417.0,11034.272520275319
2022-07-13T00:00:00.000000,170.0,103,67,127.0,31.0,51.0,175629.0,34832.0,121651.0,26552.0,49029.0,10230.0,93028.0,19275.0,78.0,288.0,26991.0,359.0,9559.680647147057
2022-07-14T00:00:00.000000,170.0,90,80,134.0,29.0,40.0,146966.0,28651.0,118269.0,28545.0,54137.0,10066.0,52784.0,10460.0,65.0,335.0,22365.0,483.0,8457.308473521663
2022-07-15T00:00:00.000000,129.0,70,59,102.0,18.0,37.0,116577.0,23185.0,101838.0,21361.0,30158.0,5712.0,58210.0,10539.0,50.0,182.0,14112.0,320.0,7088.349762070232
2022-07-16T00:00:00.000000,146.0,73,73,112.0,19.0,36.0,152317.0,34468.0,123627.0,29599.0,56709.0,12390.0,61486.0,17068.0,52.0,203.0,14378.0,292.0,6767.314003910902
2022-07-17T00:00:00.000000,136.0,75,61,113.0,18.0,39.0,143343.0,28749.0,104727.0,25472.0,42771.0,9548.0,69483.0,13925.0,55.0,219.0,13133.0,283.0,7311.266927050819
2022-07-18T00:00:00.000000,175.0,101,74,122.0,29.0,54.0,155170.0,28969.0,101246.0,25119.0,39324.0,7470.0,85591.0,16931.0,74.0,276.0,13471.0,380.0,8479.256448037973
2022-07-19T00:00:00.000000,165.0,85,80,120.0,23.0,51.0,140677.0,29558.0,128010.0,31400.0,48712.0,10517.0,77666.0,16399.0,65.0,302.0,14997.0,402.0,8205.314769701608
2022-07-20T00:00:00.000000,165.0,75,90,127.0,24.0,40.0,110376.0,21904.0,162054.0,34460.0,40112.0,8495.0,58383.0,11642.0,60.0,321.0,30275.0,316.0,8796.962195372937
2022-07-21T00:00:00.000000,175.0,94,81,129.0,25.0,43.0,143890.0,27196.0,134491.0,32564.0,47855.0,7158.0,59765.0,12910.0,67.0,336.0,18349.0,387.0,8696.871473993004
2022-07-22T00:00:00.000000,192.0,91,101,124.0,24.0,50.0,157168.0,30868.0,128401.0,30495.0,48103.0,8590.0,90806.0,18713.0,95.0,426.0,19917.0,468.0,10525.64593543505
2022-07-23T00:00:00.000000,125.0,54,71,88.0,16.0,30.0,107958.0,28087.0,134407.0,30456.0,41975.0,14476.0,56327.0,12209.0,37.0,230.0,9502.0,230.0,5756.985510610732
2022-07-24T00:00:00.000000,116.0,61,55,79.0,14.0,36.0,81252.0,15003.0,103963.0,21449.0,15085.0,2289.0,48815.0,10268.0,56.0,241.0,11220.0,290.0,7048.859117411448
2022-07-25T00:00:00.000000,148.0,91,57,114.0,28.0,49.0,158127.0,31795.0,87320.0,17479.0,56362.0,11340.0,79815.0,17727.0,81.0,249.0,21995.0,324.0,6865.263280039402
2022-07-26T00:00:00.000000,132.0,72,60,100.0,16.0,44.0,105375.0,21756.0,95103.0,22662.0,29642.0,5931.0,58781.0,12368.0,66.0,244.0,14276.0,309.0,7012.526713872442
2022-07-27T00:00:00.000000,177.0,100,77,142.0,39.0,44.0,178646.0,35910.0,160809.0,35234.0,68358.0,12846.0,72807.0,17027.0,80.0,283.0,14795.0,406.0,9602.744367308162
2022-07-28T00:00:00.000000,152.0,85,67,115.0,19.0,42.0,120842.0,25098.0,113331.0,24831.0,26960.0,5476.0,53453.0,11064.0,58.0,252.0,21473.0,298.0,7040.008158836548
2022-07-29T00:00:00.000000,147.0,73,74,115.0,27.0,37.0,121642.0,23480.0,108592.0,18576.0,44951.0,8204.0,63846.0,12844.0,51.0,229.0,12149.0,333.0,7887.983347122904
2022-07-30T00:00:00.000000,121.0,70,51,99.0,22.0,30.0,143510.0,32344.0,76422.0,15674.0,46748.0,10047.0,57350.0,12754.0,51.0,196.0,13693.0,266.0,7084.000525689447
2022-07-31T00:00:00.000000,95.0,49,46,82.0,18.0,27.0,100482.0,20292.0,101411.0,20613.0,40868.0,5693.0,53836.0,13656.0,30.0,170.0,11484.0,225.0,4969.7243275315
2022-08-01T00:00:00.000000,153.0,81,72,120.0,29.0,32.0,130065.0,27506.0,123790.0,24566.0,58659.0,11713.0,47363.0,11561.0,49.0,298.0,19914.0,302.0,8323.499451189098
2022-08-02T00:00:00.000000,133.0,64,69,105.0,14.0,37.0,107665.0,22156.0,169905.0,39131.0,19144.0,2455.0,60635.0,12285.0,51.0,279.0,16227.0,245.0,6839.0744846843345
2022-08-03T00:00:00.000000,132.0,64,68,99.0,18.0,37.0,114504.0,23546.0,125775.0,30258.0,26379.0,6319.0,69354.0,13380.0,52.0,253.0,14834.0,310.0,6450.444726451007
2022-08-04T00:00:00.000000,157.0,81,76,120.0,22.0,39.0,131565.0,22178.0,134871.0,32833.0,40606.0,6412.0,56027.0,10076.0,67.0,224.0,24204.0,360.0,8368.296051241417
2022-08-05T00:00:00.000000,151.0,73,78,112.0,19.0,44.0,112917.0,18626.0,123360.0,26274.0,24655.0,4477.0,76950.0,11817.0,62.0,264.0,13527.0,354.0,8354.855480583437
2022-08-06T00:00:00.000000,133.0,72,61,101.0,18.0,39.0,122541.0,22835.0,100002.0,15918.0,32355.0,6536.0,66861.0,12567.0,67.0,189.0,16356.0,258.0,7648.368301357465
2022-08-07T00:00:00.000000,130.0,59,71,70.0,10.0,42.0,124202.0,26130.0,125936.0,30122.0,31661.0,3752.0,72927.0,17447.0,75.0,217.0,12199.0,313.0,5981.61900499859
2022-08-08T00:00:00.000000,159.0,83,76,114.0,23.0,46.0,142262.0,31652.0,159205.0,40661.0,45920.0,10013.0,66945.0,15998.0,72.0,340.0,23026.0,289.0,8775.830099160872
2022-08-09T00:00:00.000000,133.0,62,71,97.0,12.0,38.0,92748.0,19327.0,108724.0,20486.0,20986.0,4740.0,54551.0,11158.0,59.0,274.0,17236.0,260.0,7480.208320978149
2022-08-10T00:00:00.000000,142.0,81,61,106.0,20.0,42.0,129373.0,22056.0,96799.0,21252.0,38258.0,7607.0,55511.0,10249.0,60.0,240.0,15132.0,347.0,7812.928377058481
2022-08-11T00:00:00.000000,174.0,92,82,121.0,20.0,54.0,154336.0,28299.0,119972.0,26701.0,38730.0,5637.0,87495.0,16734.0,86.0,261.0,22897.0,389.0,8048.086053663699
2022-08-12T00:00:00.000000,124.0,64,60,104.0,17.0,35.0,109659.0,21143.0,103494.0,28278.0,31845.0,6853.0,61353.0,11256.0,52.0,274.0,11585.0,248.0,6444.972682890872
2022-08-13T00:00:00.000000,118.0,56,62,90.0,12.0,29.0,92937.0,17805.0,119268.0,24151.0,21638.0,3090.0,49359.0,11286.0,46.0,252.0,12769.0,235.0,6345.105781825934
2022-08-14T00:00:00.000000,149.0,73,76,106.0,19.0,38.0,116279.0,20319.0,110058.0,28059.0,26427.0,4539.0,64104.0,10581.0,60.0,314.0,15307.0,297.0,7977.293277756248
2022-08-15T00:00:00.000000,175.0,94,81,123.0,31.0,39.0,163575.0,31338.0,156674.0,31917.0,74701.0,12788.0,54810.0,11379.0,53.0,257.0,15193.0,422.0,8479.862910636914
2022-08-16T00:00:00.000000,142.0,71,71,119.0,21.0,40.0,110143.0,21250.0,110900.0,27629.0,32868.0,7039.0,61214.0,11089.0,62.0,310.0,14377.0,282.0,7745.215194049366
2022-08-17T00:00:00.000000,160.0,85,75,115.0,23.0,47.0,124349.0,24008.0,111295.0,28079.0,43174.0,7248.0,64849.0,13858.0,69.0,225.0,12884.0,336.0,8175.545020207813
2022-08-18T00:00:00.000000,173.0,80,93,117.0,31.0,32.0,138380.0,26193.0,135494.0,29020.0,48652.0,7988.0,54732.0,9626.0,40.0,273.0,10800.0,335.0,9423.082555660145
2022-08-19T00:00:00.000000,134.0,75,59,104.0,29.0,33.0,133474.0,26608.0,112521.0,36574.0,43167.0,8270.0,53461.0,11015.0,47.0,236.0,11245.0,293.0,6607.8972666056725
2022-08-20T00:00:00.000000,145.0,80,65,106.0,25.0,31.0,149283.0,27555.0,149717.0,28854.0,37724.0,8197.0,80581.0,14273.0,47.0,311.0,17330.0,330.0,8324.158724977719
2022-08-21T00:00:00.000000,147.0,79,68,113.0,26.0,42.0,140951.0,25610.0,125038.0,25742.0,36578.0,6692.0,76888.0,12640.0,58.0,220.0,15659.0,285.0,7749.058482016091
2022-08-22T00:00:00.000000,142.0,72,70,108.0,27.0,35.0,120773.0,23150.0,114147.0,30425.0,43335.0,7343.0,62343.0,13322.0,45.0,210.0,11223.0,275.0,7233.721453123198
2022-08-23T00:00:00.000000,133.0,63,70,106.0,18.0,30.0,108748.0,17846.0,158792.0,41676.0,35924.0,6575.0,43129.0,6877.0,41.0,220.0,16501.0,251.0,5338.857543034972
2022-08-24T00:00:00.000000,156.0,77,79,122.0,22.0,34.0,128134.0,21836.0,154851.0,43192.0,35782.0,5073.0,54917.0,10950.0,40.0,246.0,13825.0,353.0,8302.295677719481
2022-08-25T00:00:00.000000,172.0,90,82,132.0,33.0,37.0,147051.0,29012.0,154900.0,38662.0,49100.0,8210.0,62182.0,12913.0,53.0,254.0,13918.0,357.0,8357.723410284647
2022-08-26T00:00:00.000000,163.0,86,77,121.0,32.0,45.0,122638.0,21277.0,141352.0,33556.0,51771.0,9557.0,58694.0,9123.0,63.0,275.0,15960.0,380.0,7595.099670759321
2022-08-27T00:00:00.000000,152.0,78,74,109.0,36.0,27.0,130009.0,25673.0,106017.0,20019.0,69261.0,13944.0,36503.0,7857.0,40.0,242.0,16215.0,315.0,8081.808025831305
2022-08-28T00:00:00.000000,128.0,61,67,98.0,21.0,29.0,98041.0,19451.0,110113.0,25639.0,36199.0,7096.0,49843.0,10496.0,43.0,192.0,20005.0,265.0,5387.922008287473
2022-08-29T00:00:00.000000,132.0,79,53,96.0,19.0,40.0,129398.0,28174.0,81554.0,15931.0,33551.0,6801.0,60105.0,13468.0,53.0,252.0,15285.0,241.0,7135.467780170477
2022-08-30T00:00:00.000000,153.0,71,82,124.0,21.0,32.0,142092.0,30946.0,130327.0,28139.0,49290.0,9717.0,59321.0,15375.0,45.0,294.0,22097.0,352.0,8040.574698840262
2022-08-31T00:00:00.000000,131.0,63,68,101.0,16.0,33.0,93385.0,20632.0,79639.0,17402.0,19776.0,2531.0,40715.0,8253.0,49.0,208.0,11657.0,236.0,7190.75397556113
2022-09-01T00:00:00.000000,183.0,84,99,131.0,30.0,34.0,122062.0,21390.0,213874.0,46881.0,43164.0,7593.0,49108.0,9392.0,48.0,394.0,20135.0,446.0,9265.19566446547
2022-09-02T00:00:00.000000,148.0,63,85,112.0,12.0,31.0,88882.0,16736.0,137610.0,28862.0,16891.0,3487.0,49346.0,9299.0,44.0,239.0,17280.0,302.0,7196.6614617293535
2022-09-03T00:00:00.000000,130.0,62,68,107.0,22.0,27.0,93827.0,17378.0,88332.0,19142.0,38269.0,7534.0,41357.0,8275.0,32.0,168.0,16258.0,252.0,6429.584772939304
2022-09-04T00:00:00.000000,111.0,56,55,93.0,11.0,31.0,94477.0,15562.0,88782.0,20555.0,22540.0,4212.0,51655.0,8494.0,46.0,181.0,12438.0,220.0,6354.613907373542
2022-09-05T00:00:00.000000,152.0,71,81,104.0,26.0,26.0,113430.0,25580.0,117148.0,28999.0,47850.0,11255.0,33340.0,8520.0,35.0,237.0,11182.0,339.0,7519.470700855926
2022-09-06T00:00:00.000000,181.0,90,90,136.0,33.0,38.0,153724.0,32523.0,160853.0,41658.0,60574.0,12756.0,58054.0,13013.0,47.0,250.0,15481.0,402.0,6948.073084589737
2022-09-07T00:00:00.000000,148.0,74,74,115.0,22.0,39.0,124342.0,27140.0,127782.0,30079.0,42871.0,12724.0,62007.0,10724.0,44.0,220.0,11324.0,347.0,7154.00797520695
2022-09-08T00:00:00.000000,130.0,61,69,108.0,21.0,27.0,101181.0,20122.0,106286.0,19184.0,32847.0,5431.0,46327.0,10886.0,39.0,202.0,11430.0,292.0,6321.0464983197535
2022-09-09T00:00:00.000000,170.0,94,76,126.0,27.0,42.0,145079.0,29044.0,110133.0,21745.0,47954.0,9915.0,66188.0,13791.0,57.0,196.0,17668.0,365.0,7659.532197515643
2022-09-10T00:00:00.000000,155.0,77,78,104.0,16.0,43.0,128685.0,22968.0,145753.0,39342.0,27516.0,3420.0,65191.0,12309.0,70.0,240.0,14289.0,285.0,6378.09221627945
2022-09-11T00:00:00.000000,137.0,63,74,104.0,19.0,30.0,92739.0,18184.0,111717.0,19364.0,32344.0,6044.0,39993.0,9164.0,39.0,181.0,14725.0,266.0,6826.174862926362
2022-09-12T00:00:00.000000,160.0,87,73,115.0,32.0,37.0,141695.0,30166.0,109622.0,24010.0,46935.0,7936.0,72568.0,17762.0,74.0,293.0,23111.0,396.0,8839.66816015564
2022-09-13T00:00:00.000000,170.0,83,87,130.0,16.0,48.0,132786.0,26473.0,165943.0,57747.0,27764.0,4916.0,84580.0,17496.0,63.0,278.0,12454.0,405.0,8580.104789058283
2022-09-14T00:00:00.000000,176.0,95,81,124.0,25.0,52.0,124861.0,23464.0,107951.0,20756.0,27293.0,4148.0,66650.0,14092.0,72.0,183.0,16370.0,380.0,9916.278166914914
2022-09-15T00:00:00.000000,161.0,75,86,127.0,14.0,45.0,112934.0,21450.0,134081.0,25837.0,18028.0,3202.0,73032.0,13792.0,55.0,247.0,10616.0,287.0,8469.869946608645
2022-09-16T00:00:00.000000,162.0,79,83,124.0,16.0,40.0,111511.0,21666.0,108140.0,23599.0,26773.0,4498.0,53733.0,11062.0,47.0,222.0,12694.0,305.0,9597.007450057255
2022-09-17T00:00:00.000000,127.0,72,55,112.0,24.0,40.0,112783.0,22265.0,93389.0,22029.0,42655.0,10500.0,57329.0,8598.0,47.0,195.0,9174.0,206.0,6744.864001255167
2022-09-18T00:00:00.000000,132.0,66,66,99.0,25.0,27.0,101640.0,17839.0,103550.0,23535.0,44986.0,6266.0,36053.0,6646.0,39.0,163.0,9891.0,325.0,7050.996488668017
2022-09-19T00:00:00.000000,155.0,84,71,124.0,17.0,48.0,125893.0,24906.0,127153.0,34401.0,22328.0,3962.0,79855.0,16493.0,63.0,237.0,16130.0,304.0,8408.92166163288
2022-09-20T00:00:00.000000,167.0,84,83,134.0,17.0,47.0,122861.0,24722.0,120588.0,22837.0,25127.0,4731.0,60956.0,12013.0,63.0,242.0,16694.0,288.0,10190.81070021264
2022-09-21T00:00:00.000000,159.0,67,92,121.0,13.0,38.0,120836.0,24942.0,149066.0,34840.0,24994.0,4195.0,69003.0,14550.0,50.0,279.0,11927.0,356.0,7900.979586309346
2022-09-22T00:00:00.000000,146.0,73,73,121.0,22.0,33.0,110429.0,21900.0,105463.0,24505.0,35504.0,6809.0,52468.0,10884.0,44.0,194.0,11442.0,287.0,7843.802685031203
2022-09-23T00:00:00.000000,157.0,85,72,124.0,25.0,40.0,112209.0,18571.0,112887.0,22120.0,37779.0,5704.0,49785.0,7700.0,54.0,255.0,12043.0,327.0,8194.021200106577
2022-09-24T00:00:00.000000,168.0,76,92,122.0,23.0,34.0,112982.0,21311.0,165208.0,40988.0,41257.0,7992.0,41595.0,8687.0,60.0,286.0,15438.0,322.0,8506.81051165954
2022-09-25T00:00:00.000000,123.0,64,59,100.0,23.0,27.0,94628.0,17225.0,85495.0,20184.0,38057.0,7897.0,36076.0,6398.0,34.0,180.0,10689.0,284.0,5858.812985549087
2022-09-26T00:00:00.000000,149.0,74,75,119.0,19.0,34.0,113628.0,21860.0,128465.0,26710.0,32861.0,6766.0,41989.0,7467.0,47.0,234.0,16255.0,320.0,7932.268031759302
2022-09-27T00:00:00.000000,157.0,89,68,129.0,20.0,53.0,129622.0,24655.0,125923.0,25883.0,32433.0,4901.0,68103.0,12933.0,70.0,224.0,21093.0,366.0,8639.16826251435
2022-09-28T00:00:00.000000,168.0,88,80,131.0,19.0,44.0,131329.0,26053.0,176443.0,40833.0,35253.0,6359.0,64723.0,13622.0,68.0,275.0,18522.0,374.0,8079.431254763355
2022-09-29T00:00:00.000000,170.0,88,82,131.0,31.0,42.0,138497.0,28001.0,169563.0,50334.0,53980.0,11502.0,67438.0,13502.0,63.0,271.0,15935.0,296.0,8803.643062805579
2022-09-30T00:00:00.000000,136.0,70,66,106.0,22.0,33.0,105832.0,18969.0,79411.0,15980.0,31603.0,6696.0,50704.0,8692.0,47.0,207.0,13647.0,263.0,7041.729864781823
2022-10-01T00:00:00.000000,188.0,114,74,135.0,35.0,63.0,183384.0,36154.0,112610.0,26814.0,50732.0,10213.0,102172.0,21399.0,79.0,340.0,26431.0,468.0,10989.454647776536
2022-10-02T00:00:00.000000,138.0,67,71,103.0,19.0,30.0,100484.0,23269.0,139764.0,31930.0,31048.0,8306.0,44364.0,11378.0,44.0,253.0,14362.0,271.0,7356.614090882525
2022-10-03T00:00:00.000000,158.0,87,71,123.0,36.0,34.0,147440.0,26401.0,114714.0,26318.0,59932.0,10200.0,53159.0,10960.0,48.0,251.0,16913.0,386.0,8671.970461511308
2022-10-04T00:00:00.000000,191.0,108,83,146.0,31.0,55.0,150492.0,31270.0,129166.0,28006.0,46702.0,9928.0,72693.0,15728.0,71.0,300.0,20630.0,387.0,11078.112317559428
2022-10-05T00:00:00.000000,178.0,102,76,137.0,36.0,47.0,147362.0,26777.0,123356.0,23184.0,65900.0,12022.0,58230.0,12112.0,71.0,291.0,19505.0,367.0,9984.258598212813
2022-10-06T00:00:00.000000,210.0,109,101,135.0,26.0,52.0,137135.0,28446.0,161655.0,30131.0,34656.0,6260.0,60265.0,12182.0,76.0,360.0,21825.0,453.0,11099.054490726894
2022-10-07T00:00:00.000000,202.0,98,104,141.0,28.0,48.0,148384.0,29479.0,147694.0,32991.0,44722.0,10297.0,54050.0,10013.0,75.0,251.0,15068.0,388.0,11258.412825450912
2022-10-08T00:00:00.000000,184.0,103,79,129.0,28.0,50.0,170934.0,30696.0,127072.0,26177.0,53192.0,9762.0,72943.0,12927.0,68.0,258.0,15966.0,438.0,9938.70878983665
2022-10-09T00:00:00.000000,128.0,73,55,104.0,22.0,30.0,112450.0,20970.0,97212.0,29179.0,39009.0,6608.0,39921.0,7896.0,40.0,158.0,14465.0,222.0,5220.049565216347
2022-10-10T00:00:00.000000,173.0,100,73,125.0,30.0,55.0,158439.0,34480.0,122800.0,25451.0,55244.0,12126.0,86185.0,19158.0,72.0,271.0,18588.0,408.0,10135.252521049802
2022-10-11T00:00:00.000000,196.0,122,74,148.0,36.0,55.0,169791.0,32936.0,107909.0,21707.0,41676.0,7570.0,85691.0,16653.0,75.0,249.0,18722.0,437.0,10712.25061932675
2022-10-12T00:00:00.000000,195.0,93,102,149.0,35.0,41.0,135100.0,25354.0,170414.0,40155.0,54106.0,10529.0,56249.0,10002.0,55.0,271.0,13773.0,339.0,9960.310551475224
2022-10-13T00:00:00.000000,168.0,88,80,134.0,25.0,36.0,138604.0,31266.0,151479.0,32803.0,33502.0,6373.0,67751.0,13943.0,47.0,240.0,12722.0,331.0,8955.424553040284
2022-10-14T00:00:00.000000,179.0,93,86,131.0,28.0,38.0,143488.0,33461.0,133407.0,31995.0,39600.0,9669.0,63532.0,14940.0,53.0,240.0,13219.0,401.0,10023.472994841999
2022-10-15T00:00:00.000000,155.0,88,67,119.0,24.0,43.0,125651.0,22987.0,97551.0,23039.0,40646.0,7836.0,60292.0,10641.0,56.0,162.0,13502.0,272.0,9108.406539263931
2022-10-16T00:00:00.000000,180.0,84,96,134.0,24.0,41.0,116383.0,21251.0,134874.0,31262.0,36004.0,6733.0,53360.0,8818.0,58.0,242.0,15526.0,358.0,10504.300675459857
2022-10-17T00:00:00.000000,185.0,102,83,148.0,31.0,46.0,139820.0,27549.0,115711.0,27691.0,42228.0,8756.0,74917.0,14270.0,65.0,236.0,19106.0,398.0,11035.419889083478
2022-10-18T00:00:00.000000,184.0,101,83,140.0,29.0,47.0,149843.0,25897.0,130013.0,30419.0,46053.0,7042.0,61655.0,11407.0,57.0,231.0,18966.0,400.0,9569.52771345556
2022-10-19T00:00:00.000000,192.0,92,100,142.0,37.0,41.0,124121.0,24425.0,181357.0,37433.0,59204.0,11504.0,50004.0,10381.0,65.0,288.0,15170.0,372.0,11461.83177088153
2022-10-20T00:00:00.000000,212.0,121,91,161.0,36.0,58.0,160326.0,29998.0,141299.0,28467.0,45536.0,8842.0,80764.0,15458.0,87.0,348.0,23301.0,377.0,10808.841029882804
2022-10-21T00:00:00.000000,154.0,81,73,118.0,26.0,33.0,120247.0,25042.0,102804.0,23904.0,41000.0,8619.0,51177.0,11252.0,53.0,229.0,11059.0,317.0,9207.694508662305
2022-10-22T00:00:00.000000,167.0,88,79,126.0,28.0,39.0,139876.0,28265.0,152670.0,37031.0,50504.0,10977.0,59093.0,11403.0,55.0,246.0,13888.0,318.0,7758.623050452677
2022-10-23T00:00:00.000000,180.0,101,79,122.0,33.0,48.0,151243.0,28370.0,158249.0,34410.0,48319.0,8770.0,70019.0,13658.0,63.0,295.0,20098.0,370.0,10752.439067756952
2022-10-24T00:00:00.000000,190.0,115,75,141.0,40.0,55.0,180142.0,30550.0,93000.0,19957.0,67125.0,13585.0,90731.0,13080.0,76.0,260.0,19242.0,412.0,10022.699053308515
2022-10-25T00:00:00.000000,150.0,92,58,124.0,30.0,45.0,131805.0,26302.0,92692.0,20054.0,45285.0,8726.0,62288.0,11486.0,56.0,207.0,12874.0,314.0,8409.733579236405
2022-10-26T00:00:00.000000,213.0,122,89,156.0,47.0,56.0,181457.0,37778.0,142230.0,32806.0,66422.0,11425.0,72603.0,14450.0,73.0,301.0,18721.0,452.0,11346.2342722862
2022-10-27T00:00:00.000000,190.0,99,91,134.0,31.0,48.0,123226.0,23883.0,184665.0,41950.0,40839.0,8411.0,56763.0,10501.0,62.0,276.0,14357.0,427.0,10370.701237508072
2022-10-28T00:00:00.000000,166.0,87,77,129.0,26.0,46.0,150939.0,27813.0,125840.0,28463.0,45960.0,8081.0,78005.0,14808.0,73.0,276.0,18717.0,358.0,8626.43429187311
2022-10-29T00:00:00.000000,165.0,78,87,121.0,22.0,41.0,131216.0,25376.0,130674.0,25891.0,47443.0,10978.0,61920.0,10868.0,61.0,262.0,15400.0,410.0,8953.231186764384
2022-10-30T00:00:00.000000,163.0,84,79,134.0,27.0,39.0,167688.0,34193.0,105470.0,25316.0,59486.0,12332.0,78465.0,17684.0,57.0,256.0,16490.0,266.0,8442.871620108355
2022-10-31T00:00:00.000000,183.0,92,91,137.0,30.0,42.0,152626.0,22225.0,148249.0,29627.0,52132.0,7507.0,64905.0,10925.0,59.0,301.0,17058.0,395.0,9015.660686621173
2022-11-01T00:00:00.000000,180.0,82,98,131.0,23.0,37.0,114485.0,23494.0,140463.0,36425.0,35804.0,6951.0,48522.0,9331.0,54.0,245.0,12595.0,335.0,8982.85294489657
2022-11-02T00:00:00.000000,188.0,90,98,129.0,26.0,41.0,124553.0,24797.0,152889.0,34875.0,36161.0,5983.0,55319.0,11964.0,54.0,334.0,16758.0,311.0,10472.545334839668
2022-11-03T00:00:00.000000,199.0,102,97,158.0,35.0,45.0,166518.0,33407.0,143923.0,34789.0,58803.0,11449.0,72711.0,16536.0,60.0,252.0,20257.0,357.0,10643.04816605233
2022-11-04T00:00:00.000000,172.0,91,81,127.0,30.0,39.0,133271.0,25222.0,114152.0,26682.0,53419.0,10438.0,53990.0,9913.0,48.0,260.0,17808.0,402.0,9166.24601110175
2022-11-05T00:00:00.000000,200.0,92,108,119.0,19.0,47.0,136830.0,30748.0,201832.0,49746.0,42455.0,10436.0,58434.0,12816.0,95.0,291.0,17561.0,422.0,10447.910254939725
2022-11-06T00:00:00.000000,155.0,72,83,119.0,26.0,29.0,123247.0,22609.0,131531.0,31712.0,46720.0,8634.0,42208.0,7687.0,38.0,311.0,13100.0,376.0,8713.57024367681
2022-11-07T00:00:00.000000,187.0,105,82,134.0,31.0,52.0,160743.0,33589.0,111106.0,24029.0,40341.0,6964.0,90796.0,20602.0,73.0,213.0,14341.0,355.0,10581.721592033577
2022-11-08T00:00:00.000000,185.0,103,82,153.0,30.0,57.0,155392.0,28868.0,107022.0,26227.0,50066.0,8252.0,84274.0,16243.0,82.0,330.0,22909.0,404.0,10996.207753549756
2022-11-09T00:00:00.000000,145.0,73,72,128.0,27.0,33.0,106687.0,20018.0,122933.0,24952.0,36690.0,7664.0,51924.0,9093.0,50.0,190.0,13693.0,246.0,8185.8318518428905
2022-11-10T00:00:00.000000,168.0,72,96,135.0,16.0,46.0,107244.0,25220.0,180121.0,46359.0,23503.0,4127.0,72064.0,18563.0,67.0,304.0,12382.0,338.0,9534.565720845085
2022-11-11T00:00:00.000000,165.0,103,62,131.0,29.0,53.0,157767.0,36121.0,94649.0,18977.0,54580.0,14474.0,71648.0,12976.0,61.0,215.0,21009.0,388.0,8460.352869101247
2022-11-12T00:00:00.000000,161.0,91,70,122.0,28.0,47.0,152800.0,29030.0,111759.0,29517.0,48440.0,11202.0,78822.0,13656.0,62.0,259.0,18500.0,373.0,9869.900362201737
2022-11-13T00:00:00.000000,160.0,91,69,128.0,25.0,42.0,142457.0,36656.0,102644.0,21149.0,42331.0,11613.0,66428.0,15796.0,51.0,231.0,17017.0,317.0,9877.547455172149
2022-11-14T00:00:00.000000,186.0,96,90,136.0,28.0,46.0,176657.0,39755.0,104906.0,21681.0,60937.0,16029.0,83036.0,17850.0,63.0,297.0,19141.0,362.0,10148.991371229551
2022-11-15T00:00:00.000000,150.0,91,59,128.0,34.0,40.0,128333.0,24504.0,82661.0,18423.0,43399.0,7319.0,49448.0,9527.0,45.0,173.0,16687.0,380.0,8605.774058859652
2022-11-16T00:00:00.000000,163.0,86,77,121.0,31.0,42.0,136202.0,30620.0,134488.0,35042.0,54503.0,12036.0,60003.0,12762.0,55.0,246.0,25118.0,398.0,8873.944817702186
2022-11-17T00:00:00.000000,203.0,110,93,152.0,32.0,53.0,169005.0,36495.0,146156.0,35001.0,56616.0,14569.0,77490.0,13872.0,76.0,272.0,19952.0,454.0,11907.164893499481
2022-11-18T00:00:00.000000,158.0,70,88,129.0,19.0,36.0,112269.0,22559.0,116137.0,24659.0,33447.0,6891.0,56827.0,9446.0,42.0,206.0,10186.0,280.0,9147.858324263078
2022-11-19T00:00:00.000000,156.0,81,75,126.0,31.0,40.0,146766.0,32787.0,128433.0,26173.0,53863.0,11765.0,77173.0,17677.0,60.0,253.0,15184.0,318.0,8473.22375144028
2022-11-20T00:00:00.000000,184.0,85,99,123.0,21.0,40.0,141420.0,30661.0,175383.0,49296.0,37320.0,8009.0,67635.0,16837.0,50.0,269.0,13447.0,431.0,9020.63030585477
2022-11-21T00:00:00.000000,156.0,80,76,118.0,25.0,46.0,116953.0,23992.0,129524.0,35129.0,31842.0,5800.0,74243.0,15686.0,62.0,230.0,12972.0,301.0,9502.985820416263
2022-11-22T00:00:00.000000,170.0,86,84,129.0,21.0,43.0,147881.0,33721.0,157746.0,47344.0,29302.0,6313.0,79042.0,18464.0,59.0,195.0,19465.0,321.0,9641.26248870731
2022-11-23T00:00:00.000000,174.0,98,76,128.0,28.0,47.0,147362.0,30735.0,113754.0,25085.0,46280.0,10184.0,71679.0,14598.0,73.0,243.0,16935.0,386.0,9888.229904902126
2022-11-24T00:00:00.000000,151.0,84,67,118.0,27.0,34.0,128892.0,24229.0,110847.0,23243.0,45958.0,10637.0,41957.0,6997.0,58.0,227.0,13862.0,249.0,7810.164581952675
2022-11-25T00:00:00.000000,180.0,97,83,126.0,32.0,50.0,153554.0,33140.0,144337.0,37741.0,58363.0,14054.0,78125.0,16079.0,70.0,280.0,18246.0,333.0,9731.81803332053
2022-11-26T00:00:00.000000,153.0,80,73,112.0,31.0,34.0,142579.0,30028.0,132116.0,34425.0,76513.0,16835.0,43764.0,9087.0,52.0,233.0,10572.0,259.0,8547.805254065763
2022-11-27T00:00:00.000000,160.0,79,81,129.0,25.0,43.0,131287.0,27960.0,138658.0,34764.0,37258.0,6964.0,81541.0,18828.0,55.0,244.0,12495.0,355.0,8848.129112234472
2022-11-28T00:00:00.000000,191.0,98,93,145.0,35.0,45.0,138340.0,28778.0,164612.0,36018.0,47486.0,10050.0,60130.0,11521.0,58.0,235.0,12246.0,402.0,9881.869048853172
2022-11-29T00:00:00.000000,152.0,84,68,123.0,24.0,43.0,127572.0,27596.0,128245.0,22304.0,40432.0,11158.0,60758.0,10874.0,56.0,202.0,16165.0,337.0,8005.429825063067
2022-11-30T00:00:00.000000,157.0,85,72,135.0,29.0,37.0,132031.0,26614.0,101316.0,20550.0,38014.0,6588.0,51055.0,10277.0,41.0,213.0,12718.0,301.0,8284.562867945433
2022-12-01T00:00:00.000000,163.0,95,68,134.0,30.0,45.0,145979.0,31040.0,126282.0,32017.0,49826.0,11596.0,61995.0,12026.0,61.0,252.0,14437.0,368.0,9035.142559879358
2022-12-02T00:00:00.000000,163.0,94,69,128.0,36.0,43.0,177835.0,36269.0,114320.0,28761.0,75040.0,18068.0,85717.0,15370.0,57.0,228.0,17919.0,361.0,9344.380338858657
2022-12-03T00:00:00.000000,146.0,68,78,112.0,19.0,37.0,93606.0,20062.0,161489.0,42756.0,26255.0,4735.0,53428.0,13079.0,43.0,210.0,13312.0,247.0,8794.842986698091
2022-12-04T00:00:00.000000,110.0,55,55,94.0,18.0,24.0,92500.0,17456.0,100294.0,21065.0,36647.0,5556.0,39918.0,8909.0,31.0,159.0,7697.0,239.0,5712.628876091108
2022-12-05T00:00:00.000000,168.0,88,80,128.0,32.0,34.0,143284.0,33315.0,128994.0,28502.0,56913.0,16524.0,57698.0,11803.0,44.0,228.0,11908.0,325.0,9128.381300935196
2022-12-06T00:00:00.000000,178.0,102,76,130.0,34.0,41.0,179694.0,34563.0,119072.0,31117.0,57483.0,9730.0,80639.0,16032.0,55.0,234.0,19871.0,458.0,9782.516164219554
2022-12-07T00:00:00.000000,168.0,80,88,115.0,33.0,27.0,129949.0,21888.0,159190.0,32338.0,56482.0,8513.0,42817.0,7963.0,41.0,257.0,12672.0,430.0,10176.564299451828
2022-12-08T00:00:00.000000,185.0,86,99,131.0,26.0,44.0,136998.0,25815.0,157892.0,33695.0,36636.0,6199.0,74958.0,13852.0,52.0,256.0,14388.0,342.0,9649.007927979936
2022-12-09T00:00:00.000000,133.0,60,73,100.0,13.0,34.0,94866.0,18209.0,115742.0,25670.0,19806.0,3933.0,51593.0,9385.0,55.0,236.0,10554.0,223.0,7163.081651477197
2022-12-10T00:00:00.000000,135.0,73,62,98.0,27.0,34.0,120734.0,22730.0,123444.0,23405.0,44598.0,7864.0,56420.0,10672.0,41.0,212.0,11219.0,274.0,7341.368051220835
2022-12-11T00:00:00.000000,155.0,79,76,104.0,30.0,37.0,105638.0,25471.0,137343.0,27814.0,46531.0,9925.0,45732.0,11972.0,46.0,259.0,12116.0,332.0,8092.382681983412
2022-12-12T00:00:00.000000,175.0,88,87,124.0,34.0,45.0,140710.0,27982.0,147914.0,37111.0,63883.0,13401.0,65954.0,12999.0,53.0,261.0,14564.0,334.0,9830.365444120409
2022-12-13T00:00:00.000000,172.0,87,85,124.0,34.0,39.0,139239.0,29373.0,143383.0,33817.0,62495.0,14680.0,53916.0,9776.0,53.0,252.0,13009.0,359.0,9101.565382776842
2022-12-14T00:00:00.000000,146.0,87,59,118.0,30.0,38.0,145336.0,30971.0,93050.0,18276.0,64310.0,12628.0,49403.0,11710.0,45.0,206.0,12097.0,313.0,7622.985371724948
2022-12-15T00:00:00.000000,176.0,88,88,117.0,31.0,38.0,140516.0,31785.0,152772.0,26656.0,66089.0,15913.0,49840.0,11699.0,45.0,249.0,16706.0,393.0,9754.113716049103
2022-12-16T00:00:00.000000,147.0,79,68,113.0,19.0,43.0,130526.0,23586.0,96891.0,21520.0,22492.0,3899.0,80086.0,14656.0,56.0,198.0,13598.0,290.0,7717.681753209704
2022-12-17T00:00:00.000000,156.0,74,82,115.0,22.0,39.0,117665.0,21786.0,150376.0,40604.0,28784.0,5225.0,73269.0,12912.0,53.0,234.0,12890.0,286.0,8853.654233632598
2022-12-18T00:00:00.000000,158.0,72,86,121.0,24.0,35.0,94626.0,19063.0,161122.0,38156.0,43879.0,8482.0,38855.0,7919.0,52.0,193.0,12785.0,263.0,7975.631365882145
2022-12-19T00:00:00.000000,139.0,72,67,113.0,22.0,39.0,114547.0,20847.0,140403.0,30639.0,46940.0,8470.0,51460.0,9833.0,50.0,231.0,13313.0,252.0,7606.119807556411
2022-12-20T00:00:00.000000,145.0,78,67,121.0,26.0,37.0,127148.0,25750.0,115885.0,26368.0,46148.0,9779.0,49830.0,10634.0,47.0,224.0,13955.0,345.0,7083.100077301035
2022-12-21T00:00:00.000000,148.0,64,84,112.0,15.0,32.0,103639.0,19996.0,135580.0,35051.0,27842.0,4640.0,46007.0,11126.0,50.0,264.0,12850.0,317.0,7379.079577631917
2022-12-22T00:00:00.000000,152.0,71,81,126.0,16.0,36.0,113068.0,22639.0,102914.0,23521.0,22320.0,3577.0,68670.0,15492.0,46.0,258.0,18405.0,285.0,8268.53712944965
2022-12-23T00:00:00.000000,123.0,64,59,102.0,9.0,40.0,94062.0,18702.0,89723.0,19960.0,15782.0,5152.0,52492.0,9610.0,52.0,226.0,13061.0,235.0,6993.480990617044
2022-12-24T00:00:00.000000,93.0,50,43,82.0,17.0,28.0,70164.0,13772.0,86147.0,17716.0,30629.0,6023.0,32680.0,6355.0,34.0,163.0,9922.0,191.0,4434.47779011217
2022-12-25T00:00:00.000000,83.0,48,35,70.0,19.0,24.0,77900.0,13915.0,62607.0,20067.0,40513.0,6808.0,32621.0,6188.0,31.0,188.0,7634.0,189.0,4162.453570742153
2022-12-26T00:00:00.000000,125.0,64,61,111.0,16.0,34.0,115338.0,22109.0,123201.0,33511.0,25432.0,5598.0,58940.0,11727.0,47.0,223.0,19503.0,261.0,6853.1591219170095
2022-12-27T00:00:00.000000,139.0,74,65,110.0,23.0,37.0,106107.0,19333.0,93583.0,21290.0,31542.0,4724.0,56110.0,10583.0,43.0,209.0,12855.0,267.0,7765.759885269551
2022-12-28T00:00:00.000000,135.0,62,73,108.0,14.0,37.0,90429.0,16945.0,109450.0,27130.0,32683.0,5899.0,43454.0,8893.0,44.0,200.0,10138.0,314.0,6608.415644637498
2022-12-29T00:00:00.000000,147.0,74,73,102.0,17.0,41.0,140915.0,27039.0,131573.0,27126.0,39806.0,7303.0,75307.0,14771.0,55.0,275.0,19422.0,340.0,7812.028572257262
2022-12-30T00:00:00.000000,147.0,76,71,106.0,16.0,44.0,134137.0,27413.0,129939.0,27212.0,39910.0,5782.0,74348.0,18325.0,70.0,206.0,11802.0,298.0,7134.963580808404
2022-12-31T00:00:00.000000,134.0,61,73,108.0,21.0,34.0,87459.0,16072.0,121396.0,29399.0,30888.0,5653.0,47453.0,8525.0,52.0,224.0,11900.0,339.0,6978.69686819854
2023-01-01T00:00:00.000000,111.0,57,54,88.0,14.0,31.0,91574.0,16910.0,86865.0,21349.0,21292.0,4083.0,51960.0,10023.0,42.0,176.0,10526.0,290.0,5525.370611729686
2023-01-02T00:00:00.000000,172.0,87,85,134.0,27.0,44.0,143781.0,28897.0,126893.0,28475.0,41978.0,9546.0,67771.0,11628.0,64.0,256.0,16355.0,382.0,9365.763180295944
2023-01-03T00:00:00.000000,158.0,74,84,117.0,26.0,38.0,128278.0,23119.0,149750.0,41163.0,49538.0,8202.0,64714.0,12873.0,46.0,251.0,13626.0,321.0,9082.155720492867
2023-01-04T00:00:00.000000,153.0,80,73,125.0,18.0,48.0,122041.0,23690.0,116328.0,26027.0,31138.0,5560.0,70842.0,13770.0,70.0,289.0,15071.0,346.0,8327.216451737298
2023-01-05T00:00:00.000000,166.0,91,75,135.0,27.0,47.0,159776.0,25698.0,130723.0,29300.0,49468.0,7312.0,85040.0,14583.0,62.0,243.0,16182.0,352.0,8533.57464831306
2023-01-06T00:00:00.000000,147.0,68,79,113.0,23.0,30.0,106967.0,21497.0,147245.0,28740.0,39662.0,9407.0,45514.0,8537.0,37.0,236.0,11027.0,327.0,7163.333430319199
2023-01-07T00:00:00.000000,138.0,72,66,106.0,19.0,44.0,119303.0,23726.0,91914.0,23587.0,30335.0,6245.0,77297.0,15942.0,62.0,215.0,12824.0,232.0,6991.167043663962
2023-01-08T00:00:00.000000,174.0,78,96,136.0,19.0,37.0,134001.0,27116.0,184162.0,44249.0,51642.0,10167.0,50650.0,10986.0,56.0,285.0,15312.0,305.0,8818.540904758342
2023-01-09T00:00:00.000000,175.0,98,77,138.0,37.0,34.0,162111.0,30077.0,123914.0,28729.0,59874.0,8851.0,54855.0,11350.0,46.0,274.0,19722.0,394.0,9722.372542835612
2023-01-10T00:00:00.000000,169.0,92,77,138.0,34.0,43.0,179157.0,33726.0,138908.0,33874.0,78201.0,14932.0,68851.0,13963.0,58.0,280.0,18365.0,354.0,9040.358374152824
2023-01-11T00:00:00.000000,152.0,80,72,113.0,24.0,38.0,110575.0,20806.0,120440.0,26732.0,40055.0,7068.0,41722.0,7839.0,51.0,263.0,13757.0,340.0,7783.643385674757
2023-01-12T00:00:00.000000,160.0,87,73,121.0,28.0,43.0,125311.0,22173.0,105654.0,26160.0,40004.0,7425.0,65614.0,11569.0,53.0,284.0,14655.0,338.0,8956.012103751544
2023-01-13T00:00:00.000000,166.0,85,81,128.0,29.0,39.0,147710.0,26109.0,120506.0,23091.0,53187.0,8989.0,64964.0,12210.0,49.0,258.0,13709.0,433.0,8304.692246242423
2023-01-14T00:00:00.000000,134.0,73,61,108.0,25.0,34.0,124036.0,25951.0,103963.0,19905.0,37140.0,6540.0,62364.0,12079.0,47.0,200.0,10098.0,275.0,7161.378137086577
2023-01-15T00:00:00.000000,149.0,80,69,115.0,25.0,35.0,130940.0,24521.0,109917.0,23846.0,49940.0,8257.0,45208.0,7823.0,50.0,256.0,13768.0,334.0,8294.718421803953
2023-01-16T00:00:00.000000,154.0,83,71,118.0,30.0,35.0,157861.0,27632.0,148910.0,25921.0,67102.0,13935.0,51114.0,8838.0,41.0,276.0,15717.0,341.0,7748.146150556393
2023-01-17T00:00:00.000000,153.0,90,63,126.0,19.0,49.0,119886.0,21929.0,107548.0,25706.0,25628.0,4795.0,68439.0,11350.0,63.0,214.0,13029.0,250.0,8524.505028210766
2023-01-18T00:00:00.000000,169.0,93,76,126.0,26.0,49.0,136478.0,24739.0,132771.0,39019.0,41261.0,7855.0,72155.0,12633.0,76.0,257.0,19215.0,332.0,9006.504245320384
2023-01-19T00:00:00.000000,182.0,93,89,133.0,26.0,42.0,161662.0,31957.0,123534.0,25452.0,55106.0,10173.0,67717.0,14263.0,64.0,238.0,15633.0,334.0,10236.356982089199
2023-01-20T00:00:00.000000,146.0,79,66,116.0,19.0,43.0,134491.0,24916.0,113750.0,33880.0,29407.0,4866.0,79891.0,15425.0,66.0,203.0,14606.0,270.0,7520.972066489676
2023-01-21T00:00:00.000000,140.0,68,72,117.0,17.0,37.0,123099.0,22920.0,144505.0,28702.0,26299.0,5411.0,71720.0,12957.0,58.0,287.0,15773.0,268.0,7470.226141213656
2023-01-22T00:00:00.000000,138.0,68,70,110.0,18.0,38.0,179135.0,29205.0,152229.0,37762.0,39943.0,8061.0,95505.0,14509.0,59.0,257.0,13385.0,230.0,6648.631403702804
2023-01-23T00:00:00.000000,145.0,92,53,123.0,35.0,40.0,146132.0,27083.0,109175.0,32471.0,53409.0,10828.0,58955.0,9288.0,46.0,231.0,15526.0,280.0,7392.210480567926
2023-01-24T00:00:00.000000,140.0,87,53,116.0,24.0,39.0,151961.0,26484.0,77834.0,15837.0,47459.0,7070.0,61983.0,12638.0,47.0,232.0,19434.0,319.0,7430.465363898721
2023-01-25T00:00:00.000000,160.0,97,63,146.0,34.0,46.0,205607.0,37874.0,102889.0,15161.0,84807.0,14295.0,89526.0,18595.0,54.0,253.0,18265.0,327.0,8413.361648483642
2023-01-26T00:00:00.000000,147.0,79,68,121.0,23.0,37.0,112673.0,22536.0,135150.0,35007.0,35849.0,6679.0,51565.0,9567.0,44.0,218.0,10990.0,353.0,7420.3891597551
2023-01-27T00:00:00.000000,138.0,77,61,122.0,27.0,40.0,120955.0,20963.0,122277.0,27809.0,38403.0,6741.0,63930.0,10606.0,53.0,222.0,18524.0,342.0,7340.290309632259
2023-01-28T00:00:00.000000,110.0,52,58,87.0,11.0,33.0,72303.0,13406.0,88003.0,20736.0,20632.0,3475.0,38535.0,7634.0,44.0,183.0,10544.0,165.0,6078.617141178009
2023-01-29T00:00:00.000000,155.0,77,78,119.0,21.0,39.0,121034.0,20917.0,185144.0,49047.0,30108.0,3917.0,62381.0,12066.0,53.0,245.0,16916.0,295.0,8132.58845715449
2023-01-30T00:00:00.000000,158.0,77,81,122.0,26.0,32.0,123436.0,26037.0,107845.0,25802.0,38343.0,7958.0,47691.0,8446.0,41.0,286.0,14012.0,334.0,7998.018137567194
2023-01-31T00:00:00.000000,139.0,80,59,111.0,26.0,39.0,152676.0,28688.0,85045.0,18597.0,45986.0,8414.0,78739.0,13752.0,54.0,244.0,15654.0,261.0,7654.225713276741
2023-02-01T00:00:00.000000,195.0,99,96,145.0,20.0,51.0,150267.0,27963.0,165536.0,37332.0,39213.0,8078.0,72001.0,11992.0,61.0,289.0,20278.0,327.0,10363.353607705858
2023-02-02T00:00:00.000000,159.0,86,73,123.0,32.0,36.0,151789.0,26269.0,155565.0,35269.0,62816.0,10181.0,56216.0,11066.0,46.0,209.0,15013.0,277.0,7322.926649127023
2023-02-03T00:00:00.000000,138.0,68,70,111.0,27.0,26.0,104246.0,18843.0,113021.0,25233.0,43030.0,7543.0,44048.0,8675.0,41.0,210.0,13153.0,396.0,7113.876319791736
2023-02-04T00:00:00.000000,135.0,76,59,107.0,22.0,41.0,134737.0,31051.0,118670.0,29910.0,45678.0,12743.0,58701.0,12108.0,58.0,219.0,13941.0,269.0,6363.275738869007
2023-02-05T00:00:00.000000,164.0,82,82,139.0,26.0,37.0,125469.0,21990.0,140701.0,36086.0,37280.0,6121.0,62232.0,12271.0,54.0,247.0,14890.0,391.0,8783.115795149106
2023-02-06T00:00:00.000000,183.0,84,99,146.0,29.0,40.0,134621.0,26383.0,187888.0,40370.0,47395.0,8148.0,65023.0,13754.0,67.0,266.0,17239.0,276.0,10308.492714358219
2023-02-07T00:00:00.000000,163.0,91,72,132.0,26.0,43.0,155635.0,27932.0,117357.0,25063.0,45049.0,6655.0,78419.0,16548.0,53.0,241.0,18394.0,293.0,8324.114729137036
2023-02-08T00:00:00.000000,199.0,84,115,129.0,24.0,44.0,120247.0,27969.0,157277.0,35062.0,38586.0,10722.0,54893.0,11595.0,58.0,262.0,10800.0,301.0,10163.971357701028
2023-02-09T00:00:00.000000,220.0,93,127,131.0,27.0,46.0,135294.0,30446.0,167901.0,38220.0,37193.0,6305.0,75022.0,18086.0,65.0,329.0,16192.0,378.0,11689.98198636405
2023-02-10T00:00:00.000000,139.0,69,70,109.0,20.0,35.0,94399.0,16797.0,111840.0,22899.0,30637.0,5561.0,46543.0,8637.0,40.0,200.0,12716.0,324.0,7856.8906098704265
2023-02-11T00:00:00.000000,146.0,65,81,103.0,18.0,31.0,101890.0,18292.0,144574.0,31018.0,40331.0,6989.0,40351.0,9187.0,42.0,250.0,13624.0,298.0,7051.376884971131
2023-02-12T00:00:00.000000,150.0,80,70,124.0,18.0,42.0,124026.0,21898.0,145602.0,38558.0,32340.0,4720.0,56059.0,9078.0,57.0,233.0,14383.0,289.0,7727.796861517069
2023-02-13T00:00:00.000000,128.0,76,52,111.0,20.0,34.0,144808.0,29097.0,70537.0,15357.0,39551.0,10756.0,76183.0,12178.0,47.0,170.0,14464.0,350.0,6748.028389681145
2023-02-14T00:00:00.000000,164.0,87,77,134.0,28.0,42.0,157835.0,32855.0,134061.0,31214.0,56858.0,11133.0,71334.0,14213.0,55.0,272.0,15756.0,356.0,8284.209550570376
2023-02-15T00:00:00.000000,168.0,91,77,127.0,20.0,56.0,153953.0,29075.0,121637.0,30837.0,42558.0,8364.0,88209.0,17601.0,79.0,274.0,20515.0,412.0,7708.8133364500345
2023-02-16T00:00:00.000000,170.0,90,80,135.0,20.0,48.0,152610.0,27244.0,119515.0,26666.0,34091.0,5255.0,76747.0,15410.0,63.0,247.0,18771.0,325.0,9012.471615307124
2023-02-17T00:00:00.000000,157.0,83,74,123.0,36.0,30.0,133573.0,27888.0,118456.0,29256.0,57563.0,13778.0,49443.0,10345.0,54.0,238.0,22570.0,357.0,8680.705236522914
2023-02-18T00:00:00.000000,123.0,72,51,105.0,24.0,32.0,122936.0,20202.0,88896.0,19819.0,38094.0,6508.0,69453.0,10876.0,47.0,258.0,15573.0,272.0,6501.128290500829
2023-02-19T00:00:00.000000,146.0,74,72,105.0,23.0,34.0,136322.0,29084.0,176249.0,48333.0,48491.0,13960.0,61942.0,11343.0,48.0,280.0,19697.0,297.0,7139.150465713783
2023-02-20T00:00:00.000000,168.0,82,86,125.0,24.0,40.0,124367.0,26262.0,116265.0,29021.0,38178.0,6261.0,55676.0,13397.0,64.0,253.0,13785.0,269.0,8037.990905553165
2023-02-21T00:00:00.000000,121.0,70,51,110.0,23.0,34.0,112255.0,27858.0,72732.0,20325.0,34919.0,10321.0,61116.0,14466.0,43.0,199.0,19606.0,269.0,6281.9510182419635
2023-02-22T00:00:00.000000,139.0,77,62,113.0,27.0,43.0,156130.0,31665.0,86822.0,18168.0,54258.0,11746.0,88203.0,16736.0,53.0,190.0,10223.0,279.0,7271.094297723205
2023-02-23T00:00:00.000000,157.0,78,79,125.0,17.0,39.0,120435.0,23335.0,127002.0,31327.0,23131.0,3382.0,55408.0,11021.0,48.0,263.0,17098.0,356.0,7809.655284942524
2023-02-24T00:00:00.000000,109.0,61,48,95.0,16.0,32.0,91608.0,19391.0,96769.0,22674.0,25624.0,4723.0,47656.0,10510.0,41.0,173.0,10288.0,244.0,5865.191068444974
2023-02-25T00:00:00.000000,139.0,76,63,108.0,20.0,38.0,123727.0,24443.0,129769.0,27550.0,32934.0,7388.0,66524.0,13161.0,53.0,224.0,15476.0,297.0,7452.867638640231
2023-02-26T00:00:00.000000,159.0,86,73,111.0,25.0,44.0,138072.0,26636.0,113186.0,23340.0,48507.0,9364.0,64002.0,13886.0,58.0,251.0,13916.0,360.0,8449.430904816742
2023-02-27T00:00:00.000000,128.0,64,64,99.0,22.0,33.0,110912.0,19919.0,95102.0,20358.0,46503.0,7530.0,50507.0,11187.0,40.0,177.0,11330.0,222.0,6317.852380377182
2023-02-28T00:00:00.000000,155.0,79,76,115.0,21.0,44.0,142148.0,30015.0,92082.0,19442.0,38079.0,8190.0,75300.0,16386.0,55.0,250.0,14146.0,321.0,8070.425793346451
2023-03-01T00:00:00.000000,164.0,86,78,129.0,25.0,39.0,162960.0,34026.0,107693.0,22803.0,55846.0,9081.0,64078.0,14068.0,54.0,218.0,12861.0,291.0,8613.261482541959
2023-03-02T00:00:00.000000,154.0,77,77,125.0,24.0,34.0,130967.0,27348.0,133738.0,35419.0,47962.0,8931.0,50113.0,12347.0,50.0,257.0,14289.0,279.0,8602.046216431794
2023-03-03T00:00:00.000000,147.0,83,64,118.0,20.0,51.0,147451.0,27498.0,87088.0,19191.0,31186.0,5888.0,90039.0,15333.0,64.0,217.0,20415.0,320.0,7779.48610162106
2023-03-04T00:00:00.000000,128.0,66,62,92.0,23.0,24.0,113117.0,22299.0,100020.0,28295.0,38577.0,7036.0,31301.0,7111.0,41.0,243.0,13534.0,290.0,7050.784689144888
2023-03-05T00:00:00.000000,174.0,102,72,133.0,28.0,48.0,177560.0,37967.0,118814.0,23568.0,55616.0,14019.0,78920.0,15594.0,72.0,260.0,25266.0,345.0,9006.733021231043
2023-03-06T00:00:00.000000,199.0,102,97,141.0,21.0,50.0,141815.0,27164.0,175810.0,35954.0,33040.0,7005.0,69770.0,12877.0,63.0,404.0,18218.0,377.0,11184.216331945385
2023-03-07T00:00:00.000000,174.0,96,78,144.0,27.0,52.0,146765.0,31858.0,144649.0,33701.0,44976.0,10859.0,79827.0,17053.0,72.0,283.0,16417.0,381.0,9632.717188785895
2023-03-08T00:00:00.000000,166.0,96,70,129.0,28.0,43.0,166217.0,35294.0,122463.0,27332.0,44227.0,9786.0,75700.0,13292.0,58.0,223.0,15800.0,313.0,9368.34311366743
2023-03-09T00:00:00.000000,167.0,83,84,127.0,29.0,32.0,144153.0,24709.0,129505.0,33948.0,65223.0,9881.0,47572.0,9235.0,48.0,270.0,11385.0,350.0,8584.596433176881
2023-03-10T00:00:00.000000,146.0,82,64,125.0,21.0,38.0,153454.0,34132.0,100606.0,23767.0,41860.0,8316.0,75244.0,19172.0,46.0,224.0,14102.0,283.0,7811.7508718083345
2023-03-11T00:00:00.000000,141.0,75,66,101.0,26.0,29.0,116376.0,24820.0,96308.0,22132.0,42378.0,6006.0,42611.0,10900.0,35.0,188.0,11134.0,318.0,7417.461181765461
2023-03-12T00:00:00.000000,162.0,100,62,109.0,28.0,56.0,184200.0,35259.0,121036.0,29578.0,45525.0,8246.0,114572.0,25219.0,75.0,364.0,20912.0,412.0,7932.7831718284
2023-03-13T00:00:00.000000,142.0,76,66,120.0,27.0,31.0,117071.0,23630.0,93219.0,21098.0,38093.0,7449.0,52666.0,11279.0,45.0,208.0,11755.0,332.0,7624.106831845638
2023-03-14T00:00:00.000000,187.0,102,85,138.0,40.0,48.0,188056.0,42755.0,97626.0,21027.0,89046.0,17591.0,80335.0,20752.0,73.0,274.0,16742.0,401.0,9369.415048820443
2023-03-15T00:00:00.000000,137.0,64,73,117.0,21.0,27.0,104050.0,20873.0,113438.0,26931.0,28781.0,5231.0,47128.0,11645.0,34.0,213.0,11971.0,312.0,7308.7008100701705
2023-03-16T00:00:00.000000,196.0,95,101,128.0,30.0,49.0,170423.0,29801.0,170769.0,37370.0,46631.0,7883.0,93467.0,17168.0,72.0,338.0,18998.0,477.0,10961.625727420833
2023-03-17T00:00:00.000000,117.0,67,50,101.0,22.0,29.0,114877.0,23938.0,113011.0,24085.0,34241.0,6637.0,56594.0,14007.0,43.0,221.0,11000.0,268.0,6751.542126080011
2023-03-18T00:00:00.000000,146.0,83,63,110.0,28.0,40.0,129613.0,21003.0,134700.0,30278.0,44645.0,7247.0,61674.0,10877.0,54.0,240.0,14875.0,350.0,7247.124013992574
2023-03-19T00:00:00.000000,153.0,88,65,118.0,23.0,44.0,161498.0,32604.0,121888.0,30713.0,46762.0,8926.0,80980.0,15701.0,55.0,245.0,15019.0,374.0,8147.500114141735
2023-03-20T00:00:00.000000,157.0,93,64,130.0,27.0,45.0,155355.0,31334.0,135433.0,26290.0,49534.0,8702.0,74505.0,16357.0,56.0,220.0,14541.0,379.0,9210.163654443151
2023-03-21T00:00:00.000000,158.0,96,62,118.0,32.0,41.0,157096.0,28354.0,121203.0,23249.0,66449.0,11889.0,59812.0,11255.0,53.0,301.0,17524.0,323.0,7306.7938955193085
2023-03-22T00:00:00.000000,134.0,81,53,101.0,30.0,35.0,179449.0,37660.0,89247.0,20364.0,86858.0,18830.0,61136.0,13452.0,42.0,187.0,12081.0,272.0,6863.41167492638
2023-03-23T00:00:00.000000,123.0,76,47,108.0,27.0,35.0,132240.0,22985.0,70274.0,16914.0,51837.0,7759.0,64720.0,12629.0,46.0,182.0,11048.0,329.0,6248.597092737082
2023-03-24T00:00:00.000000,151.0,87,64,114.0,28.0,36.0,125561.0,29080.0,91291.0,20026.0,38411.0,10167.0,51592.0,9725.0,43.0,201.0,12768.0,356.0,8479.236711233412
2023-03-25T00:00:00.000000,128.0,74,54,100.0,26.0,35.0,108715.0,19910.0,81966.0,15736.0,36827.0,6261.0,54759.0,10341.0,46.0,149.0,10311.0,298.0,7166.7824296814
2023-03-26T00:00:00.000000,154.0,80,74,108.0,18.0,37.0,124440.0,23611.0,120472.0,32375.0,31564.0,7436.0,65428.0,12366.0,56.0,214.0,15962.0,355.0,8749.76257855743
2023-03-27T00:00:00.000000,130.0,76,54,112.0,30.0,35.0,129733.0,25943.0,83115.0,22174.0,57330.0,12578.0,58600.0,11179.0,46.0,228.0,15675.0,255.0,7052.610518465475
2023-03-28T00:00:00.000000,151.0,81,70,117.0,24.0,42.0,155520.0,33971.0,101909.0,29818.0,45253.0,7713.0,66220.0,14233.0,55.0,214.0,13034.0,379.0,7260.852548980342
2023-03-29T00:00:00.000000,183.0,104,79,137.0,33.0,50.0,157922.0,39115.0,120983.0,31595.0,61445.0,20511.0,72332.0,14904.0,67.0,277.0,20997.0,340.0,9816.016256187648
2023-03-30T00:00:00.000000,131.0,77,54,109.0,27.0,37.0,145046.0,29327.0,116286.0,27995.0,72732.0,13219.0,51803.0,12323.0,46.0,179.0,10046.0,229.0,6913.935291871253
2023-03-31T00:00:00.000000,160.0,95,65,131.0,29.0,44.0,156911.0,29851.0,110626.0,25502.0,57198.0,11288.0,67299.0,13462.0,66.0,271.0,24933.0,312.0,8683.089919284483
2023-04-01T00:00:00.000000,145.0,74,71,102.0,17.0,39.0,128682.0,29826.0,118065.0,37266.0,31727.0,5988.0,64460.0,16179.0,51.0,222.0,14451.0,286.0,7037.329210785001
2023-04-02T00:00:00.000000,104.0,63,41,87.0,23.0,27.0,113511.0,22389.0,67048.0,19464.0,42068.0,8076.0,51494.0,10576.0,43.0,172.0,13178.0,200.0,5649.946120513681
2023-04-03T00:00:00.000000,135.0,66,69,106.0,25.0,30.0,91817.0,18299.0,147521.0,33945.0,33650.0,6351.0,43397.0,8954.0,40.0,194.0,13309.0,278.0,7969.753128300268
2023-04-04T00:00:00.000000,172.0,87,85,117.0,16.0,49.0,156118.0,31861.0,152484.0,31201.0,47387.0,9637.0,73951.0,15417.0,65.0,227.0,14437.0,324.0,9232.089613390766
2023-04-05T00:00:00.000000,151.0,85,66,119.0,32.0,33.0,159227.0,30276.0,114191.0,18940.0,72033.0,11837.0,56704.0,11922.0,43.0,240.0,14079.0,332.0,8402.147636866484
2023-04-06T00:00:00.000000,143.0,76,67,116.0,27.0,31.0,112644.0,23990.0,136268.0,53440.0,50427.0,10288.0,43995.0,8919.0,47.0,251.0,11599.0,297.0,5808.331755414145
2023-04-07T00:00:00.000000,121.0,66,55,100.0,20.0,35.0,91882.0,16231.0,87015.0,16589.0,30214.0,4670.0,50207.0,9376.0,45.0,201.0,9535.0,308.0,6747.53905138893
2023-04-08T00:00:00.000000,108.0,59,49,85.0,20.0,35.0,96176.0,15921.0,93035.0,17368.0,24210.0,3883.0,62706.0,10363.0,49.0,181.0,12077.0,282.0,5562.784479710104
2023-04-09T00:00:00.000000,119.0,58,61,101.0,24.0,21.0,91794.0,17296.0,82754.0,18103.0,35422.0,6987.0,32898.0,6230.0,36.0,202.0,9009.0,255.0,5428.386818379893
2023-04-10T00:00:00.000000,160.0,91,69,127.0,27.0,51.0,172699.0,31185.0,112837.0,24851.0,58107.0,7366.0,85129.0,19346.0,61.0,251.0,16656.0,306.0,7950.5443661138415
2023-04-11T00:00:00.000000,152.0,82,70,126.0,18.0,48.0,129216.0,23083.0,110737.0,30038.0,26563.0,5018.0,78631.0,15395.0,64.0,211.0,14401.0,351.0,8311.26013336729
2023-04-12T00:00:00.000000,135.0,72,63,111.0,25.0,33.0,105311.0,18645.0,121066.0,22160.0,34313.0,5398.0,46806.0,9261.0,45.0,206.0,9891.0,293.0,7079.514280621798
2023-04-13T00:00:00.000000,126.0,70,56,103.0,21.0,36.0,111336.0,23259.0,96768.0,26116.0,34799.0,7097.0,51467.0,10127.0,52.0,156.0,10271.0,228.0,6943.108768186037
2023-04-14T00:00:00.000000,135.0,71,64,119.0,22.0,27.0,101286.0,20613.0,114560.0,21749.0,36149.0,8006.0,28298.0,5445.0,30.0,208.0,9344.0,308.0,7641.660987079427
2023-04-15T00:00:00.000000,149.0,86,63,113.0,27.0,49.0,141761.0,30408.0,111555.0,27202.0,47077.0,8390.0,80010.0,18141.0,65.0,192.0,17203.0,338.0,7887.202056272679
2023-04-16T00:00:00.000000,135.0,72,63,112.0,21.0,39.0,118623.0,25083.0,97991.0,24674.0,32397.0,6309.0,66276.0,14618.0,63.0,195.0,15085.0,319.0,7070.309843521345
2023-04-17T00:00:00.000000,150.0,93,57,130.0,36.0,35.0,136037.0,29384.0,72530.0,12961.0,56243.0,12865.0,52395.0,9615.0,52.0,187.0,12514.0,325.0,8840.177058376945
2023-04-18T00:00:00.000000,174.0,100,74,127.0,31.0,47.0,178857.0,33132.0,166351.0,41820.0,69182.0,12865.0,70297.0,11380.0,67.0,244.0,14994.0,397.0,8496.49481441231
2023-04-19T00:00:00.000000,170.0,83,87,130.0,25.0,45.0,121738.0,25602.0,122210.0,27500.0,41937.0,8411.0,60004.0,12849.0,64.0,295.0,13789.0,381.0,9172.718658199528
2023-04-20T00:00:00.000000,137.0,72,65,110.0,19.0,41.0,125777.0,31464.0,102719.0,22283.0,36456.0,12166.0,72054.0,16293.0,49.0,204.0,11639.0,266.0,7411.552031707899
2023-04-21T00:00:00.000000,122.0,60,62,103.0,16.0,34.0,108613.0,20504.0,102110.0,23376.0,34123.0,5882.0,54093.0,10879.0,48.0,200.0,9716.0,215.0,6560.2119179723895
2023-04-22T00:00:00.000000,131.0,64,67,106.0,18.0,28.0,100202.0,24814.0,134933.0,33108.0,27163.0,7096.0,46482.0,10120.0,36.0,192.0,9021.0,249.0,6807.348771361812
2023-04-23T00:00:00.000000,134.0,81,53,114.0,28.0,37.0,136872.0,31530.0,99122.0,24561.0,59671.0,16368.0,58397.0,9527.0,53.0,214.0,13097.0,305.0,6486.007513714496
2023-04-24T00:00:00.000000,171.0,90,79,123.0,28.0,42.0,166995.0,33605.0,142892.0,41975.0,51791.0,9466.0,82183.0,16575.0,59.0,273.0,14624.0,373.0,5146.933218210202
2023-04-25T00:00:00.000000,167.0,98,69,135.0,37.0,42.0,170032.0,37213.0,136654.0,37134.0,55319.0,10325.0,85502.0,19544.0,61.0,285.0,15910.0,377.0,8775.875502715322
2023-04-26T00:00:00.000000,144.0,87,57,117.0,31.0,34.0,160326.0,36728.0,145166.0,52952.0,49338.0,10333.0,59581.0,12229.0,43.0,226.0,15715.0,475.0,6817.688735535416
2023-04-27T00:00:00.000000,144.0,81,63,118.0,28.0,35.0,144072.0,30899.0,85816.0,20832.0,59249.0,11887.0,55739.0,11852.0,46.0,216.0,19930.0,352.0,7024.190082700433
2023-04-28T00:00:00.000000,159.0,91,68,122.0,31.0,45.0,129645.0,25535.0,134611.0,25284.0,56181.0,12146.0,54487.0,10459.0,64.0,233.0,19500.0,347.0,9269.799025143928
2023-04-29T00:00:00.000000,113.0,56,57,86.0,21.0,26.0,93077.0,17991.0,98402.0,27986.0,34816.0,7888.0,44595.0,8282.0,30.0,160.0,10968.0,193.0,5907.666833482501
2023-04-30T00:00:00.000000,170.0,90,80,126.0,28.0,39.0,137178.0,31272.0,126508.0,26696.0,50246.0,10113.0,49845.0,9832.0,59.0,287.0,16884.0,374.0,8127.562262867922
2023-05-01T00:00:00.000000,160.0,77,83,122.0,21.0,38.0,133219.0,27112.0,150998.0,35932.0,34132.0,6193.0,76112.0,15893.0,52.0,196.0,17120.0,328.0,7836.4250253242735
2023-05-02T00:00:00.000000,157.0,85,72,125.0,22.0,45.0,164900.0,31461.0,158900.0,40487.0,45578.0,10131.0,96197.0,17306.0,58.0,223.0,17800.0,300.0,7941.037315573727
2023-05-03T00:00:00.000000,162.0,91,71,123.0,34.0,44.0,152659.0,31155.0,118778.0,31627.0,50686.0,9509.0,71499.0,13400.0,64.0,190.0,13865.0,391.0,8463.256591383526
2023-05-04T00:00:00.000000,165.0,90,75,128.0,22.0,50.0,151281.0,32279.0,137508.0,33663.0,28795.0,4587.0,83845.0,16964.0,70.0,210.0,15031.0,359.0,8411.102211296153
2023-05-05T00:00:00.000000,193.0,97,96,130.0,26.0,54.0,163396.0,35723.0,170983.0,42913.0,50372.0,9495.0,82569.0,17533.0,87.0,281.0,14530.0,497.0,11065.600158796904
2023-05-06T00:00:00.000000,139.0,76,63,105.0,18.0,37.0,124065.0,21640.0,91612.0,22368.0,37857.0,7632.0,56936.0,10183.0,63.0,226.0,14410.0,249.0,8291.330748821725
2023-05-07T00:00:00.000000,165.0,85,80,116.0,22.0,43.0,133317.0,27437.0,150451.0,34897.0,44710.0,7453.0,61667.0,14135.0,57.0,232.0,14385.0,314.0,7564.257667083086
2023-05-08T00:00:00.000000,154.0,82,72,116.0,25.0,46.0,148949.0,31174.0,168864.0,58545.0,47586.0,8498.0,83841.0,20271.0,65.0,215.0,19877.0,316.0,7384.555169841232
2023-05-09T00:00:00.000000,167.0,88,79,121.0,29.0,40.0,173323.0,48104.0,115112.0,22484.0,57915.0,12851.0,59299.0,11857.0,53.0,192.0,13319.0,430.0,8475.481427569495
2023-05-10T00:00:00.000000,143.0,78,65,112.0,20.0,40.0,141900.0,27031.0,86143.0,18543.0,38376.0,8170.0,68762.0,14010.0,51.0,178.0,13055.0,331.0,7942.452811958292
2023-05-11T00:00:00.000000,173.0,77,96,130.0,29.0,27.0,135126.0,37366.0,148487.0,29434.0,59577.0,15960.0,47059.0,14694.0,45.0,285.0,12928.0,307.0,7631.7367526493545
2023-05-12T00:00:00.000000,135.0,71,64,98.0,24.0,35.0,134419.0,29949.0,97541.0,15860.0,41111.0,8552.0,68047.0,17977.0,44.0,271.0,11422.0,271.0,7768.184858665003
2023-05-13T00:00:00.000000,124.0,62,62,100.0,16.0,35.0,93320.0,18102.0,98541.0,20571.0,26692.0,5856.0,53953.0,9659.0,48.0,238.0,11059.0,236.0,6422.268947101339
2023-05-14T00:00:00.000000,151.0,92,59,119.0,32.0,49.0,153510.0,29747.0,108910.0,23164.0,55035.0,10443.0,79666.0,16143.0,66.0,199.0,13455.0,342.0,8042.993170702564
2023-05-15T00:00:00.000000,126.0,68,58,108.0,20.0,35.0,119477.0,19322.0,86778.0,17628.0,32431.0,5636.0,68283.0,11136.0,47.0,225.0,12494.0,336.0,6829.419039334348
2023-05-16T00:00:00.000000,146.0,76,68,120.0,28.0,39.0,132418.0,28082.0,110282.0,28663.0,52454.0,12431.0,66139.0,13402.0,55.0,219.0,12506.0,249.0,7448.012261886753
2023-05-17T00:00:00.000000,138.0,81,57,109.0,26.0,36.0,143211.0,33400.0,146742.0,37059.0,55357.0,14304.0,61900.0,11864.0,47.0,243.0,12876.0,342.0,6843.1952331993
2023-05-18T00:00:00.000000,134.0,84,50,112.0,22.0,38.0,155797.0,30557.0,84227.0,24526.0,40727.0,7404.0,60682.0,11915.0,51.0,207.0,13071.0,315.0,7505.748591475173
2023-05-19T00:00:00.000000,139.0,64,73,105.0,25.0,27.0,115590.0,22617.0,113953.0,27985.0,45066.0,8388.0,45868.0,9305.0,35.0,202.0,10168.0,281.0,7178.25687383724
2023-05-20T00:00:00.000000,134.0,61,73,102.0,19.0,30.0,99041.0,16452.0,143484.0,33387.0,40598.0,5969.0,46192.0,9145.0,41.0,214.0,9103.0,307.0,6529.566529318787
2023-05-21T00:00:00.000000,114.0,63,51,99.0,23.0,29.0,103470.0,24031.0,74075.0,15461.0,41445.0,8738.0,50673.0,13313.0,43.0,162.0,10983.0,262.0,6369.273531570165
2023-05-22T00:00:00.000000,178.0,98,78,128.0,22.0,54.0,192566.0,40164.0,136788.0,28778.0,36634.0,7094.0,107830.0,23370.0,76.0,240.0,15541.0,367.0,8866.26109407894
2023-05-23T00:00:00.000000,162.0,85,77,118.0,30.0,38.0,151462.0,27768.0,114133.0,26154.0,54109.0,9110.0,70359.0,12084.0,60.0,227.0,13640.0,379.0,8037.845635541853
2023-05-24T00:00:00.000000,174.0,97,77,135.0,28.0,54.0,156744.0,31804.0,157466.0,31245.0,40860.0,7305.0,87293.0,19882.0,86.0,254.0,15648.0,503.0,9891.444309831642
2023-05-25T00:00:00.000000,137.0,74,63,110.0,21.0,38.0,115273.0,20567.0,131065.0,26939.0,24839.0,5287.0,58398.0,8485.0,48.0,198.0,11874.0,317.0,6737.622207676994
2023-05-26T00:00:00.000000,118.0,69,49,100.0,31.0,29.0,163855.0,32109.0,110512.0,22266.0,76663.0,13354.0,63165.0,14716.0,38.0,172.0,9106.0,320.0,6192.188982572503
2023-05-27T00:00:00.000000,122.0,70,52,99.0,17.0,36.0,139414.0,29254.0,98173.0,19994.0,34769.0,5715.0,75204.0,18555.0,48.0,201.0,15916.0,315.0,6873.7877448498975
2023-05-28T00:00:00.000000,156.0,79,77,122.0,16.0,43.0,118533.0,23528.0,115643.0,25045.0,24703.0,4913.0,66468.0,12989.0,52.0,232.0,13906.0,326.0,8426.970522629364
2023-05-29T00:00:00.000000,116.0,62,54,95.0,21.0,27.0,100949.0,19419.0,89525.0,18482.0,30845.0,6726.0,51813.0,8358.0,37.0,150.0,8271.0,257.0,7056.185021733982
2023-05-30T00:00:00.000000,169.0,94,73,132.0,26.0,53.0,182258.0,37794.0,99849.0,23748.0,53084.0,10820.0,95215.0,20407.0,79.0,221.0,14481.0,340.0,9670.05587560889
2023-05-31T00:00:00.000000,113.0,65,48,99.0,24.0,26.0,146151.0,32195.0,71772.0,19193.0,55173.0,11829.0,71037.0,15769.0,38.0,175.0,10129.0,297.0,5172.412813483527
2023-06-01T00:00:00.000000,153.0,78,75,127.0,23.0,38.0,110424.0,22041.0,106364.0,24240.0,38430.0,8006.0,49422.0,9493.0,60.0,244.0,14162.0,331.0,8221.242601023521
2023-06-02T00:00:00.000000,112.0,59,53,97.0,15.0,30.0,95444.0,16964.0,125981.0,30779.0,21859.0,3926.0,47262.0,8767.0,34.0,190.0,8710.0,228.0,6180.057974892122
2023-06-03T00:00:00.000000,127.0,67,60,106.0,11.0,45.0,109874.0,23202.0,115426.0,29079.0,20160.0,3782.0,71793.0,16300.0,58.0,226.0,14407.0,261.0,6517.211666954814
2023-06-04T00:00:00.000000,119.0,73,46,91.0,20.0,40.0,124932.0,25780.0,97349.0,26668.0,39021.0,9729.0,66477.0,12642.0,55.0,208.0,9598.0,210.0,5908.351539316144
2023-06-05T00:00:00.000000,140.0,79,61,118.0,22.0,38.0,130797.0,29414.0,133968.0,34470.0,40518.0,11647.0,63628.0,13190.0,56.0,240.0,12858.0,318.0,7613.10255889426
2023-06-06T00:00:00.000000,179.0,105,74,136.0,40.0,46.0,178093.0,43094.0,127407.0,29301.0,76642.0,19529.0,73575.0,17538.0,63.0,248.0,19875.0,445.0,8901.740702945604
2023-06-07T00:00:00.000000,151.0,82,69,118.0,25.0,42.0,167323.0,33976.0,160313.0,42035.0,44902.0,8852.0,85487.0,17324.0,53.0,339.0,16500.0,334.0,7521.162761509798
2023-06-08T00:00:00.000000,153.0,84,69,131.0,27.0,35.0,144902.0,28504.0,109389.0,23375.0,52865.0,8590.0,60043.0,11548.0,51.0,248.0,14313.0,338.0,7548.267858511599
2023-06-09T00:00:00.000000,134.0,67,67,104.0,15.0,45.0,97945.0,19335.0,122054.0,26471.0,27712.0,5503.0,60182.0,12372.0,64.0,230.0,12874.0,265.0,6480.286467251697
2023-06-10T00:00:00.000000,118.0,62,56,90.0,22.0,28.0,115253.0,22940.0,95687.0,26895.0,40870.0,7453.0,49677.0,10919.0,47.0,185.0,10129.0,267.0,5962.742464286898
2023-06-11T00:00:00.000000,140.0,70,70,111.0,24.0,36.0,116047.0,24913.0,122057.0,31955.0,47753.0,8583.0,52404.0,13383.0,56.0,230.0,13560.0,335.0,8062.69109082207
2023-06-12T00:00:00.000000,161.0,86,75,125.0,26.0,49.0,155775.0,27696.0,154666.0,35361.0,50476.0,9010.0,88385.0,15017.0,75.0,264.0,17405.0,397.0,7992.6013885669645
2023-06-13T00:00:00.000000,161.0,91,70,123.0,35.0,42.0,151723.0,31772.0,134870.0,31733.0,62622.0,12723.0,73561.0,15581.0,68.0,242.0,15832.0,443.0,9014.17977904994
2023-06-14T00:00:00.000000,209.0,100,109,129.0,27.0,53.0,182496.0,35689.0,175375.0,37250.0,50048.0,8832.0,100163.0,19236.0,84.0,301.0,19147.0,503.0,9962.444591924754
2023-06-15T00:00:00.000000,132.0,62,70,99.0,22.0,33.0,112753.0,25663.0,118721.0,32394.0,36468.0,6227.0,68140.0,18626.0,51.0,240.0,12235.0,296.0,7294.976744482946
2023-06-16T00:00:00.000000,139.0,65,74,108.0,15.0,37.0,136242.0,27852.0,107968.0,24848.0,19963.0,3072.0,87817.0,20792.0,54.0,219.0,10784.0,341.0,7872.991547702088
2023-06-17T00:00:00.000000,106.0,49,57,80.0,11.0,29.0,111190.0,20699.0,117962.0,25720.0,45833.0,9150.0,43535.0,8706.0,42.0,209.0,9005.0,270.0,5364.845367374231
2023-06-18T00:00:00.000000,136.0,73,63,95.0,28.0,34.0,140859.0,29090.0,133052.0,38141.0,58452.0,12152.0,68046.0,14102.0,62.0,167.0,12978.0,310.0,8025.547716562694
2023-06-19T00:00:00.000000,162.0,82,80,120.0,21.0,47.0,129017.0,25148.0,135702.0,31871.0,35513.0,8278.0,77902.0,13518.0,76.0,256.0,18466.0,367.0,7766.614959363926
2023-06-20T00:00:00.000000,146.0,87,59,128.0,24.0,45.0,139365.0,26166.0,150597.0,29206.0,38585.0,6177.0,74858.0,15619.0,67.0,289.0,20828.0,343.0,7801.200786212124
2023-06-21T00:00:00.000000,149.0,77,72,118.0,21.0,43.0,140893.0,28792.0,142432.0,29123.0,45513.0,9227.0,83938.0,16688.0,56.0,240.0,15499.0,375.0,7934.753742065489
2023-06-22T00:00:00.000000,138.0,76,62,105.0,20.0,38.0,131387.0,26815.0,128703.0,28639.0,33832.0,8248.0,70760.0,13209.0,55.0,187.0,12729.0,274.0,6833.8454059413125
2023-06-23T00:00:00.000000,148.0,64,84,121.0,20.0,31.0,120144.0,25667.0,143941.0,37201.0,46035.0,11387.0,60720.0,12412.0,42.0,237.0,12111.0,292.0,8581.74092165965
2023-06-24T00:00:00.000000,75.0,44,31,63.0,13.0,23.0,74019.0,18822.0,44842.0,12823.0,20737.0,5194.0,42855.0,11340.0,31.0,109.0,9741.0,170.0,3220.2805961667054
2023-06-25T00:00:00.000000,161.0,81,80,113.0,26.0,38.0,130801.0,26416.0,161335.0,31195.0,36961.0,7603.0,64439.0,12370.0,54.0,212.0,11900.0,336.0,7975.297522359752
2023-06-26T00:00:00.000000,139.0,79,60,118.0,26.0,40.0,119319.0,21164.0,114638.0,29652.0,49569.0,8482.0,54436.0,9788.0,63.0,229.0,14249.0,367.0,6535.398005402856
2023-06-27T00:00:00.000000,133.0,67,66,107.0,24.0,25.0,132196.0,27806.0,211005.0,88476.0,52302.0,10378.0,45435.0,10661.0,36.0,218.0,11761.0,302.0,4050.4185207563746
2023-06-28T00:00:00.000000,131.0,75,56,107.0,23.0,40.0,141895.0,32773.0,89971.0,22395.0,54038.0,12621.0,71003.0,17099.0,58.0,248.0,14232.0,328.0,6519.511054083477
2023-06-29T00:00:00.000000,150.0,81,69,108.0,23.0,43.0,158965.0,31802.0,141101.0,33148.0,51798.0,9282.0,77536.0,16200.0,70.0,279.0,14243.0,297.0,7603.663592741709
2023-06-30T00:00:00.000000,136.0,79,57,114.0,33.0,37.0,119746.0,25091.0,103449.0,27087.0,54052.0,11100.0,53942.0,10193.0,55.0,199.0,12664.0,329.0,6924.430337166556
2023-07-01T00:00:00.000000,114.0,56,58,88.0,18.0,28.0,106205.0,23680.0,142166.0,33366.0,42578.0,10728.0,52750.0,10379.0,32.0,169.0,7088.0,216.0,6211.700662532752
2023-07-02T00:00:00.000000,103.0,60,43,82.0,15.0,24.0,119162.0,26520.0,63265.0,13345.0,42971.0,9960.0,41913.0,11680.0,32.0,136.0,10563.0,219.0,5374.8670529044875
2023-07-03T00:00:00.000000,115.0,71,44,98.0,36.0,22.0,120965.0,23503.0,75594.0,15081.0,68306.0,13912.0,33438.0,5378.0,29.0,231.0,10622.0,310.0,5566.462589878378
2023-07-04T00:00:00.000000,138.0,74,64,103.0,13.0,39.0,114305.0,22045.0,127327.0,27261.0,19657.0,3646.0,56342.0,9153.0,61.0,210.0,15965.0,227.0,7034.205399240966
2023-07-05T00:00:00.000000,136.0,68,68,103.0,24.0,32.0,124576.0,23530.0,142941.0,28732.0,45512.0,8034.0,61723.0,12715.0,45.0,254.0,12674.0,241.0,7221.551704622324
2023-07-06T00:00:00.000000,136.0,79,57,97.0,23.0,48.0,149713.0,36848.0,101289.0,26711.0,41032.0,10325.0,94356.0,22061.0,62.0,217.0,12691.0,382.0,6196.942424668151
2023-07-07T00:00:00.000000,134.0,63,71,102.0,18.0,35.0,103159.0,21750.0,151685.0,41269.0,33081.0,6439.0,54491.0,12374.0,52.0,275.0,12447.0,334.0,6975.111940487168
2023-07-08T00:00:00.000000,103.0,56,47,82.0,16.0,31.0,95030.0,17587.0,78571.0,20931.0,27911.0,6812.0,51593.0,8722.0,42.0,161.0,7657.0,253.0,4893.7646812976745
2023-07-09T00:00:00.000000,108.0,62,46,88.0,13.0,30.0,102535.0,20486.0,107840.0,23917.0,23168.0,5910.0,47022.0,7085.0,44.0,211.0,13765.0,251.0,5340.589441409097
2023-07-10T00:00:00.000000,137.0,84,53,107.0,33.0,40.0,144076.0,26796.0,76822.0,15853.0,57017.0,10653.0,52476.0,10257.0,52.0,201.0,13161.0,348.0,7564.769007188178
2023-07-11T00:00:00.000000,145.0,73,72,118.0,24.0,36.0,141587.0,26010.0,102966.0,17793.0,54772.0,7982.0,66924.0,14270.0,57.0,253.0,15200.0,280.0,7286.202393615282
2023-07-12T00:00:00.000000,155.0,100,55,110.0,34.0,46.0,186657.0,32347.0,85954.0,16781.0,67360.0,11039.0,76931.0,16033.0,57.0,162.0,16555.0,340.0,7860.559299358875
2023-07-13T00:00:00.000000,139.0,72,67,115.0,22.0,37.0,110906.0,24508.0,102521.0,21917.0,42096.0,9880.0,54315.0,11937.0,58.0,219.0,13500.0,293.0,7906.523288949566
2023-07-14T00:00:00.000000,126.0,70,56,108.0,25.0,30.0,109603.0,22613.0,113371.0,28181.0,38032.0,8418.0,43353.0,8027.0,42.0,208.0,12976.0,328.0,6620.238867816519
2023-07-15T00:00:00.000000,140.0,78,62,102.0,26.0,33.0,122391.0,22811.0,119530.0,27003.0,39169.0,7666.0,47813.0,9189.0,44.0,203.0,11379.0,306.0,7223.207597557309
2023-07-16T00:00:00.000000,136.0,77,59,103.0,19.0,33.0,140905.0,26299.0,156784.0,41489.0,37619.0,6555.0,58022.0,12556.0,47.0,225.0,15154.0,365.0,7202.622638499884
2023-07-17T00:00:00.000000,136.0,78,58,115.0,20.0,42.0,146443.0,29119.0,113158.0,24749.0,49615.0,9026.0,74971.0,14981.0,54.0,276.0,13044.0,325.0,7192.772978641246
2023-07-18T00:00:00.000000,137.0,67,70,107.0,21.0,30.0,112411.0,21334.0,116222.0,25184.0,42599.0,9382.0,39874.0,7396.0,46.0,282.0,13309.0,280.0,7762.529118028115
2023-07-19T00:00:00.000000,176.0,96,80,132.0,34.0,40.0,154947.0,31701.0,155088.0,28289.0,55991.0,13130.0,58447.0,10491.0,53.0,353.0,13631.0,371.0,8739.086756807063
2023-07-20T00:00:00.000000,163.0,93,70,124.0,28.0,45.0,160758.0,35122.0,100062.0,23617.0,56511.0,12694.0,81729.0,17708.0,60.0,307.0,16802.0,404.0,8356.912303589912
2023-07-21T00:00:00.000000,124.0,62,62,98.0,21.0,29.0,103063.0,27090.0,94220.0,27170.0,35041.0,9107.0,52125.0,13314.0,47.0,198.0,13978.0,242.0,6442.712250077381
2023-07-22T00:00:00.000000,116.0,64,52,92.0,15.0,38.0,107448.0,19857.0,110170.0,23164.0,27860.0,5067.0,62879.0,12991.0,42.0,190.0,10758.0,236.0,5737.30355512902
2023-07-23T00:00:00.000000,113.0,63,50,89.0,21.0,33.0,114495.0,22830.0,108213.0,26045.0,35668.0,5754.0,58784.0,12980.0,42.0,243.0,11593.0,245.0,5777.374097184673
2023-07-24T00:00:00.000000,145.0,86,59,110.0,22.0,47.0,165057.0,31265.0,90749.0,16200.0,35855.0,6025.0,94892.0,19349.0,75.0,222.0,16376.0,381.0,7483.28913437995
2023-07-25T00:00:00.000000,154.0,80,74,111.0,30.0,36.0,142153.0,23515.0,152038.0,32738.0,53487.0,8340.0,62072.0,11510.0,49.0,197.0,11830.0,321.0,7802.39882787984
2023-07-26T00:00:00.000000,125.0,69,56,102.0,21.0,34.0,120539.0,19455.0,102969.0,22795.0,38433.0,6668.0,54644.0,8489.0,50.0,197.0,14626.0,359.0,6202.139052419263
2023-07-27T00:00:00.000000,148.0,89,59,112.0,19.0,53.0,131916.0,23517.0,104038.0,21747.0,30713.0,7017.0,75977.0,12490.0,77.0,345.0,18255.0,416.0,7339.941019441054
2023-07-28T00:00:00.000000,116.0,67,49,95.0,19.0,35.0,115581.0,21321.0,74444.0,20516.0,33257.0,6072.0,59441.0,10054.0,51.0,181.0,10411.0,283.0,4858.698177256358
2023-07-29T00:00:00.000000,104.0,58,46,83.0,13.0,30.0,117506.0,21425.0,108465.0,36140.0,36452.0,6936.0,53130.0,9722.0,49.0,196.0,15771.0,275.0,4060.2035430885276
2023-07-30T00:00:00.000000,107.0,60,47,82.0,19.0,30.0,90650.0,16815.0,83628.0,18957.0,32343.0,4814.0,42548.0,8796.0,47.0,200.0,9702.0,243.0,4703.015534374614
2023-07-31T00:00:00.000000,128.0,68,60,100.0,25.0,33.0,126708.0,28081.0,105602.0,24189.0,53035.0,11636.0,59869.0,12897.0,57.0,173.0,12142.0,347.0,7354.86967419309
2023-08-01T00:00:00.000000,165.0,94,71,111.0,30.0,50.0,140680.0,29647.0,109724.0,24494.0,47663.0,9510.0,71874.0,15942.0,82.0,235.0,18123.0,361.0,8805.565085146709
2023-08-02T00:00:00.000000,133.0,72,61,107.0,22.0,40.0,104799.0,21565.0,104707.0,21958.0,34664.0,6399.0,59130.0,12655.0,56.0,191.0,10858.0,224.0,7011.233855680857
2023-08-03T00:00:00.000000,163.0,83,80,108.0,22.0,44.0,149910.0,27821.0,135994.0,32507.0,40795.0,8199.0,73464.0,13284.0,68.0,224.0,13210.0,427.0,8245.85702966418
2023-08-04T00:00:00.000000,149.0,73,76,114.0,13.0,51.0,113298.0,26716.0,125552.0,31747.0,18355.0,2907.0,76641.0,19423.0,74.0,256.0,14541.0,335.0,8039.342547247869
2023-08-05T00:00:00.000000,101.0,52,49,79.0,12.0,25.0,93638.0,20532.0,143078.0,35129.0,21232.0,5719.0,47662.0,10209.0,36.0,161.0,10724.0,197.0,4590.04063096064
2023-08-06T00:00:00.000000,116.0,63,53,83.0,26.0,27.0,110917.0,23153.0,84751.0,16683.0,49160.0,9362.0,44049.0,9292.0,37.0,172.0,10743.0,296.0,5676.04383617125
2023-08-07T00:00:00.000000,149.0,73,76,108.0,15.0,35.0,120419.0,23318.0,124980.0,25061.0,23199.0,3977.0,59479.0,11982.0,49.0,274.0,10389.0,332.0,7891.600421284345
2023-08-08T00:00:00.000000,193.0,86,107,141.0,26.0,44.0,139478.0,29721.0,184435.0,43069.0,35764.0,7465.0,64860.0,12033.0,65.0,377.0,14188.0,378.0,9871.079166003297
2023-08-09T00:00:00.000000,159.0,74,85,102.0,24.0,32.0,119221.0,23099.0,169506.0,41357.0,40293.0,6960.0,48085.0,9399.0,36.0,203.0,8656.0,346.0,7597.192894435785
2023-08-10T00:00:00.000000,143.0,69,74,117.0,19.0,31.0,112749.0,24438.0,127664.0,25580.0,30479.0,5796.0,54750.0,12214.0,34.0,297.0,9264.0,319.0,7993.418645166668
2023-08-11T00:00:00.000000,137.0,76,61,114.0,22.0,43.0,131852.0,26639.0,110759.0,26448.0,55795.0,12331.0,62298.0,11620.0,53.0,201.0,14836.0,259.0,7502.311824757573
2023-08-12T00:00:00.000000,113.0,58,55,87.0,20.0,30.0,106978.0,18195.0,94411.0,23069.0,42044.0,6948.0,52034.0,8858.0,35.0,217.0,8975.0,258.0,6165.7259553162585
2023-08-13T00:00:00.000000,114.0,59,55,88.0,19.0,28.0,100619.0,18640.0,79420.0,20643.0,36980.0,5497.0,38079.0,8287.0,37.0,199.0,8906.0,242.0,5410.277525567911
2023-08-14T00:00:00.000000,148.0,76,72,112.0,19.0,49.0,117596.0,24224.0,106647.0,23545.0,36941.0,7670.0,71557.0,14160.0,70.0,243.0,13040.0,301.0,6756.439846217962
2023-08-15T00:00:00.000000,145.0,85,60,115.0,29.0,37.0,162207.0,30774.0,97472.0,21429.0,73995.0,13766.0,60392.0,13065.0,53.0,252.0,16340.0,314.0,7398.673742321608
2023-08-16T00:00:00.000000,129.0,70,59,109.0,25.0,35.0,115771.0,23068.0,97206.0,18652.0,44321.0,9821.0,51605.0,8801.0,45.0,238.0,14436.0,262.0,7216.855457057382
2023-08-17T00:00:00.000000,126.0,61,65,99.0,24.0,22.0,93820.0,21696.0,98333.0,18798.0,38679.0,8718.0,28704.0,6426.0,28.0,209.0,10034.0,278.0,5725.939138081486
2023-08-18T00:00:00.000000,128.0,65,63,100.0,26.0,27.0,98482.0,21586.0,102910.0,25691.0,34177.0,6887.0,42022.0,8667.0,40.0,220.0,11269.0,286.0,6386.628742400033
2023-08-19T00:00:00.000000,111.0,59,52,92.0,19.0,25.0,104232.0,19199.0,98032.0,19420.0,34283.0,4844.0,44395.0,7933.0,34.0,184.0,9766.0,233.0,5510.871803821939
2023-08-20T00:00:00.000000,139.0,66,73,99.0,17.0,36.0,140919.0,28715.0,129804.0,30542.0,44440.0,9488.0,68322.0,11132.0,52.0,241.0,13808.0,329.0,5835.475593128647
2023-08-21T00:00:00.000000,150.0,80,70,111.0,25.0,36.0,133377.0,26841.0,118998.0,26585.0,35254.0,7260.0,69984.0,13301.0,52.0,275.0,11611.0,338.0,7096.049083473116
2023-08-22T00:00:00.000000,146.0,68,78,115.0,30.0,28.0,108268.0,19677.0,114267.0,21631.0,49572.0,7783.0,50284.0,10880.0,47.0,280.0,13447.0,371.0,7897.346215962894
2023-08-23T00:00:00.000000,142.0,79,63,117.0,27.0,33.0,119682.0,21663.0,137281.0,32124.0,40017.0,5226.0,52707.0,11343.0,48.0,250.0,14508.0,339.0,6539.6509085750195
2023-08-24T00:00:00.000000,130.0,69,61,102.0,25.0,32.0,121813.0,26417.0,86569.0,18863.0,45500.0,11675.0,48117.0,9187.0,39.0,213.0,10663.0,299.0,6100.287226319323
2023-08-25T00:00:00.000000,115.0,54,61,86.0,17.0,23.0,91667.0,16938.0,101261.0,28219.0,36067.0,3778.0,26742.0,5180.0,40.0,199.0,9806.0,230.0,5019.176298217344
2023-08-26T00:00:00.000000,87.0,47,40,71.0,15.0,21.0,94832.0,21668.0,74297.0,18244.0,36129.0,6739.0,31926.0,6167.0,28.0,173.0,8046.0,213.0,3587.426675620772
2023-08-27T00:00:00.000000,120.0,71,49,100.0,22.0,35.0,131984.0,26338.0,71772.0,13220.0,39864.0,7212.0,70119.0,15423.0,53.0,193.0,14502.0,283.0,5794.389150673709
2023-08-28T00:00:00.000000,109.0,51,58,86.0,8.0,33.0,95788.0,15243.0,113108.0,19039.0,12242.0,2002.0,62980.0,10656.0,39.0,200.0,12392.0,213.0,4808.445232387841
2023-08-29T00:00:00.000000,103.0,54,49,89.0,17.0,27.0,109071.0,24668.0,83829.0,15272.0,43293.0,12169.0,53032.0,9753.0,41.0,172.0,9527.0,292.0,4960.274018584933
2023-08-30T00:00:00.000000,125.0,61,64,97.0,20.0,32.0,98723.0,22674.0,127367.0,37330.0,40883.0,7875.0,45856.0,11433.0,43.0,240.0,10920.0,267.0,5735.42842444268
2023-08-31T00:00:00.000000,118.0,58,60,90.0,13.0,37.0,90383.0,20620.0,93126.0,25949.0,15083.0,2680.0,54402.0,9787.0,45.0,202.0,11877.0,280.0,5724.56659226636
2023-09-01T00:00:00.000000,114.0,59,55,92.0,24.0,26.0,89082.0,16520.0,111941.0,24063.0,41257.0,8351.0,34725.0,5090.0,33.0,201.0,9926.0,223.0,5483.842478736676
2023-09-02T00:00:00.000000,87.0,41,46,74.0,15.0,14.0,71754.0,13842.0,71377.0,16232.0,33041.0,8289.0,19177.0,2526.0,17.0,151.0,4496.0,156.0,3987.839757794728
2023-09-03T00:00:00.000000,127.0,65,62,102.0,21.0,31.0,114424.0,27455.0,91253.0,14415.0,32928.0,6701.0,46644.0,7304.0,54.0,267.0,13822.0,320.0,6842.586900248256
2023-09-04T00:00:00.000000,107.0,69,38,95.0,29.0,26.0,130090.0,24379.0,50887.0,9461.0,59915.0,13270.0,49831.0,7491.0,37.0,163.0,11002.0,303.0,5899.533278725843
2023-09-05T00:00:00.000000,132.0,59,73,103.0,24.0,22.0,103154.0,18795.0,143049.0,30809.0,43726.0,6992.0,38702.0,8173.0,28.0,222.0,11176.0,284.0,6411.720829250057
2023-09-06T00:00:00.000000,151.0,81,70,112.0,33.0,32.0,136019.0,31634.0,114164.0,25070.0,56388.0,10129.0,52299.0,15696.0,49.0,239.0,13467.0,305.0,7074.609024342584
2023-09-07T00:00:00.000000,122.0,70,52,105.0,22.0,33.0,119375.0,22051.0,115516.0,30816.0,38023.0,8081.0,59738.0,10141.0,48.0,268.0,12199.0,258.0,5562.145772318574
2023-09-08T00:00:00.000000,101.0,57,44,84.0,20.0,26.0,90724.0,20866.0,95314.0,17566.0,36193.0,6023.0,37159.0,10593.0,33.0,173.0,10544.0,219.0,4967.838373634802
2023-09-09T00:00:00.000000,114.0,55,59,84.0,19.0,28.0,80163.0,15143.0,112037.0,23073.0,26380.0,4502.0,39685.0,9010.0,41.0,176.0,8737.0,279.0,6193.939791214648
2023-09-10T00:00:00.000000,121.0,60,61,97.0,12.0,30.0,130440.0,27626.0,107292.0,19092.0,19981.0,4056.0,54666.0,10009.0,49.0,199.0,10954.0,334.0,6311.801492903419
2023-09-11T00:00:00.000000,134.0,72,62,114.0,24.0,35.0,113921.0,22946.0,109817.0,27442.0,48250.0,11091.0,47182.0,7173.0,48.0,243.0,12630.0,262.0,6990.630834689429
2023-09-12T00:00:00.000000,132.0,62,70,92.0,21.0,29.0,86897.0,14566.0,120479.0,18669.0,35887.0,5955.0,37608.0,6876.0,44.0,246.0,12324.0,219.0,6678.7791967841395
2023-09-13T00:00:00.000000,132.0,61,71,111.0,24.0,30.0,108279.0,20786.0,102668.0,22151.0,40986.0,8059.0,56389.0,11497.0,39.0,147.0,7882.0,270.0,6383.658016458051
2023-09-14T00:00:00.000000,148.0,81,67,106.0,26.0,33.0,119398.0,21743.0,116295.0,21207.0,35974.0,5666.0,48046.0,10014.0,41.0,229.0,14063.0,396.0,7830.618285952045
2023-09-15T00:00:00.000000,129.0,63,66,98.0,30.0,26.0,92932.0,16985.0,156900.0,35180.0,49131.0,8527.0,31750.0,6107.0,38.0,175.0,10110.0,285.0,6725.780418920826
2023-09-16T00:00:00.000000,119.0,65,54,98.0,24.0,29.0,111645.0,21451.0,105565.0,27210.0,42747.0,8851.0,50492.0,9344.0,43.0,147.0,9026.0,257.0,5382.061078144933
2023-09-17T00:00:00.000000,94.0,54,40,78.0,16.0,29.0,113331.0,22460.0,101629.0,22676.0,42657.0,7351.0,60343.0,13480.0,41.0,106.0,8182.0,176.0,5595.793631672204
2023-09-18T00:00:00.000000,110.0,66,44,92.0,28.0,29.0,105161.0,20552.0,92042.0,22415.0,42818.0,9435.0,49136.0,8938.0,44.0,191.0,13938.0,250.0,5344.151254898619
2023-09-19T00:00:00.000000,158.0,89,69,130.0,28.0,52.0,130909.0,29687.0,100865.0,20967.0,39489.0,7722.0,76690.0,20446.0,71.0,211.0,16524.0,365.0,7642.244821122332
2023-09-20T00:00:00.000000,117.0,82,35,98.0,36.0,30.0,141432.0,28511.0,79721.0,18151.0,70958.0,14287.0,45696.0,9448.0,38.0,156.0,11035.0,277.0,5875.536683642003
2023-09-21T00:00:00.000000,147.0,91,56,112.0,34.0,39.0,159586.0,28214.0,95657.0,22216.0,65297.0,13455.0,70653.0,10961.0,51.0,212.0,13320.0,309.0,7715.066890212818
2023-09-22T00:00:00.000000,113.0,53,60,94.0,16.0,26.0,80088.0,16199.0,110205.0,24739.0,19563.0,2833.0,37162.0,8405.0,30.0,169.0,10157.0,218.0,5800.528868967032
2023-09-23T00:00:00.000000,120.0,72,48,102.0,25.0,35.0,118828.0,21737.0,99631.0,19399.0,46604.0,9578.0,55038.0,9354.0,49.0,157.0,11871.0,324.0,6887.099277023518
2023-09-24T00:00:00.000000,129.0,70,59,101.0,24.0,27.0,120705.0,25000.0,93832.0,21803.0,42708.0,8942.0,47804.0,10979.0,35.0,184.0,10425.0,294.0,7232.738212403256
2023-09-25T00:00:00.000000,115.0,63,52,93.0,30.0,25.0,115342.0,23996.0,101342.0,23627.0,50555.0,12046.0,52210.0,9795.0,28.0,173.0,10100.0,310.0,5378.00333104072
2023-09-26T00:00:00.000000,130.0,84,46,100.0,25.0,39.0,151163.0,35252.0,81569.0,22885.0,36654.0,7688.0,77211.0,19008.0,48.0,174.0,17600.0,317.0,5868.094989911193
2023-09-27T00:00:00.000000,142.0,86,56,114.0,32.0,40.0,137321.0,25575.0,84982.0,19154.0,50377.0,8395.0,68325.0,13591.0,58.0,204.0,14006.0,397.0,7243.285877638982
2023-09-28T00:00:00.000000,127.0,79,48,107.0,26.0,39.0,124242.0,26807.0,59204.0,14253.0,43172.0,9005.0,57026.0,13539.0,59.0,188.0,14319.0,306.0,6094.621482051182
2023-09-29T00:00:00.000000,135.0,70,65,94.0,24.0,36.0,111555.0,22787.0,111695.0,26970.0,46343.0,8452.0,50661.0,11981.0,51.0,207.0,10546.0,278.0,8077.531346510754
2023-09-30T00:00:00.000000,127.0,77,50,99.0,24.0,30.0,134302.0,26156.0,92058.0,21764.0,45783.0,9501.0,42253.0,8366.0,50.0,186.0,16296.0,320.0,6993.268561409926
2023-10-01T00:00:00.000000,143.0,80,63,104.0,20.0,48.0,132855.0,25637.0,92561.0,23043.0,34421.0,6362.0,80454.0,16189.0,67.0,182.0,16635.0,261.0,7047.656005120799
2023-10-02T00:00:00.000000,117.0,58,59,93.0,22.0,29.0,79653.0,16264.0,109286.0,26513.0,32524.0,5971.0,37399.0,8043.0,40.0,210.0,9701.0,282.0,4920.803926115181
2023-10-03T00:00:00.000000,172.0,96,76,114.0,25.0,45.0,175743.0,33256.0,126082.0,28928.0,41929.0,6728.0,79091.0,16586.0,71.0,247.0,16392.0,446.0,9778.598446323807
2023-10-04T00:00:00.000000,142.0,81,61,104.0,32.0,31.0,144251.0,30691.0,87109.0,21893.0,62354.0,13930.0,51000.0,9549.0,46.0,210.0,14509.0,382.0,7692.530272785997
2023-10-05T00:00:00.000000,153.0,90,63,125.0,36.0,44.0,153720.0,31047.0,109515.0,32784.0,57186.0,10743.0,79484.0,15760.0,54.0,229.0,13653.0,438.0,8549.103485894586
2023-10-06T00:00:00.000000,140.0,83,57,127.0,33.0,35.0,147066.0,29602.0,108639.0,21094.0,66675.0,16059.0,61426.0,10496.0,45.0,172.0,11813.0,305.0,8079.969153800973
2023-10-07T00:00:00.000000,102.0,61,41,90.0,23.0,30.0,92858.0,17464.0,72295.0,14392.0,36114.0,5712.0,51124.0,10781.0,38.0,96.0,8233.0,196.0,5150.847661495939
2023-10-08T00:00:00.000000,121.0,78,43,105.0,29.0,36.0,106627.0,22748.0,76053.0,15173.0,39614.0,9452.0,47639.0,9471.0,46.0,154.0,11546.0,310.0,6544.159271879703
2023-10-09T00:00:00.000000,111.0,74,37,104.0,23.0,34.0,134167.0,26161.0,77480.0,19198.0,41429.0,7656.0,52473.0,9350.0,44.0,184.0,15979.0,262.0,6551.196120419094
2023-10-10T00:00:00.000000,132.0,82,50,116.0,33.0,35.0,132102.0,25462.0,78896.0,16838.0,54140.0,9396.0,50460.0,10991.0,47.0,215.0,17641.0,338.0,6577.718274642262
2023-10-11T00:00:00.000000,141.0,86,55,118.0,28.0,43.0,122094.0,22157.0,93370.0,20425.0,47742.0,8140.0,60156.0,11775.0,54.0,200.0,15285.0,333.0,7392.606234051378
2023-10-12T00:00:00.000000,128.0,71,57,98.0,28.0,31.0,99863.0,20356.0,94118.0,18551.0,42006.0,9502.0,41958.0,7701.0,43.0,169.0,8724.0,255.0,6630.433678728272
2023-10-13T00:00:00.000000,113.0,73,40,92.0,28.0,29.0,110518.0,22842.0,50700.0,11723.0,47978.0,10429.0,41498.0,9395.0,34.0,134.0,10127.0,218.0,5728.559586042853
2023-10-14T00:00:00.000000,110.0,66,44,82.0,22.0,26.0,104554.0,20051.0,71421.0,20180.0,27695.0,4776.0,36773.0,7867.0,35.0,134.0,8974.0,254.0,5972.119525181129
2023-10-15T00:00:00.000000,126.0,81,45,101.0,26.0,39.0,124579.0,26005.0,62171.0,13307.0,39489.0,6795.0,62376.0,14989.0,61.0,165.0,13180.0,264.0,6717.0313216149325
2023-10-16T00:00:00.000000,143.0,89,54,103.0,27.0,40.0,148702.0,32061.0,114171.0,33312.0,51695.0,12705.0,67908.0,11448.0,53.0,236.0,16622.0,336.0,6532.2448877316765
2023-10-17T00:00:00.000000,132.0,75,57,103.0,20.0,29.0,95728.0,18266.0,105314.0,26028.0,35249.0,6225.0,35806.0,7201.0,40.0,257.0,17456.0,275.0,7104.068879003027
2023-10-18T00:00:00.000000,138.0,82,56,111.0,25.0,35.0,142314.0,24076.0,113537.0,29235.0,48882.0,8647.0,51452.0,7224.0,51.0,197.0,15415.0,255.0,7229.549353706075
2023-10-19T00:00:00.000000,168.0,90,78,130.0,25.0,42.0,146296.0,30088.0,157351.0,40003.0,47336.0,9299.0,64320.0,12349.0,52.0,214.0,13422.0,398.0,8979.657145343133
2023-10-20T00:00:00.000000,121.0,70,51,97.0,24.0,37.0,129853.0,25476.0,81265.0,19144.0,55766.0,11522.0,54661.0,9976.0,52.0,137.0,11928.0,216.0,6615.168743316836
2023-10-21T00:00:00.000000,137.0,81,56,96.0,29.0,42.0,132743.0,20977.0,68996.0,14386.0,49533.0,8884.0,66945.0,8831.0,53.0,171.0,10955.0,328.0,8196.03275813882
2023-10-22T00:00:00.000000,126.0,70,56,92.0,26.0,30.0,100122.0,23751.0,124082.0,25792.0,50000.0,10613.0,37387.0,11100.0,41.0,287.0,10823.0,321.0,6920.890780044088
2023-10-23T00:00:00.000000,150.0,94,56,122.0,29.0,43.0,154522.0,26225.0,76178.0,14431.0,55951.0,9202.0,66576.0,11362.0,52.0,220.0,11909.0,335.0,7634.800552519016
2023-10-24T00:00:00.000000,146.0,74,72,115.0,26.0,34.0,112409.0,24523.0,130140.0,35784.0,35259.0,6838.0,56085.0,12433.0,40.0,187.0,9428.0,295.0,7563.990007705749
2023-10-25T00:00:00.000000,157.0,85,72,124.0,27.0,39.0,165503.0,37385.0,89992.0,22216.0,46270.0,8354.0,74660.0,16608.0,53.0,189.0,11006.0,353.0,7715.348324982278
2023-10-26T00:00:00.000000,128.0,67,61,100.0,23.0,35.0,111772.0,25866.0,96953.0,20054.0,43313.0,12180.0,58042.0,11410.0,50.0,170.0,9098.0,267.0,7018.577895931247
2023-10-27T00:00:00.000000,136.0,77,59,113.0,29.0,35.0,126138.0,28833.0,111613.0,25198.0,57155.0,13196.0,49361.0,11171.0,39.0,191.0,13228.0,354.0,6940.814052004842
2023-10-28T00:00:00.000000,115.0,64,51,94.0,20.0,34.0,112202.0,24553.0,73821.0,14980.0,37382.0,8841.0,56357.0,11454.0,40.0,190.0,9436.0,222.0,5627.629949978718
2023-10-29T00:00:00.000000,157.0,94,63,120.0,30.0,44.0,141689.0,29896.0,122646.0,26462.0,47046.0,7855.0,56734.0,12486.0,69.0,220.0,14853.0,310.0,8445.63374989325
2023-10-30T00:00:00.000000,161.0,80,81,127.0,28.0,40.0,126261.0,22530.0,128961.0,33676.0,46985.0,6902.0,61519.0,12427.0,64.0,221.0,16045.0,345.0,8324.878176193764
2023-10-31T00:00:00.000000,155.0,93,62,114.0,32.0,51.0,127906.0,26521.0,112342.0,28744.0,59218.0,12718.0,58892.0,11952.0,71.0,300.0,15576.0,321.0,8146.883746459441
2023-11-01T00:00:00.000000,153.0,85,68,109.0,21.0,43.0,128276.0,23692.0,119480.0,37896.0,35368.0,7631.0,69947.0,13385.0,63.0,202.0,12326.0,288.0,7949.550152667613
2023-11-02T00:00:00.000000,177.0,94,83,129.0,30.0,45.0,156148.0,31209.0,130516.0,32837.0,49336.0,9536.0,78711.0,15837.0,57.0,261.0,17253.0,350.0,8981.49649623278
2023-11-03T00:00:00.000000,154.0,87,67,126.0,29.0,41.0,139611.0,30221.0,110886.0,27792.0,62405.0,11923.0,56537.0,13657.0,62.0,203.0,13651.0,320.0,9213.681919780456
2023-11-04T00:00:00.000000,119.0,65,54,89.0,19.0,37.0,101077.0,19268.0,90024.0,25109.0,25753.0,4013.0,61709.0,12761.0,47.0,145.0,11281.0,215.0,7273.023590923837
2023-11-05T00:00:00.000000,134.0,77,57,100.0,35.0,29.0,117996.0,25492.0,108658.0,28698.0,49935.0,6904.0,45338.0,13074.0,43.0,174.0,13372.0,311.0,6964.935774385715
2023-11-06T00:00:00.000000,133.0,74,59,114.0,25.0,32.0,120861.0,23259.0,108713.0,23918.0,39395.0,7437.0,51469.0,9570.0,40.0,174.0,11262.0,297.0,6201.988858033431
2023-11-07T00:00:00.000000,162.0,84,78,121.0,34.0,32.0,129147.0,25201.0,113782.0,26909.0,54446.0,9503.0,50119.0,9910.0,39.0,209.0,11995.0,365.0,7182.116027173517
2023-11-08T00:00:00.000000,128.0,70,58,93.0,24.0,29.0,119310.0,26336.0,93502.0,26232.0,42482.0,9850.0,37197.0,9461.0,42.0,181.0,9896.0,244.0,5336.331059796234
2023-11-09T00:00:00.000000,119.0,79,40,101.0,28.0,26.0,127209.0,25750.0,70744.0,19318.0,47853.0,10704.0,43179.0,9037.0,36.0,200.0,12710.0,247.0,6053.453303821228
2023-11-10T00:00:00.000000,149.0,78,71,116.0,26.0,44.0,132720.0,26331.0,120658.0,29488.0,40394.0,8023.0,81102.0,16776.0,56.0,284.0,11584.0,320.0,8497.166878069187
2023-11-11T00:00:00.000000,118.0,75,43,103.0,29.0,32.0,132881.0,28639.0,81104.0,23820.0,57632.0,13235.0,57427.0,12921.0,37.0,142.0,9452.0,322.0,5936.35962658571
2023-11-12T00:00:00.000000,89.0,51,38,81.0,19.0,22.0,84629.0,17170.0,63252.0,13798.0,32756.0,6445.0,30109.0,6225.0,30.0,140.0,9450.0,210.0,3887.2687814486803
2023-11-13T00:00:00.000000,162.0,97,65,132.0,40.0,38.0,163367.0,28147.0,126949.0,24060.0,76512.0,12854.0,50217.0,7912.0,48.0,252.0,18774.0,380.0,8539.796579283915
2023-11-14T00:00:00.000000,168.0,100,68,138.0,38.0,41.0,158202.0,31478.0,122858.0,29347.0,73038.0,15450.0,58596.0,9900.0,53.0,229.0,13394.0,333.0,8309.761893952722
2023-11-15T00:00:00.000000,195.0,110,85,153.0,33.0,53.0,154512.0,30400.0,132530.0,32372.0,36277.0,6031.0,79266.0,15721.0,75.0,313.0,15201.0,356.0,11061.536372923323
2023-11-16T00:00:00.000000,161.0,98,63,129.0,31.0,41.0,162900.0,29656.0,115246.0,23652.0,57973.0,9559.0,69892.0,12558.0,54.0,175.0,12953.0,310.0,8525.808128975776
2023-11-17T00:00:00.000000,190.0,91,99,130.0,24.0,38.0,186615.0,37517.0,189958.0,41903.0,35351.0,6406.0,89603.0,17839.0,56.0,284.0,16680.0,325.0,6904.917178377943
2023-11-18T00:00:00.000000,133.0,74,59,106.0,32.0,31.0,109033.0,19530.0,71981.0,16103.0,48275.0,8358.0,40527.0,7629.0,42.0,207.0,12578.0,268.0,7794.949285600811
2023-11-19T00:00:00.000000,127.0,78,49,98.0,21.0,42.0,137663.0,26003.0,118079.0,31913.0,38329.0,6566.0,77948.0,15444.0,57.0,217.0,13781.0,230.0,6576.337713584468
2023-11-20T00:00:00.000000,151.0,94,57,119.0,32.0,42.0,156302.0,30634.0,106471.0,22040.0,52838.0,7488.0,70824.0,16195.0,52.0,265.0,12833.0,303.0,8000.669446124416
2023-11-21T00:00:00.000000,147.0,78,69,120.0,28.0,41.0,120715.0,23605.0,136552.0,29929.0,38166.0,6733.0,68720.0,14311.0,54.0,186.0,10817.0,248.0,7765.764871316176
2023-11-22T00:00:00.000000,152.0,83,69,111.0,30.0,39.0,130949.0,24868.0,149186.0,36928.0,50083.0,7563.0,56844.0,11712.0,53.0,213.0,12087.0,396.0,8230.970525351564
2023-11-23T00:00:00.000000,137.0,74,63,104.0,23.0,35.0,121751.0,23743.0,118241.0,30071.0,38268.0,6137.0,60254.0,13337.0,47.0,242.0,10184.0,270.0,7220.281049577342
2023-11-24T00:00:00.000000,165.0,71,94,121.0,22.0,29.0,127476.0,22048.0,202274.0,47869.0,36727.0,6027.0,52552.0,9983.0,38.0,246.0,15547.0,337.0,7808.3002628589165
2023-11-25T00:00:00.000000,114.0,55,59,91.0,14.0,26.0,98110.0,24821.0,99298.0,34227.0,36432.0,8560.0,38164.0,9218.0,37.0,182.0,10536.0,236.0,4663.398298601263
2023-11-26T00:00:00.000000,131.0,72,59,98.0,26.0,31.0,132253.0,27730.0,105394.0,23613.0,52467.0,9996.0,48360.0,11618.0,43.0,266.0,10055.0,235.0,7489.706448413783
2023-11-27T00:00:00.000000,143.0,88,55,115.0,20.0,50.0,159980.0,29922.0,96278.0,25678.0,29242.0,4331.0,99036.0,19066.0,66.0,288.0,16680.0,285.0,7652.729608392505
2023-11-28T00:00:00.000000,148.0,75,73,119.0,21.0,36.0,107187.0,19910.0,153456.0,35146.0,29240.0,5239.0,55469.0,10285.0,47.0,252.0,12136.0,379.0,7328.515805497873
2023-11-29T00:00:00.000000,124.0,73,51,102.0,29.0,36.0,139385.0,34240.0,93648.0,22363.0,74409.0,20581.0,49634.0,9972.0,45.0,195.0,9604.0,316.0,6930.483286128299
2023-11-30T00:00:00.000000,145.0,70,74,109.0,23.0,32.0,127783.0,23448.0,115378.0,23302.0,51339.0,9049.0,46479.0,9639.0,42.0,213.0,9597.0,235.0,8109.22782148398
2023-12-01T00:00:00.000000,134.0,57,77,109.0,21.0,23.0,93699.0,15973.0,116863.0,27383.0,32177.0,4378.0,32112.0,6372.0,28.0,277.0,11588.0,321.0,7519.073909426894
2023-12-02T00:00:00.000000,111.0,66,45,96.0,27.0,27.0,94038.0,18598.0,84373.0,20127.0,39670.0,7294.0,37166.0,7319.0,39.0,136.0,9588.0,212.0,5515.862519516562
2023-12-03T00:00:00.000000,148.0,90,58,120.0,22.0,43.0,144433.0,24019.0,112994.0,26231.0,31099.0,3013.0,81502.0,15781.0,55.0,221.0,12589.0,298.0,7840.06035804515
2023-12-04T00:00:00.000000,165.0,95,70,126.0,32.0,46.0,141844.0,31270.0,83372.0,17669.0,57403.0,12408.0,66349.0,14995.0,71.0,313.0,22546.0,320.0,9058.547945677923
2023-12-05T00:00:00.000000,145.0,66,79,113.0,24.0,27.0,105999.0,18762.0,141514.0,31376.0,42403.0,8015.0,38969.0,6470.0,30.0,186.0,9431.0,270.0,7692.293101928318
2023-12-06T00:00:00.000000,115.0,65,50,105.0,24.0,30.0,100223.0,16946.0,95356.0,18837.0,33954.0,5790.0,49579.0,8056.0,41.0,261.0,12616.0,243.0,6261.503981226536
2023-12-07T00:00:00.000000,136.0,77,59,107.0,32.0,32.0,130424.0,29564.0,100991.0,21029.0,63707.0,16931.0,46722.0,8759.0,45.0,182.0,10895.0,267.0,7327.595787391574
2023-12-08T00:00:00.000000,119.0,64,55,95.0,21.0,28.0,103903.0,20987.0,89819.0,20351.0,40433.0,7960.0,38072.0,7275.0,33.0,164.0,10253.0,224.0,6707.123560609632
2023-12-09T00:00:00.000000,104.0,59,45,82.0,26.0,22.0,107000.0,21086.0,75094.0,11564.0,57626.0,11146.0,37325.0,7937.0,25.0,153.0,7783.0,169.0,5088.729277958701
2023-12-10T00:00:00.000000,148.0,86,62,109.0,25.0,39.0,142033.0,28588.0,146543.0,29518.0,45434.0,7669.0,64466.0,14705.0,46.0,201.0,15259.0,402.0,7794.600666799532
2023-12-11T00:00:00.000000,129.0,72,57,104.0,22.0,34.0,119970.0,23366.0,88498.0,16630.0,39583.0,8132.0,59743.0,11582.0,39.0,158.0,9817.0,295.0,7767.020909823579
2023-12-12T00:00:00.000000,152.0,86,66,114.0,23.0,44.0,122586.0,23205.0,127287.0,29904.0,37754.0,7968.0,59535.0,10515.0,60.0,199.0,17030.0,347.0,8174.953059570976
2023-12-13T00:00:00.000000,157.0,90,67,120.0,38.0,36.0,153791.0,31303.0,126959.0,22193.0,75998.0,14624.0,50995.0,9832.0,44.0,190.0,12099.0,395.0,8685.835006108642
2023-12-14T00:00:00.000000,111.0,59,52,93.0,20.0,21.0,98178.0,17384.0,87957.0,20036.0,32161.0,5544.0,42950.0,8084.0,31.0,220.0,8296.0,238.0,5793.275884339219
2023-12-15T00:00:00.000000,101.0,54,47,80.0,27.0,18.0,98446.0,17350.0,77473.0,15274.0,50929.0,8238.0,34883.0,6988.0,32.0,111.0,8393.0,207.0,4964.997865674957
2023-12-16T00:00:00.000000,87.0,48,39,69.0,13.0,25.0,76115.0,14818.0,64295.0,14806.0,27090.0,5009.0,39160.0,7765.0,27.0,86.0,5596.0,216.0,5098.951334583312
2023-12-17T00:00:00.000000,109.0,67,42,88.0,29.0,26.0,106663.0,20051.0,59815.0,13673.0,45805.0,8884.0,41837.0,7960.0,32.0,185.0,11441.0,235.0,5343.565326079663
2023-12-18T00:00:00.000000,115.0,57,58,93.0,19.0,32.0,94044.0,16705.0,79628.0,16395.0,38862.0,8000.0,47003.0,7379.0,48.0,176.0,9433.0,210.0,6472.14850582263
2023-12-19T00:00:00.000000,111.0,49,62,96.0,16.0,28.0,78166.0,21430.0,102195.0,28688.0,26055.0,6331.0,41476.0,11237.0,45.0,210.0,9763.0,207.0,5908.46909962596
2023-12-20T00:00:00.000000,108.0,63,45,93.0,10.0,37.0,104730.0,19113.0,98089.0,19614.0,17496.0,3962.0,48042.0,9252.0,48.0,178.0,9272.0,241.0,5620.040855473338
2023-12-21T00:00:00.000000,133.0,74,59,96.0,27.0,31.0,134068.0,27126.0,110702.0,25439.0,57258.0,12362.0,51507.0,10366.0,52.0,198.0,12379.0,304.0,6715.433884353772
2023-12-22T00:00:00.000000,92.0,51,41,76.0,16.0,26.0,107389.0,23170.0,74692.0,16967.0,26551.0,5500.0,62524.0,14214.0,35.0,129.0,8129.0,199.0,4596.5562625376015
2023-12-23T00:00:00.000000,124.0,69,55,86.0,19.0,35.0,122185.0,23095.0,111914.0,24553.0,40074.0,7921.0,49190.0,8633.0,45.0,156.0,9911.0,292.0,6183.704047750549
2023-12-24T00:00:00.000000,112.0,53,59,76.0,12.0,26.0,93041.0,15195.0,122239.0,25712.0,20957.0,3078.0,37826.0,5604.0,41.0,171.0,8591.0,237.0,5460.594902399884
2023-12-25T00:00:00.000000,111.0,61,50,87.0,9.0,37.0,106058.0,18470.0,92424.0,18809.0,12413.0,2348.0,69461.0,14016.0,47.0,160.0,9870.0,277.0,5809.3137585614395
2023-12-26T00:00:00.000000,117.0,69,48,96.0,15.0,40.0,141622.0,28846.0,82029.0,22321.0,41855.0,9823.0,67145.0,13945.0,65.0,237.0,12668.0,278.0,5574.691713061294
2023-12-27T00:00:00.000000,125.0,57,68,82.0,13.0,31.0,90160.0,17897.0,143185.0,30022.0,21275.0,4977.0,52423.0,10059.0,52.0,243.0,10308.0,272.0,6337.809359463402
2023-12-28T00:00:00.000000,151.0,77,74,113.0,27.0,37.0,149090.0,32249.0,124731.0,28125.0,54510.0,12503.0,72613.0,16400.0,51.0,243.0,12023.0,314.0,8266.47763638157
2023-12-29T00:00:00.000000,141.0,59,82,101.0,9.0,31.0,93225.0,21663.0,138245.0,27489.0,16098.0,3731.0,48908.0,12776.0,42.0,188.0,9615.0,263.0,7448.194042660257
2023-12-30T00:00:00.000000,130.0,58,72,91.0,12.0,36.0,90162.0,16546.0,144766.0,29086.0,19957.0,3779.0,50204.0,8596.0,55.0,228.0,13484.0,282.0,6795.470641871393
2023-12-31T00:00:00.000000,124.0,51,73,87.0,18.0,25.0,89744.0,17977.0,152203.0,32549.0,34174.0,7154.0,41229.0,7923.0,39.0,205.0,10499.0,311.0,7345.733515142475
2024-01-01T00:00:00.000000,89.0,46,43,72.0,18.0,19.0,90733.0,20073.0,79387.0,16637.0,45048.0,11553.0,31578.0,6828.0,21.0,193.0,8175.0,167.0,4575.4329061311255
2024-01-02T00:00:00.000000,117.0,56,61,92.0,17.0,27.0,103580.0,23053.0,115313.0,22413.0,40005.0,6626.0,37375.0,8867.0,38.0,227.0,8235.0,211.0,4984.537691849661
2024-01-03T00:00:00.000000,156.0,84,72,122.0,24.0,43.0,152935.0,30569.0,120344.0,29105.0,41283.0,9309.0,83257.0,17421.0,58.0,248.0,14882.0,373.0,7982.3954483905845
2024-01-04T00:00:00.000000,136.0,74,62,116.0,20.0,33.0,123931.0,24779.0,131463.0,28874.0,35147.0,7791.0,50283.0,8704.0,58.0,186.0,10856.0,277.0,7416.704004580124
2024-01-05T00:00:00.000000,166.0,78,88,122.0,23.0,37.0,162061.0,32927.0,149372.0,32162.0,51054.0,10569.0,81028.0,17086.0,43.0,254.0,11398.0,429.0,9220.366014303989
2024-01-06T00:00:00.000000,108.0,53,55,75.0,12.0,29.0,99123.0,20171.0,110188.0,26061.0,21769.0,7062.0,51389.0,8409.0,35.0,132.0,9927.0,224.0,5356.478191309713
2024-01-07T00:00:00.000000,112.0,58,54,84.0,11.0,35.0,117197.0,23953.0,86831.0,23807.0,22342.0,4708.0,72779.0,14866.0,52.0,168.0,11089.0,241.0,6564.752218300116
2024-01-08T00:00:00.000000,114.0,62,52,98.0,21.0,36.0,100176.0,15918.0,103275.0,22599.0,35943.0,5179.0,55737.0,9379.0,53.0,168.0,11675.0,227.0,6027.963897852196
2024-01-09T00:00:00.000000,103.0,64,39,94.0,22.0,29.0,101444.0,20801.0,76408.0,15761.0,31521.0,7342.0,48773.0,9935.0,45.0,215.0,11886.0,246.0,5682.033090398393
2024-01-10T00:00:00.000000,141.0,68,73,100.0,20.0,37.0,111633.0,26640.0,122577.0,28302.0,33179.0,6789.0,58449.0,15047.0,52.0,213.0,8782.0,230.0,7447.955329573601
2024-01-11T00:00:00.000000,150.0,89,61,122.0,31.0,37.0,180730.0,32711.0,82692.0,17829.0,76430.0,13200.0,57779.0,9819.0,48.0,249.0,13974.0,320.0,7949.5148859810115
2024-01-12T00:00:00.000000,131.0,72,59,111.0,18.0,39.0,123237.0,19135.0,106681.0,23123.0,36764.0,5884.0,61441.0,10735.0,45.0,181.0,9954.0,280.0,6729.277673469821
2024-01-13T00:00:00.000000,148.0,72,76,95.0,22.0,32.0,117832.0,27680.0,124262.0,29548.0,33646.0,6585.0,58634.0,15410.0,40.0,197.0,11216.0,366.0,8306.006329072387
2024-01-14T00:00:00.000000,115.0,72,43,97.0,21.0,37.0,126767.0,27277.0,68752.0,13545.0,37973.0,8851.0,62686.0,12387.0,46.0,226.0,9511.0,216.0,5806.853030185896
2024-01-15T00:00:00.000000,145.0,69,76,120.0,26.0,30.0,109983.0,23225.0,119536.0,25200.0,45305.0,10404.0,49802.0,9916.0,37.0,205.0,9027.0,269.0,7179.244308754678
2024-01-16T00:00:00.000000,140.0,82,58,114.0,20.0,49.0,148442.0,28470.0,100029.0,25140.0,40218.0,6558.0,91230.0,18773.0,58.0,223.0,12621.0,333.0,7771.416202971683
2024-01-17T00:00:00.000000,131.0,79,52,103.0,20.0,38.0,123792.0,26315.0,95105.0,23674.0,30254.0,6361.0,59524.0,11943.0,45.0,191.0,12111.0,267.0,7198.20188075628
2024-01-18T00:00:00.000000,160.0,93,67,134.0,23.0,53.0,164598.0,34378.0,110485.0,29241.0,42562.0,9572.0,100665.0,22185.0,67.0,222.0,11563.0,349.0,7100.09062052554
2024-01-19T00:00:00.000000,144.0,74,70,117.0,19.0,39.0,126660.0,26467.0,120455.0,31120.0,37208.0,8553.0,69306.0,14592.0,60.0,206.0,10713.0,281.0,7805.4483216944345
2024-01-20T00:00:00.000000,116.0,63,53,84.0,22.0,30.0,107523.0,21899.0,96813.0,23149.0,44710.0,8263.0,44582.0,9844.0,35.0,158.0,8405.0,248.0,5906.369053430533
2024-01-21T00:00:00.000000,127.0,72,55,101.0,13.0,43.0,143468.0,34722.0,85923.0,16843.0,23363.0,5180.0,96106.0,24687.0,58.0,273.0,13571.0,245.0,5924.136353217337
2024-01-22T00:00:00.000000,117.0,57,60,103.0,26.0,25.0,101760.0,16819.0,98183.0,24068.0,57483.0,8803.0,36279.0,6435.0,31.0,228.0,8704.0,233.0,6293.643692437929
2024-01-23T00:00:00.000000,135.0,78,57,112.0,21.0,40.0,127311.0,23549.0,102621.0,24515.0,41492.0,6785.0,58996.0,11524.0,51.0,199.0,12595.0,296.0,7360.190548743636
2024-01-24T00:00:00.000000,150.0,77,73,119.0,22.0,38.0,149100.0,35224.0,149407.0,28960.0,43849.0,9200.0,80818.0,21923.0,45.0,223.0,9662.0,254.0,6999.385583614174
2024-01-25T00:00:00.000000,130.0,75,55,107.0,25.0,30.0,126558.0,23721.0,103339.0,23535.0,56272.0,8206.0,44920.0,9903.0,47.0,185.0,10057.0,263.0,5626.203376032514
2024-01-26T00:00:00.000000,93.0,47,46,73.0,13.0,27.0,94874.0,17569.0,107460.0,21688.0,28665.0,4761.0,53606.0,10268.0,31.0,129.0,7130.0,238.0,4428.564763550625
2024-01-27T00:00:00.000000,114.0,65,49,95.0,21.0,32.0,106561.0,20105.0,97118.0,17080.0,32906.0,6588.0,54923.0,9656.0,37.0,161.0,10435.0,245.0,6066.15566570193
2024-01-28T00:00:00.000000,118.0,60,58,95.0,20.0,24.0,98964.0,21506.0,118392.0,29615.0,31898.0,7749.0,40829.0,8466.0,28.0,180.0,10799.0,239.0,5784.988692486711
2024-01-29T00:00:00.000000,150.0,87,63,116.0,35.0,39.0,147115.0,28019.0,115113.0,33176.0,61529.0,12257.0,70338.0,12778.0,49.0,226.0,13229.0,365.0,8159.735437833712
2024-01-30T00:00:00.000000,136.0,72,63,96.0,18.0,36.0,107791.0,21154.0,89299.0,24281.0,30002.0,4975.0,54226.0,9797.0,48.0,173.0,7668.0,259.0,6727.82143273617
2024-01-31T00:00:00.000000,132.0,66,66,101.0,19.0,37.0,87508.0,16133.0,101173.0,21573.0,24823.0,4968.0,52557.0,9740.0,63.0,240.0,10646.0,280.0,6299.705267748573
2024-02-01T00:00:00.000000,137.0,71,66,116.0,27.0,29.0,113655.0,20697.0,99839.0,21411.0,46792.0,9107.0,43521.0,6362.0,39.0,217.0,8833.0,235.0,7402.437110830506
2024-02-02T00:00:00.000000,137.0,73,62,116.0,20.0,38.0,124636.0,23808.0,123837.0,40412.0,37930.0,8299.0,69563.0,13782.0,44.0,227.0,10544.0,285.0,6745.6359487761565
2024-02-03T00:00:00.000000,140.0,78,62,93.0,23.0,39.0,148012.0,30094.0,93708.0,20810.0,48470.0,10485.0,67398.0,13483.0,44.0,200.0,13364.0,303.0,6755.845542815224
2024-02-04T00:00:00.000000,160.0,71,89,121.0,15.0,41.0,108111.0,21986.0,148190.0,35618.0,31086.0,6525.0,55453.0,11025.0,60.0,207.0,10609.0,328.0,8320.512166052513
2024-02-05T00:00:00.000000,159.0,86,73,115.0,18.0,51.0,145262.0,29084.0,123323.0,24985.0,36134.0,7250.0,78334.0,16708.0,76.0,312.0,15167.0,307.0,7876.216264316989
2024-02-06T00:00:00.000000,179.0,95,84,134.0,37.0,39.0,157861.0,33430.0,139810.0,31468.0,57099.0,11837.0,69872.0,14919.0,55.0,242.0,12023.0,344.0,8389.301982207891
2024-02-07T00:00:00.000000,125.0,71,54,102.0,20.0,36.0,124886.0,25791.0,103282.0,24863.0,37394.0,6300.0,56307.0,13593.0,41.0,159.0,8397.0,275.0,6572.600634987154
2024-02-08T00:00:00.000000,154.0,75,79,106.0,14.0,38.0,153439.0,31838.0,181244.0,47882.0,33628.0,4668.0,80192.0,19572.0,54.0,201.0,12805.0,326.0,7238.096617974691
2024-02-09T00:00:00.000000,128.0,75,53,103.0,17.0,36.0,147984.0,30472.0,125003.0,27265.0,55055.0,12635.0,54220.0,11328.0,47.0,211.0,11181.0,257.0,6159.306219827947
2024-02-10T00:00:00.000000,119.0,67,52,91.0,19.0,32.0,112259.0,20368.0,88359.0,17683.0,30200.0,4227.0,49775.0,10692.0,37.0,159.0,8859.0,235.0,6482.4798390346805
2024-02-11T00:00:00.000000,136.0,62,74,105.0,17.0,31.0,109338.0,20703.0,137715.0,24402.0,32172.0,6307.0,41577.0,8885.0,53.0,309.0,10994.0,282.0,7000.389681406466
2024-02-12T00:00:00.000000,140.0,74,66,105.0,25.0,34.0,117002.0,24060.0,116196.0,22110.0,35234.0,7039.0,56474.0,11797.0,45.0,218.0,14588.0,341.0,7229.3000249409915
2024-02-13T00:00:00.000000,156.0,76,80,120.0,20.0,40.0,132704.0,31849.0,159653.0,38600.0,37604.0,12551.0,69952.0,13976.0,54.0,259.0,12711.0,325.0,8605.964802288421
2024-02-14T00:00:00.000000,151.0,77,74,117.0,20.0,44.0,126728.0,25867.0,137630.0,30784.0,31330.0,6013.0,70097.0,16188.0,59.0,241.0,11535.0,306.0,7461.371105541997
2024-02-15T00:00:00.000000,115.0,60,55,95.0,15.0,34.0,97845.0,20964.0,104503.0,23222.0,20113.0,3027.0,60803.0,13926.0,47.0,143.0,7972.0,200.0,6566.99325486071
2024-02-16T00:00:00.000000,161.0,72,89,109.0,25.0,28.0,118088.0,26067.0,153274.0,37716.0,33967.0,7821.0,52487.0,10503.0,38.0,224.0,11277.0,329.0,8620.316833786444
2024-02-17T00:00:00.000000,127.0,57,70,89.0,17.0,28.0,109988.0,22090.0,117304.0,27185.0,27165.0,5696.0,51365.0,9079.0,42.0,207.0,9713.0,246.0,6537.257931591999
2024-02-18T00:00:00.000000,115.0,63,52,96.0,18.0,31.0,99928.0,20700.0,89506.0,23634.0,26573.0,5983.0,53637.0,11565.0,39.0,138.0,8774.0,229.0,5793.5264052964585
2024-02-19T00:00:00.000000,121.0,61,60,99.0,19.0,31.0,89406.0,16646.0,92600.0,21112.0,27226.0,5607.0,45541.0,8757.0,41.0,206.0,8893.0,300.0,6329.425656013716
2024-02-20T00:00:00.000000,151.0,81,70,121.0,26.0,35.0,132675.0,25924.0,119918.0,25818.0,43561.0,8728.0,46005.0,10892.0,53.0,282.0,14944.0,370.0,7182.5660385125575
2024-02-21T00:00:00.000000,171.0,93,78,113.0,36.0,35.0,133532.0,29864.0,172978.0,44139.0,53792.0,9119.0,49183.0,13522.0,43.0,239.0,11529.0,469.0,8420.297490861849
2024-02-22T00:00:00.000000,175.0,86,89,123.0,22.0,48.0,150081.0,30284.0,175793.0,44940.0,41302.0,7858.0,82066.0,18952.0,60.0,251.0,13359.0,337.0,9407.350665408385
2024-02-23T00:00:00.000000,143.0,68,75,114.0,19.0,28.0,117541.0,26051.0,131819.0,30178.0,33143.0,6757.0,48578.0,10495.0,38.0,200.0,10604.0,263.0,7356.295773880471
2024-02-24T00:00:00.000000,158.0,81,77,111.0,20.0,46.0,132524.0,27102.0,176514.0,39937.0,35225.0,8446.0,63339.0,12162.0,59.0,233.0,10651.0,233.0,7846.0615364489895
2024-02-25T00:00:00.000000,122.0,64,58,96.0,18.0,36.0,92850.0,15322.0,101733.0,22979.0,25953.0,4385.0,54116.0,9089.0,48.0,183.0,8973.0,237.0,6679.740912374478
2024-02-26T00:00:00.000000,161.0,89,72,115.0,25.0,51.0,141924.0,28075.0,146520.0,36909.0,35746.0,6966.0,86824.0,16914.0,71.0,242.0,12536.0,296.0,8389.195957739632
2024-02-27T00:00:00.000000,164.0,87,77,118.0,24.0,44.0,158211.0,28818.0,188587.0,41960.0,50107.0,9603.0,72348.0,12308.0,61.0,263.0,12297.0,379.0,7964.264564163797
2024-02-28T00:00:00.000000,123.0,64,59,106.0,16.0,36.0,100505.0,21971.0,119876.0,31042.0,24206.0,6045.0,57981.0,11954.0,50.0,402.0,17960.0,252.0,5627.635705286693
2024-02-29T00:00:00.000000,139.0,74,65,111.0,16.0,35.0,126173.0,27664.0,94134.0,18592.0,30549.0,6423.0,61871.0,14468.0,46.0,204.0,9803.0,230.0,7476.166928547421
2024-03-01T00:00:00.000000,109.0,60,49,93.0,19.0,28.0,111190.0,20901.0,77993.0,21342.0,42712.0,5535.0,37897.0,8216.0,41.0,176.0,8416.0,232.0,5358.210463995472
2024-03-02T00:00:00.000000,120.0,71,49,102.0,19.0,40.0,133552.0,30324.0,85897.0,17255.0,41806.0,12982.0,71727.0,14958.0,51.0,169.0,9479.0,233.0,6150.227908820315
2024-03-03T00:00:00.000000,95.0,56,39,89.0,20.0,26.0,96013.0,19919.0,70543.0,16323.0,35683.0,7641.0,51267.0,10483.0,40.0,189.0,12060.0,198.0,4873.153438566953
2024-03-04T00:00:00.000000,93.0,49,44,72.0,21.0,16.0,82812.0,13284.0,106382.0,43501.0,34016.0,6292.0,30643.0,4568.0,19.0,142.0,5221.0,169.0,3742.364935039202
2024-03-05T00:00:00.000000,102.0,65,37,92.0,28.0,24.0,133410.0,30588.0,48104.0,9525.0,52995.0,8924.0,56968.0,16131.0,33.0,141.0,7855.0,222.0,5849.345861642708
2024-03-06T00:00:00.000000,106.0,57,49,94.0,24.0,27.0,95031.0,17910.0,94896.0,21730.0,40959.0,6128.0,45475.0,9036.0,33.0,216.0,5741.0,220.0,5278.062563243205
2024-03-07T00:00:00.000000,121.0,66,55,101.0,25.0,29.0,104785.0,21500.0,80636.0,21156.0,40000.0,9258.0,48453.0,8451.0,35.0,147.0,6737.0,220.0,5976.396930419843
2024-03-08T00:00:00.000000,111.0,57,54,85.0,14.0,32.0,87931.0,16330.0,85273.0,17965.0,20407.0,4281.0,50468.0,9480.0,44.0,133.0,6731.0,256.0,6166.105088510996
2024-03-09T00:00:00.000000,116.0,54,62,86.0,24.0,26.0,94398.0,17645.0,95564.0,21029.0,46588.0,9088.0,43539.0,7619.0,31.0,174.0,5514.0,216.0,5871.821309485258
2024-03-10T00:00:00.000000,133.0,71,62,95.0,18.0,39.0,124460.0,19714.0,94357.0,23437.0,36478.0,5220.0,62422.0,10710.0,49.0,170.0,7634.0,283.0,5875.984663872547
2024-03-11T00:00:00.000000,118.0,75,43,106.0,33.0,26.0,127468.0,23695.0,72437.0,19650.0,63852.0,11238.0,40722.0,8441.0,38.0,188.0,8205.0,246.0,6061.885068372518
2024-03-12T00:00:00.000000,127.0,63,64,110.0,16.0,31.0,113048.0,22638.0,96882.0,19862.0,20142.0,4318.0,56896.0,10420.0,41.0,221.0,8982.0,243.0,5232.457470769309
2024-03-13T00:00:00.000000,114.0,64,50,92.0,16.0,31.0,111818.0,21610.0,87267.0,24709.0,21336.0,3397.0,65707.0,13834.0,39.0,135.0,7617.0,215.0,6197.045835275147
2024-03-14T00:00:00.000000,124.0,64,60,99.0,22.0,32.0,116010.0,23614.0,101651.0,21388.0,34184.0,7277.0,64430.0,12946.0,42.0,217.0,8475.0,232.0,6257.494776264775
2024-03-15T00:00:00.000000,91.0,50,41,75.0,14.0,25.0,90938.0,19333.0,66430.0,12790.0,29748.0,7155.0,39352.0,7138.0,32.0,117.0,6675.0,194.0,4871.802583995211
2024-03-16T00:00:00.000000,103.0,55,48,81.0,12.0,33.0,97089.0,15741.0,68836.0,16620.0,25400.0,4633.0,56952.0,8963.0,43.0,125.0,6699.0,194.0,4871.688835927095
2024-03-17T00:00:00.000000,132.0,76,56,97.0,19.0,33.0,138127.0,26720.0,96735.0,20364.0,35583.0,7710.0,67866.0,13660.0,44.0,188.0,11956.0,341.0,6224.933777772663
2024-03-18T00:00:00.000000,136.0,69,67,106.0,18.0,35.0,105003.0,20250.0,127991.0,29419.0,30584.0,4744.0,51974.0,10251.0,42.0,164.0,8468.0,262.0,6755.654423742249
2024-03-19T00:00:00.000000,123.0,74,49,110.0,37.0,25.0,116334.0,25711.0,74543.0,15556.0,56868.0,12668.0,43878.0,9250.0,28.0,163.0,7401.0,245.0,6874.021897087951
2024-03-20T00:00:00.000000,144.0,87,57,114.0,23.0,43.0,138337.0,30295.0,113628.0,24780.0,34699.0,7577.0,65653.0,16636.0,47.0,194.0,9257.0,275.0,6678.558387504507
2024-03-21T00:00:00.000000,149.0,81,68,117.0,30.0,35.0,159767.0,35035.0,114800.0,30117.0,65283.0,14986.0,72022.0,16104.0,47.0,248.0,10106.0,325.0,7376.291424027347
2024-03-22T00:00:00.000000,113.0,59,54,93.0,20.0,25.0,111888.0,22621.0,117895.0,21406.0,34851.0,5769.0,55297.0,11341.0,27.0,193.0,7174.0,270.0,5626.3351302252695
2024-03-23T00:00:00.000000,141.0,69,72,103.0,20.0,30.0,118814.0,24481.0,163467.0,35138.0,35511.0,6921.0,61375.0,11915.0,33.0,248.0,8014.0,296.0,6099.521330364911
2024-03-24T00:00:00.000000,139.0,69,70,94.0,13.0,34.0,123696.0,26437.0,105552.0,20540.0,20194.0,3886.0,72470.0,17430.0,47.0,269.0,10374.0,221.0,6662.355348469047
2024-03-25T00:00:00.000000,135.0,74,61,112.0,22.0,38.0,135222.0,30916.0,105952.0,29475.0,35840.0,7609.0,79112.0,20004.0,53.0,236.0,12857.0,267.0,6158.068755942666
2024-03-26T00:00:00.000000,145.0,75,70,114.0,17.0,39.0,132015.0,21777.0,107831.0,28117.0,39085.0,6935.0,59869.0,9809.0,51.0,246.0,10883.0,268.0,7063.8685642095115
2024-03-27T00:00:00.000000,119.0,60,59,86.0,17.0,28.0,87340.0,14913.0,90565.0,20347.0,23169.0,3782.0,40951.0,6594.0,40.0,165.0,9664.0,258.0,4904.847701982517
2024-03-28T00:00:00.000000,128.0,69,59,88.0,19.0,43.0,123412.0,25855.0,119836.0,29930.0,34653.0,6059.0,74397.0,16304.0,55.0,182.0,7907.0,230.0,5378.447511478307
2024-03-29T00:00:00.000000,106.0,49,57,73.0,16.0,22.0,83692.0,17699.0,96534.0,29791.0,27585.0,6952.0,37464.0,7083.0,27.0,125.0,5101.0,229.0,4791.952593455812
2024-03-30T00:00:00.000000,131.0,69,62,97.0,16.0,37.0,126719.0,22838.0,81485.0,22138.0,43370.0,7544.0,58673.0,10779.0,59.0,202.0,10918.0,253.0,6878.937577387647
2024-03-31T00:00:00.000000,103.0,56,47,84.0,18.0,26.0,98862.0,22963.0,101071.0,32023.0,33534.0,8660.0,47850.0,9906.0,34.0,181.0,5931.0,231.0,5626.216567273791
2024-04-01T00:00:00.000000,137.0,71,66,102.0,23.0,33.0,116689.0,22095.0,136857.0,34628.0,37647.0,5931.0,52158.0,11068.0,51.0,252.0,10781.0,323.0,7026.9160844793605
2024-04-02T00:00:00.000000,141.0,81,60,117.0,24.0,41.0,140034.0,25234.0,133079.0,40015.0,34325.0,6331.0,72696.0,14619.0,57.0,227.0,10524.0,276.0,6452.494600518933
2024-04-03T00:00:00.000000,154.0,83,71,120.0,24.0,40.0,119575.0,20141.0,140265.0,33735.0,43498.0,7037.0,48402.0,9005.0,53.0,310.0,12568.0,329.0,8110.781739865398
2024-04-04T00:00:00.000000,132.0,74,58,93.0,17.0,43.0,124633.0,26062.0,97265.0,22336.0,34053.0,8412.0,61343.0,11746.0,57.0,185.0,8452.0,262.0,7250.766461487037
2024-04-05T00:00:00.000000,132.0,71,61,99.0,22.0,29.0,124740.0,26364.0,113071.0,23843.0,36586.0,8170.0,46462.0,10435.0,35.0,181.0,7122.0,224.0,6701.9618843475055
2024-04-06T00:00:00.000000,82.0,46,36,76.0,12.0,26.0,85597.0,16567.0,74268.0,17057.0,21368.0,5775.0,43970.0,7606.0,37.0,142.0,7324.0,154.0,4459.475057468574
2024-04-07T00:00:00.000000,100.0,65,35,86.0,22.0,29.0,128644.0,25825.0,51408.0,17191.0,45954.0,10865.0,61795.0,10872.0,47.0,147.0,8307.0,209.0,5616.468233256953
2024-04-08T00:00:00.000000,118.0,62,56,94.0,18.0,29.0,108837.0,18790.0,112209.0,23520.0,32875.0,7239.0,60130.0,8211.0,38.0,174.0,6307.0,249.0,5604.539453119669
2024-04-09T00:00:00.000000,115.0,67,48,82.0,24.0,32.0,148802.0,29185.0,83667.0,22760.0,68498.0,11031.0,61676.0,14501.0,40.0,205.0,7790.0,245.0,6181.076098380451
2024-04-10T00:00:00.000000,113.0,70,43,97.0,22.0,30.0,130751.0,26731.0,70311.0,20854.0,42743.0,7039.0,54091.0,12083.0,41.0,194.0,9875.0,244.0,5694.833889249318
2024-04-11T00:00:00.000000,135.0,74,61,104.0,21.0,41.0,132335.0,30002.0,153270.0,42779.0,38679.0,10308.0,72405.0,15884.0,49.0,146.0,7612.0,221.0,6682.6757746366675
2024-04-12T00:00:00.000000,130.0,75,55,102.0,31.0,33.0,124992.0,25887.0,96373.0,21187.0,60864.0,11912.0,51571.0,12348.0,40.0,189.0,7899.0,211.0,6644.605932451617
2024-04-13T00:00:00.000000,121.0,68,53,87.0,15.0,37.0,121311.0,26245.0,74518.0,19123.0,22481.0,5427.0,62944.0,13981.0,56.0,190.0,8314.0,232.0,6188.958041076396
2024-04-14T00:00:00.000000,125.0,70,55,97.0,20.0,34.0,107399.0,23129.0,82732.0,19886.0,30029.0,6725.0,53888.0,12054.0,45.0,177.0,7360.0,254.0,6729.070065200392
2024-04-15T00:00:00.000000,112.0,61,51,82.0,23.0,23.0,106678.0,20336.0,95364.0,24430.0,42428.0,6902.0,39761.0,8928.0,29.0,157.0,7335.0,230.0,5679.303229511196
2024-04-16T00:00:00.000000,99.0,56,43,78.0,11.0,32.0,69965.0,13399.0,59467.0,12709.0,17392.0,3286.0,37011.0,6646.0,42.0,155.0,7306.0,220.0,5812.845903666252
2024-04-17T00:00:00.000000,143.0,77,66,115.0,25.0,36.0,122616.0,24367.0,107403.0,21714.0,37086.0,6906.0,63665.0,13000.0,42.0,190.0,8723.0,278.0,7592.348591740764
2024-04-18T00:00:00.000000,149.0,91,58,120.0,32.0,47.0,144593.0,28780.0,106309.0,24684.0,55706.0,10401.0,71748.0,15134.0,68.0,225.0,11065.0,296.0,7795.293107176482
2024-04-19T00:00:00.000000,120.0,60,60,100.0,20.0,33.0,105199.0,23416.0,108832.0,25712.0,35424.0,8865.0,61518.0,12636.0,42.0,198.0,6920.0,259.0,5964.403883784402
2024-04-20T00:00:00.000000,92.0,55,37,74.0,19.0,28.0,91471.0,16791.0,61992.0,11824.0,35547.0,7935.0,45517.0,7751.0,37.0,163.0,6191.0,198.0,4651.725408479451
2024-04-21T00:00:00.000000,107.0,68,39,87.0,22.0,38.0,112343.0,21031.0,66252.0,18585.0,26393.0,3835.0,71923.0,14688.0,51.0,179.0,7532.0,204.0,4600.3429262278105
2024-04-22T00:00:00.000000,123.0,66,57,97.0,20.0,33.0,106678.0,19079.0,86256.0,19903.0,28722.0,5029.0,58510.0,10004.0,43.0,201.0,7633.0,227.0,6170.375467480345
2024-04-23T00:00:00.000000,142.0,80,62,126.0,25.0,39.0,115038.0,21111.0,117022.0,27407.0,36645.0,6898.0,57696.0,10000.0,50.0,249.0,10120.0,305.0,7729.653909412436
2024-04-24T00:00:00.000000,141.0,72,69,112.0,22.0,36.0,121844.0,23748.0,121488.0,25578.0,32915.0,5554.0,64744.0,13070.0,49.0,224.0,8828.0,322.0,5956.775859511689
2024-04-25T00:00:00.000000,104.0,59,45,87.0,15.0,37.0,88278.0,16568.0,94970.0,21198.0,24976.0,4003.0,53910.0,11140.0,52.0,194.0,8978.0,237.0,5627.333868316377
2024-04-26T00:00:00.000000,111.0,53,58,96.0,13.0,29.0,90471.0,15517.0,130751.0,34861.0,25737.0,3508.0,47102.0,8733.0,41.0,199.0,8045.0,290.0,5754.752053621092
2024-04-27T00:00:00.000000,127.0,70,57,104.0,19.0,38.0,116655.0,21820.0,82868.0,23381.0,34515.0,5434.0,60166.0,10776.0,50.0,161.0,7500.0,231.0,6610.341675868059
2024-04-28T00:00:00.000000,122.0,57,65,95.0,14.0,27.0,95564.0,19500.0,113548.0,25309.0,27289.0,5114.0,39001.0,6960.0,44.0,162.0,9376.0,259.0,5285.2298651656065
2024-04-29T00:00:00.000000,115.0,58,57,86.0,19.0,23.0,88023.0,15746.0,93047.0,21409.0,31461.0,5587.0,34074.0,5771.0,27.0,187.0,9939.0,302.0,6424.751077309871
2024-04-30T00:00:00.000000,116.0,59,57,91.0,20.0,31.0,96050.0,21354.0,91195.0,20274.0,37688.0,10214.0,43958.0,7089.0,42.0,148.0,6225.0,209.0,5894.677712857915
2024-05-01T00:00:00.000000,117.0,67,50,91.0,18.0,36.0,107310.0,22324.0,79971.0,27747.0,28107.0,5022.0,53503.0,12128.0,53.0,153.0,7469.0,254.0,6573.573603676213
2024-05-02T00:00:00.000000,126.0,66,60,92.0,16.0,38.0,109117.0,24062.0,123941.0,31406.0,27977.0,5135.0,61974.0,15833.0,53.0,308.0,15436.0,311.0,6825.11581779
2024-05-03T00:00:00.000000,116.0,65,51,102.0,18.0,38.0,96973.0,19817.0,81451.0,16390.0,31072.0,7270.0,56058.0,11733.0,50.0,133.0,7663.0,236.0,5459.475300248503
2024-05-04T00:00:00.000000,122.0,65,57,94.0,17.0,36.0,101172.0,17569.0,96180.0,26811.0,28214.0,3961.0,55893.0,11227.0,51.0,191.0,8370.0,243.0,6781.325504866052
2024-05-05T00:00:00.000000,117.0,65,52,92.0,17.0,30.0,128372.0,27948.0,120214.0,33924.0,30691.0,6366.0,50955.0,12243.0,37.0,141.0,8479.0,270.0,5250.091951089658
2024-05-06T00:00:00.000000,104.0,53,51,93.0,17.0,27.0,97350.0,17754.0,106376.0,24256.0,36246.0,8063.0,41463.0,6376.0,30.0,157.0,6666.0,229.0,5312.664551865638
2024-05-07T00:00:00.000000,110.0,70,40,93.0,24.0,25.0,131836.0,24961.0,64374.0,11303.0,45866.0,7304.0,53950.0,10062.0,32.0,235.0,11389.0,253.0,6288.0022092854015
2024-05-08T00:00:00.000000,141.0,80,61,108.0,20.0,37.0,132227.0,20554.0,98077.0,23886.0,31405.0,3952.0,60278.0,9981.0,54.0,210.0,10116.0,286.0,7481.116939623097
2024-05-09T00:00:00.000000,124.0,68,56,99.0,18.0,42.0,129494.0,28148.0,115514.0,26797.0,39423.0,8123.0,75041.0,16264.0,61.0,197.0,9418.0,249.0,6622.635941008071
2024-05-10T00:00:00.000000,121.0,73,48,100.0,27.0,29.0,119002.0,25649.0,86527.0,20619.0,39855.0,7363.0,48304.0,11340.0,31.0,225.0,8617.0,260.0,6473.103864265883
2024-05-11T00:00:00.000000,95.0,59,36,80.0,23.0,23.0,112618.0,25612.0,59910.0,11297.0,43726.0,9539.0,35681.0,8030.0,33.0,167.0,8942.0,224.0,5128.3064856000665
2024-05-12T00:00:00.000000,91.0,56,35,78.0,20.0,22.0,82387.0,16014.0,47051.0,14595.0,28121.0,4775.0,33295.0,5847.0,27.0,147.0,5623.0,222.0,5415.336710902534
2024-05-13T00:00:00.000000,105.0,65,40,86.0,20.0,31.0,117240.0,22651.0,77660.0,17817.0,31120.0,5572.0,65744.0,12687.0,38.0,202.0,8227.0,274.0,5388.408900259695
2024-05-14T00:00:00.000000,117.0,61,56,102.0,20.0,28.0,100820.0,19367.0,105355.0,21727.0,40605.0,7070.0,43163.0,8360.0,39.0,173.0,7270.0,231.0,6332.272815518482
2024-05-15T00:00:00.000000,111.0,64,47,98.0,23.0,29.0,92035.0,18593.0,100983.0,25290.0,37779.0,8741.0,36764.0,7032.0,36.0,163.0,8171.0,254.0,5610.35969098717
2024-05-16T00:00:00.000000,145.0,82,63,108.0,19.0,36.0,125858.0,21879.0,92053.0,25276.0,39863.0,6802.0,51003.0,8625.0,52.0,181.0,9980.0,343.0,7221.903892227084
2024-05-17T00:00:00.000000,102.0,58,44,81.0,20.0,31.0,97312.0,19300.0,85926.0,16870.0,35423.0,6742.0,49960.0,9388.0,40.0,197.0,6560.0,232.0,4843.730727069755
2024-05-18T00:00:00.000000,120.0,68,52,97.0,21.0,33.0,96108.0,17797.0,102423.0,21765.0,32565.0,8863.0,47915.0,6532.0,46.0,178.0,8128.0,290.0,6171.467629438096
2024-05-19T00:00:00.000000,106.0,63,43,89.0,19.0,39.0,96770.0,17221.0,58052.0,14578.0,35307.0,6003.0,55453.0,10234.0,51.0,171.0,8056.0,271.0,5621.001034328521
2024-05-20T00:00:00.000000,133.0,87,46,107.0,26.0,42.0,124621.0,24780.0,90119.0,20038.0,46872.0,8214.0,53500.0,10436.0,62.0,217.0,12507.0,280.0,7143.132020453
2024-05-21T00:00:00.000000,114.0,74,40,87.0,18.0,41.0,128603.0,29214.0,74015.0,16615.0,34120.0,8664.0,76047.0,16838.0,51.0,147.0,9913.0,252.0,6317.911304834291
2024-05-22T00:00:00.000000,123.0,71,52,104.0,18.0,33.0,136762.0,30733.0,100048.0,25128.0,29249.0,5895.0,67167.0,12404.0,55.0,229.0,13188.0,286.0,5459.865147337562
2024-05-23T00:00:00.000000,138.0,70,68,115.0,23.0,35.0,114261.0,18857.0,96492.0,20582.0,39124.0,6700.0,54354.0,9167.0,43.0,182.0,9177.0,252.0,7158.063230296581
2024-05-24T00:00:00.000000,129.0,70,59,94.0,26.0,31.0,138383.0,26412.0,116889.0,38433.0,54073.0,8662.0,70299.0,14922.0,48.0,232.0,8879.0,193.0,6095.4056707278
2024-05-25T00:00:00.000000,104.0,58,46,82.0,24.0,21.0,126241.0,24646.0,67743.0,16449.0,56441.0,10024.0,33909.0,6676.0,28.0,175.0,6465.0,169.0,5527.256019769015
2024-05-26T00:00:00.000000,93.0,53,40,75.0,16.0,30.0,116555.0,20018.0,100983.0,29807.0,36900.0,5186.0,60244.0,10659.0,39.0,211.0,7941.0,210.0,4754.56385623419
2024-05-27T00:00:00.000000,119.0,63,56,101.0,19.0,20.0,122172.0,24596.0,91774.0,19923.0,27833.0,6335.0,48808.0,10795.0,23.0,214.0,16131.0,253.0,5665.140317439771
2024-05-28T00:00:00.000000,126.0,65,61,100.0,20.0,34.0,103797.0,20445.0,120710.0,27850.0,34749.0,7036.0,59737.0,12228.0,47.0,184.0,8429.0,275.0,6283.320024569737
2024-05-29T00:00:00.000000,120.0,58,62,91.0,18.0,30.0,111369.0,18977.0,130006.0,35166.0,40727.0,6272.0,57795.0,10042.0,36.0,196.0,7617.0,268.0,5760.427226459461
2024-05-30T00:00:00.000000,116.0,67,49,88.0,23.0,33.0,112428.0,23098.0,83636.0,23791.0,35569.0,8009.0,57120.0,12262.0,41.0,144.0,7627.0,213.0,5309.448248512625
2024-05-31T00:00:00.000000,114.0,61,53,85.0,21.0,27.0,84701.0,17379.0,145141.0,34135.0,32661.0,8047.0,33693.0,6094.0,42.0,176.0,7018.0,297.0,6082.747824514411
2024-06-01T00:00:00.000000,108.0,55,53,84.0,14.0,23.0,118603.0,23125.0,78887.0,14987.0,33000.0,7818.0,31540.0,5822.0,33.0,167.0,6402.0,228.0,5865.287245463656
2024-06-02T00:00:00.000000,105.0,61,44,83.0,24.0,28.0,117205.0,20332.0,89722.0,14211.0,52660.0,10651.0,49085.0,7675.0,42.0,213.0,7525.0,239.0,5972.622429524907
2024-06-03T00:00:00.000000,121.0,64,57,101.0,14.0,34.0,97384.0,19403.0,94553.0,25096.0,28803.0,5349.0,45903.0,8875.0,45.0,199.0,9005.0,214.0,6019.755845292674
2024-06-04T00:00:00.000000,140.0,76,64,102.0,21.0,37.0,118631.0,21950.0,111074.0,19182.0,38322.0,8375.0,50089.0,8756.0,50.0,251.0,11023.0,291.0,6954.205222406206
2024-06-05T00:00:00.000000,156.0,85,71,114.0,25.0,39.0,147974.0,26590.0,125007.0,28818.0,51813.0,7914.0,57845.0,12199.0,58.0,237.0,11242.0,353.0,8436.315270310943
2024-06-06T00:00:00.000000,104.0,55,49,83.0,16.0,22.0,72475.0,14110.0,87139.0,16045.0,24251.0,5559.0,26951.0,5740.0,23.0,123.0,5062.0,192.0,4995.068394296881
2024-06-07T00:00:00.000000,102.0,51,51,85.0,13.0,26.0,104266.0,24858.0,102520.0,27348.0,25171.0,8786.0,52952.0,9774.0,35.0,209.0,8005.0,215.0,4906.674554491576
2024-06-08T00:00:00.000000,105.0,60,43,81.0,12.0,37.0,111662.0,20571.0,75280.0,22955.0,27002.0,5324.0,67926.0,11271.0,48.0,141.0,7369.0,213.0,5709.399248135417
2024-06-09T00:00:00.000000,90.0,43,47,76.0,11.0,20.0,64954.0,10088.0,81954.0,22388.0,18346.0,2640.0,34045.0,5927.0,27.0,157.0,5896.0,133.0,4570.5198404743005
2024-06-10T00:00:00.000000,105.0,52,53,88.0,12.0,32.0,76408.0,14531.0,88054.0,26024.0,23901.0,4440.0,42077.0,8303.0,43.0,202.0,7474.0,191.0,5487.577025741805
2024-06-11T00:00:00.000000,119.0,58,61,94.0,18.0,28.0,88653.0,15914.0,113519.0,29722.0,29077.0,3982.0,40040.0,8082.0,36.0,205.0,7835.0,254.0,6295.765324039431
2024-06-12T00:00:00.000000,106.0,62,44,90.0,17.0,27.0,111518.0,24067.0,68317.0,11521.0,31803.0,6876.0,54631.0,12305.0,44.0,154.0,7849.0,236.0,5395.645668147118
2024-06-13T00:00:00.000000,109.0,69,40,98.0,26.0,27.0,98870.0,20631.0,73076.0,21820.0,45304.0,9849.0,38295.0,7967.0,44.0,188.0,9724.0,303.0,5534.913481470432
2024-06-14T00:00:00.000000,87.0,54,33,75.0,24.0,21.0,94811.0,19144.0,63562.0,13066.0,39408.0,7398.0,44671.0,10116.0,26.0,119.0,6590.0,220.0,4034.659174589558
2024-06-15T00:00:00.000000,83.0,52,31,75.0,20.0,25.0,91906.0,15974.0,57415.0,12360.0,34661.0,6086.0,48761.0,8681.0,31.0,132.0,7396.0,188.0,3702.6966593584766
2024-06-16T00:00:00.000000,97.0,62,35,86.0,27.0,24.0,111556.0,27223.0,57340.0,13342.0,56475.0,16410.0,36169.0,7751.0,33.0,170.0,6895.0,222.0,5166.530944242652
2024-06-17T00:00:00.000000,119.0,66,53,102.0,19.0,30.0,132862.0,26122.0,92773.0,19114.0,46052.0,11024.0,46575.0,7927.0,46.0,244.0,12715.0,264.0,6343.349887988033
2024-06-18T00:00:00.000000,99.0,51,48,80.0,12.0,27.0,77937.0,16730.0,89367.0,20530.0,21449.0,4097.0,41345.0,10040.0,35.0,165.0,5691.0,198.0,4510.006531208761
2024-06-19T00:00:00.000000,121.0,66,55,104.0,27.0,29.0,119168.0,24108.0,71980.0,16194.0,49798.0,11892.0,51287.0,8607.0,40.0,167.0,8301.0,217.0,6680.357576611206
2024-06-20T00:00:00.000000,115.0,54,61,93.0,15.0,32.0,76662.0,12487.0,95770.0,28041.0,24217.0,3730.0,41276.0,7663.0,47.0,181.0,6465.0,243.0,5927.302154872359
2024-06-21T00:00:00.000000,102.0,56,46,83.0,15.0,28.0,103911.0,21347.0,72894.0,17364.0,34104.0,6038.0,47341.0,10875.0,42.0,162.0,7179.0,216.0,4720.339361838191
2024-06-22T00:00:00.000000,108.0,48,60,84.0,18.0,22.0,73663.0,15048.0,109877.0,29564.0,21688.0,5004.0,38564.0,6989.0,29.0,184.0,5558.0,189.0,5005.563397032542
2024-06-23T00:00:00.000000,94.0,53,41,77.0,16.0,24.0,78361.0,15721.0,66349.0,16497.0,24601.0,6259.0,31787.0,5199.0,31.0,223.0,7712.0,205.0,5163.627735106126
2024-06-24T00:00:00.000000,112.0,64,48,89.0,22.0,31.0,112555.0,19428.0,92293.0,21862.0,43435.0,7539.0,54149.0,10225.0,47.0,169.0,18020.0,257.0,5973.207576076438
2024-06-25T00:00:00.000000,107.0,58,49,90.0,14.0,32.0,115886.0,29481.0,80825.0,19955.0,37852.0,11828.0,51166.0,12266.0,44.0,250.0,15026.0,193.0,5695.301884480252
2024-06-26T00:00:00.000000,124.0,69,55,91.0,17.0,37.0,107403.0,20853.0,116444.0,34908.0,36069.0,7032.0,45522.0,7012.0,68.0,140.0,10641.0,310.0,6779.141339074377
2024-06-27T00:00:00.000000,106.0,62,44,78.0,14.0,37.0,126619.0,23464.0,100843.0,26077.0,28918.0,4710.0,77574.0,15724.0,52.0,155.0,7293.0,224.0,6348.732574698655
2024-06-28T00:00:00.000000,112.0,57,55,86.0,14.0,37.0,88863.0,18622.0,88742.0,20021.0,26534.0,5679.0,53540.0,10765.0,48.0,213.0,7069.0,207.0,6209.698685304703
2024-06-29T00:00:00.000000,88.0,50,38,73.0,18.0,23.0,102918.0,20151.0,57734.0,12308.0,35119.0,7717.0,55836.0,9666.0,33.0,154.0,5483.0,137.0,4874.992104056427
2024-06-30T00:00:00.000000,93.0,58,35,77.0,17.0,26.0,102767.0,20857.0,68849.0,18213.0,36436.0,7500.0,42321.0,8398.0,38.0,113.0,6052.0,214.0,4898.969293226048
2024-07-01T00:00:00.000000,95.0,52,43,80.0,20.0,21.0,95049.0,17476.0,80803.0,19093.0,38796.0,7463.0,36248.0,6734.0,30.0,127.0,5796.0,163.0,5195.328320038551
2024-07-02T00:00:00.000000,136.0,66,70,95.0,28.0,22.0,111731.0,24155.0,139845.0,51709.0,61279.0,14898.0,29414.0,5684.0,28.0,177.0,9229.0,244.0,7388.5332770678015
2024-07-03T00:00:00.000000,105.0,63,42,87.0,23.0,34.0,118834.0,22068.0,95006.0,34769.0,34741.0,6081.0,70800.0,13197.0,51.0,170.0,12663.0,232.0,6010.50130254109
2024-07-04T00:00:00.000000,90.0,52,38,74.0,18.0,27.0,100018.0,23162.0,66807.0,15298.0,32784.0,5599.0,56754.0,15504.0,37.0,123.0,6952.0,196.0,4875.7182861660485
2024-07-05T00:00:00.000000,78.0,46,32,70.0,16.0,18.0,83424.0,14353.0,59235.0,12455.0,26203.0,3904.0,40572.0,7982.0,25.0,124.0,8530.0,240.0,4391.260608380731
2024-07-06T00:00:00.000000,83.0,45,38,67.0,17.0,21.0,87284.0,20151.0,85600.0,38665.0,34278.0,6859.0,39943.0,9356.0,29.0,114.0,5105.0,141.0,5046.740777649587
2024-07-07T00:00:00.000000,92.0,57,35,72.0,11.0,30.0,105944.0,20117.0,73479.0,20218.0,28292.0,4649.0,50187.0,11128.0,39.0,208.0,8253.0,176.0,5018.982355119362
2024-07-08T00:00:00.000000,95.0,50,45,83.0,13.0,26.0,79013.0,14012.0,83358.0,20333.0,20308.0,2835.0,41548.0,7878.0,40.0,143.0,7275.0,205.0,5063.9005893293825
2024-07-09T00:00:00.000000,91.0,50,41,76.0,19.0,21.0,77729.0,19377.0,94587.0,28600.0,30709.0,8815.0,37042.0,9329.0,29.0,139.0,6437.0,213.0,4321.318756614929
2024-07-10T00:00:00.000000,88.0,52,36,71.0,15.0,27.0,84914.0,18901.0,71658.0,20543.0,24607.0,5782.0,49427.0,11319.0,32.0,160.0,6942.0,203.0,4440.0867335113235
2024-07-11T00:00:00.000000,103.0,58,45,90.0,23.0,28.0,110086.0,19904.0,74717.0,12690.0,59484.0,11104.0,40793.0,7615.0,37.0,187.0,8184.0,259.0,5755.038198621666
2024-07-12T00:00:00.000000,100.0,56,44,83.0,17.0,27.0,114917.0,22434.0,68256.0,15916.0,37899.0,5727.0,51778.0,12254.0,40.0,164.0,7954.0,262.0,4946.904699216493
2024-07-13T00:00:00.000000,87.0,51,36,75.0,20.0,17.0,102128.0,22761.0,71083.0,18461.0,36165.0,6942.0,39038.0,10135.0,20.0,153.0,7372.0,190.0,4574.586687910604
2024-07-14T00:00:00.000000,78.0,40,38,56.0,11.0,22.0,73183.0,19376.0,51760.0,8669.0,21485.0,5817.0,38972.0,10785.0,31.0,180.0,7601.0,165.0,3787.121337883848
2024-07-15T00:00:00.000000,91.0,49,42,72.0,20.0,18.0,90270.0,17554.0,63355.0,12682.0,38000.0,8457.0,30710.0,5367.0,24.0,154.0,7293.0,208.0,4290.865700178505
2024-07-16T00:00:00.000000,111.0,64,47,86.0,17.0,35.0,133216.0,32468.0,81222.0,18455.0,36793.0,8545.0,83193.0,21053.0,48.0,189.0,9715.0,242.0,6018.214833231093
2024-07-17T00:00:00.000000,90.0,49,41,76.0,12.0,26.0,75919.0,12294.0,84293.0,22959.0,18615.0,2327.0,37380.0,6573.0,34.0,150.0,8482.0,176.0,4203.159224117205
2024-07-18T00:00:00.000000,97.0,57,40,82.0,19.0,26.0,113043.0,18695.0,74722.0,14937.0,39910.0,6165.0,56088.0,9766.0,47.0,235.0,13209.0,194.0,5024.543278993071
2024-07-19T00:00:00.000000,86.0,43,43,68.0,13.0,24.0,69707.0,20389.0,103358.0,27069.0,27754.0,10245.0,32720.0,8072.0,30.0,135.0,5332.0,170.0,4374.286435341407
2024-07-20T00:00:00.000000,87.0,47,40,75.0,16.0,19.0,80756.0,15885.0,75230.0,17119.0,34340.0,8519.0,31766.0,4922.0,22.0,127.0,6217.0,193.0,4460.041198132903
2024-07-21T00:00:00.000000,73.0,40,33,60.0,12.0,20.0,80381.0,16158.0,76129.0,21105.0,28390.0,5601.0,36005.0,8434.0,22.0,120.0,5817.0,165.0,3279.5685785355968
2024-07-22T00:00:00.000000,71.0,41,30,60.0,11.0,19.0,67378.0,10265.0,49789.0,14403.0,13974.0,2002.0,34890.0,6027.0,26.0,127.0,5959.0,199.0,3677.6754401892713
2024-07-23T00:00:00.000000,77.0,39,38,71.0,19.0,15.0,69963.0,13649.0,65441.0,17825.0,40031.0,9013.0,15121.0,2632.0,20.0,143.0,4252.0,140.0,3890.001147257245
2024-07-24T00:00:00.000000,105.0,61,44,80.0,18.0,23.0,120241.0,26365.0,68932.0,14903.0,35221.0,6547.0,40439.0,7727.0,38.0,230.0,10282.0,257.0,5170.379991214493
2024-07-25T00:00:00.000000,96.0,57,39,81.0,19.0,28.0,98893.0,18331.0,73874.0,17379.0,32732.0,5119.0,45070.0,8452.0,38.0,231.0,8054.0,226.0,4886.806979419776
2024-07-26T00:00:00.000000,76.0,41,35,62.0,12.0,21.0,74232.0,12857.0,57197.0,13893.0,16998.0,3936.0,42680.0,6976.0,25.0,107.0,4314.0,164.0,3957.0637366267924
2024-07-27T00:00:00.000000,80.0,47,33,63.0,8.0,28.0,89498.0,15433.0,83870.0,18428.0,19465.0,3427.0,44245.0,7812.0,41.0,117.0,6871.0,181.0,4378.06263397929
2024-07-28T00:00:00.000000,97.0,56,41,67.0,14.0,24.0,110344.0,20525.0,64971.0,12022.0,22192.0,1924.0,51709.0,12938.0,38.0,182.0,12458.0,224.0,5301.993496952003
2024-07-29T00:00:00.000000,78.0,38,40,70.0,10.0,19.0,61931.0,10501.0,70455.0,14386.0,17633.0,3978.0,27605.0,3185.0,25.0,110.0,5230.0,121.0,3243.4989345236736
2024-07-30T00:00:00.000000,95.0,45,50,74.0,7.0,29.0,80211.0,12595.0,94055.0,17498.0,12778.0,2274.0,51560.0,8223.0,38.0,169.0,6664.0,182.0,4596.312959815333
2024-07-31T00:00:00.000000,90.0,49,41,71.0,8.0,35.0,120069.0,23930.0,92090.0,19893.0,31261.0,9334.0,77495.0,13072.0,48.0,213.0,6683.0,173.0,4385.00749237394
2024-08-01T00:00:00.000000,109.0,66,43,84.0,22.0,34.0,131636.0,29139.0,73827.0,17973.0,44590.0,7865.0,60991.0,13990.0,49.0,149.0,8245.0,253.0,5449.192391766979
2024-08-02T00:00:00.000000,100.0,58,42,90.0,17.0,27.0,106522.0,24612.0,65131.0,15032.0,28750.0,5619.0,62557.0,15252.0,40.0,190.0,6468.0,196.0,5411.754995397111
2024-08-03T00:00:00.000000,92.0,48,44,70.0,11.0,24.0,79071.0,15040.0,83497.0,18714.0,20292.0,4019.0,36871.0,7523.0,28.0,175.0,6569.0,161.0,5076.520869747466
2024-08-04T00:00:00.000000,76.0,43,33,63.0,16.0,20.0,78204.0,14063.0,58174.0,15032.0,36386.0,7786.0,32581.0,5111.0,27.0,136.0,5768.0,165.0,3836.463108327887
2024-08-05T00:00:00.000000,104.0,55,49,86.0,14.0,33.0,90545.0,14908.0,75567.0,14152.0,24052.0,4078.0,52465.0,9394.0,46.0,178.0,7200.0,218.0,5421.691016574697
2024-08-06T00:00:00.000000,85.0,48,37,73.0,17.0,20.0,87675.0,17645.0,78060.0,20124.0,34670.0,6931.0,34341.0,8357.0,24.0,126.0,4885.0,165.0,4518.886642190046
2024-08-07T00:00:00.000000,104.0,68,36,83.0,28.0,27.0,116978.0,23272.0,66075.0,21018.0,52148.0,9254.0,39724.0,9706.0,31.0,126.0,7401.0,282.0,5303.934626326308
2024-08-08T00:00:00.000000,95.0,57,38,81.0,17.0,30.0,109036.0,21270.0,83885.0,17889.0,46254.0,9927.0,42506.0,7315.0,45.0,140.0,6639.0,216.0,5561.267904342173
2024-08-09T00:00:00.000000,116.0,62,54,96.0,22.0,31.0,108798.0,21807.0,87957.0,21584.0,35487.0,4217.0,52083.0,11948.0,46.0,191.0,7107.0,204.0,5598.475655211367
2024-08-10T00:00:00.000000,75.0,41,34,65.0,11.0,27.0,66589.0,11462.0,62103.0,13514.0,24648.0,3867.0,37814.0,7106.0,34.0,119.0,4661.0,177.0,3967.680770170981
2024-08-11T00:00:00.000000,81.0,49,32,61.0,20.0,19.0,121073.0,22189.0,56882.0,11861.0,54005.0,11087.0,51227.0,9621.0,23.0,134.0,6720.0,214.0,4658.985475069503
2024-08-12T00:00:00.000000,84.0,45,39,78.0,19.0,20.0,90377.0,16876.0,68321.0,13901.0,37999.0,6433.0,35623.0,5869.0,23.0,153.0,6053.0,175.0,4183.939928207753
2024-08-13T00:00:00.000000,83.0,48,35,71.0,11.0,27.0,74001.0,15753.0,81704.0,17260.0,21441.0,5311.0,36388.0,7321.0,37.0,132.0,5969.0,174.0,4163.564597995408
2024-08-14T00:00:00.000000,98.0,51,47,86.0,15.0,20.0,123705.0,23273.0,79026.0,16818.0,29604.0,4544.0,38761.0,6627.0,24.0,254.0,6994.0,239.0,5080.7815672068045
2024-08-15T00:00:00.000000,96.0,56,40,82.0,15.0,30.0,85497.0,16665.0,56162.0,12505.0,19287.0,3091.0,50834.0,10331.0,43.0,128.0,9692.0,190.0,4638.927604301015
2024-08-16T00:00:00.000000,99.0,57,42,70.0,21.0,28.0,106159.0,17068.0,64340.0,13296.0,51980.0,7867.0,42982.0,7665.0,43.0,196.0,9615.0,274.0,5174.412922342855
2024-08-17T00:00:00.000000,81.0,49,32,67.0,16.0,28.0,98596.0,19782.0,63448.0,13734.0,33216.0,7528.0,55811.0,10999.0,37.0,103.0,5994.0,216.0,4562.644502239181
2024-08-18T00:00:00.000000,92.0,49,43,66.0,19.0,20.0,92840.0,20915.0,72608.0,17966.0,34869.0,6662.0,42308.0,11171.0,25.0,172.0,7976.0,156.0,4877.114791863469
2024-08-19T00:00:00.000000,94.0,52,42,86.0,17.0,29.0,98917.0,18721.0,79599.0,14871.0,36996.0,7415.0,50583.0,9151.0,43.0,134.0,5993.0,194.0,4491.185109703148
2024-08-20T00:00:00.000000,120.0,61,59,81.0,9.0,38.0,105659.0,23536.0,92262.0,20324.0,13562.0,2890.0,67454.0,15730.0,49.0,223.0,13977.0,288.0,6803.930671169825
2024-08-21T00:00:00.000000,103.0,62,41,85.0,14.0,30.0,124637.0,23033.0,67383.0,16575.0,27440.0,4193.0,67564.0,13800.0,30.0,164.0,7318.0,226.0,5712.609732908815
2024-08-22T00:00:00.000000,90.0,54,36,74.0,16.0,24.0,104231.0,18867.0,51915.0,12024.0,22743.0,3463.0,45572.0,7944.0,34.0,169.0,7635.0,235.0,4288.731063628885
2024-08-23T00:00:00.000000,96.0,53,43,84.0,20.0,24.0,114090.0,22241.0,86112.0,18275.0,47053.0,7878.0,52560.0,11819.0,30.0,163.0,7994.0,197.0,4824.9712591419175
2024-08-24T00:00:00.000000,89.0,48,41,71.0,13.0,29.0,90490.0,19210.0,67247.0,16824.0,30306.0,6996.0,48176.0,8494.0,36.0,120.0,5532.0,136.0,4407.084730360285
2024-08-25T00:00:00.000000,106.0,49,57,79.0,22.0,19.0,98094.0,16944.0,114544.0,32615.0,46505.0,8847.0,35676.0,5754.0,24.0,185.0,5351.0,190.0,5394.692373981925
2024-08-26T00:00:00.000000,104.0,46,58,81.0,10.0,23.0,88053.0,19109.0,90455.0,16870.0,24508.0,2967.0,36290.0,7774.0,33.0,187.0,5925.0,185.0,5873.050713513384
2024-08-27T00:00:00.000000,89.0,44,45,75.0,9.0,25.0,77112.0,12829.0,90624.0,19869.0,12036.0,2434.0,42812.0,7042.0,47.0,173.0,6489.0,183.0,4642.358505762529
2024-08-28T00:00:00.000000,95.0,57,38,75.0,13.0,32.0,103176.0,17908.0,94219.0,21673.0,16606.0,1859.0,64138.0,11516.0,43.0,136.0,6729.0,173.0,4366.630529867847
2024-08-29T00:00:00.000000,99.0,46,53,76.0,8.0,28.0,80011.0,17062.0,91424.0,17624.0,12139.0,2519.0,58592.0,13452.0,31.0,196.0,7071.0,203.0,4007.6098960890304
2024-08-30T00:00:00.000000,83.0,40,43,69.0,12.0,15.0,78533.0,13107.0,102949.0,30863.0,25989.0,5678.0,29986.0,4497.0,22.0,149.0,4825.0,124.0,3802.154021044958
2024-08-31T00:00:00.000000,72.0,40,32,60.0,9.0,23.0,74991.0,15987.0,54201.0,10286.0,16790.0,2415.0,41977.0,9248.0,26.0,92.0,4434.0,167.0,3915.778506047078
2024-09-01T00:00:00.000000,79.0,39,40,64.0,10.0,20.0,80889.0,19846.0,79950.0,18541.0,22735.0,9671.0,43759.0,8265.0,24.0,159.0,5810.0,103.0,4568.015137758425
2024-09-02T00:00:00.000000,78.0,45,33,66.0,12.0,20.0,88417.0,17493.0,55877.0,10320.0,20489.0,3669.0,50130.0,10213.0,22.0,124.0,7119.0,167.0,4069.4540336630907
2024-09-03T00:00:00.000000,104.0,68,36,91.0,20.0,27.0,139075.0,31413.0,76690.0,13843.0,42381.0,6733.0,43270.0,8469.0,35.0,238.0,7195.0,221.0,4399.913911607133
2024-09-04T00:00:00.000000,100.0,63,37,84.0,21.0,21.0,112154.0,19229.0,59452.0,11233.0,39595.0,7025.0,32019.0,5475.0,28.0,107.0,5594.0,201.0,5530.941064139646
2024-09-05T00:00:00.000000,96.0,64,32,85.0,18.0,32.0,116935.0,23254.0,76814.0,16759.0,40590.0,10257.0,54060.0,10115.0,41.0,151.0,8461.0,220.0,5341.52573043349
2024-09-06T00:00:00.000000,84.0,43,41,68.0,10.0,20.0,102453.0,22691.0,67419.0,13101.0,21622.0,4449.0,54130.0,9709.0,26.0,141.0,5445.0,169.0,3777.2258441498143
2024-09-07T00:00:00.000000,100.0,54,46,80.0,17.0,24.0,104445.0,19620.0,109960.0,18545.0,38187.0,7939.0,44877.0,7700.0,28.0,164.0,6219.0,170.0,5205.962700864914
2024-09-08T00:00:00.000000,60.0,34,26,59.0,10.0,16.0,69703.0,10980.0,48223.0,12405.0,16940.0,2370.0,33990.0,5568.0,19.0,112.0,3762.0,164.0,3431.006671867912
2024-09-09T00:00:00.000000,99.0,61,38,76.0,20.0,30.0,115747.0,27343.0,78970.0,16689.0,37348.0,8029.0,54221.0,11184.0,52.0,211.0,8692.0,206.0,4633.406132226881
2024-09-10T00:00:00.000000,81.0,39,42,70.0,12.0,21.0,72254.0,13078.0,56155.0,11861.0,20659.0,2991.0,41267.0,8043.0,37.0,157.0,4606.0,171.0,4216.055469942648
2024-09-11T00:00:00.000000,108.0,61,47,86.0,24.0,24.0,115310.0,19111.0,87917.0,19185.0,43380.0,6633.0,46668.0,8205.0,43.0,263.0,13981.0,217.0,5385.871352194052
2024-09-12T00:00:00.000000,85.0,51,34,71.0,13.0,25.0,90576.0,15831.0,54636.0,13292.0,25027.0,5084.0,44947.0,6872.0,35.0,137.0,6878.0,165.0,4301.592297279176
2024-09-13T00:00:00.000000,99.0,56,43,77.0,21.0,23.0,111762.0,21634.0,67207.0,14682.0,52704.0,8676.0,37739.0,8218.0,35.0,186.0,6117.0,250.0,4647.657716994259
2024-09-14T00:00:00.000000,78.0,48,30,66.0,10.0,30.0,101486.0,14491.0,52719.0,12762.0,26822.0,2217.0,57075.0,10131.0,41.0,146.0,7180.0,223.0,3967.0606427635616
2024-09-15T00:00:00.000000,100.0,51,49,79.0,14.0,27.0,84520.0,17544.0,78747.0,19470.0,25321.0,4975.0,41503.0,9002.0,38.0,168.0,5010.0,182.0,5002.989233602483
2024-09-16T00:00:00.000000,97.0,51,46,76.0,20.0,21.0,82302.0,17816.0,79214.0,18481.0,33747.0,6298.0,31438.0,8481.0,33.0,204.0,6951.0,224.0,4912.479886886418
2024-09-17T00:00:00.000000,100.0,49,51,79.0,13.0,26.0,85734.0,21258.0,93638.0,24141.0,25018.0,7576.0,41852.0,11303.0,39.0,177.0,6443.0,219.0,4066.6213315666364
2024-09-18T00:00:00.000000,93.0,46,47,77.0,14.0,21.0,90103.0,22816.0,78657.0,22638.0,32960.0,8275.0,38886.0,10734.0,32.0,165.0,6451.0,217.0,3323.849554723081
2024-09-19T00:00:00.000000,97.0,58,39,83.0,17.0,27.0,101495.0,18787.0,70836.0,13600.0,34369.0,5319.0,44352.0,8921.0,41.0,154.0,6264.0,251.0,5410.1739932066785
2024-09-20T00:00:00.000000,98.0,54,44,83.0,16.0,21.0,88083.0,14961.0,92411.0,20489.0,20830.0,3973.0,38616.0,5695.0,24.0,172.0,5953.0,165.0,4987.572036695644
2024-09-21T00:00:00.000000,65.0,39,26,56.0,15.0,18.0,68993.0,14151.0,55104.0,13532.0,25435.0,4539.0,34220.0,7321.0,25.0,97.0,4407.0,156.0,3404.9932608459053
2024-09-22T00:00:00.000000,110.0,58,52,90.0,20.0,23.0,92941.0,17465.0,89340.0,16047.0,35468.0,7530.0,34879.0,5388.0,28.0,171.0,7389.0,187.0,5940.431444897722
2024-09-23T00:00:00.000000,99.0,60,39,84.0,20.0,34.0,107171.0,21276.0,58900.0,15956.0,37764.0,7605.0,55741.0,11022.0,59.0,155.0,6855.0,171.0,4835.00705099727
2024-09-24T00:00:00.000000,83.0,52,31,75.0,19.0,20.0,113859.0,19243.0,76424.0,11515.0,48490.0,7708.0,27590.0,4985.0,23.0,162.0,6331.0,234.0,3114.030736166585
2024-09-25T00:00:00.000000,107.0,56,51,89.0,15.0,27.0,108752.0,22760.0,89756.0,21892.0,32050.0,7008.0,51367.0,11059.0,29.0,235.0,7126.0,244.0,5769.571968343369
2024-09-26T00:00:00.000000,90.0,52,38,77.0,21.0,22.0,100109.0,21778.0,72007.0,17710.0,39974.0,8906.0,39886.0,7795.0,27.0,130.0,5163.0,187.0,4280.550874971142
2024-09-27T00:00:00.000000,91.0,64,27,76.0,23.0,31.0,130189.0,28826.0,46562.0,10015.0,43285.0,13115.0,65985.0,12150.0,34.0,138.0,7617.0,276.0,4578.971018432816
2024-09-28T00:00:00.000000,74.0,44,30,62.0,12.0,21.0,85937.0,15885.0,54848.0,15458.0,21873.0,4494.0,49480.0,8557.0,25.0,111.0,7927.0,182.0,3410.3701367128783
2024-09-29T00:00:00.000000,88.0,54,34,66.0,20.0,22.0,102385.0,21435.0,62111.0,13917.0,46735.0,10086.0,34692.0,6660.0,42.0,140.0,7685.0,184.0,4446.745328553216
2024-09-30T00:00:00.000000,101.0,60,41,81.0,22.0,25.0,108649.0,21074.0,79713.0,19100.0,46470.0,10076.0,41580.0,8108.0,35.0,146.0,8543.0,184.0,4625.424587789748
2024-10-01T00:00:00.000000,87.0,51,36,73.0,17.0,25.0,110039.0,24511.0,49553.0,8194.0,42783.0,10674.0,50876.0,10971.0,32.0,110.0,5346.0,193.0,5013.466715758261
2024-10-02T00:00:00.000000,101.0,61,40,80.0,28.0,26.0,100674.0,19034.0,73747.0,19366.0,48706.0,8251.0,43461.0,9122.0,38.0,178.0,6969.0,185.0,4942.334488917447
2024-10-03T00:00:00.000000,92.0,46,46,77.0,11.0,23.0,83038.0,14662.0,82742.0,17497.0,20434.0,3262.0,39924.0,7428.0,31.0,112.0,4641.0,146.0,4757.734358412978
2024-10-04T00:00:00.000000,96.0,63,33,75.0,18.0,30.0,114037.0,19429.0,49828.0,9645.0,32549.0,4594.0,55823.0,9664.0,44.0,140.0,7339.0,215.0,5262.482343858284
2024-10-05T00:00:00.000000,91.0,54,37,75.0,24.0,22.0,101270.0,16903.0,62163.0,12322.0,46029.0,7863.0,39915.0,6514.0,29.0,182.0,7428.0,191.0,5061.7503888672845
2024-10-06T00:00:00.000000,76.0,49,27,68.0,17.0,23.0,95138.0,20320.0,46127.0,8294.0,31662.0,5857.0,44107.0,9623.0,29.0,147.0,12010.0,156.0,3787.9592966831956
2024-10-07T00:00:00.000000,103.0,61,42,94.0,21.0,26.0,108050.0,25015.0,63641.0,13091.0,37184.0,10516.0,38741.0,7808.0,45.0,161.0,8708.0,177.0,5389.040206837525
2024-10-08T00:00:00.000000,110.0,57,49,86.0,24.0,22.0,95834.0,19397.0,101505.0,22912.0,44081.0,8730.0,38779.0,8362.0,30.0,145.0,8554.0,198.0,5904.431923715117
2024-10-09T00:00:00.000000,87.0,53,34,73.0,26.0,18.0,98660.0,20085.0,55899.0,11959.0,51287.0,9584.0,36766.0,8932.0,23.0,129.0,5161.0,165.0,4057.69913309617
2024-10-10T00:00:00.000000,91.0,56,35,80.0,25.0,21.0,85312.0,16252.0,64965.0,14623.0,39980.0,8537.0,31463.0,4566.0,24.0,124.0,5002.0,191.0,5063.284543895797
2024-10-11T00:00:00.000000,113.0,64,49,92.0,21.0,35.0,100712.0,19809.0,80772.0,15289.0,35671.0,5410.0,56815.0,12952.0,45.0,191.0,7453.0,216.0,3374.400819031523
2024-10-12T00:00:00.000000,83.0,44,39,67.0,15.0,22.0,76720.0,14333.0,53198.0,12785.0,27068.0,5016.0,41219.0,8623.0,33.0,247.0,6939.0,175.0,4393.047537532315
2024-10-13T00:00:00.000000,87.0,50,37,75.0,15.0,23.0,112386.0,22063.0,82265.0,15668.0,47002.0,8524.0,38231.0,7107.0,30.0,267.0,5651.0,196.0,4733.485473727088
2024-10-14T00:00:00.000000,110.0,65,45,94.0,22.0,28.0,121169.0,24397.0,95437.0,22936.0,40469.0,6489.0,41299.0,7787.0,33.0,182.0,7100.0,174.0,5774.094492870396
2024-10-15T00:00:00.000000,81.0,47,34,75.0,10.0,29.0,101144.0,23620.0,53920.0,11020.0,14393.0,3317.0,56754.0,14054.0,35.0,171.0,10114.0,151.0,4480.338666916683
2024-10-16T00:00:00.000000,111.0,57,54,98.0,21.0,29.0,107280.0,22491.0,87373.0,15173.0,43529.0,10587.0,54661.0,10652.0,39.0,149.0,5500.0,177.0,5020.702462265117
2024-10-17T00:00:00.000000,120.0,64,56,89.0,19.0,26.0,144237.0,32234.0,96969.0,25212.0,42091.0,9061.0,53741.0,12113.0,43.0,191.0,8091.0,235.0,5764.95581126068
2024-10-18T00:00:00.000000,112.0,55,53,85.0,22.0,22.0,96394.0,19883.0,94743.0,22058.0,36037.0,6633.0,42631.0,10098.0,26.0,165.0,6761.0,192.0,4688.152724416374
2024-10-19T00:00:00.000000,106.0,67,39,86.0,27.0,26.0,131598.0,32119.0,48256.0,7044.0,51319.0,13018.0,49522.0,11049.0,39.0,201.0,9368.0,158.0,4365.870833912986
2024-10-20T00:00:00.000000,89.0,55,34,80.0,20.0,27.0,105483.0,22807.0,65219.0,13678.0,52175.0,11937.0,40625.0,8114.0,36.0,91.0,5413.0,132.0,5115.022382766025
2024-10-21T00:00:00.000000,93.0,50,43,77.0,21.0,22.0,92472.0,15699.0,80211.0,18200.0,30679.0,4337.0,47348.0,10163.0,34.0,128.0,6938.0,156.0,4880.6008876773885
2024-10-22T00:00:00.000000,108.0,62,46,81.0,27.0,25.0,97092.0,16741.0,74993.0,10297.0,49639.0,8072.0,33140.0,5913.0,30.0,250.0,6302.0,193.0,5856.787745237097
2024-10-23T00:00:00.000000,103.0,64,39,83.0,27.0,25.0,110261.0,18986.0,81285.0,14537.0,44239.0,7985.0,53328.0,8843.0,32.0,143.0,6853.0,191.0,4088.8199436140976
2024-10-24T00:00:00.000000,94.0,47,47,78.0,19.0,24.0,101980.0,16896.0,89201.0,22350.0,55999.0,9345.0,41927.0,6913.0,36.0,193.0,5630.0,183.0,5183.2139932121745
2024-10-25T00:00:00.000000,100.0,59,41,81.0,22.0,27.0,81686.0,13593.0,61064.0,14111.0,30157.0,4744.0,38427.0,7181.0,44.0,172.0,8591.0,150.0,4069.463256615349
2024-10-26T00:00:00.000000,78.0,40,38,62.0,17.0,17.0,65275.0,11736.0,50149.0,8966.0,31969.0,5490.0,21133.0,3295.0,22.0,92.0,3705.0,122.0,3618.0608024374847
2024-10-27T00:00:00.000000,64.0,39,25,63.0,15.0,19.0,73603.0,12873.0,51854.0,10240.0,28360.0,6499.0,31211.0,4529.0,26.0,96.0,4350.0,108.0,3471.7021359407745
2024-10-28T00:00:00.000000,100.0,57,43,83.0,19.0,20.0,97949.0,17512.0,67501.0,12971.0,29774.0,5120.0,33353.0,5854.0,23.0,134.0,6575.0,202.0,5513.643450574469
2024-10-29T00:00:00.000000,113.0,66,47,85.0,30.0,22.0,124397.0,30067.0,104325.0,34442.0,62526.0,15059.0,37135.0,6778.0,25.0,170.0,6236.0,275.0,5880.108560904025
2024-10-30T00:00:00.000000,116.0,70,46,105.0,38.0,19.0,121379.0,24686.0,88510.0,22940.0,83437.0,18298.0,24121.0,4625.0,27.0,143.0,6851.0,247.0,6249.495831780818
2024-10-31T00:00:00.000000,99.0,58,41,81.0,21.0,28.0,108527.0,18522.0,77529.0,18235.0,49835.0,8533.0,39279.0,6565.0,40.0,152.0,6893.0,225.0,4842.324496270745
2024-11-01T00:00:00.000000,84.0,48,36,72.0,16.0,23.0,73735.0,12128.0,61453.0,15982.0,21155.0,3061.0,37139.0,6140.0,32.0,107.0,6205.0,150.0,4271.591112137004
2024-11-02T00:00:00.000000,82.0,31,51,61.0,7.0,15.0,59836.0,19407.0,112289.0,37442.0,22174.0,11474.0,25957.0,5525.0,19.0,197.0,4125.0,155.0,4012.3559298242562
2024-11-03T00:00:00.000000,91.0,55,36,77.0,21.0,26.0,98516.0,15555.0,54476.0,10841.0,48445.0,8030.0,40286.0,6182.0,36.0,144.0,5505.0,186.0,5127.012478868937
2024-11-04T00:00:00.000000,102.0,66,36,86.0,33.0,27.0,124834.0,21167.0,54252.0,13900.0,61689.0,8941.0,57354.0,11468.0,37.0,118.0,6941.0,203.0,5175.642931176709
2024-11-05T00:00:00.000000,98.0,53,45,89.0,15.0,29.0,93417.0,16761.0,76048.0,14860.0,25128.0,5767.0,52618.0,8876.0,40.0,125.0,7787.0,188.0,4731.002695254317
2024-11-06T00:00:00.000000,102.0,57,45,83.0,18.0,27.0,82874.0,17014.0,58796.0,11986.0,27265.0,6411.0,38359.0,7522.0,36.0,135.0,5271.0,195.0,5273.801029460257
2024-11-07T00:00:00.000000,95.0,53,42,74.0,17.0,26.0,87138.0,13357.0,61358.0,11351.0,25706.0,4762.0,49207.0,7049.0,31.0,133.0,4806.0,182.0,5025.419232222888
2024-11-08T00:00:00.000000,78.0,45,33,69.0,15.0,17.0,79112.0,12213.0,67651.0,15414.0,30037.0,4847.0,30632.0,5138.0,26.0,90.0,4161.0,171.0,4220.261217089395
2024-11-09T00:00:00.000000,88.0,51,37,74.0,18.0,20.0,98041.0,19380.0,52564.0,13221.0,38727.0,6892.0,31809.0,7826.0,30.0,133.0,10179.0,157.0,4375.0680325395915
2024-11-10T00:00:00.000000,75.0,45,30,60.0,13.0,22.0,87273.0,25558.0,48554.0,7336.0,32026.0,7410.0,31316.0,5562.0,29.0,132.0,6235.0,170.0,4004.6125024204393
2024-11-11T00:00:00.000000,96.0,60,36,78.0,25.0,24.0,119971.0,23047.0,114683.0,40492.0,46389.0,9021.0,51857.0,11476.0,35.0,156.0,7925.0,167.0,4869.358221949082
2024-11-12T00:00:00.000000,103.0,50,53,87.0,16.0,18.0,83261.0,16748.0,85024.0,17245.0,33208.0,6312.0,20397.0,5335.0,23.0,140.0,5276.0,224.0,4928.087493189997
2024-11-13T00:00:00.000000,104.0,57,43,80.0,21.0,23.0,71511.0,10884.0,70893.0,15083.0,24669.0,4274.0,34560.0,5089.0,30.0,129.0,5144.0,212.0,5750.284257520673
2024-11-14T00:00:00.000000,112.0,72,40,87.0,33.0,27.0,124709.0,25042.0,63283.0,15981.0,61452.0,12421.0,45728.0,9270.0,33.0,189.0,7944.0,219.0,5599.249274403914
2024-11-15T00:00:00.000000,100.0,55,45,77.0,22.0,30.0,110692.0,22437.0,91289.0,19536.0,47474.0,10081.0,58918.0,11755.0,46.0,187.0,6985.0,219.0,6003.366674100203
2024-11-16T00:00:00.000000,59.0,31,28,54.0,15.0,8.0,50432.0,10266.0,47820.0,7486.0,31595.0,5963.0,10446.0,2794.0,8.0,52.0,2903.0,144.0,2990.4506580777015
2024-11-17T00:00:00.000000,104.0,50,54,83.0,15.0,21.0,96785.0,22752.0,79040.0,17505.0,32643.0,7543.0,35076.0,5233.0,32.0,196.0,8132.0,191.0,5319.482015683768
2024-11-18T00:00:00.000000,97.0,64,33,89.0,28.0,25.0,121727.0,22999.0,99698.0,36182.0,62014.0,10385.0,42298.0,8945.0,30.0,141.0,6033.0,167.0,5130.790331378292
2024-11-19T00:00:00.000000,98.0,63,35,84.0,26.0,24.0,127663.0,28875.0,69309.0,16639.0,52680.0,9288.0,37737.0,6825.0,32.0,144.0,7093.0,199.0,4359.895518209042
2024-11-20T00:00:00.000000,94.0,46,48,69.0,13.0,21.0,98219.0,19690.0,106781.0,22264.0,28379.0,6934.0,43088.0,7890.0,35.0,137.0,6441.0,228.0,4490.5008698453485
2024-11-21T00:00:00.000000,79.0,46,33,66.0,13.0,22.0,83698.0,19972.0,60670.0,16184.0,22647.0,5467.0,45547.0,10839.0,28.0,122.0,6522.0,154.0,3903.342534175973
2024-11-22T00:00:00.000000,98.0,50,48,83.0,13.0,24.0,118373.0,23160.0,77305.0,13955.0,46301.0,7090.0,50986.0,10961.0,30.0,149.0,7205.0,196.0,5150.738932290477
2024-11-23T00:00:00.000000,71.0,36,35,61.0,19.0,11.0,60175.0,11995.0,51614.0,12825.0,32117.0,6440.0,20720.0,4714.0,21.0,74.0,5822.0,129.0,3242.3348409015703
2024-11-24T00:00:00.000000,96.0,54,42,78.0,25.0,21.0,101850.0,21661.0,63716.0,12051.0,47436.0,10697.0,41866.0,8072.0,31.0,140.0,6447.0,190.0,5374.30854873934
2024-11-25T00:00:00.000000,100.0,59,41,80.0,19.0,25.0,105972.0,21491.0,102981.0,24330.0,26304.0,4950.0,42802.0,10801.0,31.0,203.0,5684.0,148.0,4458.724706569043
2024-11-26T00:00:00.000000,89.0,46,43,77.0,15.0,22.0,83034.0,17449.0,80753.0,16877.0,33319.0,5953.0,35992.0,9015.0,23.0,112.0,4960.0,162.0,4206.092807972528
2024-11-27T00:00:00.000000,91.0,57,34,83.0,22.0,29.0,103708.0,26159.0,61261.0,14646.0,38545.0,9811.0,56211.0,13557.0,40.0,198.0,5745.0,155.0,4738.2066074945305
2024-11-28T00:00:00.000000,65.0,39,26,60.0,16.0,15.0,71770.0,15291.0,42247.0,9511.0,33925.0,6257.0,22210.0,5728.0,25.0,101.0,5434.0,143.0,3528.246655084024
2024-11-29T00:00:00.000000,83.0,46,37,72.0,20.0,21.0,75448.0,17014.0,70657.0,13991.0,35242.0,7495.0,30484.0,7026.0,29.0,124.0,4982.0,171.0,4268.722013776303
2024-11-30T00:00:00.000000,61.0,37,24,60.0,17.0,12.0,60648.0,10693.0,59923.0,13301.0,30706.0,5110.0,14607.0,2907.0,15.0,94.0,5282.0,119.0,3002.5847849326215
2024-12-01T00:00:00.000000,98.0,56,42,78.0,19.0,28.0,120553.0,31004.0,120367.0,41885.0,30923.0,6789.0,55749.0,9913.0,34.0,158.0,7246.0,206.0,5171.053554062681
2024-12-02T00:00:00.000000,74.0,43,31,66.0,16.0,20.0,71392.0,15069.0,83203.0,20413.0,23973.0,5030.0,32560.0,6287.0,26.0,153.0,4859.0,164.0,3985.408284372066
2024-12-03T00:00:00.000000,108.0,66,40,94.0,31.0,27.0,120693.0,22944.0,71407.0,16572.0,55483.0,10447.0,52049.0,9822.0,43.0,194.0,9745.0,245.0,5740.478785674916
2024-12-04T00:00:00.000000,84.0,55,29,76.0,15.0,26.0,106906.0,21961.0,60107.0,13458.0,30551.0,6347.0,52130.0,10389.0,32.0,136.0,7117.0,242.0,4263.360365499268
2024-12-05T00:00:00.000000,84.0,51,33,72.0,19.0,17.0,93858.0,17083.0,53680.0,11746.0,34158.0,5765.0,30604.0,4801.0,22.0,134.0,5543.0,161.0,4092.2818357830515
2024-12-06T00:00:00.000000,87.0,51,36,73.0,18.0,24.0,81447.0,15790.0,62657.0,19820.0,22341.0,4047.0,39124.0,7728.0,29.0,105.0,4627.0,147.0,4537.29478158767
2024-12-07T00:00:00.000000,94.0,52,42,75.0,11.0,29.0,85189.0,17286.0,70760.0,19195.0,16224.0,2177.0,41349.0,6779.0,42.0,152.0,5963.0,212.0,5045.035555727474
2024-12-08T00:00:00.000000,89.0,52,37,76.0,17.0,25.0,90015.0,17135.0,84528.0,19035.0,31572.0,7059.0,38629.0,6168.0,36.0,139.0,8400.0,232.0,5413.411754248552
2024-12-09T00:00:00.000000,104.0,68,36,85.0,28.0,26.0,120226.0,26239.0,56749.0,10817.0,50189.0,10719.0,46638.0,11376.0,41.0,229.0,9449.0,203.0,5378.923822238618
2024-12-10T00:00:00.000000,93.0,53,40,74.0,18.0,19.0,80973.0,18551.0,93565.0,21976.0,25649.0,4769.0,30355.0,6772.0,23.0,179.0,7284.0,160.0,4246.094598267833
2024-12-11T00:00:00.000000,91.0,55,36,86.0,21.0,24.0,93500.0,18936.0,61209.0,14346.0,32793.0,5825.0,41749.0,10007.0,29.0,148.0,5558.0,183.0,4230.107998648226
2024-12-12T00:00:00.000000,112.0,62,50,92.0,18.0,28.0,95235.0,19001.0,125134.0,29798.0,25211.0,4225.0,47654.0,10290.0,36.0,130.0,6402.0,239.0,5196.5229721425985
2024-12-13T00:00:00.000000,75.0,42,33,69.0,16.0,20.0,81256.0,14908.0,65540.0,12742.0,30664.0,6767.0,35966.0,5803.0,31.0,110.0,4945.0,128.0,3860.979829442534
2024-12-14T00:00:00.000000,72.0,44,28,61.0,17.0,17.0,91158.0,15794.0,52775.0,14046.0,29755.0,3251.0,34230.0,5932.0,31.0,96.0,6704.0,195.0,3732.138683299292
2024-12-15T00:00:00.000000,64.0,44,20,58.0,17.0,26.0,94087.0,16116.0,30480.0,5572.0,39883.0,6949.0,53585.0,9039.0,35.0,99.0,4986.0,169.0,3930.8318816475094
2024-12-16T00:00:00.000000,81.0,49,32,65.0,20.0,18.0,88146.0,14366.0,80301.0,16177.0,41907.0,7423.0,21060.0,3392.0,32.0,140.0,8540.0,181.0,3911.9101562171663
2024-12-17T00:00:00.000000,60.0,35,25,57.0,11.0,17.0,49818.0,9943.0,31248.0,6606.0,15505.0,3460.0,24441.0,4983.0,24.0,104.0,3663.0,117.0,3368.289462389874
2024-12-18T00:00:00.000000,67.0,38,29,58.0,11.0,16.0,76119.0,17778.0,63644.0,20422.0,19473.0,5475.0,25225.0,4340.0,22.0,127.0,6021.0,157.0,2766.2406327247827
2024-12-19T00:00:00.000000,70.0,38,32,65.0,15.0,15.0,70821.0,12595.0,60885.0,13813.0,27276.0,4746.0,26919.0,5180.0,24.0,114.0,4929.0,101.0,3410.0774040606498
2024-12-20T00:00:00.000000,74.0,36,38,65.0,17.0,15.0,60365.0,10670.0,88418.0,20274.0,27138.0,5184.0,26696.0,4450.0,22.0,149.0,4620.0,181.0,3697.0184770525143
2024-12-21T00:00:00.000000,69.0,40,29,59.0,18.0,15.0,66253.0,12942.0,50314.0,10713.0,34594.0,7279.0,22892.0,4281.0,21.0,164.0,5533.0,169.0,3745.032936559206
2024-12-22T00:00:00.000000,74.0,44,30,63.0,16.0,17.0,85620.0,16515.0,51685.0,9976.0,33552.0,6149.0,29501.0,5921.0,21.0,111.0,4801.0,165.0,3678.1731482315085
2024-12-23T00:00:00.000000,93.0,51,42,73.0,20.0,21.0,99574.0,16888.0,101134.0,22878.0,37238.0,6358.0,45125.0,8598.0,28.0,189.0,6976.0,210.0,3981.9238634682715
2024-12-24T00:00:00.000000,82.0,47,35,73.0,16.0,25.0,86045.0,17152.0,96824.0,18071.0,27240.0,4630.0,47332.0,11610.0,35.0,164.0,5860.0,155.0,3858.2493513038758
2024-12-25T00:00:00.000000,74.0,35,39,60.0,10.0,20.0,69798.0,13298.0,57785.0,13001.0,15683.0,2469.0,43713.0,8739.0,29.0,114.0,6953.0,121.0,3137.923271056133
2024-12-26T00:00:00.000000,78.0,41,37,56.0,11.0,23.0,62460.0,11846.0,76249.0,16905.0,17935.0,3396.0,36675.0,7260.0,32.0,92.0,4066.0,91.0,4184.351422728563
2024-12-27T00:00:00.000000,68.0,39,29,58.0,14.0,16.0,69690.0,13106.0,49528.0,13909.0,27287.0,4850.0,28058.0,5122.0,21.0,127.0,5125.0,139.0,3085.445552037386
2024-12-28T00:00:00.000000,93.0,50,43,70.0,14.0,29.0,105651.0,18076.0,71844.0,14255.0,26596.0,4245.0,67384.0,12023.0,35.0,211.0,6229.0,166.0,4109.308678978437
2024-12-29T00:00:00.000000,68.0,45,23,57.0,19.0,13.0,115877.0,19241.0,43826.0,6252.0,47605.0,9967.0,33247.0,5861.0,14.0,140.0,5172.0,124.0,3641.7509225311796
2024-12-30T00:00:00.000000,70.0,45,25,63.0,15.0,18.0,91470.0,15030.0,55712.0,13707.0,25209.0,4900.0,26933.0,5342.0,30.0,141.0,5720.0,145.0,3375.2631352367316
2024-12-31T00:00:00.000000,62.0,35,27,54.0,14.0,15.0,59847.0,12787.0,73902.0,22616.0,20132.0,3959.0,30974.0,7112.0,16.0,107.0,3575.0,154.0,3300.1011790809084
2025-01-01T00:00:00.000000,71.0,38,33,58.0,11.0,18.0,73130.0,11803.0,94059.0,25392.0,22052.0,2978.0,29996.0,5592.0,20.0,119.0,6731.0,157.0,3405.7123510776946
2025-01-02T00:00:00.000000,82.0,54,28,71.0,19.0,27.0,88276.0,17926.0,44349.0,13268.0,32377.0,6389.0,46368.0,8857.0,54.0,147.0,8649.0,192.0,3220.7127177825237
2025-01-03T00:00:00.000000,79.0,44,35,74.0,14.0,25.0,102870.0,23349.0,68851.0,17303.0,26250.0,4200.0,55949.0,8601.0,33.0,126.0,5006.0,170.0,4590.713686744001
2025-01-04T00:00:00.000000,74.0,45,29,61.0,16.0,20.0,82607.0,16138.0,49812.0,8473.0,24002.0,5113.0,43144.0,8525.0,31.0,209.0,6092.0,207.0,4036.1891227283104
2025-01-05T00:00:00.000000,90.0,55,35,79.0,15.0,26.0,137436.0,27104.0,65124.0,17243.0,28096.0,4877.0,85618.0,17883.0,32.0,175.0,7160.0,221.0,4061.7406563756235
2025-01-06T00:00:00.000000,76.0,42,34,69.0,16.0,17.0,74911.0,14192.0,62610.0,18234.0,28529.0,4850.0,29667.0,6949.0,26.0,109.0,4855.0,161.0,3792.5408951136005
2025-01-07T00:00:00.000000,80.0,48,32,64.0,20.0,20.0,88398.0,17627.0,80189.0,14406.0,44756.0,9390.0,30724.0,5795.0,23.0,133.0,4490.0,146.0,4228.387890915239
2025-01-08T00:00:00.000000,105.0,55,50,83.0,19.0,28.0,116396.0,24185.0,94588.0,20438.0,37954.0,6688.0,60694.0,14259.0,35.0,210.0,8041.0,200.0,5136.679190762258
2025-01-09T00:00:00.000000,92.0,52,39,77.0,22.0,17.0,114524.0,27279.0,69337.0,18203.0,50833.0,10646.0,25726.0,4776.0,24.0,186.0,5242.0,174.0,5010.246573235725
2025-01-10T00:00:00.000000,79.0,53,26,67.0,25.0,23.0,127450.0,26903.0,50605.0,10430.0,58287.0,8261.0,59703.0,16215.0,40.0,144.0,6757.0,171.0,3787.457103040262
2025-01-11T00:00:00.000000,63.0,43,20,56.0,19.0,13.0,91684.0,15701.0,34221.0,5917.0,40657.0,5614.0,21055.0,3849.0,19.0,145.0,6526.0,136.0,3327.6989200348476
2025-01-12T00:00:00.000000,66.0,44,22,55.0,15.0,16.0,85734.0,17217.0,41681.0,12229.0,40944.0,8653.0,23086.0,4545.0,26.0,96.0,8388.0,163.0,3542.3810309671644
2025-01-13T00:00:00.000000,86.0,50,36,73.0,23.0,17.0,98883.0,19094.0,81804.0,17336.0,49374.0,8315.0,32492.0,6606.0,20.0,118.0,3959.0,175.0,4861.353192930495
2025-01-14T00:00:00.000000,75.0,39,36,67.0,15.0,16.0,72392.0,15489.0,61337.0,13297.0,33297.0,8317.0,25956.0,4848.0,22.0,136.0,5137.0,138.0,3269.991809103391
2025-01-15T00:00:00.000000,87.0,59,28,77.0,23.0,30.0,117347.0,21748.0,54643.0,13406.0,40266.0,8151.0,72065.0,12888.0,44.0,179.0,8167.0,183.0,4838.039097903759
2025-01-16T00:00:00.000000,95.0,58,37,79.0,25.0,22.0,110840.0,24127.0,77222.0,14762.0,48766.0,11789.0,45349.0,8125.0,28.0,197.0,8664.0,215.0,5071.152534515646
2025-01-17T00:00:00.000000,83.0,49,34,73.0,19.0,20.0,98334.0,18860.0,69962.0,15693.0,39587.0,5481.0,38317.0,5944.0,24.0,201.0,24195.0,178.0,4024.3384947265045
2025-01-18T00:00:00.000000,73.0,39,34,59.0,9.0,22.0,73827.0,13711.0,77443.0,15799.0,17212.0,3529.0,40484.0,8007.0,35.0,118.0,4517.0,127.0,3135.92898843618
2025-01-19T00:00:00.000000,89.0,47,42,62.0,13.0,27.0,92028.0,19389.0,108818.0,35325.0,26665.0,4660.0,47270.0,8511.0,40.0,177.0,9730.0,181.0,4470.021454029582
2025-01-20T00:00:00.000000,86.0,53,33,62.0,18.0,28.0,107185.0,18083.0,69379.0,19896.0,48351.0,7854.0,46535.0,8277.0,36.0,156.0,6038.0,199.0,4424.269426078004
2025-01-21T00:00:00.000000,86.0,58,28,76.0,26.0,18.0,106416.0,19789.0,70890.0,19195.0,55929.0,11278.0,27680.0,5047.0,22.0,108.0,6139.0,174.0,4851.407779103293
2025-01-22T00:00:00.000000,95.0,61,34,73.0,16.0,24.0,140390.0,30213.0,65262.0,13489.0,31001.0,7049.0,64050.0,14621.0,36.0,155.0,9296.0,202.0,5150.88040102672
2025-01-23T00:00:00.000000,82.0,48,34,75.0,22.0,18.0,104491.0,26711.0,56449.0,11066.0,46451.0,11212.0,45100.0,12823.0,22.0,101.0,4425.0,111.0,3627.223392596069
2025-01-24T00:00:00.000000,73.0,41,32,57.0,18.0,17.0,72211.0,13420.0,54094.0,16914.0,30386.0,5161.0,31276.0,6211.0,19.0,107.0,3840.0,194.0,3824.766725557685
2025-01-25T00:00:00.000000,73.0,52,21,67.0,19.0,21.0,81028.0,13858.0,46280.0,10942.0,32909.0,6009.0,33018.0,5509.0,24.0,126.0,5102.0,158.0,4043.6112187057406
2025-01-26T00:00:00.000000,86.0,53,33,76.0,19.0,21.0,123783.0,20610.0,70075.0,14693.0,51403.0,8692.0,40489.0,6885.0,30.0,156.0,6224.0,178.0,4352.2451810375
2025-01-27T00:00:00.000000,85.0,44,41,65.0,9.0,25.0,96697.0,18261.0,72359.0,14481.0,14918.0,2658.0,60654.0,11452.0,30.0,135.0,7868.0,137.0,3647.439345438707
2025-01-28T00:00:00.000000,75.0,46,29,67.0,16.0,19.0,94060.0,19077.0,57577.0,18854.0,39686.0,7809.0,29515.0,5809.0,22.0,135.0,7336.0,229.0,3930.072244613671
2025-01-29T00:00:00.000000,59.0,39,20,53.0,11.0,17.0,96354.0,19424.0,28875.0,7458.0,22824.0,4145.0,37971.0,10095.0,20.0,133.0,5531.0,140.0,2920.9793657300024
2025-01-30T00:00:00.000000,66.0,41,25,57.0,12.0,20.0,75746.0,17603.0,48979.0,11181.0,23418.0,5430.0,34963.0,7473.0,32.0,138.0,6806.0,149.0,3628.869833552342
2025-01-31T00:00:00.000000,73.0,44,29,63.0,15.0,21.0,96025.0,18849.0,65522.0,16579.0,45174.0,8720.0,36082.0,7413.0,30.0,141.0,5828.0,176.0,4045.670854956461
2025-02-01T00:00:00.000000,59.0,32,27,51.0,10.0,19.0,66732.0,12935.0,64541.0,16911.0,24129.0,6555.0,33046.0,5308.0,24.0,88.0,3674.0,121.0,2865.31639395894
2025-02-02T00:00:00.000000,74.0,45,29,62.0,13.0,14.0,97140.0,16037.0,37063.0,5792.0,25761.0,4876.0,26314.0,5982.0,20.0,129.0,6339.0,145.0,3538.2701118444234
2025-02-03T00:00:00.000000,74.0,37,37,54.0,16.0,16.0,62580.0,11820.0,69462.0,11438.0,30884.0,6681.0,27204.0,4421.0,22.0,142.0,4373.0,156.0,3878.695072739543
2025-02-04T00:00:00.000000,95.0,55,40,68.0,13.0,28.0,107251.0,18759.0,66237.0,12610.0,21980.0,4057.0,61631.0,11108.0,32.0,172.0,7565.0,199.0,4540.003176744271
2025-02-05T00:00:00.000000,94.0,61,33,86.0,23.0,24.0,127896.0,25136.0,86092.0,15536.0,43350.0,7286.0,51171.0,11689.0,35.0,175.0,7982.0,210.0,4879.828847595234
2025-02-06T00:00:00.000000,76.0,44,32,70.0,14.0,23.0,65011.0,11978.0,61126.0,12673.0,20705.0,3767.0,33395.0,6222.0,31.0,92.0,4733.0,153.0,4020.653538023305
2025-02-07T00:00:00.000000,93.0,51,42,68.0,14.0,27.0,104476.0,17546.0,74930.0,14131.0,23052.0,4118.0,57347.0,9953.0,34.0,116.0,5840.0,190.0,4006.747024167375
2025-02-08T00:00:00.000000,77.0,42,35,64.0,18.0,18.0,69265.0,11711.0,81826.0,24454.0,29701.0,4895.0,26580.0,4745.0,23.0,150.0,4799.0,131.0,3006.3680823780555
2025-02-09T00:00:00.000000,68.0,37,31,56.0,14.0,14.0,70010.0,11856.0,54054.0,13436.0,35812.0,5209.0,22044.0,4435.0,23.0,142.0,4728.0,132.0,3658.526292028291
2025-02-10T00:00:00.000000,78.0,47,31,71.0,18.0,19.0,89173.0,15819.0,62230.0,12988.0,38406.0,7876.0,29087.0,4935.0,28.0,154.0,5265.0,120.0,4254.810073185092
2025-02-11T00:00:00.000000,62.0,27,35,48.0,7.0,11.0,56622.0,13298.0,61688.0,11963.0,8988.0,1660.0,23692.0,4722.0,15.0,71.0,2739.0,131.0,2625.338728259907
2025-02-12T00:00:00.000000,81.0,48,33,65.0,14.0,23.0,75049.0,12978.0,81712.0,19423.0,24401.0,4802.0,34399.0,5863.0,28.0,122.0,8589.0,165.0,3307.998738940858
2025-02-13T00:00:00.000000,83.0,47,36,69.0,14.0,23.0,103124.0,20969.0,83906.0,12187.0,32869.0,5501.0,41430.0,9704.0,28.0,134.0,5295.0,255.0,4355.440651572406
2025-02-14T00:00:00.000000,84.0,55,29,73.0,17.0,20.0,114910.0,20033.0,52403.0,12443.0,35822.0,8347.0,56446.0,8733.0,25.0,102.0,5296.0,189.0,4231.719240276537
2025-02-15T00:00:00.000000,65.0,29,36,50.0,11.0,12.0,56006.0,9992.0,56392.0,8826.0,20095.0,4380.0,27924.0,4035.0,16.0,91.0,2872.0,111.0,3291.8457895433035
2025-02-16T00:00:00.000000,88.0,48,40,65.0,13.0,20.0,90420.0,18104.0,77412.0,24463.0,27343.0,6534.0,40129.0,7593.0,30.0,151.0,5686.0,192.0,4114.042441942887
2025-02-17T00:00:00.000000,85.0,51,34,63.0,16.0,25.0,110090.0,26604.0,85835.0,25004.0,22902.0,4545.0,57036.0,16454.0,35.0,143.0,5215.0,162.0,2383.0712226265346
2025-02-18T00:00:00.000000,88.0,46,42,73.0,17.0,21.0,83444.0,14840.0,89266.0,19036.0,36507.0,4085.0,30538.0,9300.0,30.0,128.0,6162.0,183.0,4819.157395105655
2025-02-19T00:00:00.000000,89.0,51,38,73.0,17.0,22.0,110562.0,20647.0,81764.0,13984.0,39850.0,8540.0,40404.0,7466.0,28.0,157.0,6076.0,204.0,4889.246617288636
2025-02-20T00:00:00.000000,74.0,36,38,58.0,10.0,13.0,74016.0,12317.0,85180.0,20742.0,17423.0,3206.0,21093.0,3682.0,28.0,114.0,3679.0,147.0,3858.8174833070457
2025-02-21T00:00:00.000000,81.0,46,35,69.0,18.0,19.0,83864.0,17580.0,60301.0,15992.0,39791.0,8790.0,31266.0,7014.0,31.0,159.0,5619.0,137.0,4005.4863586069355
2025-02-22T00:00:00.000000,67.0,37,30,59.0,10.0,19.0,80937.0,17593.0,61847.0,15295.0,35883.0,9180.0,25435.0,5322.0,30.0,157.0,6990.0,179.0,1847.202329335369
2025-02-23T00:00:00.000000,80.0,45,35,56.0,12.0,22.0,95550.0,18486.0,86167.0,15798.0,31703.0,5152.0,39717.0,8607.0,31.0,140.0,5616.0,133.0,3654.950707687346
2025-02-24T00:00:00.000000,83.0,45,38,75.0,15.0,23.0,83316.0,15290.0,61107.0,17667.0,26624.0,4792.0,36974.0,7347.0,35.0,216.0,5445.0,192.0,3961.543708238387
2025-02-25T00:00:00.000000,75.0,39,36,59.0,13.0,14.0,88049.0,16872.0,82264.0,28674.0,27287.0,3405.0,36668.0,9746.0,21.0,202.0,8108.0,147.0,3105.0064989217317
2025-02-26T00:00:00.000000,94.0,49,45,67.0,13.0,21.0,88974.0,17803.0,82040.0,20066.0,24669.0,5599.0,30920.0,5353.0,27.0,186.0,6697.0,229.0,3851.164305038027
2025-02-27T00:00:00.000000,84.0,47,37,65.0,15.0,21.0,96882.0,18608.0,73130.0,19444.0,26634.0,5416.0,48203.0,9739.0,30.0,159.0,8412.0,193.0,4245.7330852909
2025-02-28T00:00:00.000000,78.0,49,29,65.0,18.0,15.0,95971.0,17526.0,53593.0,13535.0,38931.0,7034.0,25384.0,4114.0,20.0,112.0,5310.0,152.0,3909.814229789076
2025-03-01T00:00:00.000000,71.0,39,32,60.0,8.0,20.0,81062.0,15212.0,63273.0,12855.0,19471.0,3734.0,30589.0,4887.0,28.0,133.0,5243.0,99.0,3548.822566042072
2025-03-02T00:00:00.000000,96.0,51,45,78.0,16.0,26.0,90730.0,16865.0,87115.0,17618.0,33540.0,6175.0,47219.0,9084.0,33.0,165.0,7132.0,184.0,4900.029988656502
2025-03-03T00:00:00.000000,81.0,45,36,68.0,14.0,18.0,77264.0,14718.0,52899.0,12182.0,18936.0,2683.0,33352.0,6875.0,21.0,109.0,4729.0,171.0,4221.669974611086
2025-03-04T00:00:00.000000,86.0,47,39,71.0,15.0,22.0,85995.0,18584.0,59471.0,14872.0,36703.0,8159.0,37843.0,7897.0,28.0,147.0,5674.0,170.0,3805.0178242859056
2025-03-05T00:00:00.000000,76.0,39,37,60.0,16.0,18.0,85252.0,16977.0,66003.0,18839.0,37391.0,8183.0,41367.0,7644.0,26.0,125.0,3856.0,139.0,3629.155402222895
2025-03-06T00:00:00.000000,90.0,52,38,69.0,14.0,25.0,115686.0,19591.0,59376.0,11175.0,39426.0,6782.0,49001.0,8759.0,32.0,131.0,5167.0,184.0,4573.127998287267
2025-03-07T00:00:00.000000,87.0,48,39,71.0,23.0,15.0,102270.0,18444.0,94687.0,21494.0,46546.0,10089.0,31215.0,4211.0,26.0,153.0,5710.0,177.0,3698.3064711301085
2025-03-08T00:00:00.000000,82.0,44,38,63.0,15.0,20.0,82402.0,14771.0,80299.0,17417.0,31081.0,4410.0,38093.0,7891.0,27.0,118.0,4394.0,172.0,3932.120958570231
2025-03-09T00:00:00.000000,88.0,45,43,65.0,11.0,25.0,98618.0,16111.0,82630.0,17232.0,24104.0,3423.0,52984.0,8813.0,35.0,184.0,7101.0,168.0,4639.449778696344
2025-03-10T00:00:00.000000,79.0,44,35,64.0,13.0,20.0,73817.0,14135.0,80235.0,17294.0,20159.0,3257.0,37466.0,7968.0,27.0,133.0,5680.0,184.0,3866.180469259531
2025-03-11T00:00:00.000000,87.0,45,42,70.0,14.0,21.0,81591.0,15329.0,62536.0,10163.0,30317.0,7353.0,31255.0,5478.0,31.0,178.0,5712.0,132.0,4385.565908399195
2025-03-12T00:00:00.000000,69.0,42,27,58.0,10.0,23.0,74740.0,12920.0,67468.0,13202.0,20789.0,2877.0,32391.0,5083.0,33.0,120.0,5879.0,193.0,3287.4049640328535
2025-03-13T00:00:00.000000,99.0,56,43,76.0,23.0,21.0,91488.0,13110.0,66873.0,17165.0,39601.0,5228.0,27531.0,4282.0,28.0,193.0,5747.0,232.0,4472.745763346814
2025-03-14T00:00:00.000000,72.0,45,27,59.0,19.0,18.0,102935.0,23945.0,51444.0,10954.0,45312.0,12851.0,39799.0,8009.0,23.0,92.0,5001.0,131.0,3071.109589525001
2025-03-15T00:00:00.000000,74.0,42,32,62.0,13.0,22.0,92077.0,17110.0,52757.0,11371.0,37332.0,5913.0,37847.0,9100.0,41.0,177.0,8899.0,144.0,3184.495611470815
2025-03-16T00:00:00.000000,84.0,56,28,67.0,20.0,26.0,114916.0,19687.0,60482.0,14204.0,45405.0,7049.0,54988.0,9855.0,32.0,150.0,7447.0,172.0,4300.775492387562
2025-03-17T00:00:00.000000,71.0,39,32,63.0,14.0,20.0,68054.0,11905.0,60976.0,12887.0,27790.0,5092.0,27870.0,4248.0,25.0,112.0,4994.0,166.0,3757.5273552268823
2025-03-18T00:00:00.000000,72.0,37,35,62.0,18.0,14.0,68137.0,10220.0,87877.0,16075.0,33285.0,5543.0,25675.0,3287.0,19.0,134.0,3847.0,153.0,3474.2109230580572
2025-03-19T00:00:00.000000,97.0,53,44,78.0,21.0,23.0,111963.0,20943.0,79789.0,16931.0,55277.0,9910.0,41090.0,8388.0,34.0,129.0,5453.0,193.0,4521.364888848801
2025-03-20T00:00:00.000000,93.0,55,38,69.0,20.0,29.0,86243.0,13152.0,61382.0,14500.0,34964.0,4832.0,42809.0,7267.0,42.0,114.0,6476.0,189.0,3933.9073788090736
2025-03-21T00:00:00.000000,76.0,37,39,62.0,11.0,18.0,58096.0,8740.0,107581.0,18860.0,17924.0,1830.0,27865.0,5376.0,23.0,69.0,3564.0,113.0,3443.914486902629
2025-03-22T00:00:00.000000,64.0,39,25,58.0,13.0,17.0,86805.0,23039.0,46591.0,11418.0,20738.0,4154.0,49444.0,16183.0,26.0,105.0,6079.0,125.0,2065.0185480154078
2025-03-23T00:00:00.000000,86.0,47,39,77.0,17.0,23.0,74597.0,15430.0,71235.0,19416.0,23900.0,4426.0,36633.0,6416.0,29.0,118.0,4267.0,172.0,3538.6041605477794
2025-03-24T00:00:00.000000,85.0,50,35,75.0,23.0,15.0,80548.0,14601.0,71009.0,16892.0,38961.0,7351.0,23770.0,3473.0,25.0,135.0,11238.0,213.0,4442.256936464765
2025-03-25T00:00:00.000000,120.0,64,56,92.0,16.0,38.0,115813.0,21923.0,85781.0,20186.0,32572.0,5622.0,62739.0,11799.0,58.0,221.0,7967.0,224.0,5802.048313547773
2025-03-26T00:00:00.000000,70.0,33,37,50.0,14.0,16.0,75232.0,17336.0,58262.0,12719.0,31535.0,5416.0,39917.0,11297.0,16.0,93.0,4225.0,103.0,3194.815762348269
2025-03-27T00:00:00.000000,92.0,51,41,74.0,18.0,24.0,90631.0,16565.0,97202.0,22400.0,35435.0,7692.0,42829.0,7092.0,33.0,206.0,6204.0,189.0,4489.504376230938
2025-03-28T00:00:00.000000,66.0,44,22,62.0,17.0,18.0,78949.0,13628.0,43697.0,5359.0,26901.0,4999.0,34016.0,5100.0,23.0,99.0,4988.0,132.0,3230.171297407204
2025-03-29T00:00:00.000000,69.0,42,27,53.0,13.0,23.0,86477.0,17465.0,46192.0,10360.0,30577.0,5701.0,40659.0,9648.0,31.0,118.0,5319.0,132.0,4120.34968671392
2025-03-30T00:00:00.000000,83.0,40,43,70.0,8.0,20.0,77977.0,15702.0,79361.0,21340.0,21113.0,4128.0,41808.0,8911.0,26.0,149.0,4809.0,161.0,4395.775690563039
2025-03-31T00:00:00.000000,73.0,41,32,54.0,12.0,19.0,88198.0,18650.0,69014.0,12805.0,32915.0,7193.0,29430.0,4372.0,32.0,122.0,7725.0,137.0,3840.5869156639474
2025-04-01T00:00:00.000000,70.0,40,30,55.0,8.0,21.0,96628.0,15710.0,56947.0,13277.0,27667.0,4069.0,43095.0,8473.0,30.0,146.0,8866.0,143.0,4050.4876586045134
2025-04-02T00:00:00.000000,84.0,47,37,73.0,13.0,23.0,75867.0,13561.0,60569.0,16355.0,20365.0,3402.0,41163.0,7998.0,34.0,179.0,6554.0,155.0,3399.220460901336
2025-04-03T00:00:00.000000,74.0,35,39,64.0,14.0,14.0,59194.0,13421.0,69303.0,18217.0,22047.0,4842.0,28616.0,6541.0,16.0,101.0,4065.0,138.0,3067.128984079799
2025-04-04T00:00:00.000000,54.0,27,27,43.0,6.0,17.0,50227.0,11131.0,59966.0,15154.0,10440.0,2293.0,33405.0,8059.0,25.0,133.0,6218.0,113.0,1754.6581289589171
2025-04-05T00:00:00.000000,44.0,21,23,39.0,8.0,11.0,38120.0,8790.0,53022.0,10657.0,18609.0,3408.0,15244.0,3615.0,12.0,58.0,2039.0,48.0,2175.842186283071
2025-04-06T00:00:00.000000,61.0,26,33,46.0,10.0,15.0,56805.0,12108.0,98041.0,19749.0,29350.0,5548.0,26257.0,6246.0,25.0,115.0,3921.0,136.0,2582.327631415067
2025-04-07T00:00:00.000000,67.0,37,30,54.0,16.0,15.0,75050.0,10355.0,62544.0,18649.0,42108.0,4870.0,23625.0,4245.0,19.0,135.0,3479.0,100.0,3298.70439303636
2025-04-08T00:00:00.000000,75.0,41,34,70.0,23.0,12.0,76510.0,12853.0,84553.0,20132.0,47967.0,7847.0,20519.0,2759.0,14.0,131.0,6930.0,155.0,3529.50410332444
2025-04-09T00:00:00.000000,82.0,51,31,67.0,18.0,20.0,99528.0,18552.0,50167.0,17753.0,44854.0,7047.0,33941.0,6698.0,27.0,121.0,5833.0,189.0,3909.011892961364
2025-04-10T00:00:00.000000,78.0,38,40,60.0,11.0,17.0,60462.0,11685.0,70890.0,16618.0,19028.0,3408.0,28391.0,5217.0,28.0,181.0,6736.0,130.0,3523.2363867710824
2025-04-11T00:00:00.000000,57.0,29,28,47.0,9.0,15.0,41104.0,7406.0,64363.0,14127.0,17358.0,3473.0,19479.0,3082.0,20.0,79.0,2858.0,112.0,2559.290015049838
2025-04-12T00:00:00.000000,64.0,36,28,57.0,13.0,16.0,65439.0,11628.0,47549.0,10719.0,18821.0,3697.0,29854.0,5253.0,25.0,106.0,3864.0,107.0,2894.1010602953697
2025-04-13T00:00:00.000000,74.0,38,36,54.0,12.0,17.0,88461.0,20755.0,107982.0,26954.0,34002.0,5804.0,35938.0,9893.0,23.0,94.0,6107.0,129.0,3095.048137380598
2025-04-14T00:00:00.000000,61.0,36,25,53.0,13.0,16.0,70532.0,13837.0,62027.0,15670.0,26909.0,5573.0,28608.0,5664.0,20.0,112.0,5178.0,87.0,2852.9067271193853
2025-04-15T00:00:00.000000,84.0,50,34,67.0,13.0,24.0,96516.0,17938.0,54738.0,8579.0,28933.0,5937.0,38411.0,8233.0,33.0,166.0,5762.0,193.0,4211.32976982725
2025-04-16T00:00:00.000000,74.0,44,30,68.0,15.0,20.0,82015.0,18603.0,56236.0,12163.0,26716.0,6779.0,34778.0,7679.0,30.0,142.0,6825.0,147.0,3603.287510211717
2025-04-17T00:00:00.000000,71.0,35,36,66.0,16.0,13.0,74105.0,13402.0,76005.0,19822.0,31847.0,5743.0,30655.0,4803.0,17.0,135.0,3935.0,139.0,3195.7712283747865
2025-04-18T00:00:00.000000,70.0,41,29,51.0,19.0,17.0,73406.0,11027.0,65251.0,9840.0,44330.0,6293.0,22869.0,4057.0,22.0,120.0,3740.0,128.0,3317.7437404717884
2025-04-19T00:00:00.000000,71.0,36,35,63.0,11.0,21.0,83850.0,22375.0,84825.0,21452.0,27043.0,6186.0,48929.0,14483.0,31.0,141.0,6441.0,134.0,2781.656687045528
2025-04-20T00:00:00.000000,45.0,23,22,37.0,6.0,9.0,32720.0,6025.0,47881.0,9179.0,9320.0,2299.0,11241.0,2123.0,10.0,97.0,4270.0,75.0,2189.525349952308
2025-04-21T00:00:00.000000,70.0,37,33,67.0,15.0,17.0,68391.0,12981.0,75473.0,18436.0,25194.0,4061.0,28618.0,5262.0,24.0,132.0,5441.0,133.0,3142.7797442237343
2025-04-22T00:00:00.000000,75.0,49,26,63.0,18.0,21.0,95677.0,14823.0,61185.0,13636.0,34176.0,4989.0,42377.0,7636.0,38.0,173.0,8892.0,152.0,3333.383900879685
2025-04-23T00:00:00.000000,78.0,41,37,64.0,17.0,18.0,87453.0,15670.0,68884.0,18841.0,45014.0,9610.0,32906.0,5119.0,25.0,110.0,5044.0,162.0,3537.5592911693784
2025-04-24T00:00:00.000000,75.0,40,35,66.0,11.0,21.0,84221.0,18780.0,75365.0,14645.0,26909.0,5128.0,47110.0,11549.0,31.0,101.0,4641.0,156.0,3625.394533391818
2025-04-25T00:00:00.000000,56.0,34,22,49.0,14.0,11.0,76944.0,15110.0,43296.0,17209.0,40849.0,6776.0,18538.0,4515.0,14.0,112.0,3966.0,106.0,2069.0251612353395
2025-04-26T00:00:00.000000,56.0,33,23,43.0,7.0,17.0,74592.0,14076.0,111371.0,11712.0,9699.0,2300.0,38581.0,7293.0,35.0,153.0,5335.0,127.0,2461.7875494385344
2025-04-27T00:00:00.000000,70.0,36,34,57.0,12.0,18.0,69165.0,16947.0,102698.0,27601.0,23074.0,4808.0,37089.0,10621.0,25.0,103.0,4337.0,86.0,3344.8297714969885
2025-04-28T00:00:00.000000,63.0,33,30,53.0,9.0,19.0,58129.0,8915.0,78124.0,16701.0,17191.0,2696.0,33565.0,4870.0,23.0,104.0,4124.0,88.0,2531.753631065862
2025-04-29T00:00:00.000000,69.0,37,32,61.0,11.0,17.0,85404.0,16755.0,68674.0,14746.0,29052.0,6792.0,37591.0,5718.0,23.0,154.0,4702.0,176.0,3487.501880879177
2025-04-30T00:00:00.000000,54.0,29,25,45.0,11.0,13.0,66138.0,20918.0,55214.0,11584.0,19056.0,3881.0,37533.0,15603.0,21.0,103.0,4035.0,80.0,2359.529998710721
2025-05-01T00:00:00.000000,59.0,29,30,48.0,10.0,12.0,66704.0,14495.0,64470.0,20059.0,30479.0,7751.0,26956.0,4730.0,17.0,92.0,3668.0,100.0,2928.723422754022
2025-05-02T00:00:00.000000,85.0,44,41,71.0,12.0,22.0,75784.0,15241.0,116415.0,38196.0,18535.0,3514.0,36481.0,7855.0,29.0,117.0,5097.0,192.0,4607.4676969319735
2025-05-03T00:00:00.000000,66.0,41,25,57.0,17.0,20.0,104374.0,27763.0,55200.0,13955.0,38761.0,8089.0,61396.0,19330.0,27.0,154.0,5503.0,128.0,3362.811756532766
2025-05-04T00:00:00.000000,83.0,42,41,68.0,9.0,24.0,83448.0,16797.0,143142.0,37246.0,26749.0,6090.0,42091.0,7547.0,36.0,183.0,4881.0,165.0,4392.535389925943
2025-05-05T00:00:00.000000,48.0,23,25,40.0,10.0,10.0,48230.0,9903.0,74245.0,24863.0,23866.0,4943.0,18622.0,3908.0,19.0,138.0,3001.0,99.0,1476.7897055320138
2025-05-06T00:00:00.000000,82.0,54,28,77.0,19.0,29.0,128567.0,25048.0,70481.0,19713.0,45126.0,7433.0,69743.0,15304.0,53.0,141.0,8771.0,192.0,4507.274225683234
2025-05-07T00:00:00.000000,69.0,42,27,55.0,17.0,15.0,89214.0,18654.0,70324.0,23154.0,40934.0,7502.0,24713.0,4238.0,18.0,109.0,4451.0,108.0,2999.12319545054
2025-05-08T00:00:00.000000,73.0,40,33,66.0,10.0,22.0,66251.0,10458.0,58044.0,15015.0,17620.0,2374.0,33536.0,6141.0,33.0,135.0,6498.0,130.0,3423.4846119459953
2025-05-09T00:00:00.000000,61.0,34,27,58.0,15.0,13.0,79020.0,14410.0,61373.0,18775.0,41538.0,8415.0,27679.0,4320.0,14.0,130.0,3061.0,143.0,3166.9611612863423
2025-05-10T00:00:00.000000,61.0,29,32,50.0,10.0,13.0,53416.0,9399.0,63292.0,17346.0,16995.0,4231.0,30070.0,4213.0,18.0,91.0,3245.0,131.0,1042.678106944879
2025-05-11T00:00:00.000000,66.0,36,30,54.0,8.0,22.0,63869.0,10785.0,94745.0,20089.0,16162.0,2920.0,35806.0,5853.0,28.0,120.0,4153.0,136.0,3411.247041253108
2025-05-12T00:00:00.000000,48.0,27,21,44.0,9.0,15.0,55731.0,14111.0,44981.0,11181.0,26429.0,8654.0,25125.0,4258.0,20.0,72.0,2880.0,99.0,2456.146478236299
2025-05-13T00:00:00.000000,85.0,48,37,68.0,22.0,15.0,86186.0,17351.0,89270.0,20526.0,42708.0,6456.0,19965.0,5956.0,23.0,112.0,5106.0,193.0,4318.465460702654
2025-05-14T00:00:00.000000,85.0,47,38,65.0,13.0,22.0,106093.0,22347.0,60171.0,15259.0,25635.0,5166.0,48056.0,10482.0,33.0,183.0,7935.0,153.0,4486.3886487678365
2025-05-15T00:00:00.000000,69.0,33,36,58.0,8.0,14.0,66956.0,16397.0,76409.0,13914.0,12587.0,2061.0,39655.0,11759.0,18.0,107.0,3184.0,152.0,3647.1787920109186
2025-05-16T00:00:00.000000,53.0,32,21,50.0,13.0,11.0,67530.0,13678.0,53761.0,11186.0,33027.0,7655.0,16955.0,3022.0,14.0,77.0,3769.0,99.0,2736.8123512095954
2025-05-17T00:00:00.000000,47.0,25,22,37.0,14.0,6.0,44259.0,7875.0,54627.0,15689.0,31195.0,5006.0,6753.0,1225.0,8.0,68.0,3620.0,111.0,2241.3239057848223
2025-05-18T00:00:00.000000,48.0,24,24,38.0,6.0,12.0,60335.0,13115.0,55279.0,10409.0,25194.0,5454.0,17244.0,3277.0,16.0,96.0,3414.0,101.0,2446.7606759504347
2025-05-19T00:00:00.000000,48.0,27,21,46.0,11.0,8.0,53683.0,8047.0,56563.0,12520.0,19742.0,3278.0,13120.0,1987.0,8.0,175.0,4805.0,110.0,2289.60236408353
2025-05-20T00:00:00.000000,67.0,38,29,58.0,12.0,18.0,83859.0,14097.0,68217.0,16495.0,23405.0,3321.0,46294.0,8675.0,21.0,81.0,3330.0,89.0,3128.42071861727
2025-05-21T00:00:00.000000,78.0,52,26,62.0,26.0,17.0,107608.0,20749.0,54832.0,9726.0,50763.0,7482.0,37443.0,8911.0,21.0,112.0,4533.0,189.0,3696.563393736909
2025-05-22T00:00:00.000000,66.0,33,33,57.0,12.0,14.0,51482.0,12004.0,57773.0,12214.0,15503.0,4055.0,22009.0,5722.0,16.0,125.0,3531.0,134.0,2732.997053886886
2025-05-23T00:00:00.000000,54.0,34,20,52.0,11.0,15.0,70799.0,14459.0,55383.0,15658.0,22603.0,4176.0,26775.0,6838.0,20.0,100.0,4121.0,129.0,2871.38248609598
2025-05-24T00:00:00.000000,35.0,17,18,35.0,6.0,7.0,33902.0,5532.0,35067.0,5432.0,12032.0,2122.0,10878.0,1393.0,11.0,57.0,2049.0,56.0,1859.4128300685416
2025-05-25T00:00:00.000000,46.0,31,15,42.0,13.0,14.0,58954.0,11905.0,21235.0,5676.0,33531.0,7786.0,18577.0,2978.0,20.0,72.0,3292.0,114.0,2433.729446995704
2025-05-26T00:00:00.000000,91.0,49,42,63.0,12.0,26.0,86586.0,13707.0,131549.0,44059.0,19800.0,2999.0,45527.0,6458.0,32.0,120.0,5996.0,231.0,5015.983767463799
2025-05-27T00:00:00.000000,54.0,36,18,50.0,14.0,13.0,77125.0,14398.0,26266.0,3465.0,42775.0,9176.0,20905.0,3497.0,26.0,103.0,4469.0,99.0,2499.3636295740985
2025-05-28T00:00:00.000000,39.0,21,18,37.0,9.0,9.0,41516.0,6384.0,62489.0,10622.0,16165.0,1874.0,22383.0,4179.0,15.0,112.0,2314.0,85.0,2090.1784400766164
2025-05-29T00:00:00.000000,55.0,35,20,43.0,14.0,15.0,64393.0,11157.0,51590.0,11233.0,26414.0,4395.0,27562.0,5308.0,16.0,91.0,4129.0,155.0,2832.0657347172487
2025-05-30T00:00:00.000000,43.0,32,11,43.0,12.0,14.0,64194.0,11821.0,31215.0,3935.0,23940.0,4228.0,31167.0,6054.0,24.0,84.0,5396.0,122.0,2135.4610248659797
2025-05-31T00:00:00.000000,29.0,19,10,28.0,10.0,6.0,48930.0,9208.0,13711.0,3150.0,25330.0,3972.0,15012.0,4467.0,8.0,39.0,1955.0,80.0,1690.2574633309032
2025-06-01T00:00:00.000000,44.0,23,21,39.0,7.0,9.0,46287.0,8743.0,57302.0,14036.0,14791.0,2843.0,18506.0,3085.0,10.0,56.0,2543.0,76.0,1916.3872998679865
2025-06-02T00:00:00.000000,47.0,30,17,44.0,12.0,13.0,54900.0,10574.0,28661.0,5922.0,23905.0,4291.0,22103.0,5187.0,16.0,61.0,3339.0,117.0,2529.0807323982403
2025-06-03T00:00:00.000000,50.0,36,14,48.0,14.0,16.0,113889.0,39082.0,34651.0,10277.0,54110.0,26220.0,47532.0,10476.0,23.0,82.0,4571.0,114.0,2588.875534115609
2025-06-04T00:00:00.000000,76.0,44,32,68.0,15.0,17.0,99537.0,28698.0,60317.0,20266.0,33410.0,7027.0,32968.0,5781.0,23.0,104.0,4584.0,194.0,4088.248125052083
2025-06-05T00:00:00.000000,59.0,29,30,48.0,15.0,10.0,56379.0,9551.0,73118.0,15715.0,25872.0,2747.0,23628.0,5054.0,13.0,84.0,2447.0,118.0,3067.671593793998
2025-06-06T00:00:00.000000,46.0,28,18,44.0,10.0,10.0,50454.0,8661.0,30697.0,8011.0,22433.0,4161.0,15355.0,2590.0,11.0,71.0,3005.0,90.0,1898.1376941734813
2025-06-07T00:00:00.000000,44.0,20,24,37.0,5.0,11.0,52014.0,8266.0,55372.0,9156.0,18644.0,3172.0,24478.0,3565.0,20.0,92.0,2084.0,78.0,2046.5305627992916
2025-06-08T00:00:00.000000,48.0,28,20,40.0,6.0,11.0,50696.0,10369.0,55047.0,16392.0,18942.0,3878.0,13684.0,2117.0,17.0,87.0,3084.0,119.0,2462.7226559338687
2025-06-09T00:00:00.000000,67.0,36,31,61.0,8.0,17.0,75247.0,14109.0,52651.0,9297.0,18019.0,2690.0,39060.0,7804.0,26.0,104.0,3964.0,130.0,3537.3489908706138
2025-06-10T00:00:00.000000,65.0,41,24,62.0,12.0,19.0,72928.0,15944.0,49146.0,11266.0,29693.0,7033.0,28877.0,5600.0,24.0,108.0,4434.0,178.0,3851.8562920956942
2025-06-11T00:00:00.000000,66.0,40,26,63.0,20.0,15.0,95417.0,19608.0,56415.0,13596.0,54064.0,12171.0,28101.0,4493.0,22.0,128.0,7455.0,184.0,3141.0129835074463
2025-06-12T00:00:00.000000,71.0,40,31,63.0,16.0,16.0,89988.0,19710.0,56499.0,10597.0,31148.0,4850.0,47417.0,12180.0,21.0,137.0,7686.0,130.0,3655.830187827478
2025-06-13T00:00:00.000000,44.0,35,9,41.0,14.0,16.0,84525.0,13567.0,27422.0,3338.0,37543.0,4765.0,40212.0,6983.0,19.0,73.0,3779.0,88.0,2388.8296774082264
2025-06-14T00:00:00.000000,51.0,30,21,38.0,14.0,12.0,69321.0,14633.0,56266.0,10840.0,32679.0,7560.0,28074.0,5534.0,14.0,75.0,3475.0,109.0,2211.5513258722713
2025-06-15T00:00:00.000000,43.0,21,22,36.0,8.0,8.0,42374.0,9347.0,60953.0,9462.0,12936.0,2883.0,16898.0,2850.0,11.0,62.0,2569.0,74.0,1883.5517416943037
2025-06-16T00:00:00.000000,70.0,40,30,51.0,9.0,22.0,67563.0,13172.0,67245.0,22572.0,16002.0,2815.0,37873.0,8366.0,26.0,147.0,5657.0,118.0,3296.96629588997
2025-06-17T00:00:00.000000,68.0,42,26,58.0,18.0,17.0,84162.0,16707.0,48296.0,8860.0,28679.0,4961.0,39109.0,7670.0,22.0,99.0,3517.0,125.0,3155.2530953170103
2025-06-18T00:00:00.000000,70.0,37,33,60.0,16.0,15.0,81879.0,20073.0,66642.0,14193.0,35246.0,9868.0,37493.0,9070.0,17.0,124.0,3390.0,153.0,3414.3438435795933
2025-06-19T00:00:00.000000,55.0,26,29,44.0,10.0,13.0,51127.0,9521.0,68680.0,21047.0,22120.0,4108.0,24782.0,4947.0,20.0,89.0,3088.0,117.0,2992.476859418729
2025-06-20T00:00:00.000000,70.0,38,32,52.0,14.0,16.0,68660.0,13943.0,78291.0,18126.0,30924.0,5642.0,25965.0,5485.0,30.0,110.0,4205.0,160.0,3479.193193498697
2025-06-21T00:00:00.000000,75.0,31,44,48.0,10.0,14.0,67785.0,12029.0,109603.0,24883.0,14919.0,2218.0,41541.0,7276.0,19.0,152.0,3859.0,150.0,3719.6993060018854
2025-06-22T00:00:00.000000,59.0,32,27,42.0,7.0,15.0,56459.0,12118.0,58396.0,15583.0,14932.0,2781.0,30190.0,6292.0,22.0,106.0,3642.0,136.0,3446.930903853376
2025-06-23T00:00:00.000000,55.0,31,24,49.0,10.0,12.0,56220.0,10738.0,42419.0,11555.0,17683.0,3900.0,24397.0,3859.0,19.0,88.0,2736.0,97.0,2611.7039284930306
2025-06-24T00:00:00.000000,65.0,38,27,51.0,16.0,16.0,78104.0,16186.0,57245.0,9744.0,32904.0,6959.0,34161.0,7592.0,22.0,135.0,5786.0,135.0,3425.2665363166275
2025-06-25T00:00:00.000000,47.0,20,27,38.0,12.0,4.0,40178.0,6112.0,71745.0,15226.0,21690.0,3026.0,9062.0,2400.0,5.0,74.0,2321.0,69.0,1995.5500155111229
2025-06-26T00:00:00.000000,55.0,30,25,53.0,12.0,14.0,66914.0,16750.0,65655.0,13950.0,24129.0,5518.0,35295.0,9743.0,20.0,148.0,4519.0,129.0,2714.7966901110385
2025-06-27T00:00:00.000000,50.0,29,21,43.0,11.0,6.0,59790.0,11889.0,38213.0,7351.0,21320.0,4321.0,14198.0,2653.0,8.0,63.0,3369.0,93.0,2325.459732057938
2025-06-28T00:00:00.000000,42.0,24,18,34.0,8.0,12.0,50222.0,8577.0,27059.0,4869.0,17188.0,2418.0,22144.0,4380.0,17.0,74.0,2865.0,87.0,1692.0618178321367
2025-06-29T00:00:00.000000,45.0,26,19,41.0,6.0,16.0,72308.0,21282.0,41043.0,11216.0,19183.0,5799.0,40988.0,12208.0,18.0,61.0,2854.0,87.0,1467.9814163818564
2025-06-30T00:00:00.000000,47.0,28,19,41.0,11.0,10.0,69783.0,18074.0,44503.0,8835.0,32124.0,9353.0,23027.0,5440.0,12.0,94.0,5269.0,97.0,2554.622182878157
2025-07-01T00:00:00.000000,40.0,19,21,36.0,9.0,8.0,43497.0,8119.0,43256.0,8661.0,18501.0,3735.0,20855.0,3426.0,13.0,66.0,2174.0,59.0,2139.0652927039073
2025-07-02T00:00:00.000000,49.0,35,14,43.0,11.0,17.0,90590.0,28149.0,17798.0,3182.0,30678.0,13219.0,44382.0,12425.0,21.0,68.0,4315.0,94.0,2141.6034072085267
2025-07-03T00:00:00.000000,71.0,36,35,55.0,16.0,15.0,89043.0,20091.0,56396.0,16918.0,47236.0,11401.0,27653.0,5691.0,21.0,103.0,3555.0,118.0,3911.6082846277823
2025-07-04T00:00:00.000000,58.0,25,33,52.0,6.0,14.0,47262.0,9027.0,98371.0,31605.0,15794.0,2801.0,24527.0,4947.0,20.0,94.0,2850.0,99.0,2775.5995351185657
2025-07-05T00:00:00.000000,42.0,26,16,36.0,10.0,9.0,60051.0,13230.0,48314.0,6945.0,22022.0,5198.0,18450.0,3444.0,11.0,103.0,4000.0,61.0,2157.821697329065
2025-07-06T00:00:00.000000,51.0,19,32,42.0,4.0,9.0,48695.0,8983.0,74072.0,16613.0,14541.0,2810.0,18738.0,3342.0,12.0,73.0,2511.0,99.0,2875.781345585231
2025-07-07T00:00:00.000000,50.0,34,16,49.0,9.0,20.0,86985.0,23275.0,29035.0,9131.0,20801.0,5107.0,49104.0,11476.0,25.0,146.0,5948.0,108.0,2429.3199165742803
2025-07-08T00:00:00.000000,56.0,28,28,46.0,9.0,14.0,62419.0,12778.0,77254.0,16433.0,15990.0,2347.0,32331.0,8529.0,22.0,118.0,3413.0,148.0,2616.0290879706718
2025-07-09T00:00:00.000000,61.0,38,23,54.0,15.0,20.0,92601.0,18433.0,43051.0,11546.0,28217.0,4517.0,58259.0,12959.0,27.0,128.0,3954.0,162.0,2889.9158392731865
2025-07-10T00:00:00.000000,69.0,34,35,47.0,14.0,11.0,68624.0,12238.0,64688.0,17354.0,26081.0,4954.0,26703.0,4125.0,17.0,99.0,5740.0,150.0,3220.2800357723363
2025-07-11T00:00:00.000000,38.0,19,19,36.0,3.0,10.0,39257.0,7043.0,55239.0,14316.0,9085.0,1351.0,16607.0,2874.0,14.0,103.0,2081.0,98.0,1846.7464093489375
2025-07-12T00:00:00.000000,39.0,20,19,32.0,13.0,5.0,47684.0,9200.0,39573.0,7281.0,27356.0,5422.0,10775.0,1407.0,7.0,49.0,2526.0,79.0,2034.6473393432566
2025-07-13T00:00:00.000000,36.0,19,17,32.0,6.0,10.0,49387.0,7513.0,38017.0,7733.0,16951.0,2369.0,22058.0,3479.0,13.0,102.0,3501.0,65.0,1864.97133433298
2025-07-14T00:00:00.000000,43.0,22,21,40.0,6.0,14.0,53597.0,9134.0,41751.0,9158.0,13088.0,1467.0,34388.0,6904.0,24.0,133.0,3261.0,137.0,2109.5534051952213
2025-07-15T00:00:00.000000,42.0,24,18,39.0,10.0,9.0,41789.0,7334.0,35359.0,9778.0,13573.0,2709.0,19774.0,3296.0,14.0,68.0,2582.0,84.0,1968.4051528885618
2025-07-16T00:00:00.000000,40.0,24,16,37.0,6.0,9.0,57491.0,12764.0,34367.0,5767.0,12648.0,1579.0,32542.0,8954.0,12.0,96.0,3698.0,76.0,1901.4997052391363
2025-07-17T00:00:00.000000,35.0,24,11,30.0,6.0,11.0,67418.0,14552.0,32206.0,6828.0,15066.0,2314.0,35766.0,7847.0,13.0,84.0,2866.0,90.0,1857.927922646175
2025-07-18T00:00:00.000000,53.0,27,26,48.0,13.0,10.0,67714.0,10720.0,67231.0,11536.0,41310.0,6100.0,17914.0,3210.0,16.0,116.0,3665.0,110.0,2706.5192443637957
2025-07-19T00:00:00.000000,52.0,28,24,42.0,9.0,14.0,73159.0,11872.0,63112.0,17668.0,28754.0,2440.0,35721.0,7525.0,27.0,114.0,3052.0,74.0,2262.4457402526423
2025-07-20T00:00:00.000000,48.0,27,21,43.0,8.0,16.0,54246.0,9506.0,70804.0,16639.0,18945.0,3460.0,29485.0,4632.0,25.0,103.0,3128.0,127.0,2548.0218358932175
2025-07-21T00:00:00.000000,60.0,32,28,57.0,15.0,13.0,69196.0,12841.0,57187.0,12785.0,31048.0,3291.0,32177.0,8716.0,18.0,137.0,4330.0,144.0,2925.0202910227113
2025-07-22T00:00:00.000000,48.0,24,24,39.0,11.0,12.0,68169.0,13666.0,59661.0,13568.0,38420.0,7845.0,27243.0,5483.0,19.0,93.0,2737.0,85.0,2305.115180491341
2025-07-23T00:00:00.000000,59.0,31,28,50.0,4.0,18.0,57841.0,11322.0,84244.0,21951.0,8042.0,1479.0,38352.0,8037.0,22.0,145.0,5550.0,114.0,3257.5377922704197
2025-07-24T00:00:00.000000,65.0,38,27,53.0,11.0,15.0,74951.0,14620.0,64318.0,12005.0,16633.0,2722.0,25755.0,5442.0,22.0,112.0,4236.0,124.0,3436.560835271048
2025-07-25T00:00:00.000000,75.0,39,36,59.0,11.0,20.0,87015.0,17132.0,78969.0,16859.0,26171.0,4676.0,46863.0,9724.0,22.0,143.0,4604.0,129.0,4019.7062192754834
2025-07-26T00:00:00.000000,28.0,17,11,26.0,6.0,7.0,38797.0,7003.0,30555.0,6849.0,12135.0,1580.0,18944.0,3536.0,10.0,75.0,3145.0,58.0,1309.0721903560564
2025-07-27T00:00:00.000000,53.0,28,25,30.0,3.0,17.0,65295.0,13881.0,47000.0,13415.0,7662.0,2172.0,39387.0,7524.0,32.0,110.0,3388.0,111.0,2917.153444697744
2025-07-28T00:00:00.000000,47.0,27,20,40.0,11.0,10.0,55317.0,9963.0,53729.0,12833.0,20642.0,3614.0,21609.0,3547.0,13.0,65.0,2060.0,45.0,2370.974923344842
2025-07-29T00:00:00.000000,65.0,37,28,58.0,15.0,14.0,83468.0,17439.0,58962.0,12396.0,27461.0,5492.0,30702.0,6053.0,18.0,84.0,3654.0,127.0,3509.1568936426247
2025-07-30T00:00:00.000000,44.0,25,19,41.0,12.0,9.0,66377.0,11407.0,65886.0,15142.0,25205.0,4506.0,21587.0,3764.0,12.0,60.0,3460.0,93.0,2084.6994606313474
2025-07-31T00:00:00.000000,48.0,23,25,44.0,6.0,10.0,43649.0,6694.0,53372.0,10882.0,8356.0,977.0,26172.0,4565.0,13.0,154.0,4525.0,105.0,2302.001464751924
2025-08-01T00:00:00.000000,44.0,26,18,40.0,11.0,10.0,70893.0,13814.0,57533.0,13618.0,37495.0,10005.0,24496.0,2815.0,15.0,111.0,3612.0,125.0,1643.277715485394
2025-08-02T00:00:00.000000,46.0,27,19,40.0,12.0,13.0,44089.0,6196.0,47078.0,10319.0,22048.0,3222.0,19711.0,2678.0,14.0,79.0,3787.0,96.0,2373.0456289991466
2025-08-03T00:00:00.000000,47.0,28,19,34.0,6.0,11.0,51464.0,9902.0,36367.0,6855.0,10199.0,1765.0,25103.0,4892.0,17.0,93.0,4181.0,90.0,2556.563755876786
2025-08-04T00:00:00.000000,47.0,25,22,43.0,12.0,10.0,49171.0,10915.0,44024.0,11989.0,26493.0,6235.0,16110.0,2906.0,15.0,142.0,5460.0,85.0,2140.2164910653064
2025-08-05T00:00:00.000000,55.0,34,21,50.0,9.0,19.0,77517.0,17285.0,49650.0,10184.0,30981.0,8005.0,36172.0,8069.0,29.0,125.0,6234.0,126.0,2513.7107653760795
2025-08-06T00:00:00.000000,42.0,28,14,41.0,6.0,10.0,54358.0,13483.0,38567.0,10254.0,10191.0,2505.0,20708.0,4369.0,19.0,96.0,4405.0,146.0,2300.888287704137
2025-08-07T00:00:00.000000,71.0,33,38,56.0,10.0,16.0,61957.0,15223.0,60918.0,12202.0,17078.0,3530.0,28928.0,7341.0,31.0,190.0,3744.0,99.0,3841.292926576864
2025-08-08T00:00:00.000000,50.0,28,22,43.0,6.0,15.0,55185.0,8759.0,54951.0,14613.0,8998.0,1431.0,32105.0,4548.0,20.0,110.0,4221.0,114.0,2574.6933999842677
2025-08-09T00:00:00.000000,35.0,21,14,32.0,7.0,7.0,42902.0,6181.0,55080.0,11672.0,12679.0,1783.0,20657.0,3316.0,11.0,93.0,2744.0,99.0,1964.3631020313967
2025-08-10T00:00:00.000000,31.0,18,13,30.0,5.0,11.0,32504.0,6416.0,37094.0,10312.0,7101.0,689.0,22001.0,4753.0,16.0,63.0,1698.0,59.0,1622.2878657382055
2025-08-11T00:00:00.000000,43.0,24,19,38.0,10.0,11.0,73037.0,11293.0,44973.0,10959.0,30752.0,5354.0,31172.0,4089.0,16.0,115.0,3430.0,91.0,2333.116295740475
2025-08-12T00:00:00.000000,45.0,21,24,42.0,8.0,9.0,39997.0,6752.0,64949.0,13313.0,10432.0,1606.0,18892.0,3346.0,10.0,92.0,2526.0,145.0,2290.3543082818455
2025-08-13T00:00:00.000000,56.0,29,27,47.0,7.0,18.0,68067.0,16050.0,79439.0,15276.0,13850.0,2068.0,47041.0,12002.0,25.0,112.0,3629.0,72.0,2589.537575490988
2025-08-14T00:00:00.000000,54.0,27,27,45.0,10.0,8.0,54048.0,10571.0,69197.0,18878.0,20895.0,3471.0,12264.0,1890.0,10.0,104.0,3767.0,116.0,2918.7204301214556
2025-08-15T00:00:00.000000,32.0,18,14,30.0,6.0,7.0,35265.0,6670.0,41701.0,11667.0,11224.0,2484.0,13716.0,2737.0,8.0,48.0,1767.0,98.0,1353.1298630145918
2025-08-16T00:00:00.000000,35.0,18,17,28.0,5.0,9.0,56380.0,10498.0,34330.0,10698.0,10667.0,1647.0,36184.0,8173.0,12.0,77.0,2910.0,83.0,1975.2429173796784
2025-08-17T00:00:00.000000,41.0,21,20,36.0,6.0,9.0,55720.0,11372.0,51666.0,14809.0,24492.0,2945.0,20403.0,6441.0,12.0,77.0,2586.0,92.0,1706.1562813528078
2025-08-18T00:00:00.000000,36.0,23,13,32.0,7.0,10.0,45181.0,8142.0,23424.0,6843.0,17049.0,3745.0,18017.0,2884.0,14.0,78.0,3046.0,82.0,1476.301091840262
2025-08-19T00:00:00.000000,59.0,34,25,47.0,7.0,15.0,66123.0,15593.0,53394.0,15515.0,16928.0,4062.0,29828.0,5880.0,23.0,114.0,4073.0,123.0,2625.641976874334
2025-08-20T00:00:00.000000,49.0,16,33,35.0,4.0,7.0,25205.0,4339.0,63273.0,15382.0,5138.0,456.0,11109.0,1618.0,13.0,119.0,2535.0,66.0,1661.8603566776346
2025-08-21T00:00:00.000000,73.0,29,44,51.0,11.0,10.0,69318.0,12957.0,126453.0,24445.0,34387.0,6821.0,22612.0,3765.0,13.0,149.0,4850.0,107.0,2744.500601530552
2025-08-22T00:00:00.000000,56.0,26,30,44.0,8.0,11.0,56981.0,11914.0,65432.0,14094.0,19542.0,6679.0,18608.0,2658.0,17.0,103.0,3541.0,140.0,2765.004952372789
2025-08-23T00:00:00.000000,36.0,21,15,25.0,5.0,10.0,28882.0,6394.0,33743.0,9668.0,7859.0,1699.0,13147.0,3350.0,13.0,68.0,1671.0,91.0,1572.4880817942817
2025-08-24T00:00:00.000000,52.0,25,27,39.0,6.0,10.0,54801.0,10380.0,59916.0,13912.0,14465.0,2519.0,19885.0,3378.0,16.0,101.0,3579.0,104.0,2401.756225033939
2025-08-25T00:00:00.000000,37.0,19,18,29.0,6.0,10.0,36320.0,7370.0,24933.0,5389.0,11448.0,2402.0,18324.0,3829.0,10.0,66.0,2034.0,60.0,1820.1030067155616
2025-08-26T00:00:00.000000,55.0,23,32,43.0,13.0,6.0,63209.0,11298.0,72218.0,15823.0,29465.0,4837.0,20736.0,4838.0,8.0,107.0,1860.0,82.0,2321.6298955132
2025-08-27T00:00:00.000000,60.0,41,19,55.0,18.0,12.0,79780.0,15882.0,41111.0,11955.0,41627.0,9536.0,19759.0,2794.0,24.0,91.0,4968.0,120.0,2740.921689776031
2025-08-28T00:00:00.000000,73.0,42,31,60.0,17.0,16.0,94238.0,17765.0,55903.0,15441.0,52484.0,11003.0,28461.0,4433.0,25.0,149.0,4729.0,204.0,3446.920752435305
2025-08-29T00:00:00.000000,41.0,16,25,30.0,6.0,7.0,37430.0,8392.0,48335.0,9085.0,11478.0,2564.0,18455.0,3549.0,17.0,109.0,4157.0,105.0,2171.208920735313
2025-08-30T00:00:00.000000,53.0,32,21,39.0,10.0,14.0,93095.0,20904.0,44123.0,10018.0,46654.0,9857.0,31536.0,6848.0,24.0,167.0,7240.0,99.0,2630.370499030268
2025-08-31T00:00:00.000000,38.0,19,19,35.0,5.0,11.0,35211.0,4774.0,43791.0,6496.0,13655.0,1801.0,15289.0,2016.0,19.0,133.0,4600.0,71.0,1772.6166284955384
2025-09-01T00:00:00.000000,57.0,28,29,42.0,9.0,11.0,45410.0,6259.0,45442.0,11227.0,16082.0,2802.0,13551.0,1799.0,19.0,169.0,5065.0,87.0,2636.820695156099
2025-09-02T00:00:00.000000,42.0,25,17,35.0,8.0,14.0,46267.0,7604.0,38908.0,7882.0,15098.0,3316.0,27005.0,3600.0,24.0,108.0,4125.0,126.0,2022.0375290409393
2025-09-03T00:00:00.000000,48.0,27,21,40.0,9.0,9.0,43048.0,9539.0,44092.0,13605.0,15816.0,4224.0,13636.0,2801.0,10.0,53.0,3390.0,94.0,2106.9561417232267
2025-09-04T00:00:00.000000,61.0,31,30,48.0,12.0,14.0,59239.0,12804.0,58495.0,15950.0,20466.0,3533.0,28028.0,5171.0,24.0,115.0,4224.0,133.0,3159.8757349205084
2025-09-05T00:00:00.000000,51.0,30,21,43.0,6.0,11.0,52584.0,8574.0,32550.0,9532.0,11498.0,1528.0,20442.0,2650.0,16.0,121.0,5040.0,113.0,2652.135246651623
2025-09-06T00:00:00.000000,24.0,13,11,24.0,3.0,3.0,30714.0,7600.0,16967.0,2557.0,8300.0,2546.0,7436.0,2159.0,6.0,76.0,2050.0,68.0,1322.0802104055724
2025-09-07T00:00:00.000000,60.0,34,26,45.0,14.0,12.0,88031.0,19025.0,108545.0,33585.0,33499.0,7239.0,31901.0,8466.0,14.0,100.0,4087.0,123.0,2417.7589961314943
2025-09-08T00:00:00.000000,54.0,33,21,45.0,15.0,8.0,103223.0,21111.0,47831.0,10621.0,52982.0,11573.0,16636.0,3490.0,9.0,122.0,5271.0,155.0,2220.3828376827696
2025-09-09T00:00:00.000000,49.0,28,21,39.0,8.0,11.0,62863.0,13008.0,38723.0,8145.0,16647.0,3675.0,36039.0,7846.0,13.0,101.0,3960.0,105.0,2740.1534604566646
2025-09-10T00:00:00.000000,35.0,21,14,34.0,7.0,10.0,46052.0,9001.0,32171.0,9233.0,19245.0,3364.0,22015.0,5204.0,13.0,89.0,2893.0,58.0,1802.570108488102
2025-09-11T00:00:00.000000,46.0,28,18,42.0,9.0,13.0,59351.0,11023.0,22822.0,7736.0,22359.0,4577.0,18892.0,3622.0,21.0,130.0,4237.0,126.0,2334.753699235615
2025-09-12T00:00:00.000000,45.0,27,18,42.0,10.0,11.0,51559.0,9209.0,54209.0,14271.0,20878.0,3195.0,22609.0,4239.0,16.0,79.0,2680.0,103.0,2191.486026805665
2025-09-13T00:00:00.000000,42.0,21,21,38.0,10.0,5.0,43876.0,7637.0,53231.0,15724.0,24224.0,4143.0,8288.0,1103.0,9.0,75.0,4822.0,69.0,2223.8513331795025
2025-09-14T00:00:00.000000,22.0,7,15,19.0,4.0,2.0,14083.0,3573.0,74581.0,19277.0,7405.0,1682.0,5015.0,1206.0,3.0,49.0,609.0,24.0,893.6939830335299
2025-09-15T00:00:00.000000,50.0,26,24,42.0,6.0,10.0,48831.0,10328.0,50293.0,15836.0,15370.0,3492.0,17642.0,3094.0,12.0,84.0,2538.0,101.0,2234.8655007830507
2025-09-16T00:00:00.000000,51.0,24,27,44.0,12.0,3.0,36496.0,6769.0,51456.0,9387.0,20136.0,3394.0,4299.0,437.0,4.0,86.0,2412.0,95.0,2838.8664769633797
2025-09-17T00:00:00.000000,45.0,27,18,39.0,11.0,9.0,48967.0,8535.0,28541.0,5366.0,24286.0,5702.0,12681.0,1916.0,13.0,98.0,3923.0,108.0,1973.9220366281438
2025-09-18T00:00:00.000000,51.0,30,21,41.0,14.0,6.0,46690.0,9375.0,38366.0,11467.0,25017.0,5111.0,8082.0,1087.0,7.0,97.0,3206.0,65.0,2145.026822625953
2025-09-19T00:00:00.000000,41.0,27,14,40.0,11.0,12.0,68112.0,11030.0,26242.0,4874.0,21509.0,3459.0,34428.0,5604.0,14.0,78.0,3133.0,78.0,1896.4303826787464
2025-09-20T00:00:00.000000,48.0,30,18,43.0,8.0,14.0,65903.0,16343.0,55102.0,11764.0,16190.0,4371.0,34633.0,9074.0,19.0,131.0,3728.0,94.0,2256.3945208715586
2025-09-21T00:00:00.000000,41.0,25,16,36.0,14.0,4.0,50968.0,9027.0,37780.0,5831.0,32872.0,6629.0,5512.0,780.0,4.0,78.0,2566.0,66.0,1661.8728118036768
2025-09-22T00:00:00.000000,50.0,31,19,43.0,15.0,9.0,67767.0,11353.0,51997.0,12605.0,34745.0,5200.0,19059.0,3328.0,15.0,86.0,4316.0,140.0,2517.5087809010647
2025-09-23T00:00:00.000000,57.0,37,20,54.0,19.0,9.0,70767.0,10935.0,46814.0,8221.0,30950.0,3756.0,21049.0,3865.0,16.0,142.0,4771.0,181.0,2662.028905979279
2025-09-24T00:00:00.000000,49.0,28,21,45.0,15.0,6.0,55034.0,11809.0,58657.0,11049.0,27428.0,5369.0,11272.0,2497.0,12.0,76.0,2411.0,84.0,2196.5293027268217
2025-09-25T00:00:00.000000,54.0,20,34,48.0,7.0,10.0,35593.0,7278.0,85567.0,18884.0,11561.0,2365.0,17570.0,3822.0,19.0,81.0,1823.0,76.0,2520.1299483602497
2025-09-26T00:00:00.000000,50.0,29,21,39.0,10.0,13.0,48586.0,10379.0,52434.0,14259.0,16356.0,3964.0,18764.0,4198.0,20.0,80.0,2646.0,63.0,2560.757042609558
2025-09-27T00:00:00.000000,40.0,22,18,29.0,9.0,7.0,30738.0,5828.0,27466.0,6870.0,11457.0,1077.0,12237.0,3147.0,12.0,43.0,2062.0,65.0,2181.4569379488153
2025-09-28T00:00:00.000000,40.0,23,17,38.0,5.0,7.0,47166.0,11953.0,34477.0,10567.0,12405.0,1717.0,12303.0,3816.0,10.0,102.0,2579.0,67.0,1476.1611696376422
2025-09-29T00:00:00.000000,31.0,17,14,31.0,9.0,5.0,42666.0,8478.0,39116.0,8848.0,26390.0,3936.0,11546.0,3054.0,9.0,35.0,1472.0,52.0,861.3126713007794
2025-09-30T00:00:00.000000,34.0,25,9,32.0,16.0,4.0,43668.0,7802.0,17616.0,5367.0,27871.0,4063.0,4610.0,512.0,11.0,49.0,2036.0,99.0,1764.7074288193908
