Day,Total_Posts,Total_Questions,Total_Answers,Active_Users,Total_Unanswered_Q,Total_Accepted_Q,Sum_Len_Q,Sum_CodeLen_Q,Sum_Len_A,Sum_CodeLen_A,Sum_Len_Unanswered_Q,Sum_CodeLen_Unanswered_Q,Sum_Len_Q_with_Accepted,Sum_CodeLen_Q_with_Accepted,Sum_Answers_on_Accepted_Q,Sum_Score,Sum_Views,Sum_Comments,Sum_Readability
2021-01-01T00:00:00.000000,6053.0,2581,3466,4505.0,446.0,1226.0,5127908.0,3428307.0,3563525.0,1840870.0,1053193.0,731192.0,2335381.0,1526490.0,1800.0,8580.0,3546615.0,9017.0,115245.40782951102
2021-01-02T00:00:00.000000,7154.0,3275,3878,5358.0,526.0,1588.0,6615557.0,4515232.0,3958152.0,2113092.0,1191314.0,825134.0,3243709.0,2213498.0,2489.0,10301.0,4174311.0,10373.0,133997.6539486835
2021-01-03T00:00:00.000000,7182.0,3424,3758,5537.0,568.0,1582.0,6695873.0,4451205.0,3635425.0,1825533.0,1337155.0,905913.0,2900179.0,1913797.0,2426.0,10098.0,5521821.0,10398.0,137497.13610326743
2021-01-04T00:00:00.000000,10156.0,4821,5332,8137.0,814.0,2178.0,9129852.0,5969626.0,5291658.0,2752929.0,1690334.0,1111631.0,4194362.0,2768863.0,3250.0,14020.0,6340359.0,14955.0,179537.25875983544
2021-01-05T00:00:00.000000,11091.0,5483,5606,8724.0,965.0,2432.0,10131093.0,6563747.0,5241013.0,2626398.0,2065400.0,1388224.0,4427326.0,2857745.0,3557.0,13451.0,6952972.0,16058.0,203461.15471353082
2021-01-06T00:00:00.000000,10731.0,5411,5320,8497.0,1029.0,2405.0,9746617.0,6282739.0,4900618.0,2473148.0,2020644.0,1304769.0,4431139.0,2885709.0,3479.0,17845.0,9218917.0,15700.0,177669.8090225095
2021-01-07T00:00:00.000000,10350.0,5276,5070,8211.0,924.0,2369.0,9468251.0,6085035.0,4714029.0,2450674.0,1831783.0,1206354.0,4069838.0,2578857.0,3481.0,13840.0,7556174.0,14666.0,181496.55081474615
2021-01-08T00:00:00.000000,10246.0,5333,4913,8259.0,958.0,2396.0,10059515.0,6568763.0,4547388.0,2339961.0,1965923.0,1297406.0,4690497.0,3112099.0,3599.0,13930.0,8046212.0,14780.0,165783.33182383006
2021-01-09T00:00:00.000000,6300.0,3286,3013,5043.0,540.0,1520.0,6381683.0,4259829.0,2790846.0,1495176.0,1168457.0,792493.0,2794792.0,1839665.0,2261.0,8885.0,4792696.0,9288.0,110502.26073151422
2021-01-10T00:00:00.000000,6118.0,3315,2800,4997.0,585.0,1525.0,6180543.0,4052811.0,2600796.0,1381828.0,1212422.0,833839.0,2838684.0,1844641.0,2267.0,8046.0,4875978.0,8954.0,107988.25868003287
2021-01-11T00:00:00.000000,10071.0,5209,4860,7785.0,873.0,2382.0,9604651.0,6296426.0,4178180.0,2109217.0,1734838.0,1125836.0,4449686.0,2909201.0,3475.0,12354.0,6589151.0,14168.0,159847.5071713833
2021-01-12T00:00:00.000000,10396.0,5484,4912,8417.0,902.0,2431.0,9922404.0,6395418.0,4188607.0,2198385.0,1874850.0,1232256.0,4165797.0,2620216.0,3660.0,12519.0,7858362.0,15017.0,163348.85519874608
2021-01-13T00:00:00.000000,10451.0,5491,4952,8580.0,949.0,2464.0,9752990.0,6190363.0,4271876.0,2129027.0,1929316.0,1240813.0,4301361.0,2705453.0,3636.0,14035.0,7210808.0,14979.0,198823.22644308826
2021-01-14T00:00:00.000000,9721.0,5263,4458,8020.0,861.0,2417.0,9284192.0,5823765.0,3870446.0,1982665.0,1710840.0,1085900.0,4281962.0,2691083.0,3523.0,12123.0,6948356.0,13728.0,179640.97881554824
2021-01-15T00:00:00.000000,9391.0,4941,4448,7686.0,804.0,2300.0,8854103.0,5634400.0,4053405.0,2077394.0,1671944.0,1075161.0,4166886.0,2661285.0,3332.0,11416.0,6387330.0,13187.0,170387.048417509
2021-01-16T00:00:00.000000,5846.0,3193,2651,4733.0,524.0,1473.0,6117639.0,4081753.0,2497947.0,1347482.0,1244236.0,868414.0,2714836.0,1784208.0,2184.0,7626.0,4477616.0,8577.0,100293.53683413246
2021-01-17T00:00:00.000000,5926.0,3288,2638,4837.0,568.0,1489.0,6022499.0,3904239.0,2321897.0,1212257.0,1166233.0,762350.0,2631125.0,1700219.0,2118.0,6607.0,3913812.0,8544.0,118284.36144334207
2021-01-18T00:00:00.000000,8943.0,4917,4023,7509.0,913.0,2143.0,8988568.0,5842779.0,3582409.0,1925726.0,1903373.0,1275827.0,3837065.0,2468695.0,3136.0,10244.0,6332384.0,13174.0,154969.3409236749
2021-01-19T00:00:00.000000,9638.0,5224,4408,7845.0,918.0,2259.0,9787671.0,6339233.0,3868476.0,2046159.0,1832110.0,1194410.0,4352970.0,2844460.0,3311.0,11994.0,6699865.0,13826.0,168654.68229435378
2021-01-20T00:00:00.000000,10221.0,5516,4701,8165.0,1021.0,2451.0,9873358.0,6371090.0,4088753.0,2139611.0,2126657.0,1428964.0,4239191.0,2683790.0,3598.0,12008.0,7025457.0,14895.0,182468.17314648346
2021-01-21T00:00:00.000000,10103.0,5588,4515,8263.0,984.0,2389.0,9781146.0,6167005.0,3801954.0,1996067.0,1946168.0,1266793.0,4281633.0,2735304.0,3506.0,11968.0,7610350.0,14407.0,178610.02830689077
2021-01-22T00:00:00.000000,9295.0,5131,4164,7853.0,927.0,2231.0,9357389.0,6093226.0,3649183.0,1929676.0,1846733.0,1202183.0,3997888.0,2610115.0,3250.0,11274.0,6777274.0,13169.0,154929.86050745717
2021-01-23T00:00:00.000000,6201.0,3396,2805,4983.0,522.0,1563.0,6299465.0,4139010.0,2520575.0,1327359.0,1259261.0,900416.0,2805303.0,1805447.0,2358.0,8137.0,4869540.0,8397.0,120522.4647966305
2021-01-24T00:00:00.000000,6061.0,3394,2667,4956.0,585.0,1515.0,6511213.0,4274368.0,2400210.0,1220054.0,1194727.0,780243.0,2909823.0,1925732.0,2206.0,8042.0,4491843.0,8957.0,114425.31466336259
2021-01-25T00:00:00.000000,9037.0,5039,3997,7501.0,927.0,2200.0,8791485.0,5626810.0,3453375.0,1812476.0,1675876.0,1041846.0,3964320.0,2583579.0,3187.0,9873.0,6419254.0,13660.0,155109.5226334222
2021-01-26T00:00:00.000000,9231.0,5107,4120,7569.0,948.0,2232.0,9443503.0,6111778.0,3658784.0,1919655.0,1986730.0,1290562.0,3990887.0,2575401.0,3278.0,14224.0,8413282.0,13464.0,145976.35016709543
2021-01-27T00:00:00.000000,9810.0,5394,4416,8294.0,1000.0,2269.0,9431263.0,5914611.0,3656347.0,1908239.0,1918435.0,1198990.0,4036688.0,2564496.0,3337.0,13145.0,7444394.0,13700.0,164401.53248302586
2021-01-28T00:00:00.000000,9553.0,5256,4297,7858.0,1003.0,2211.0,9488368.0,6057320.0,3674974.0,1907525.0,2092053.0,1395664.0,3904808.0,2464938.0,3287.0,12689.0,6812209.0,13993.0,173532.9101072011
2021-01-29T00:00:00.000000,9000.0,4906,4094,7201.0,886.0,2118.0,8797495.0,5586787.0,3556539.0,1863724.0,1729242.0,1111694.0,3837444.0,2483807.0,3098.0,13728.0,6245081.0,12614.0,162270.18239012317
2021-01-30T00:00:00.000000,5674.0,3183,2491,4616.0,543.0,1412.0,5973006.0,3923700.0,2187635.0,1090199.0,1167154.0,782640.0,2750515.0,1832770.0,2093.0,6752.0,3904271.0,8206.0,102061.19879879676
2021-01-31T00:00:00.000000,5725.0,3166,2559,4609.0,510.0,1450.0,5843298.0,3852151.0,2224794.0,1145708.0,1039531.0,694222.0,2670926.0,1743591.0,2126.0,7356.0,4925991.0,7742.0,110383.29710043976
2021-02-01T00:00:00.000000,8358.0,4697,3661,7078.0,878.0,2029.0,8524492.0,5462762.0,2956581.0,1487986.0,1762156.0,1114788.0,3766776.0,2460568.0,2958.0,11461.0,6203892.0,12337.0,135973.62970741998
2021-02-02T00:00:00.000000,9099.0,5158,3939,7569.0,973.0,2208.0,9217019.0,5891112.0,3261658.0,1694786.0,1893946.0,1202029.0,3846215.0,2442858.0,3212.0,11794.0,7196798.0,13031.0,151455.46321167325
2021-02-03T00:00:00.000000,9575.0,5391,4182,7952.0,996.0,2354.0,9773551.0,6266025.0,3530021.0,1784678.0,2043912.0,1336337.0,4185648.0,2653197.0,3334.0,12028.0,7501950.0,13471.0,173004.29105039733
2021-02-04T00:00:00.000000,9345.0,5206,4139,7783.0,959.0,2208.0,9404440.0,6003283.0,3572653.0,1836472.0,1845336.0,1183793.0,4037277.0,2556013.0,3143.0,11412.0,6539435.0,12938.0,156943.79610434044
2021-02-05T00:00:00.000000,8643.0,4753,3888,7256.0,833.0,2097.0,8759981.0,5654595.0,3353847.0,1747523.0,1776937.0,1164210.0,3929492.0,2584397.0,3098.0,11295.0,6470666.0,11930.0,147299.13561281835
2021-02-06T00:00:00.000000,5467.0,3091,2376,4489.0,540.0,1418.0,5513869.0,3502128.0,2208040.0,1176373.0,1084174.0,706593.0,2578121.0,1674922.0,2110.0,8254.0,4222978.0,7624.0,93277.24660697838
2021-02-07T00:00:00.000000,5496.0,3125,2371,4560.0,529.0,1376.0,5902843.0,3889707.0,2128695.0,1140193.0,1118180.0,742686.0,2627283.0,1750210.0,2034.0,7764.0,4250190.0,7431.0,94713.96599094727
2021-02-08T00:00:00.000000,8623.0,4873,3750,7019.0,881.0,2125.0,8802118.0,5630168.0,3237298.0,1671796.0,1712264.0,1097346.0,3842166.0,2451105.0,3018.0,10867.0,6137990.0,12229.0,139492.65210930322
2021-02-09T00:00:00.000000,9196.0,5160,4036,7628.0,907.0,2238.0,9135753.0,5791710.0,3345114.0,1666948.0,1808611.0,1161678.0,4033509.0,2568400.0,3349.0,11369.0,7323050.0,12572.0,173323.0246258586
2021-02-10T00:00:00.000000,9276.0,5218,4058,7650.0,934.0,2267.0,9446118.0,6020341.0,3430481.0,1787633.0,1750401.0,1096775.0,3993985.0,2497288.0,3317.0,11350.0,7156065.0,12995.0,142961.59680006353
2021-02-11T00:00:00.000000,9278.0,5264,4013,7698.0,975.0,2313.0,9456495.0,6056097.0,3342127.0,1769602.0,2028232.0,1353913.0,4069563.0,2590623.0,3335.0,11492.0,6385624.0,13024.0,160957.58327047864
2021-02-12T00:00:00.000000,8180.0,4585,3589,6752.0,825.0,1980.0,8045407.0,5027025.0,3149180.0,1646882.0,1700717.0,1105211.0,3376536.0,2076531.0,2884.0,10863.0,6233035.0,11431.0,143462.27533433636
2021-02-13T00:00:00.000000,5176.0,2920,2254,4215.0,477.0,1303.0,5342929.0,3429548.0,1923652.0,1006588.0,974106.0,629375.0,2405743.0,1545334.0,1886.0,7186.0,3817071.0,6941.0,98908.54037992153
2021-02-14T00:00:00.000000,4891.0,2804,2087,4040.0,434.0,1298.0,5235142.0,3389766.0,1749707.0,912264.0,1032813.0,715721.0,2484830.0,1578912.0,1905.0,6404.0,3449382.0,7193.0,90743.42813855135
2021-02-15T00:00:00.000000,7775.0,4479,3296,6512.0,839.0,2011.0,8197836.0,5238348.0,2785756.0,1472501.0,1718344.0,1147132.0,3642541.0,2318958.0,2920.0,9379.0,6171602.0,11396.0,110789.53731704157
2021-02-16T00:00:00.000000,8506.0,4888,3618,7137.0,931.0,2085.0,8998080.0,5864461.0,3193248.0,1726395.0,1898839.0,1238746.0,3796793.0,2473076.0,2940.0,10331.0,6370445.0,12084.0,144730.4527952633
2021-02-17T00:00:00.000000,9237.0,5151,4086,7516.0,922.0,2218.0,9020330.0,5703877.0,3490095.0,1807572.0,1740095.0,1090469.0,4053761.0,2599505.0,3181.0,10945.0,6423230.0,13190.0,170899.2357431748
2021-02-18T00:00:00.000000,9213.0,5305,3908,7705.0,941.0,2303.0,9241291.0,5788960.0,3222110.0,1675839.0,1835476.0,1176511.0,4017918.0,2512494.0,3258.0,10728.0,7109905.0,13008.0,166653.36164870957
2021-02-19T00:00:00.000000,8491.0,4739,3748,7068.0,802.0,2103.0,8467731.0,5306063.0,3145116.0,1674283.0,1670075.0,1073656.0,3704559.0,2335223.0,3029.0,9713.0,5926881.0,11395.0,147121.95300603437
2021-02-20T00:00:00.000000,5645.0,3154,2491,4536.0,515.0,1416.0,5758335.0,3733540.0,2189891.0,1172796.0,1032776.0,660402.0,2578338.0,1662565.0,2057.0,6903.0,4208809.0,7453.0,107281.06800521856
2021-02-21T00:00:00.000000,5047.0,2925,2122,4195.0,500.0,1266.0,5323988.0,3441745.0,1905888.0,988565.0,991007.0,640693.0,2258470.0,1445615.0,1823.0,5998.0,3549989.0,7342.0,87942.80451694257
2021-02-22T00:00:00.000000,8031.0,4686,3341,6767.0,923.0,1993.0,8310455.0,5292350.0,2806274.0,1451026.0,1781203.0,1163896.0,3670276.0,2347725.0,2803.0,9411.0,6085973.0,12021.0,142365.74873584547
2021-02-23T00:00:00.000000,8707.0,4918,3789,7274.0,899.0,2172.0,8890782.0,5717839.0,3052926.0,1564616.0,1858874.0,1220715.0,3911549.0,2545755.0,3124.0,10749.0,6071397.0,12272.0,153191.40991840255
2021-02-24T00:00:00.000000,8888.0,5104,3783,7541.0,970.0,2198.0,8940419.0,5577734.0,3114027.0,1570283.0,1822273.0,1143659.0,3823659.0,2378258.0,3083.0,10790.0,6504651.0,13051.0,145906.329855189
2021-02-25T00:00:00.000000,8860.0,5002,3858,7283.0,983.0,2111.0,9060675.0,5839548.0,3174696.0,1675332.0,2024232.0,1341286.0,3689597.0,2323564.0,3099.0,10939.0,6875834.0,12280.0,141237.72187168206
2021-02-26T00:00:00.000000,8161.0,4510,3651,6601.0,838.0,1954.0,8257428.0,5380515.0,3068272.0,1593914.0,1722982.0,1141020.0,3566217.0,2314103.0,2952.0,10547.0,6501195.0,11302.0,135439.6915577174
2021-02-27T00:00:00.000000,4931.0,2828,2103,4065.0,505.0,1270.0,5218255.0,3425748.0,1922546.0,1066185.0,1049744.0,705291.0,2317669.0,1519243.0,1826.0,5502.0,3302832.0,6821.0,84769.06307561435
2021-02-28T00:00:00.000000,5103.0,2896,2207,4163.0,527.0,1224.0,5232997.0,3420388.0,1803946.0,923303.0,1128296.0,750242.0,2119238.0,1349208.0,1749.0,6604.0,3882688.0,7343.0,90803.42560565753
2021-03-01T00:00:00.000000,8013.0,4739,3274,6715.0,881.0,1983.0,8487948.0,5445378.0,2616498.0,1277544.0,1699128.0,1055197.0,3686121.0,2412100.0,2815.0,9291.0,6315099.0,11676.0,132404.10923475446
2021-03-02T00:00:00.000000,8492.0,4906,3584,7085.0,942.0,2113.0,9169291.0,5984712.0,2967370.0,1556265.0,2031523.0,1350442.0,3975096.0,2603957.0,3020.0,10457.0,6081514.0,12147.0,149558.46251470307
2021-03-03T00:00:00.000000,8726.0,5059,3667,7313.0,998.0,2159.0,8878922.0,5583457.0,2961570.0,1517699.0,1917871.0,1223143.0,3869546.0,2462319.0,3011.0,10113.0,6390368.0,11990.0,142505.21447025513
2021-03-04T00:00:00.000000,8912.0,5136,3776,7413.0,988.0,2143.0,8796629.0,5458159.0,3168200.0,1651698.0,1837530.0,1162672.0,3737245.0,2300729.0,3053.0,11858.0,6827953.0,12657.0,162632.798944233
2021-03-05T00:00:00.000000,8021.0,4516,3501,6707.0,895.0,1936.0,8278387.0,5318947.0,2898464.0,1532071.0,1885932.0,1272425.0,3503493.0,2215950.0,2850.0,10471.0,5545829.0,10940.0,147570.75054674983
2021-03-06T00:00:00.000000,5132.0,2958,2174,4153.0,517.0,1306.0,5501898.0,3581752.0,1822167.0,941962.0,1040624.0,651781.0,2432044.0,1576353.0,1887.0,5798.0,3338385.0,7267.0,106822.74977255469
2021-03-07T00:00:00.000000,5084.0,2939,2145,4186.0,551.0,1220.0,5429344.0,3515930.0,1826693.0,948912.0,1072523.0,690776.0,2347470.0,1519702.0,1716.0,6731.0,3654140.0,7263.0,97731.19108037655
2021-03-08T00:00:00.000000,7887.0,4567,3320,6490.0,907.0,1924.0,8276308.0,5301883.0,2683194.0,1372768.0,1904462.0,1255680.0,3396314.0,2188489.0,2797.0,9523.0,5740284.0,11550.0,143474.1998210014
2021-03-09T00:00:00.000000,8410.0,4796,3613,7149.0,941.0,1988.0,8382243.0,5254603.0,2809244.0,1436693.0,1901253.0,1233707.0,3480174.0,2185135.0,2806.0,10734.0,6295501.0,11993.0,142637.66018970901
2021-03-10T00:00:00.000000,8885.0,5063,3820,7417.0,998.0,2143.0,9069736.0,5748674.0,3237726.0,1760425.0,1912159.0,1202592.0,3875482.0,2495639.0,3175.0,10456.0,6641541.0,12352.0,151520.2297537189
2021-03-11T00:00:00.000000,8597.0,5016,3581,7184.0,1002.0,2114.0,8989204.0,5756550.0,2981997.0,1568543.0,1953207.0,1245387.0,3813288.0,2458366.0,3048.0,9800.0,5998525.0,12414.0,147301.60700157666
2021-03-12T00:00:00.000000,7786.0,4568,3218,6564.0,883.0,1963.0,8154038.0,5221803.0,2562145.0,1288863.0,1880722.0,1262940.0,3535700.0,2277825.0,2791.0,9572.0,5789286.0,11436.0,125994.21787844275
2021-03-13T00:00:00.000000,5083.0,2891,2191,4186.0,482.0,1257.0,5457436.0,3619003.0,1786668.0,943539.0,1104241.0,754001.0,2316065.0,1505329.0,1795.0,6267.0,3617265.0,6847.0,100757.44428732207
2021-03-14T00:00:00.000000,4868.0,2834,2034,4062.0,489.0,1269.0,5321459.0,3464119.0,1665448.0,868383.0,1024362.0,695419.0,2328385.0,1521389.0,1871.0,6930.0,4075197.0,7235.0,95200.39671716065
2021-03-15T00:00:00.000000,7779.0,4545,3232,6515.0,859.0,1922.0,8314283.0,5380157.0,2568851.0,1329934.0,1888057.0,1299800.0,3486684.0,2227260.0,2778.0,8577.0,6108053.0,11473.0,137784.79649818395
2021-03-16T00:00:00.000000,8544.0,4935,3607,7085.0,981.0,2052.0,8918530.0,5688085.0,2871013.0,1460120.0,2008868.0,1316299.0,3708546.0,2334675.0,2884.0,10652.0,6158350.0,12697.0,156898.4886829374
2021-03-17T00:00:00.000000,8768.0,5060,3708,7093.0,937.0,2076.0,9121532.0,5853774.0,3082653.0,1601736.0,2022534.0,1358880.0,3789990.0,2433877.0,2958.0,9519.0,6688246.0,12619.0,132081.2840116657
2021-03-18T00:00:00.000000,8363.0,4834,3529,7131.0,945.0,2002.0,9008576.0,5938969.0,3025735.0,1632046.0,2049090.0,1414701.0,3695068.0,2410424.0,2883.0,12011.0,6031358.0,11911.0,127997.1667379052
2021-03-19T00:00:00.000000,7742.0,4492,3248,6474.0,892.0,1868.0,8250920.0,5288633.0,2612888.0,1309116.0,1874548.0,1258479.0,3489958.0,2245414.0,2628.0,9771.0,5806207.0,11079.0,136091.61443588173
2021-03-20T00:00:00.000000,4919.0,2799,2120,3988.0,499.0,1216.0,5377319.0,3564805.0,1834869.0,986539.0,1046897.0,706147.0,2282257.0,1510018.0,1804.0,6535.0,3654462.0,6752.0,90717.35205558932
2021-03-21T00:00:00.000000,4980.0,2893,2087,4119.0,529.0,1252.0,5531709.0,3682620.0,1717390.0,882891.0,1100523.0,736141.0,2466247.0,1641170.0,1846.0,5650.0,3277302.0,7210.0,91902.83080282825
2021-03-22T00:00:00.000000,7740.0,4552,3188,6454.0,836.0,1966.0,8252870.0,5330665.0,2744873.0,1460361.0,1699869.0,1122701.0,3402574.0,2131572.0,2849.0,8515.0,5806254.0,11484.0,136463.97099082422
2021-03-23T00:00:00.000000,8155.0,4681,3472,6948.0,916.0,1961.0,8522938.0,5474577.0,2799877.0,1409712.0,1770481.0,1134025.0,3490045.0,2240120.0,2755.0,9143.0,5632545.0,11973.0,147769.4459513468
2021-03-24T00:00:00.000000,8441.0,4878,3563,7019.0,926.0,2017.0,8563774.0,5419454.0,2798637.0,1420177.0,1837611.0,1200619.0,3558880.0,2242591.0,2879.0,8861.0,5931719.0,11844.0,142117.00255138832
2021-03-25T00:00:00.000000,8517.0,4833,3684,7056.0,926.0,1977.0,8296750.0,5244622.0,2937412.0,1487747.0,1756204.0,1140460.0,3415653.0,2146126.0,2734.0,10003.0,6084688.0,11769.0,150683.95663014616
2021-03-26T00:00:00.000000,7826.0,4479,3343,6423.0,811.0,1889.0,8256992.0,5305908.0,2778098.0,1440329.0,1765417.0,1211623.0,3434638.0,2181549.0,2679.0,9476.0,4950648.0,10671.0,138734.1241387954
2021-03-27T00:00:00.000000,4663.0,2656,2007,3823.0,454.0,1141.0,4926762.0,3223674.0,1696913.0,915919.0,1020913.0,694338.0,2074716.0,1354435.0,1683.0,5463.0,4199267.0,6596.0,89464.3140309245
2021-03-28T00:00:00.000000,4490.0,2574,1916,3798.0,444.0,1103.0,4721563.0,3016309.0,1555659.0,779602.0,934910.0,619587.0,1921432.0,1220599.0,1615.0,5054.0,3237880.0,6434.0,89511.46406704902
2021-03-29T00:00:00.000000,7186.0,4254,2932,6056.0,830.0,1759.0,7676993.0,4917279.0,2440756.0,1305503.0,1658611.0,1080251.0,3170545.0,2019503.0,2531.0,7465.0,5179315.0,10866.0,125643.97591429605
2021-03-30T00:00:00.000000,7551.0,4363,3188,6366.0,838.0,1795.0,7904167.0,5073597.0,2592149.0,1391994.0,1769328.0,1181946.0,3121395.0,1936910.0,2587.0,9280.0,5866630.0,11095.0,132569.1957462348
2021-03-31T00:00:00.000000,8003.0,4591,3412,6698.0,887.0,1904.0,8487318.0,5495497.0,2652184.0,1354597.0,1770115.0,1160592.0,3492450.0,2258670.0,2713.0,8526.0,5886867.0,11244.0,132439.84413123844
2021-04-01T00:00:00.000000,7620.0,4279,3338,6326.0,781.0,1798.0,7827584.0,5045790.0,2753282.0,1431442.0,1590093.0,1045434.0,3311148.0,2138782.0,2570.0,9879.0,5434376.0,10633.0,117883.7445844981
2021-04-02T00:00:00.000000,6270.0,3544,2726,5185.0,654.0,1458.0,6579576.0,4298812.0,2181539.0,1111454.0,1300336.0,852255.0,2728671.0,1771668.0,2217.0,7495.0,4976486.0,8732.0,110991.43508228722
2021-04-03T00:00:00.000000,4659.0,2624,2035,3855.0,462.0,1090.0,4753362.0,3011458.0,1722952.0,923655.0,896740.0,568228.0,1949348.0,1240821.0,1640.0,6588.0,3570612.0,6501.0,83055.75237586873
2021-04-04T00:00:00.000000,4263.0,2488,1775,3582.0,425.0,1045.0,4626996.0,3047973.0,1535706.0,845504.0,950297.0,657363.0,1926900.0,1246657.0,1492.0,4590.0,2671970.0,5747.0,72514.48549475847
2021-04-05T00:00:00.000000,6302.0,3638,2664,5270.0,705.0,1471.0,6531051.0,4260686.0,2244209.0,1146748.0,1397794.0,929666.0,2556775.0,1650977.0,2100.0,7102.0,4154911.0,9316.0,100776.39909610384
2021-04-06T00:00:00.000000,7788.0,4443,3344,6363.0,860.0,1825.0,8297179.0,5381776.0,2676901.0,1342036.0,1912199.0,1262651.0,3300096.0,2136779.0,2590.0,8916.0,5614601.0,11780.0,125010.97786620143
2021-04-07T00:00:00.000000,8216.0,4704,3512,6899.0,900.0,1958.0,8501049.0,5450785.0,2875160.0,1526113.0,1927058.0,1276911.0,3519188.0,2249376.0,2882.0,10259.0,6344904.0,11335.0,135455.32845815536
2021-04-08T00:00:00.000000,8053.0,4591,3462,6697.0,849.0,1917.0,8355671.0,5319074.0,2743446.0,1437270.0,1834474.0,1219864.0,3405842.0,2145908.0,2781.0,11677.0,5878690.0,11548.0,139826.94695683362
2021-04-09T00:00:00.000000,7434.0,4363,3068,6171.0,821.0,1916.0,8156574.0,5239325.0,2667645.0,1419413.0,1843375.0,1262997.0,3383935.0,2115590.0,2691.0,8176.0,4970455.0,10467.0,123120.34723801512
2021-04-10T00:00:00.000000,4496.0,2666,1830,3744.0,487.0,1180.0,4773473.0,3086127.0,1588704.0,841525.0,991048.0,637557.0,2140551.0,1400467.0,1712.0,4970.0,3169652.0,6246.0,86949.51344239138
2021-04-11T00:00:00.000000,4585.0,2702,1883,3828.0,479.0,1116.0,4911122.0,3233629.0,1586515.0,802260.0,1150764.0,809703.0,1952616.0,1259180.0,1647.0,5817.0,3818111.0,6466.0,88464.4724861061
2021-04-12T00:00:00.000000,7017.0,4143,2872,5958.0,856.0,1717.0,7566053.0,4842301.0,2322929.0,1163317.0,1776442.0,1176028.0,3121647.0,1992941.0,2542.0,9208.0,5244127.0,10668.0,120226.0845309215
2021-04-13T00:00:00.000000,7718.0,4496,3222,6331.0,869.0,1830.0,8008482.0,5080066.0,2649872.0,1412602.0,1734727.0,1140622.0,3183013.0,1988892.0,2610.0,8901.0,5558958.0,11493.0,127449.78466201697
2021-04-14T00:00:00.000000,7510.0,4350,3160,6271.0,834.0,1789.0,7824685.0,5017120.0,2559416.0,1320486.0,1709360.0,1102220.0,3248854.0,2106691.0,2529.0,8805.0,5567542.0,10869.0,130753.62611782721
2021-04-15T00:00:00.000000,7671.0,4505,3166,6363.0,884.0,1783.0,8043104.0,5200378.0,2534894.0,1305664.0,1690177.0,1090585.0,3165071.0,2031484.0,2567.0,8429.0,5135347.0,11232.0,135296.07095064598
2021-04-16T00:00:00.000000,7315.0,4327,2988,6214.0,868.0,1809.0,7831481.0,5014940.0,2413750.0,1254778.0,1683163.0,1082496.0,3328657.0,2146220.0,2550.0,8951.0,5767283.0,10840.0,124738.20846426638
2021-04-17T00:00:00.000000,4591.0,2731,1858,3763.0,531.0,1135.0,5153750.0,3403649.0,1526992.0,819545.0,1039256.0,672973.0,2114545.0,1387977.0,1646.0,4990.0,3109059.0,6607.0,83456.28139569801
2021-04-18T00:00:00.000000,4436.0,2655,1781,3665.0,490.0,1163.0,5160487.0,3447543.0,1561753.0,842978.0,1075880.0,737574.0,2302124.0,1563285.0,1628.0,4688.0,3201189.0,6204.0,72372.65097540342
2021-04-19T00:00:00.000000,6966.0,4097,2868,5897.0,824.0,1667.0,7552580.0,4908714.0,2325024.0,1208774.0,1721542.0,1177904.0,3138835.0,2014834.0,2358.0,7049.0,4371801.0,10172.0,118419.67823122397
2021-04-20T00:00:00.000000,7482.0,4363,3119,6312.0,864.0,1731.0,7893067.0,5066772.0,2490005.0,1308762.0,1705228.0,1087086.0,3195079.0,2095244.0,2455.0,8461.0,5164602.0,10608.0,125738.25352237548
2021-04-21T00:00:00.000000,7788.0,4572,3216,6672.0,979.0,1789.0,8153546.0,5221893.0,2629754.0,1334047.0,1991425.0,1310250.0,3169819.0,2041336.0,2559.0,10328.0,6457174.0,11571.0,139649.48554370448
2021-04-22T00:00:00.000000,7918.0,4630,3286,6536.0,867.0,1914.0,8307301.0,5265191.0,2532665.0,1305517.0,1699264.0,1091577.0,3398148.0,2165747.0,2662.0,9471.0,5543695.0,11490.0,131823.40326500637
2021-04-23T00:00:00.000000,6873.0,4032,2840,5793.0,737.0,1681.0,7334891.0,4696932.0,2311926.0,1219909.0,1520946.0,1003135.0,3098720.0,2003133.0,2429.0,8054.0,4993195.0,9560.0,100995.48336530343
2021-04-24T00:00:00.000000,4421.0,2581,1840,3650.0,507.0,1066.0,4734965.0,3104284.0,1471165.0,747073.0,1106655.0,767643.0,1805295.0,1135758.0,1495.0,5026.0,3297887.0,6385.0,77394.1564476488
2021-04-25T00:00:00.000000,4594.0,2727,1867,3756.0,499.0,1150.0,5089956.0,3343930.0,1586964.0,843782.0,990147.0,642603.0,2029225.0,1305521.0,1681.0,4932.0,3488164.0,6676.0,82410.95335632465
2021-04-26T00:00:00.000000,7069.0,4172,2895,5885.0,843.0,1715.0,7726047.0,4936118.0,2349932.0,1257471.0,1746429.0,1134369.0,3041688.0,1898150.0,2396.0,8653.0,4975391.0,11067.0,128731.39226741648
2021-04-27T00:00:00.000000,7389.0,4324,3063,6238.0,846.0,1742.0,7899153.0,5029930.0,2360778.0,1210068.0,1821217.0,1200991.0,3198397.0,2058677.0,2507.0,8268.0,5065607.0,10513.0,124243.1627777539
2021-04-28T00:00:00.000000,7751.0,4476,3275,6494.0,849.0,1839.0,8129477.0,5242736.0,2562836.0,1318846.0,1674884.0,1093498.0,3310967.0,2094155.0,2663.0,8589.0,5586092.0,11201.0,123181.63721556492
2021-04-29T00:00:00.000000,7652.0,4499,3153,6404.0,906.0,1800.0,7932290.0,5017101.0,2525489.0,1335459.0,1813516.0,1207868.0,3041465.0,1853052.0,2555.0,8346.0,5004526.0,10905.0,134258.55578575685
2021-04-30T00:00:00.000000,6677.0,3945,2732,5585.0,776.0,1661.0,7285948.0,4709394.0,2258512.0,1199846.0,1565871.0,1020516.0,3069172.0,1936143.0,2382.0,7655.0,4577375.0,9600.0,110918.38013948256
2021-05-01T00:00:00.000000,4372.0,2600,1768,3638.0,499.0,1120.0,4948036.0,3250924.0,1414930.0,721834.0,1066648.0,722292.0,2143517.0,1434029.0,1803.0,5932.0,4670277.0,6212.0,77582.55405125346
2021-05-02T00:00:00.000000,4303.0,2560,1743,3609.0,460.0,1089.0,4957118.0,3248082.0,1440824.0,748299.0,978222.0,642477.0,2221107.0,1466112.0,1565.0,5339.0,3083468.0,6334.0,74714.10960566885
2021-05-03T00:00:00.000000,6440.0,3763,2675,5434.0,715.0,1570.0,7010612.0,4519758.0,2080810.0,1052308.0,1626229.0,1113579.0,2923553.0,1892944.0,2240.0,7432.0,4695172.0,9637.0,121404.04200719549
2021-05-04T00:00:00.000000,7169.0,4202,2965,6000.0,806.0,1733.0,7774905.0,5037783.0,2443095.0,1299750.0,1597753.0,1030484.0,3273760.0,2137108.0,2438.0,7481.0,4750955.0,10429.0,113732.32519712899
2021-05-05T00:00:00.000000,7385.0,4250,3135,6069.0,862.0,1753.0,7697187.0,4982936.0,2586562.0,1389737.0,1720282.0,1130279.0,3280798.0,2135178.0,2599.0,10561.0,5941067.0,11003.0,126106.87496231479
2021-05-06T00:00:00.000000,7671.0,4538,3132,6535.0,893.0,1801.0,8289929.0,5316152.0,2400476.0,1233261.0,1891648.0,1233507.0,3241376.0,2101238.0,2592.0,9776.0,5800963.0,10853.0,122987.58903008809
2021-05-07T00:00:00.000000,6783.0,3949,2829,5729.0,776.0,1597.0,7346329.0,4735556.0,2193344.0,1119518.0,1629768.0,1047791.0,2946940.0,1914866.0,2292.0,8469.0,4833358.0,9186.0,106352.48028882098
2021-05-08T00:00:00.000000,4306.0,2548,1758,3617.0,452.0,1094.0,4899676.0,3326490.0,1417646.0,689686.0,935000.0,644186.0,2254672.0,1573832.0,1590.0,5067.0,3337967.0,5921.0,71846.1526579214
2021-05-09T00:00:00.000000,4252.0,2546,1706,3526.0,447.0,1046.0,4677870.0,3103169.0,1346321.0,721180.0,887882.0,611082.0,1983249.0,1315865.0,1485.0,4460.0,3173807.0,5833.0,77621.86317604226
2021-05-10T00:00:00.000000,6741.0,4030,2711,5659.0,798.0,1615.0,7307464.0,4692706.0,2073865.0,1023823.0,1537272.0,1007146.0,2886954.0,1821821.0,2301.0,7093.0,4089390.0,9901.0,115563.7104280298
2021-05-11T00:00:00.000000,7275.0,4260,3011,6215.0,839.0,1698.0,7991296.0,5249978.0,2437844.0,1241446.0,1739725.0,1157527.0,3169923.0,2041047.0,2435.0,7488.0,5101676.0,10732.0,122009.85132839067
2021-05-12T00:00:00.000000,7263.0,4202,3061,6134.0,771.0,1752.0,7648656.0,4948552.0,2461640.0,1240002.0,1624997.0,1086786.0,3174343.0,2044978.0,2562.0,8774.0,5773583.0,10387.0,120006.52813407156
2021-05-13T00:00:00.000000,6525.0,3842,2683,5438.0,759.0,1584.0,6731910.0,4296079.0,2119826.0,1094327.0,1456415.0,957977.0,2746612.0,1726533.0,2254.0,6682.0,4529714.0,9439.0,112629.01777279851
2021-05-14T00:00:00.000000,6360.0,3679,2681,5364.0,678.0,1528.0,6734809.0,4340761.0,2245098.0,1130896.0,1435979.0,958658.0,2704540.0,1720382.0,2251.0,7980.0,4891459.0,9148.0,114265.68561448134
2021-05-15T00:00:00.000000,4220.0,2458,1762,3466.0,470.0,1063.0,4541886.0,2967745.0,1467091.0,787081.0,1007822.0,676162.0,1898964.0,1231340.0,1549.0,4685.0,3633655.0,6311.0,76509.46346128208
2021-05-16T00:00:00.000000,4512.0,2577,1935,3739.0,499.0,1087.0,4848757.0,3209066.0,1600864.0,825489.0,1064304.0,715700.0,2097420.0,1424155.0,1576.0,4884.0,2991676.0,6530.0,75252.59917939272
2021-05-17T00:00:00.000000,6776.0,3989,2787,5701.0,789.0,1579.0,7467664.0,4965986.0,2205292.0,1111657.0,1675562.0,1142487.0,2804632.0,1818957.0,2294.0,6746.0,4521274.0,9816.0,100885.67258791545
2021-05-18T00:00:00.000000,7506.0,4357,3147,6228.0,873.0,1703.0,7889575.0,5056646.0,2474031.0,1255526.0,1738001.0,1133608.0,3107852.0,2001048.0,2453.0,8275.0,5340404.0,10687.0,113177.2232942112
2021-05-19T00:00:00.000000,7292.0,4240,3051,6130.0,799.0,1747.0,7871540.0,5090287.0,2494243.0,1282573.0,1661594.0,1093429.0,3284532.0,2147160.0,2470.0,9216.0,5007701.0,10735.0,120496.57998662787
2021-05-20T00:00:00.000000,7520.0,4319,3201,6399.0,889.0,1743.0,7701649.0,4969660.0,2495182.0,1287205.0,1767464.0,1174499.0,3064397.0,1943609.0,2519.0,9367.0,5824592.0,11158.0,128663.92925986962
2021-05-21T00:00:00.000000,6730.0,3980,2750,5675.0,724.0,1644.0,7022632.0,4462412.0,2217857.0,1179746.0,1400538.0,900741.0,2992729.0,1908799.0,2394.0,7997.0,5003289.0,9670.0,116339.77662501577
2021-05-22T00:00:00.000000,4313.0,2536,1777,3571.0,426.0,1079.0,4690165.0,3085409.0,1459364.0,756874.0,868439.0,575427.0,2073308.0,1366135.0,1569.0,4811.0,3280815.0,6199.0,78783.89568425393
2021-05-23T00:00:00.000000,4228.0,2528,1700,3544.0,475.0,1065.0,4767747.0,3214228.0,1350202.0,702881.0,952731.0,631544.0,2087567.0,1436695.0,1565.0,4961.0,3155528.0,6339.0,73390.54788776134
2021-05-24T00:00:00.000000,6146.0,3648,2494,5218.0,706.0,1423.0,6608596.0,4243030.0,1980447.0,1019610.0,1478005.0,1003890.0,2556810.0,1609238.0,2070.0,7194.0,4240901.0,9147.0,101785.38609797381
2021-05-25T00:00:00.000000,7337.0,4344,2993,6136.0,808.0,1800.0,8222286.0,5382041.0,2338151.0,1232211.0,1675411.0,1084830.0,3270079.0,2092495.0,2612.0,9028.0,5300251.0,10606.0,106736.58718458423
2021-05-26T00:00:00.000000,7643.0,4384,3258,6405.0,809.0,1837.0,7785667.0,4990794.0,2577414.0,1331595.0,1536572.0,969624.0,3337868.0,2169142.0,2704.0,9426.0,6480044.0,11101.0,120647.99935619193
2021-05-27T00:00:00.000000,7577.0,4303,3274,6348.0,826.0,1745.0,7735073.0,4923124.0,2550508.0,1316425.0,1732595.0,1172833.0,3107600.0,1957919.0,2538.0,7693.0,5104604.0,10730.0,123967.5274386853
2021-05-28T00:00:00.000000,6566.0,3772,2794,5563.0,713.0,1523.0,6609668.0,4205963.0,2193813.0,1136900.0,1414390.0,926449.0,2552301.0,1592772.0,2217.0,7040.0,4385864.0,9160.0,114376.50883132522
2021-05-29T00:00:00.000000,4242.0,2434,1808,3465.0,399.0,956.0,4474962.0,2997217.0,1462137.0,765226.0,877982.0,615907.0,1736609.0,1148854.0,1397.0,3792.0,2839537.0,5794.0,81969.07750688109
2021-05-30T00:00:00.000000,4177.0,2415,1762,3454.0,443.0,1021.0,4750832.0,3247462.0,1436871.0,782947.0,990176.0,693440.0,1982247.0,1358202.0,1486.0,4790.0,2701300.0,6017.0,67723.76452722847
2021-05-31T00:00:00.000000,6072.0,3643,2429,5252.0,685.0,1485.0,6786624.0,4429377.0,1826915.0,937416.0,1394412.0,916202.0,2780053.0,1789314.0,2140.0,5775.0,4237838.0,8904.0,91694.45868493618
2021-06-01T00:00:00.000000,6849.0,4005,2844,5774.0,745.0,1630.0,7253658.0,4666959.0,2204219.0,1140815.0,1508361.0,1001796.0,3073724.0,1994513.0,2335.0,7109.0,4491235.0,10033.0,112936.6492619216
2021-06-02T00:00:00.000000,7020.0,4154,2865,5952.0,833.0,1678.0,7564645.0,4903014.0,2340347.0,1272613.0,1746299.0,1159184.0,3054831.0,1956572.0,2461.0,8222.0,4737315.0,10538.0,82734.74698938488
2021-06-03T00:00:00.000000,6776.0,3898,2876,5748.0,721.0,1641.0,7069749.0,4574302.0,2322861.0,1216151.0,1467159.0,967470.0,2975369.0,1940542.0,2412.0,7643.0,4683873.0,9614.0,120241.23517680411
2021-06-04T00:00:00.000000,6473.0,3696,2777,5383.0,691.0,1495.0,6660607.0,4262269.0,2214947.0,1150123.0,1391244.0,915805.0,2720213.0,1736486.0,2236.0,7303.0,4539985.0,9065.0,113761.95929114617
2021-06-05T00:00:00.000000,3932.0,2280,1652,3323.0,420.0,928.0,4516639.0,3067195.0,1450304.0,777879.0,931846.0,632208.0,1821219.0,1226772.0,1363.0,4208.0,2847624.0,5457.0,57864.03370112592
2021-06-06T00:00:00.000000,3967.0,2308,1659,3308.0,423.0,918.0,4249116.0,2773759.0,1356365.0,685920.0,944195.0,646731.0,1606054.0,1018287.0,1358.0,3745.0,2583184.0,5649.0,70315.16669931306
2021-06-07T00:00:00.000000,6399.0,3811,2588,5426.0,736.0,1544.0,6985608.0,4523238.0,2031991.0,1025789.0,1622187.0,1097212.0,2511884.0,1549400.0,2185.0,7496.0,4371227.0,9741.0,113393.78224968626
2021-06-08T00:00:00.000000,6809.0,3939,2869,5770.0,760.0,1604.0,6998356.0,4462337.0,2314844.0,1207486.0,1510339.0,1015894.0,2810057.0,1754316.0,2350.0,7247.0,4514638.0,9779.0,102479.22507367258
2021-06-09T00:00:00.000000,7394.0,4295,3097,6212.0,868.0,1660.0,7646581.0,4904598.0,2451718.0,1262528.0,1750101.0,1140861.0,3021315.0,1952781.0,2364.0,8088.0,5119383.0,10452.0,127540.60313049328
2021-06-10T00:00:00.000000,7217.0,4173,3044,6131.0,806.0,1686.0,7633662.0,4914443.0,2401503.0,1222185.0,1616969.0,1046516.0,3052573.0,1945627.0,2504.0,9023.0,5284477.0,10307.0,111459.88074621411
2021-06-11T00:00:00.000000,6365.0,3693,2672,5300.0,715.0,1476.0,6726323.0,4320411.0,2153652.0,1158697.0,1387800.0,879144.0,2645094.0,1660392.0,2115.0,7244.0,4401914.0,8894.0,102882.23012542201
2021-06-12T00:00:00.000000,3836.0,2209,1627,3229.0,361.0,940.0,4023518.0,2660586.0,1274827.0,646917.0,771699.0,528298.0,1703243.0,1114120.0,1397.0,4223.0,2853945.0,5268.0,68946.79851634991
2021-06-13T00:00:00.000000,3890.0,2336,1554,3257.0,394.0,1008.0,4454192.0,2987702.0,1267705.0,694202.0,842054.0,568947.0,1838217.0,1220922.0,1405.0,3499.0,2577105.0,5639.0,67081.23043575748
2021-06-14T00:00:00.000000,6203.0,3699,2504,5254.0,772.0,1489.0,6715278.0,4377462.0,1955270.0,1020319.0,1634123.0,1099589.0,2755266.0,1805558.0,2148.0,7116.0,4539853.0,9182.0,99256.95915151123
2021-06-15T00:00:00.000000,7035.0,4072,2963,5899.0,787.0,1568.0,7374842.0,4762446.0,2344649.0,1221286.0,1483826.0,924844.0,2975639.0,1940392.0,2255.0,7978.0,4769960.0,9683.0,112801.00692650369
2021-06-16T00:00:00.000000,7235.0,4248,2986,6066.0,847.0,1655.0,7610262.0,4904481.0,2224594.0,1135428.0,1726390.0,1136597.0,2918316.0,1863785.0,2394.0,8816.0,5515351.0,10149.0,123275.1087292601
2021-06-17T00:00:00.000000,7194.0,4148,3046,5978.0,844.0,1641.0,7338280.0,4722035.0,2336083.0,1223483.0,1604523.0,1025018.0,2970349.0,1913966.0,2386.0,9062.0,5012102.0,10165.0,115125.59158155341
2021-06-18T00:00:00.000000,6293.0,3679,2614,5312.0,708.0,1467.0,6683938.0,4361155.0,1917409.0,968884.0,1554248.0,1086282.0,2608275.0,1693477.0,2135.0,6320.0,4519051.0,9069.0,104490.05320193426
2021-06-19T00:00:00.000000,3747.0,2203,1544,3104.0,390.0,885.0,4139523.0,2772831.0,1256022.0,637061.0,834170.0,572530.0,1646226.0,1105419.0,1309.0,3902.0,2588848.0,5020.0,56902.733149749314
2021-06-20T00:00:00.000000,3820.0,2269,1551,3200.0,382.0,923.0,4213570.0,2814578.0,1312575.0,728523.0,879323.0,612218.0,1676179.0,1101895.0,1314.0,3674.0,2444585.0,5233.0,58320.87080945274
2021-06-21T00:00:00.000000,6193.0,3698,2494,5256.0,683.0,1477.0,6661017.0,4311883.0,1955472.0,998855.0,1487404.0,1001031.0,2698653.0,1755794.0,2079.0,6314.0,3995988.0,9361.0,106555.08872798017
2021-06-22T00:00:00.000000,6691.0,3931,2759,5670.0,803.0,1532.0,7055575.0,4498431.0,2215650.0,1200105.0,1617585.0,1052631.0,2687164.0,1707797.0,2229.0,7352.0,4801060.0,9117.0,111605.24920898705
2021-06-23T00:00:00.000000,6833.0,3934,2899,5785.0,834.0,1500.0,7296577.0,4787224.0,2331399.0,1197569.0,1652916.0,1095696.0,2853399.0,1860668.0,2168.0,7839.0,5254394.0,9700.0,108230.17174776012
2021-06-24T00:00:00.000000,6712.0,3997,2711,5646.0,840.0,1578.0,7336826.0,4617189.0,2168259.0,1130766.0,1757263.0,1127963.0,2830887.0,1771975.0,2299.0,6919.0,4919751.0,9708.0,104399.02625405387
2021-06-25T00:00:00.000000,6073.0,3522,2551,5133.0,675.0,1416.0,6305956.0,4050700.0,2077278.0,1102993.0,1306352.0,838718.0,2644215.0,1707152.0,2081.0,6481.0,3652467.0,8539.0,80341.76294310037
2021-06-26T00:00:00.000000,3656.0,2125,1524,3047.0,424.0,889.0,3988091.0,2703306.0,1191799.0,625623.0,877047.0,599263.0,1668522.0,1114984.0,1255.0,4060.0,2696938.0,5019.0,64857.67782343272
2021-06-27T00:00:00.000000,3737.0,2144,1593,3128.0,368.0,901.0,3970896.0,2668036.0,1318125.0,668359.0,752716.0,507295.0,1519553.0,973224.0,1328.0,4595.0,2463343.0,5065.0,67249.43450956192
2021-06-28T00:00:00.000000,6292.0,3663,2629,5228.0,667.0,1449.0,6559290.0,4218062.0,2059435.0,1064054.0,1376043.0,908053.0,2503273.0,1583964.0,2118.0,6991.0,4945708.0,8922.0,110172.94522763594
2021-06-29T00:00:00.000000,6747.0,3912,2835,5714.0,805.0,1511.0,6704209.0,4170745.0,2137617.0,1083993.0,1550436.0,985005.0,2548448.0,1605046.0,2155.0,6798.0,4508831.0,9302.0,117981.97800974478
2021-06-30T00:00:00.000000,6671.0,3905,2766,5724.0,773.0,1526.0,6903910.0,4384466.0,2093994.0,1062446.0,1563290.0,1020114.0,2785202.0,1792735.0,2233.0,9561.0,4535348.0,9754.0,110148.95603829589
2021-07-01T00:00:00.000000,6496.0,3791,2705,5485.0,741.0,1518.0,6947239.0,4465663.0,2250659.0,1192969.0,1491803.0,962175.0,2735902.0,1758397.0,2229.0,7794.0,4753614.0,9346.0,95478.17133920986
2021-07-02T00:00:00.000000,6164.0,3578,2586,5163.0,708.0,1456.0,6258585.0,3942338.0,2041343.0,1038656.0,1323856.0,859547.0,2678709.0,1719865.0,2126.0,6701.0,4838927.0,8460.0,100769.45328462735
2021-07-03T00:00:00.000000,3434.0,2008,1426,2854.0,349.0,858.0,3787645.0,2508979.0,1141216.0,611857.0,828340.0,594673.0,1594637.0,1051433.0,1278.0,4055.0,2918723.0,4984.0,55493.477711155305
2021-07-04T00:00:00.000000,3579.0,2144,1435,2965.0,400.0,888.0,3973641.0,2649849.0,1157136.0,620874.0,757891.0,495015.0,1649764.0,1116467.0,1290.0,3833.0,2314815.0,4889.0,50951.033348840494
2021-07-05T00:00:00.000000,5411.0,3185,2226,4538.0,666.0,1266.0,5686515.0,3669968.0,1782493.0,913742.0,1342161.0,878356.0,2232824.0,1442985.0,1799.0,5797.0,3343531.0,7794.0,81514.46386342825
2021-07-06T00:00:00.000000,6478.0,3781,2697,5531.0,767.0,1454.0,6581047.0,4157103.0,2221644.0,1217954.0,1533261.0,988397.0,2549902.0,1593189.0,2073.0,6393.0,4480509.0,9557.0,112508.62616689637
2021-07-07T00:00:00.000000,6450.0,3739,2711,5452.0,758.0,1468.0,6626262.0,4234662.0,2153951.0,1131889.0,1425284.0,900829.0,2548714.0,1604535.0,2073.0,6738.0,4262732.0,9448.0,101245.41821938968
2021-07-08T00:00:00.000000,6477.0,3818,2655,5492.0,805.0,1463.0,6837256.0,4339480.0,2089534.0,1062116.0,1676696.0,1124865.0,2526176.0,1563133.0,2054.0,6454.0,4221815.0,9348.0,103191.08655789324
2021-07-09T00:00:00.000000,5911.0,3385,2526,4989.0,701.0,1358.0,6071745.0,3854637.0,2040279.0,1042393.0,1347581.0,845196.0,2566917.0,1655593.0,1948.0,6936.0,4443099.0,8462.0,96320.58975386058
2021-07-10T00:00:00.000000,3553.0,2057,1496,2997.0,404.0,842.0,3743554.0,2412709.0,1215441.0,605864.0,756439.0,475973.0,1559706.0,1016689.0,1240.0,3556.0,2451312.0,5054.0,65129.97474195619
2021-07-11T00:00:00.000000,3420.0,1998,1422,2782.0,418.0,811.0,3745376.0,2521710.0,1136703.0,580452.0,850024.0,571064.0,1548240.0,1037921.0,1189.0,3697.0,2310709.0,4775.0,64632.538813860236
2021-07-12T00:00:00.000000,5900.0,3542,2358,5032.0,761.0,1367.0,6345068.0,4112677.0,1832864.0,900347.0,1579171.0,1099579.0,2352289.0,1444139.0,2012.0,6247.0,4017812.0,8695.0,99434.59968102619
2021-07-13T00:00:00.000000,6495.0,3804,2691,5489.0,783.0,1539.0,6920579.0,4447092.0,2108592.0,1117707.0,1582064.0,1073454.0,2760067.0,1768159.0,2206.0,7265.0,4621422.0,9220.0,109516.42253197792
2021-07-14T00:00:00.000000,6686.0,3897,2789,5645.0,783.0,1557.0,7147575.0,4662955.0,2057797.0,1028954.0,1604283.0,1087400.0,2836753.0,1831249.0,2231.0,6757.0,4169995.0,9204.0,114514.7397789891
2021-07-15T00:00:00.000000,6649.0,3867,2782,5574.0,819.0,1478.0,7111473.0,4555833.0,2331818.0,1257943.0,1613909.0,1041944.0,2675167.0,1694659.0,2195.0,8135.0,5136584.0,10057.0,110976.54900915053
2021-07-16T00:00:00.000000,5856.0,3458,2398,5017.0,670.0,1411.0,6383154.0,4147365.0,1878757.0,951866.0,1467474.0,1002847.0,2627849.0,1734013.0,2055.0,6071.0,3688743.0,8134.0,97819.14979008754
2021-07-17T00:00:00.000000,3493.0,2016,1477,2851.0,366.0,857.0,3797115.0,2533011.0,1177543.0,622882.0,724577.0,482131.0,1586035.0,1052659.0,1267.0,3693.0,2436159.0,4750.0,64930.433226567024
2021-07-18T00:00:00.000000,3510.0,2081,1427,2912.0,446.0,821.0,3799978.0,2498469.0,1103411.0,575037.0,826306.0,529078.0,1520459.0,1004539.0,1203.0,4573.0,1915808.0,5095.0,65111.662330399246
2021-07-19T00:00:00.000000,5909.0,3545,2364,4995.0,664.0,1387.0,6279814.0,3998808.0,1827039.0,938724.0,1336526.0,872916.0,2429115.0,1525985.0,1969.0,5950.0,5148539.0,9018.0,87473.06142059459
2021-07-20T00:00:00.000000,5961.0,3527,2433,5012.0,766.0,1392.0,6401217.0,4094860.0,1970753.0,1007514.0,1425712.0,892850.0,2609268.0,1679364.0,2013.0,6259.0,4303169.0,8655.0,100471.9470041221
2021-07-21T00:00:00.000000,6378.0,3779,2597,5291.0,687.0,1551.0,6797532.0,4329776.0,2009351.0,1025927.0,1380225.0,885337.0,2838485.0,1826453.0,2294.0,7753.0,4628643.0,9014.0,109393.64100383762
2021-07-22T00:00:00.000000,6272.0,3662,2610,5325.0,685.0,1442.0,6565495.0,4200630.0,2036675.0,1032910.0,1334193.0,858480.0,2763014.0,1813833.0,2129.0,6449.0,4485850.0,8959.0,102263.62843742053
2021-07-23T00:00:00.000000,5609.0,3288,2321,4779.0,650.0,1305.0,6187354.0,4035944.0,1844225.0,928566.0,1397806.0,934189.0,2427151.0,1575028.0,1871.0,6944.0,3433217.0,8148.0,83872.1627740603
2021-07-24T00:00:00.000000,3386.0,1967,1419,2806.0,338.0,864.0,3766734.0,2490778.0,1140407.0,609420.0,781945.0,525054.0,1576338.0,1038000.0,1256.0,3914.0,2262928.0,4751.0,57956.69190715412
2021-07-25T00:00:00.000000,3371.0,2012,1358,2839.0,354.0,835.0,3692408.0,2426302.0,1078138.0,546386.0,783522.0,540234.0,1440292.0,934072.0,1256.0,3177.0,2209194.0,4880.0,64876.625343592146
2021-07-26T00:00:00.000000,5713.0,3398,2315,4820.0,650.0,1389.0,6032558.0,3828386.0,1675399.0,822952.0,1218342.0,769598.0,2459447.0,1572693.0,1990.0,5968.0,3948883.0,8223.0,97622.16973092059
2021-07-27T00:00:00.000000,6308.0,3699,2609,5394.0,739.0,1494.0,6431547.0,4001374.0,1961398.0,995255.0,1380812.0,856401.0,2577935.0,1618516.0,2181.0,6117.0,4184438.0,9030.0,107752.01695417882
2021-07-28T00:00:00.000000,6629.0,3875,2754,5625.0,790.0,1506.0,6922874.0,4356926.0,2185916.0,1128794.0,1674141.0,1076943.0,2561339.0,1589769.0,2129.0,7174.0,4477480.0,9615.0,109007.7337697422
2021-07-29T00:00:00.000000,6375.0,3674,2700,5406.0,755.0,1480.0,6458618.0,4061923.0,2071783.0,1049378.0,1491095.0,955564.0,2650642.0,1651937.0,2105.0,8219.0,4289594.0,9115.0,109283.06675169381
2021-07-30T00:00:00.000000,6083.0,3473,2610,4959.0,646.0,1439.0,6252969.0,4016473.0,2051491.0,1083349.0,1298844.0,844489.0,2672374.0,1751385.0,2100.0,6460.0,4043048.0,8566.0,86716.1546789689
2021-07-31T00:00:00.000000,3252.0,1847,1405,2690.0,306.0,794.0,3494446.0,2360352.0,1150551.0,619666.0,729105.0,514767.0,1425637.0,936619.0,1151.0,3416.0,2070363.0,4778.0,54377.258726538894
2021-08-01T00:00:00.000000,3530.0,2101,1429,2948.0,403.0,875.0,4022285.0,2707486.0,1163522.0,611520.0,848474.0,585733.0,1630467.0,1100042.0,1268.0,4102.0,2233544.0,5076.0,62514.74230725937
2021-08-02T00:00:00.000000,5537.0,3296,2236,4773.0,655.0,1319.0,5743694.0,3666948.0,1740910.0,875017.0,1301785.0,856123.0,2346578.0,1489348.0,1894.0,6377.0,4023876.0,8034.0,91227.78275812359
2021-08-03T00:00:00.000000,6211.0,3650,2561,5181.0,709.0,1385.0,6600725.0,4155106.0,1959890.0,983521.0,1504210.0,954714.0,2479256.0,1581009.0,2026.0,7055.0,4489977.0,8857.0,91890.78958510599
2021-08-04T00:00:00.000000,6121.0,3573,2548,5238.0,694.0,1446.0,6413938.0,4120817.0,1894913.0,966484.0,1403387.0,937041.0,2638594.0,1700513.0,2112.0,6743.0,4598601.0,8769.0,93358.3405176385
2021-08-05T00:00:00.000000,6454.0,3806,2648,5385.0,737.0,1509.0,6450419.0,4030699.0,2025368.0,1044275.0,1341521.0,833179.0,2638044.0,1646610.0,2207.0,6783.0,4606743.0,8904.0,102155.52938257148
2021-08-06T00:00:00.000000,5759.0,3352,2405,4844.0,688.0,1333.0,5982777.0,3824062.0,2010977.0,1069326.0,1279539.0,817997.0,2410949.0,1533624.0,1934.0,6954.0,3923254.0,8424.0,93946.43055454407
2021-08-07T00:00:00.000000,3263.0,1919,1344,2758.0,357.0,798.0,3342495.0,2190730.0,1083746.0,553043.0,687824.0,470906.0,1376619.0,892409.0,1221.0,3463.0,2828025.0,4864.0,55461.25393287608
2021-08-08T00:00:00.000000,3414.0,1991,1423,2844.0,363.0,809.0,3567351.0,2309578.0,1158893.0,594058.0,734223.0,491353.0,1426277.0,932413.0,1199.0,3610.0,2263355.0,4692.0,65022.926853581455
2021-08-09T00:00:00.000000,5869.0,3412,2457,4835.0,646.0,1382.0,5901619.0,3730763.0,1917611.0,992024.0,1304983.0,869405.0,2340140.0,1468891.0,2081.0,6928.0,3822777.0,8840.0,97648.89348801872
2021-08-10T00:00:00.000000,5958.0,3533,2425,5066.0,656.0,1383.0,6242888.0,3966703.0,1910866.0,1040940.0,1348269.0,906791.0,2490597.0,1573354.0,1971.0,5983.0,4182143.0,8831.0,90794.90015595523
2021-08-11T00:00:00.000000,6354.0,3696,2658,5298.0,773.0,1495.0,6664653.0,4282378.0,2199829.0,1165803.0,1602649.0,1067934.0,2630846.0,1657116.0,2165.0,6563.0,3918007.0,9223.0,104344.86585908743
2021-08-12T00:00:00.000000,6298.0,3635,2663,5271.0,704.0,1396.0,6411345.0,4027970.0,2106656.0,1103461.0,1533114.0,1018343.0,2409026.0,1523791.0,2063.0,6535.0,3831142.0,8778.0,106647.87062788564
2021-08-13T00:00:00.000000,5626.0,3250,2376,4696.0,594.0,1363.0,5970858.0,3820239.0,1898334.0,984328.0,1256628.0,816330.0,2519353.0,1640713.0,1983.0,7266.0,3741921.0,7791.0,90930.55809135591
2021-08-14T00:00:00.000000,3196.0,1882,1314,2760.0,332.0,774.0,3630394.0,2470137.0,1108464.0,578361.0,743432.0,534736.0,1369219.0,880098.0,1132.0,5249.0,2353865.0,5026.0,51842.67147476484
2021-08-15T00:00:00.000000,3212.0,1908,1302,2702.0,353.0,771.0,3535635.0,2357563.0,1030655.0,516048.0,789145.0,535752.0,1382495.0,908286.0,1130.0,3598.0,1992256.0,4540.0,61614.2962019228
2021-08-16T00:00:00.000000,5591.0,3277,2314,4713.0,629.0,1329.0,5938822.0,3804541.0,1743124.0,891850.0,1164431.0,722953.0,2524297.0,1623746.0,1879.0,5890.0,3711433.0,8007.0,81076.66749118335
2021-08-17T00:00:00.000000,6057.0,3486,2571,5135.0,740.0,1369.0,6271427.0,4072181.0,2035158.0,1022224.0,1386062.0,895186.0,2564485.0,1684336.0,1986.0,7370.0,4488324.0,8974.0,100574.67402412805
2021-08-18T00:00:00.000000,6267.0,3648,2619,5343.0,693.0,1525.0,6429240.0,4035992.0,2138672.0,1127367.0,1226473.0,752569.0,2676313.0,1669183.0,2221.0,6709.0,4739820.0,9078.0,98809.14259853649
2021-08-19T00:00:00.000000,6257.0,3582,2675,5182.0,684.0,1453.0,6386939.0,4017492.0,2109285.0,1107710.0,1491651.0,990553.0,2617628.0,1637046.0,2111.0,6993.0,4335742.0,8829.0,99732.90868750909
2021-08-20T00:00:00.000000,5403.0,3196,2207,4596.0,580.0,1258.0,5811868.0,3752427.0,1761502.0,913130.0,1118047.0,705570.0,2322349.0,1510553.0,1839.0,5642.0,3926620.0,7505.0,86410.28639091339
2021-08-21T00:00:00.000000,3207.0,1870,1337,2687.0,335.0,817.0,3630924.0,2425810.0,1085230.0,571931.0,654764.0,435277.0,1630638.0,1095121.0,1245.0,3512.0,2408948.0,4511.0,57057.640804581446
2021-08-22T00:00:00.000000,3305.0,1955,1350,2782.0,357.0,793.0,3664421.0,2416246.0,1108858.0,621686.0,771559.0,510490.0,1582221.0,1077948.0,1152.0,3671.0,2908124.0,4900.0,63490.13744137108
2021-08-23T00:00:00.000000,5702.0,3419,2281,4779.0,665.0,1351.0,6059464.0,3845328.0,1753034.0,879566.0,1311315.0,839365.0,2431219.0,1564385.0,1980.0,5403.0,4422225.0,8460.0,87666.07006419972
2021-08-24T00:00:00.000000,5974.0,3480,2494,5143.0,667.0,1348.0,6239735.0,3961315.0,1960019.0,1026343.0,1374304.0,889042.0,2379041.0,1517187.0,1965.0,5729.0,3794692.0,8771.0,91399.55168190377
2021-08-25T00:00:00.000000,6430.0,3773,2657,5423.0,771.0,1530.0,6761482.0,4343008.0,2153213.0,1121059.0,1609377.0,1085587.0,2704191.0,1720343.0,2243.0,8203.0,4970002.0,9057.0,108767.43857549736
2021-08-26T00:00:00.000000,6369.0,3694,2675,5302.0,708.0,1408.0,6574285.0,4193899.0,2149568.0,1143647.0,1383408.0,876096.0,2592144.0,1664961.0,2105.0,7068.0,4445034.0,8985.0,114964.8086370069
2021-08-27T00:00:00.000000,5451.0,3146,2305,4610.0,601.0,1278.0,5685728.0,3616838.0,1866969.0,990260.0,1253285.0,847046.0,2294203.0,1440429.0,1923.0,5950.0,3895150.0,8104.0,82955.95078516548
2021-08-28T00:00:00.000000,3391.0,2015,1376,2818.0,401.0,801.0,3839138.0,2518387.0,1148465.0,604204.0,888767.0,600329.0,1503738.0,980815.0,1207.0,3249.0,2224406.0,5491.0,52525.54082804322
2021-08-29T00:00:00.000000,3478.0,2066,1412,2930.0,369.0,855.0,3779377.0,2485969.0,1096670.0,577880.0,749151.0,512238.0,1595655.0,1062146.0,1259.0,3636.0,2944174.0,5568.0,58599.317139511535
2021-08-30T00:00:00.000000,5384.0,3180,2204,4544.0,630.0,1298.0,5645013.0,3650936.0,1719793.0,863173.0,1165757.0,749213.0,2398840.0,1561167.0,1892.0,5183.0,3632490.0,8218.0,90538.04956110842
2021-08-31T00:00:00.000000,6044.0,3510,2532,4984.0,683.0,1422.0,6226459.0,3978267.0,1960352.0,998225.0,1440086.0,972555.0,2365968.0,1450607.0,2135.0,6920.0,4506033.0,8950.0,100043.95719982825
2021-09-01T00:00:00.000000,6116.0,3581,2535,5199.0,708.0,1377.0,6621619.0,4349756.0,1911701.0,1015554.0,1473197.0,987999.0,2458402.0,1565208.0,2105.0,6578.0,4097378.0,9359.0,88865.0002872412
2021-09-02T00:00:00.000000,6190.0,3621,2569,5284.0,709.0,1445.0,6405543.0,4111574.0,2136499.0,1152079.0,1375119.0,893319.0,2608094.0,1693987.0,2123.0,6481.0,4405170.0,9471.0,84418.16647751024
2021-09-03T00:00:00.000000,5411.0,3144,2267,4662.0,612.0,1276.0,5809558.0,3678764.0,1821119.0,953735.0,1248662.0,791883.0,2272597.0,1403445.0,1882.0,6407.0,4204340.0,7907.0,90860.54425622031
2021-09-04T00:00:00.000000,3201.0,1875,1326,2646.0,328.0,746.0,3563891.0,2401497.0,1086184.0,569101.0,659377.0,450409.0,1412867.0,940655.0,1103.0,3395.0,2296223.0,4908.0,51151.37434549835
2021-09-05T00:00:00.000000,3200.0,1863,1337,2702.0,326.0,786.0,3520308.0,2329621.0,1126275.0,586205.0,697699.0,478668.0,1441340.0,940210.0,1154.0,3433.0,2241163.0,4854.0,54352.274840892955
2021-09-06T00:00:00.000000,5073.0,3010,2063,4329.0,652.0,1182.0,5440884.0,3484351.0,1543374.0,774757.0,1295787.0,847151.0,2197665.0,1390017.0,1748.0,5486.0,5090179.0,7535.0,84521.21613536378
2021-09-07T00:00:00.000000,5716.0,3358,2358,4804.0,647.0,1357.0,6055782.0,3907792.0,1787233.0,926871.0,1245282.0,804386.0,2522311.0,1640319.0,2043.0,7485.0,5644897.0,8828.0,89061.29482049876
2021-09-08T00:00:00.000000,6023.0,3463,2560,5112.0,664.0,1350.0,6269828.0,4034098.0,1984737.0,1025550.0,1391161.0,947040.0,2551377.0,1638992.0,2024.0,6507.0,4698673.0,8655.0,91570.0387718788
2021-09-09T00:00:00.000000,6028.0,3478,2550,5141.0,696.0,1381.0,6361036.0,4104903.0,1979193.0,1005731.0,1363356.0,887603.0,2617867.0,1698770.0,1934.0,7018.0,4084816.0,8832.0,93411.0587086879
2021-09-10T00:00:00.000000,5155.0,3019,2136,4390.0,611.0,1183.0,5374979.0,3384889.0,1649302.0,831552.0,1255923.0,831952.0,2031861.0,1246760.0,1677.0,5632.0,3229265.0,7765.0,84396.37592778368
2021-09-11T00:00:00.000000,3292.0,1854,1436,2674.0,345.0,767.0,3476496.0,2265752.0,1202659.0,661895.0,675190.0,444220.0,1469997.0,957300.0,1144.0,3556.0,2509347.0,4986.0,48893.40406766084
2021-09-12T00:00:00.000000,3198.0,1907,1291,2659.0,336.0,788.0,3406523.0,2194569.0,1111744.0,585667.0,614328.0,386068.0,1468420.0,950174.0,1170.0,3789.0,2349188.0,4786.0,57534.2023386765
2021-09-13T00:00:00.000000,5538.0,3321,2217,4760.0,710.0,1281.0,6028561.0,3935781.0,1698168.0,869028.0,1346693.0,867167.0,2333978.0,1528414.0,1826.0,6340.0,4020770.0,8160.0,77392.2209997378
2021-09-14T00:00:00.000000,6011.0,3583,2428,5176.0,737.0,1408.0,6285504.0,3995623.0,1937100.0,1018390.0,1513332.0,994710.0,2388649.0,1489433.0,2066.0,5993.0,4189553.0,8821.0,98352.97548454523
2021-09-15T00:00:00.000000,6090.0,3664,2426,5337.0,798.0,1434.0,6574097.0,4179662.0,1890486.0,997121.0,1572099.0,1022350.0,2575801.0,1636858.0,2057.0,8031.0,4270479.0,9189.0,98083.38864080865
2021-09-16T00:00:00.000000,6231.0,3692,2539,5349.0,773.0,1386.0,6544200.0,4182050.0,1973142.0,1031143.0,1541369.0,1013414.0,2539204.0,1642345.0,2000.0,6517.0,4071137.0,9558.0,106314.87002772135
2021-09-17T00:00:00.000000,5600.0,3261,2339,4794.0,637.0,1274.0,6088010.0,3983658.0,1722453.0,850169.0,1314638.0,871402.0,2347264.0,1520003.0,1857.0,6600.0,3607858.0,8331.0,82318.6518541641
2021-09-18T00:00:00.000000,3429.0,2013,1416,2872.0,341.0,795.0,3622559.0,2323085.0,1103370.0,608340.0,694582.0,446753.0,1373051.0,854647.0,1171.0,4026.0,2420685.0,5084.0,55319.62050648122
2021-09-19T00:00:00.000000,3219.0,1928,1291,2746.0,366.0,802.0,3481960.0,2273792.0,1040939.0,551459.0,736465.0,505343.0,1506106.0,975476.0,1117.0,3067.0,2321177.0,4741.0,53058.55303338348
2021-09-20T00:00:00.000000,5417.0,3249,2168,4646.0,626.0,1262.0,5924250.0,3864984.0,1728445.0,969843.0,1328297.0,888395.0,2252663.0,1455134.0,1855.0,5797.0,3605604.0,8158.0,91530.2144794175
2021-09-21T00:00:00.000000,5789.0,3435,2354,4903.0,684.0,1334.0,6366924.0,4192618.0,1874629.0,1013379.0,1476494.0,1014139.0,2327428.0,1514213.0,1956.0,6216.0,4627788.0,8866.0,95777.48707606955
2021-09-22T00:00:00.000000,6485.0,3699,2786,5335.0,742.0,1486.0,6128632.0,3741730.0,2256127.0,1221434.0,1435409.0,907597.0,2548548.0,1575295.0,2151.0,6690.0,4281173.0,9456.0,117941.09113289017
2021-09-23T00:00:00.000000,6225.0,3657,2568,5252.0,740.0,1377.0,6189222.0,3926174.0,2054258.0,1090504.0,1444143.0,954321.0,2386609.0,1530996.0,2059.0,6733.0,4775100.0,9036.0,115391.30883885386
2021-09-24T00:00:00.000000,5496.0,3225,2271,4719.0,688.0,1225.0,5631362.0,3557912.0,1726038.0,858639.0,1314067.0,808861.0,2078780.0,1329929.0,1795.0,6733.0,3782684.0,8267.0,89879.18870892405
2021-09-25T00:00:00.000000,3472.0,2009,1463,2856.0,327.0,868.0,3633528.0,2402116.0,1142574.0,579565.0,565481.0,371345.0,1632489.0,1088158.0,1322.0,3697.0,2542006.0,4933.0,68495.82463726045
2021-09-26T00:00:00.000000,3422.0,1979,1443,2888.0,369.0,796.0,3557560.0,2347039.0,1159536.0,616595.0,729719.0,479655.0,1403600.0,912030.0,1216.0,3116.0,2349375.0,4876.0,69339.98491836755
2021-09-27T00:00:00.000000,5737.0,3455,2280,4900.0,729.0,1303.0,6188947.0,3995087.0,1845731.0,982941.0,1374977.0,882963.0,2291895.0,1461506.0,1898.0,6737.0,4263412.0,9116.0,89239.35794242987
2021-09-28T00:00:00.000000,6086.0,3580,2504,5096.0,725.0,1330.0,6143218.0,3925959.0,1976327.0,1013272.0,1372103.0,902171.0,2379765.0,1541459.0,1970.0,6872.0,3740569.0,9055.0,100425.05779182444
2021-09-29T00:00:00.000000,5893.0,3441,2451,4939.0,667.0,1338.0,6065235.0,3843415.0,1856250.0,991448.0,1307229.0,847586.0,2395976.0,1511800.0,1953.0,6316.0,4439692.0,8432.0,99390.16956501857
2021-09-30T00:00:00.000000,5992.0,3515,2477,5128.0,694.0,1269.0,6402500.0,4140343.0,2017433.0,1098269.0,1525444.0,1013610.0,2270242.0,1477670.0,1875.0,8332.0,6893440.0,8631.0,101421.94982890085
2021-10-01T00:00:00.000000,5074.0,2971,2101,4363.0,590.0,1180.0,5008387.0,3074956.0,1721652.0,916506.0,1021486.0,606871.0,2076450.0,1306796.0,1730.0,6095.0,3257672.0,7174.0,93870.89959595788
2021-10-02T00:00:00.000000,3076.0,1867,1209,2579.0,330.0,772.0,3451459.0,2274679.0,930358.0,473725.0,674763.0,447975.0,1412763.0,940179.0,1109.0,2743.0,1913906.0,4558.0,59211.19129814901
2021-10-03T00:00:00.000000,3208.0,1954,1254,2705.0,337.0,817.0,3486555.0,2302213.0,969124.0,491231.0,681039.0,460563.0,1481249.0,974365.0,1220.0,2987.0,2573700.0,4771.0,61942.51703877763
2021-10-04T00:00:00.000000,5111.0,3040,2071,4410.0,614.0,1156.0,5523004.0,3560266.0,1586296.0,806665.0,1316530.0,882274.0,2033750.0,1289309.0,1674.0,5879.0,3345346.0,7545.0,85999.19662870483
2021-10-05T00:00:00.000000,5658.0,3414,2244,4835.0,687.0,1309.0,5672730.0,3503745.0,1725007.0,907324.0,1288809.0,796834.0,2157631.0,1340982.0,1889.0,5436.0,3545944.0,8702.0,90992.02100827989
2021-10-06T00:00:00.000000,5972.0,3486,2486,5015.0,688.0,1355.0,6003096.0,3747025.0,1919483.0,976118.0,1298078.0,797707.0,2490575.0,1608728.0,1989.0,6279.0,4356062.0,8919.0,101936.52383444864
2021-10-07T00:00:00.000000,5787.0,3413,2374,4964.0,611.0,1373.0,5969636.0,3810491.0,1772445.0,918147.0,1192166.0,781474.0,2423337.0,1544603.0,2010.0,5672.0,4163980.0,8413.0,103418.32630045505
2021-10-08T00:00:00.000000,5183.0,3066,2117,4453.0,619.0,1269.0,5423166.0,3454535.0,1606978.0,800620.0,1236530.0,783455.0,2159980.0,1361017.0,1819.0,5567.0,3092468.0,7612.0,96524.01385795763
2021-10-09T00:00:00.000000,3183.0,1881,1302,2684.0,315.0,755.0,3328812.0,2154879.0,1101464.0,604452.0,629873.0,412745.0,1332250.0,857407.0,1130.0,3549.0,2198298.0,4517.0,62408.17290807694
2021-10-10T00:00:00.000000,3152.0,1867,1285,2629.0,326.0,760.0,3257032.0,2130736.0,972002.0,476046.0,741160.0,504207.0,1240882.0,808376.0,1146.0,3589.0,2559471.0,4456.0,53691.54166041267
2021-10-11T00:00:00.000000,5279.0,3141,2138,4442.0,649.0,1176.0,5447254.0,3464245.0,1647927.0,844985.0,1267087.0,829726.0,2176777.0,1398415.0,1698.0,5397.0,4015986.0,7709.0,88640.00390469201
2021-10-12T00:00:00.000000,5636.0,3324,2312,4871.0,629.0,1335.0,5892116.0,3789593.0,1938441.0,1041761.0,1322214.0,910215.0,2315658.0,1464321.0,1909.0,5625.0,4152646.0,8291.0,96581.29223762974
2021-10-13T00:00:00.000000,6007.0,3523,2483,5054.0,664.0,1399.0,6230102.0,3987612.0,1968717.0,1024717.0,1398247.0,938747.0,2468170.0,1548487.0,2007.0,5908.0,4267634.0,8785.0,105231.8425259565
2021-10-14T00:00:00.000000,6013.0,3482,2531,5001.0,657.0,1370.0,6105630.0,3835887.0,1971450.0,983789.0,1317481.0,847824.0,2450546.0,1555564.0,1976.0,6567.0,4489997.0,8767.0,99636.44799470875
2021-10-15T00:00:00.000000,5020.0,2925,2095,4228.0,573.0,1188.0,5201651.0,3317864.0,1677419.0,869302.0,1103635.0,707724.0,2247736.0,1469033.0,1750.0,5075.0,3216786.0,7444.0,88533.89508170792
2021-10-16T00:00:00.000000,3191.0,1944,1247,2663.0,350.0,790.0,3499921.0,2260403.0,954156.0,505457.0,664108.0,412809.0,1367018.0,861148.0,1102.0,3112.0,2427608.0,4816.0,56652.98036592542
2021-10-17T00:00:00.000000,3319.0,2013,1306,2788.0,351.0,828.0,3554028.0,2308459.0,1008084.0,523482.0,717353.0,465290.0,1479620.0,951754.0,1205.0,2975.0,2510438.0,4710.0,67113.73785282791
2021-10-18T00:00:00.000000,5288.0,3183,2105,4591.0,660.0,1264.0,5691437.0,3648246.0,1621604.0,884082.0,1322272.0,851114.0,2109730.0,1302358.0,1821.0,4956.0,3796470.0,8054.0,88596.30650049647
2021-10-19T00:00:00.000000,5759.0,3339,2420,4868.0,618.0,1318.0,6061777.0,3930427.0,1818734.0,933984.0,1261488.0,839752.0,2313130.0,1463762.0,1875.0,6286.0,3622451.0,8577.0,98747.95993105826
2021-10-20T00:00:00.000000,5901.0,3548,2353,5116.0,749.0,1357.0,6214413.0,3904979.0,1875775.0,968393.0,1463614.0,948781.0,2378460.0,1485692.0,1918.0,5609.0,3531690.0,9176.0,98970.14160391712
2021-10-21T00:00:00.000000,6227.0,3604,2623,5224.0,722.0,1429.0,6461007.0,4122759.0,2004682.0,1042870.0,1478168.0,950506.0,2510590.0,1556846.0,2086.0,6588.0,5206420.0,9042.0,96173.41862547709
2021-10-22T00:00:00.000000,5548.0,3238,2309,4695.0,665.0,1259.0,5648004.0,3580923.0,1820418.0,998405.0,1313912.0,849927.0,2154663.0,1346253.0,1848.0,5033.0,3439738.0,8148.0,92224.98816484096
2021-10-23T00:00:00.000000,3287.0,1964,1323,2784.0,375.0,805.0,3842936.0,2644162.0,1055365.0,552743.0,856400.0,608443.0,1551663.0,1052015.0,1188.0,3605.0,2311415.0,4742.0,56580.357039522394
2021-10-24T00:00:00.000000,3261.0,1967,1294,2717.0,384.0,779.0,3611256.0,2379827.0,1093395.0,565131.0,829073.0,580110.0,1398943.0,918720.0,1137.0,6252.0,2101774.0,5006.0,56199.03191963751
2021-10-25T00:00:00.000000,5453.0,3271,2182,4668.0,674.0,1283.0,5555252.0,3529880.0,1752662.0,912948.0,1330236.0,871507.0,2169053.0,1365831.0,1782.0,6401.0,3412311.0,8156.0,86999.08784252056
2021-10-26T00:00:00.000000,5863.0,3495,2368,4860.0,698.0,1400.0,6257715.0,4007461.0,1853948.0,978127.0,1449825.0,957375.0,2463883.0,1545956.0,1980.0,6484.0,4290714.0,8861.0,92798.24776513662
2021-10-27T00:00:00.000000,6116.0,3641,2474,5133.0,738.0,1396.0,6322302.0,4032188.0,2021067.0,1087361.0,1380027.0,896457.0,2361283.0,1478409.0,2036.0,6778.0,3929774.0,9152.0,100664.31771632476
2021-10-28T00:00:00.000000,5922.0,3562,2360,5047.0,713.0,1382.0,6136684.0,3877334.0,1887966.0,986125.0,1387380.0,903617.0,2413075.0,1534446.0,1979.0,6271.0,4325561.0,8773.0,108359.52645243367
2021-10-29T00:00:00.000000,5046.0,3053,1993,4356.0,636.0,1224.0,5568788.0,3619470.0,1650405.0,897190.0,1292106.0,846439.0,2274526.0,1482334.0,1751.0,5084.0,3756505.0,7529.0,90632.12684144294
2021-10-30T00:00:00.000000,2688.0,1594,1094,2283.0,289.0,631.0,2914671.0,1939426.0,910066.0,466856.0,572975.0,379925.0,1049626.0,678749.0,905.0,2911.0,2162110.0,3830.0,47706.606169387676
2021-10-31T00:00:00.000000,3162.0,1904,1258,2613.0,348.0,788.0,3475696.0,2301046.0,1051395.0,573339.0,741285.0,523504.0,1439202.0,955802.0,1158.0,3428.0,2507398.0,4656.0,61046.81156784973
2021-11-01T00:00:00.000000,4712.0,2961,1751,4020.0,630.0,1126.0,5026027.0,3164988.0,1304045.0,641799.0,1233485.0,803142.0,1857766.0,1157485.0,1579.0,5485.0,3611537.0,7473.0,91122.3327674242
2021-11-02T00:00:00.000000,5329.0,3239,2090,4569.0,689.0,1236.0,5723093.0,3654840.0,1568985.0,846528.0,1296386.0,855507.0,2249505.0,1431151.0,1799.0,5927.0,3672622.0,8196.0,88962.15234749077
2021-11-03T00:00:00.000000,5705.0,3429,2276,4977.0,696.0,1343.0,6394817.0,4145947.0,1784088.0,917585.0,1465270.0,975406.0,2477375.0,1564220.0,1915.0,6968.0,4739333.0,8894.0,91384.544455073
2021-11-04T00:00:00.000000,5577.0,3310,2267,4731.0,663.0,1338.0,5796601.0,3653903.0,1813432.0,951074.0,1269473.0,807005.0,2286586.0,1437480.0,1886.0,5824.0,3696512.0,8510.0,104037.12937022236
2021-11-05T00:00:00.000000,5062.0,3010,2052,4228.0,591.0,1193.0,5682060.0,3745220.0,1642448.0,832038.0,1313818.0,884093.0,2232653.0,1450252.0,1682.0,6942.0,3698771.0,7482.0,78979.01586207162
2021-11-06T00:00:00.000000,3155.0,1905,1250,2592.0,364.0,796.0,3646833.0,2456910.0,1047669.0,545016.0,719078.0,492137.0,1577215.0,1061279.0,1118.0,3492.0,2422549.0,4617.0,60381.47059322129
2021-11-07T00:00:00.000000,3199.0,1934,1265,2678.0,332.0,786.0,3652343.0,2432852.0,1049701.0,555259.0,826671.0,587259.0,1398800.0,918575.0,1111.0,3932.0,2391976.0,4971.0,61401.49642488361
2021-11-08T00:00:00.000000,5262.0,3198,2064,4457.0,703.0,1209.0,5648047.0,3656586.0,1604077.0,849141.0,1377472.0,904677.0,2136332.0,1375785.0,1741.0,5087.0,3582954.0,8433.0,96533.39676638159
2021-11-09T00:00:00.000000,5683.0,3407,2274,4953.0,747.0,1303.0,6021702.0,3889768.0,1773959.0,940466.0,1391550.0,909607.0,2261330.0,1454769.0,1953.0,6076.0,3941128.0,8758.0,98675.47400834292
2021-11-10T00:00:00.000000,5738.0,3500,2238,4933.0,743.0,1375.0,6053480.0,3791424.0,1791854.0,952789.0,1283519.0,787630.0,2433783.0,1554227.0,1930.0,6374.0,4083101.0,8774.0,95656.20310412697
2021-11-11T00:00:00.000000,5713.0,3490,2223,4870.0,762.0,1331.0,6096392.0,3875953.0,1757098.0,911654.0,1449767.0,927166.0,2412402.0,1564241.0,1895.0,6185.0,4323414.0,8690.0,98425.98880044324
2021-11-12T00:00:00.000000,5289.0,3180,2109,4566.0,667.0,1220.0,5599749.0,3583499.0,1644594.0,864108.0,1304385.0,831549.0,2258775.0,1461447.0,1757.0,5689.0,3689144.0,8158.0,97655.14309918015
2021-11-13T00:00:00.000000,3404.0,2073,1330,2872.0,389.0,797.0,3879697.0,2555626.0,1048895.0,540432.0,728127.0,470185.0,1547868.0,1036190.0,1121.0,3384.0,2245230.0,5088.0,63130.969580217265
2021-11-14T00:00:00.000000,3263.0,1992,1271,2771.0,369.0,815.0,3652683.0,2401950.0,1034550.0,565258.0,779062.0,537926.0,1458405.0,931891.0,1182.0,3216.0,2625975.0,4807.0,62689.85759513924
2021-11-15T00:00:00.000000,5330.0,3216,2114,4650.0,680.0,1197.0,5947097.0,3890279.0,1629256.0,836841.0,1383074.0,922565.0,2240656.0,1457502.0,1723.0,5210.0,3849061.0,8439.0,87104.06284109525
2021-11-16T00:00:00.000000,5760.0,3454,2306,4996.0,763.0,1262.0,5964840.0,3729162.0,1814205.0,964429.0,1529057.0,992688.0,2158857.0,1321296.0,1765.0,5835.0,4011145.0,8876.0,104310.19765460903
2021-11-17T00:00:00.000000,6152.0,3586,2564,5187.0,784.0,1385.0,6258673.0,3977142.0,2022520.0,1042394.0,1552461.0,1018165.0,2495160.0,1577608.0,1997.0,6582.0,4408164.0,9154.0,104789.0059769943
2021-11-18T00:00:00.000000,5828.0,3480,2348,5014.0,726.0,1353.0,6030501.0,3874802.0,1825642.0,933326.0,1387795.0,926064.0,2328414.0,1463621.0,1935.0,5709.0,4189438.0,8754.0,102610.8959295718
2021-11-19T00:00:00.000000,5373.0,3170,2203,4560.0,653.0,1260.0,5800305.0,3754295.0,1676005.0,871668.0,1247552.0,786900.0,2220885.0,1396397.0,1842.0,5149.0,3558225.0,7856.0,98351.19761063704
2021-11-20T00:00:00.000000,3240.0,1972,1268,2844.0,384.0,785.0,3506735.0,2255214.0,1054366.0,556963.0,719483.0,468040.0,1453803.0,944001.0,1101.0,3149.0,2004265.0,4806.0,64983.69363838593
2021-11-21T00:00:00.000000,3305.0,1999,1306,2781.0,395.0,785.0,3641658.0,2427710.0,1026613.0,536916.0,874041.0,628847.0,1454547.0,963711.0,1142.0,2934.0,2364140.0,4898.0,66143.57569836808
2021-11-22T00:00:00.000000,5325.0,3283,2042,4534.0,682.0,1167.0,5985611.0,3901377.0,1538850.0,806237.0,1348399.0,878151.0,2109237.0,1375015.0,1643.0,5586.0,4131352.0,8424.0,82642.26963866735
2021-11-23T00:00:00.000000,5874.0,3442,2432,4971.0,757.0,1287.0,6144889.0,3930700.0,1865825.0,981764.0,1553624.0,1032779.0,2331272.0,1508667.0,1860.0,6093.0,3747878.0,8532.0,102571.43406227266
2021-11-24T00:00:00.000000,5791.0,3463,2328,4956.0,730.0,1305.0,5883154.0,3732507.0,1772064.0,920846.0,1327367.0,835904.0,2181596.0,1368766.0,1863.0,6086.0,4103240.0,8924.0,97332.66703335065
2021-11-25T00:00:00.000000,5321.0,3128,2193,4545.0,639.0,1207.0,5638514.0,3645338.0,1682699.0,878431.0,1349974.0,901374.0,2167522.0,1402836.0,1709.0,4998.0,3588179.0,8080.0,85327.006170707
2021-11-26T00:00:00.000000,4796.0,2851,1945,4064.0,576.0,1145.0,5144598.0,3315990.0,1570207.0,847836.0,1102863.0,708328.0,2183410.0,1422388.0,1621.0,4450.0,3027165.0,6957.0,82197.03606367839
2021-11-27T00:00:00.000000,3151.0,1844,1307,2642.0,352.0,757.0,3336399.0,2190291.0,1041242.0,529085.0,641927.0,407275.0,1431293.0,964357.0,1069.0,2620.0,2082192.0,4516.0,64252.40193766218
2021-11-28T00:00:00.000000,3423.0,2080,1343,2866.0,421.0,810.0,3789280.0,2497598.0,1065952.0,543162.0,834030.0,561030.0,1481251.0,955583.0,1170.0,3290.0,2467149.0,5411.0,59657.80321612595
2021-11-29T00:00:00.000000,5417.0,3206,2211,4461.0,669.0,1264.0,5503987.0,3487213.0,1756669.0,898171.0,1251903.0,798517.0,2251713.0,1442437.0,1836.0,5191.0,3737971.0,8704.0,95813.17690225961
2021-11-30T00:00:00.000000,5592.0,3388,2204,4788.0,762.0,1304.0,5971865.0,3801948.0,1807553.0,970612.0,1534072.0,1004715.0,2261151.0,1419568.0,1830.0,5243.0,3764039.0,8622.0,89520.84800812359
2021-12-01T00:00:00.000000,5622.0,3377,2245,4904.0,711.0,1308.0,6156868.0,4025945.0,1701590.0,882617.0,1409846.0,943690.0,2364518.0,1543827.0,1851.0,5983.0,3775168.0,8512.0,94810.98519949696
2021-12-02T00:00:00.000000,5650.0,3363,2287,4807.0,722.0,1309.0,6158884.0,4024095.0,1741846.0,889813.0,1511555.0,1024989.0,2301878.0,1476940.0,1822.0,5638.0,3914887.0,8432.0,99084.97546705347
2021-12-03T00:00:00.000000,5225.0,3140,2084,4446.0,635.0,1200.0,5561245.0,3528255.0,1557524.0,781159.0,1245503.0,815208.0,2037047.0,1257099.0,1712.0,5980.0,3708853.0,7790.0,99679.12470518658
2021-12-04T00:00:00.000000,3110.0,1913,1197,2656.0,358.0,734.0,3520489.0,2331574.0,967472.0,521143.0,788758.0,539180.0,1403738.0,921527.0,1086.0,2883.0,1924277.0,4484.0,64234.39393922226
2021-12-05T00:00:00.000000,3350.0,2019,1330,2783.0,408.0,760.0,3718297.0,2474861.0,1115418.0,602470.0,833073.0,556622.0,1442887.0,963373.0,1112.0,3035.0,2325286.0,5166.0,66708.4636029739
2021-12-06T00:00:00.000000,5173.0,3124,2049,4434.0,690.0,1189.0,5589598.0,3553398.0,1575609.0,807684.0,1344482.0,871062.0,2209656.0,1417972.0,1695.0,4774.0,3581475.0,7871.0,87852.42689527076
2021-12-07T00:00:00.000000,5669.0,3354,2315,4876.0,739.0,1251.0,6129036.0,3950928.0,1782989.0,912626.0,1502018.0,983109.0,2331376.0,1517511.0,1857.0,6167.0,4849795.0,8594.0,95967.21572475883
2021-12-08T00:00:00.000000,5623.0,3362,2261,4828.0,703.0,1268.0,5813506.0,3670200.0,1784618.0,965954.0,1317932.0,837186.0,2206176.0,1396840.0,1876.0,5532.0,3954992.0,8356.0,98463.4585183397
2021-12-09T00:00:00.000000,5824.0,3500,2324,4909.0,737.0,1291.0,6174695.0,3955846.0,1794022.0,925493.0,1317446.0,817677.0,2239435.0,1407424.0,1810.0,6353.0,4111601.0,8832.0,90206.26619338895
2021-12-10T00:00:00.000000,5349.0,3074,2275,4454.0,633.0,1177.0,5258146.0,3261056.0,1775693.0,941380.0,1117499.0,677541.0,2106708.0,1348560.0,1691.0,5464.0,3699447.0,7708.0,98601.59955723472
2021-12-11T00:00:00.000000,3097.0,1875,1222,2627.0,389.0,706.0,3503730.0,2309402.0,926163.0,477347.0,853719.0,583633.0,1308349.0,856081.0,1037.0,3050.0,2334573.0,4541.0,61795.54332583906
2021-12-12T00:00:00.000000,3296.0,1971,1325,2801.0,399.0,774.0,3640320.0,2428678.0,1045314.0,553353.0,797925.0,540355.0,1460386.0,982108.0,1108.0,3339.0,2289101.0,5110.0,62395.55615264656
2021-12-13T00:00:00.000000,4950.0,3068,1882,4376.0,704.0,1154.0,5655360.0,3584599.0,1421283.0,742429.0,1499422.0,916851.0,2110332.0,1367556.0,1680.0,5718.0,3554590.0,7547.0,87788.46190161137
2021-12-14T00:00:00.000000,5656.0,3345,2311,4783.0,714.0,1194.0,5943273.0,3661601.0,1708390.0,849322.0,1526846.0,901663.0,2067275.0,1285348.0,1757.0,5762.0,3688794.0,8694.0,105819.01037808433
2021-12-15T00:00:00.000000,5855.0,3476,2379,4983.0,767.0,1308.0,5978340.0,3777198.0,1853200.0,978025.0,1352838.0,841013.0,2322766.0,1487119.0,1896.0,8290.0,4332079.0,8866.0,98730.27752307121
2021-12-16T00:00:00.000000,5600.0,3244,2348,4764.0,688.0,1168.0,5872088.0,3826835.0,1847350.0,954598.0,1303282.0,839289.0,2118975.0,1381474.0,1733.0,6626.0,4075547.0,8303.0,81289.3580925209
2021-12-17T00:00:00.000000,5040.0,2973,2065,4241.0,596.0,1140.0,5437707.0,3507122.0,1595598.0,808222.0,1144274.0,736916.0,2109137.0,1353333.0,1670.0,5845.0,3409126.0,7586.0,85271.02229332399
2021-12-18T00:00:00.000000,2967.0,1765,1202,2564.0,343.0,710.0,3231181.0,2155805.0,998367.0,533291.0,686272.0,457693.0,1331543.0,889424.0,1084.0,3716.0,2257302.0,4245.0,50406.73567338176
2021-12-19T00:00:00.000000,3132.0,1842,1290,2601.0,357.0,751.0,3362717.0,2242139.0,1057262.0,560103.0,759874.0,530431.0,1370249.0,895613.0,1126.0,3379.0,2159307.0,4425.0,53649.81288996511
2021-12-20T00:00:00.000000,4785.0,2854,1930,4141.0,591.0,1137.0,5141745.0,3309202.0,1453307.0,735116.0,1174389.0,763861.0,2055811.0,1320962.0,1669.0,5650.0,3469247.0,7207.0,73004.36360959335
2021-12-21T00:00:00.000000,5154.0,3059,2095,4387.0,653.0,1128.0,5274491.0,3307541.0,1651760.0,888315.0,1221004.0,777742.0,2075584.0,1341484.0,1658.0,5969.0,4022905.0,7804.0,84498.67855092807
2021-12-22T00:00:00.000000,5331.0,3092,2239,4378.0,592.0,1136.0,5535463.0,3569736.0,1730704.0,862021.0,1168416.0,753076.0,2101589.0,1372710.0,1714.0,5667.0,4090923.0,7643.0,98119.5852066935
2021-12-23T00:00:00.000000,4565.0,2674,1891,3875.0,528.0,1025.0,4750288.0,3049980.0,1461885.0,758349.0,975192.0,633805.0,1880896.0,1212749.0,1475.0,4461.0,3331987.0,6548.0,74352.18558668671
2021-12-24T00:00:00.000000,3225.0,1932,1293,2821.0,386.0,731.0,3559307.0,2330201.0,994796.0,518811.0,762549.0,503469.0,1342905.0,893791.0,1073.0,3523.0,2484916.0,4807.0,60574.70512375662
2021-12-25T00:00:00.000000,2218.0,1369,849,1882.0,258.0,561.0,2489887.0,1657607.0,594348.0,299439.0,513230.0,343442.0,1047021.0,702273.0,808.0,2369.0,1580943.0,3218.0,44445.19737725419
2021-12-26T00:00:00.000000,2570.0,1574,996,2193.0,292.0,627.0,2836757.0,1897380.0,789074.0,399125.0,567779.0,390529.0,1216250.0,820721.0,906.0,2570.0,1662236.0,3894.0,48354.79251617649
2021-12-27T00:00:00.000000,4113.0,2444,1669,3478.0,517.0,904.0,4631935.0,3063157.0,1216431.0,623286.0,1099016.0,731223.0,1730168.0,1139843.0,1375.0,4546.0,2947783.0,6327.0,52722.32725378936
2021-12-28T00:00:00.000000,4651.0,2692,1959,3906.0,533.0,1072.0,4875132.0,3190565.0,1611867.0,865925.0,1106140.0,744172.0,1927416.0,1243068.0,1600.0,5131.0,3674831.0,6984.0,63739.75400467197
2021-12-29T00:00:00.000000,4707.0,2764,1943,4028.0,537.0,1110.0,5148502.0,3401008.0,1490507.0,775478.0,1148180.0,763594.0,2127902.0,1424947.0,1619.0,5139.0,3300131.0,7131.0,73521.04397179186
2021-12-30T00:00:00.000000,4408.0,2534,1874,3709.0,515.0,987.0,4461417.0,2833148.0,1481027.0,766322.0,942476.0,607350.0,1788066.0,1154552.0,1454.0,4567.0,2975696.0,6502.0,71134.89475652199
2021-12-31T00:00:00.000000,3145.0,1801,1344,2733.0,367.0,719.0,3370999.0,2197806.0,1055581.0,554754.0,718593.0,452384.0,1376929.0,903550.0,1066.0,3331.0,3248410.0,4644.0,58762.38532133434
2022-01-01T00:00:00.000000,2373.0,1385,988,2009.0,252.0,610.0,2647852.0,1749680.0,849303.0,445347.0,503263.0,340932.0,1186865.0,778576.0,878.0,2555.0,1743257.0,3422.0,43062.62960986859
2022-01-02T00:00:00.000000,2945.0,1740,1205,2487.0,327.0,701.0,3447241.0,2313810.0,932024.0,463834.0,780170.0,561339.0,1408781.0,917317.0,1023.0,2792.0,1816342.0,4386.0,47346.51826475206
2022-01-03T00:00:00.000000,4452.0,2610,1842,3809.0,541.0,987.0,4718723.0,3055392.0,1383905.0,706986.0,1239628.0,838948.0,1719581.0,1116958.0,1441.0,5571.0,4083134.0,6850.0,72182.00149204386
2022-01-04T00:00:00.000000,5308.0,3094,2214,4544.0,618.0,1200.0,5851469.0,3837110.0,1713488.0,869756.0,1238117.0,802855.0,2450225.0,1638632.0,1753.0,5821.0,3974056.0,8334.0,80869.43153707843
2022-01-05T00:00:00.000000,5954.0,3395,2559,4833.0,710.0,1312.0,6114319.0,3866496.0,2033634.0,1065014.0,1404363.0,935398.0,2381796.0,1517253.0,1829.0,6582.0,4381484.0,9124.0,99797.45520139407
2022-01-06T00:00:00.000000,5273.0,3070,2203,4479.0,622.0,1195.0,5391375.0,3420984.0,1677292.0,845010.0,1230252.0,789264.0,2062220.0,1292566.0,1817.0,5458.0,3943357.0,8268.0,91055.12609522295
2022-01-07T00:00:00.000000,5102.0,3000,2102,4370.0,631.0,1150.0,5521135.0,3512815.0,1674470.0,855917.0,1237232.0,772734.0,2083193.0,1328983.0,1617.0,5473.0,3807783.0,7766.0,87326.43466707732
2022-01-08T00:00:00.000000,3385.0,1990,1395,2812.0,373.0,784.0,3568194.0,2280128.0,1071036.0,541749.0,750484.0,493984.0,1413132.0,899907.0,1155.0,3772.0,2503877.0,4910.0,64398.77873835942
2022-01-09T00:00:00.000000,3373.0,2020,1353,2853.0,400.0,816.0,3920300.0,2574933.0,1031775.0,515698.0,1020340.0,734142.0,1427647.0,928361.0,1264.0,3612.0,2747241.0,5238.0,56771.513948892214
2022-01-10T00:00:00.000000,5096.0,3019,2077,4348.0,635.0,1169.0,5563693.0,3605848.0,1620247.0,830686.0,1282718.0,837807.0,2272471.0,1483115.0,1689.0,5123.0,4063672.0,7663.0,77927.23400580017
2022-01-11T00:00:00.000000,5474.0,3254,2220,4691.0,733.0,1177.0,5697316.0,3636359.0,1706518.0,886318.0,1351011.0,873947.0,2161053.0,1377634.0,1687.0,5740.0,4059751.0,8551.0,89431.23319026687
2022-01-12T00:00:00.000000,5729.0,3380,2349,4995.0,734.0,1261.0,6200134.0,3996257.0,1853546.0,992532.0,1505064.0,1006855.0,2416723.0,1564162.0,1825.0,5822.0,4408795.0,8672.0,96338.06792074858
2022-01-13T00:00:00.000000,5476.0,3223,2253,4751.0,694.0,1195.0,5581934.0,3453117.0,1733428.0,886511.0,1433364.0,936266.0,2072163.0,1260211.0,1693.0,5644.0,4163221.0,7902.0,74460.71924982849
2022-01-14T00:00:00.000000,5056.0,3005,2049,4309.0,601.0,1179.0,5637618.0,3591181.0,1702159.0,921361.0,1202139.0,792457.0,2273829.0,1447349.0,1718.0,5339.0,4016957.0,7415.0,83708.79558552188
2022-01-15T00:00:00.000000,3196.0,1897,1295,2727.0,372.0,759.0,3535160.0,2350943.0,1094682.0,577937.0,759676.0,506299.0,1418796.0,943740.0,1082.0,3180.0,2164660.0,4639.0,61518.20653335117
2022-01-16T00:00:00.000000,3237.0,1916,1321,2764.0,372.0,736.0,3694349.0,2497377.0,1025946.0,553638.0,811922.0,550129.0,1364965.0,903849.0,1086.0,3231.0,2228810.0,4702.0,52460.5691966439
2022-01-17T00:00:00.000000,5083.0,3030,2053,4272.0,627.0,1117.0,5494097.0,3548354.0,1646064.0,879134.0,1304399.0,868431.0,2071745.0,1338162.0,1576.0,6006.0,3883614.0,7673.0,75552.63613014761
2022-01-18T00:00:00.000000,5575.0,3326,2249,4852.0,683.0,1286.0,6042454.0,3951243.0,1719607.0,906618.0,1502277.0,1021904.0,2300537.0,1512570.0,1873.0,5677.0,4282906.0,8049.0,87275.09974101599
2022-01-19T00:00:00.000000,5880.0,3540,2340,4953.0,711.0,1345.0,6155053.0,3814638.0,1812578.0,944187.0,1429743.0,929623.0,2382030.0,1491315.0,1883.0,5901.0,4361432.0,8842.0,102021.25873004926
2022-01-20T00:00:00.000000,6015.0,3575,2440,5134.0,727.0,1358.0,6445136.0,4112903.0,1934813.0,966540.0,1351903.0,849167.0,2515985.0,1586679.0,1940.0,5947.0,4463598.0,8772.0,102364.89741309082
2022-01-21T00:00:00.000000,5414.0,3195,2219,4559.0,674.0,1252.0,5728866.0,3675962.0,1726179.0,914479.0,1222126.0,763070.0,2242895.0,1431542.0,1860.0,5846.0,4328062.0,7747.0,88903.825650173
2022-01-22T00:00:00.000000,3405.0,2010,1395,2907.0,439.0,753.0,3734135.0,2482262.0,1131558.0,578851.0,810958.0,518400.0,1359283.0,880105.0,1068.0,3233.0,2455757.0,4969.0,58836.0985527546
2022-01-23T00:00:00.000000,3408.0,2042,1366,2892.0,376.0,856.0,4035548.0,2715124.0,1139007.0,617548.0,922466.0,642206.0,1602615.0,1044185.0,1247.0,2996.0,2366238.0,4938.0,53904.73965284343
2022-01-24T00:00:00.000000,5276.0,3183,2093,4565.0,677.0,1215.0,5815799.0,3757968.0,1641667.0,851008.0,1430769.0,954435.0,2184978.0,1395348.0,1773.0,5331.0,3948640.0,7766.0,81457.90119317408
2022-01-25T00:00:00.000000,5939.0,3493,2443,5017.0,700.0,1382.0,6334997.0,4093912.0,1828474.0,921863.0,1391050.0,913449.0,2456570.0,1536908.0,1980.0,5879.0,4429353.0,8674.0,90406.20474311513
2022-01-26T00:00:00.000000,5528.0,3294,2234,4720.0,706.0,1232.0,5682246.0,3534171.0,1776454.0,886570.0,1316853.0,807336.0,2038363.0,1232716.0,1797.0,5969.0,3966468.0,8085.0,103419.65529015595
2022-01-27T00:00:00.000000,6149.0,3596,2553,5156.0,694.0,1380.0,6418541.0,4111719.0,1995538.0,1023522.0,1520589.0,1027645.0,2318709.0,1446565.0,1983.0,6160.0,4330062.0,8597.0,105900.93028362033
2022-01-28T00:00:00.000000,5300.0,3130,2170,4544.0,621.0,1184.0,5488267.0,3500674.0,1667818.0,861028.0,1324574.0,901889.0,2045281.0,1276097.0,1694.0,5376.0,3537313.0,7688.0,94630.97763268939
2022-01-29T00:00:00.000000,3495.0,2020,1475,2872.0,348.0,819.0,3619556.0,2347592.0,1234552.0,717467.0,790323.0,549095.0,1407614.0,882908.0,1207.0,3379.0,2611283.0,4929.0,58459.41521690388
2022-01-30T00:00:00.000000,3481.0,1992,1489,2874.0,376.0,787.0,3488139.0,2225783.0,1135201.0,582285.0,720914.0,473261.0,1452854.0,925344.0,1118.0,3203.0,2195544.0,4966.0,59886.150296134496
2022-01-31T00:00:00.000000,5195.0,3112,2083,4436.0,681.0,1148.0,5497780.0,3515019.0,1607033.0,833499.0,1365461.0,897391.0,2090899.0,1359347.0,1652.0,4966.0,3990205.0,7501.0,82103.10718414762
2022-02-01T00:00:00.000000,5578.0,3336,2242,4748.0,686.0,1258.0,5619894.0,3509940.0,1653942.0,856200.0,1319349.0,828305.0,2083068.0,1287067.0,1868.0,5901.0,4334839.0,8167.0,92591.72046459759
2022-02-02T00:00:00.000000,5766.0,3410,2356,4928.0,718.0,1293.0,5813102.0,3570646.0,1751652.0,876680.0,1370518.0,858782.0,2217373.0,1353775.0,1927.0,6358.0,5319530.0,8546.0,85946.56044368491
2022-02-03T00:00:00.000000,5946.0,3442,2502,5118.0,709.0,1286.0,5945234.0,3741569.0,1930750.0,1000778.0,1450812.0,968795.0,2151727.0,1327893.0,1933.0,6167.0,4405666.0,8328.0,101278.70507294867
2022-02-04T00:00:00.000000,5421.0,3237,2184,4593.0,653.0,1188.0,5474654.0,3427094.0,1697219.0,871215.0,1137481.0,704720.0,2039803.0,1293733.0,1692.0,5191.0,3836075.0,7713.0,100698.80735343367
2022-02-05T00:00:00.000000,3335.0,1965,1370,2830.0,371.0,774.0,3601429.0,2350084.0,1064321.0,541057.0,754446.0,491104.0,1464571.0,973811.0,1185.0,3364.0,2957141.0,4624.0,66269.49109136098
2022-02-06T00:00:00.000000,3320.0,2001,1319,2780.0,402.0,753.0,3838497.0,2540195.0,1110353.0,599159.0,791763.0,514403.0,1481649.0,984333.0,1116.0,2902.0,3218049.0,4519.0,53324.69651011869
2022-02-07T00:00:00.000000,5546.0,3343,2203,4688.0,686.0,1277.0,5704029.0,3551869.0,1583069.0,781101.0,1183792.0,729184.0,2199545.0,1371926.0,1805.0,4840.0,4219985.0,8033.0,100812.19284218253
2022-02-08T00:00:00.000000,5792.0,3379,2413,4979.0,734.0,1251.0,6273285.0,4080001.0,1820579.0,943686.0,1518132.0,1001748.0,2301748.0,1474236.0,1823.0,6072.0,4187661.0,8266.0,86022.95822520142
2022-02-09T00:00:00.000000,5969.0,3492,2475,5119.0,716.0,1284.0,6248079.0,4033449.0,1901466.0,970559.0,1402837.0,910086.0,2280412.0,1458566.0,1857.0,5691.0,4123680.0,8278.0,106226.2152919357
2022-02-10T00:00:00.000000,5911.0,3480,2431,5012.0,752.0,1278.0,6086827.0,3844507.0,1777130.0,893930.0,1441012.0,925771.0,2266422.0,1429097.0,1798.0,6935.0,4500918.0,8344.0,90664.64153588229
2022-02-11T00:00:00.000000,5407.0,3178,2229,4546.0,646.0,1170.0,5577428.0,3504157.0,1718535.0,889077.0,1246013.0,780156.0,1950924.0,1202197.0,1673.0,5604.0,5259638.0,7284.0,88973.68075345336
2022-02-12T00:00:00.000000,3249.0,1899,1350,2689.0,371.0,716.0,3493696.0,2276321.0,1119565.0,591708.0,760389.0,500664.0,1334702.0,878198.0,1052.0,3177.0,2448365.0,4381.0,56321.990941032556
2022-02-13T00:00:00.000000,3327.0,1957,1370,2780.0,369.0,807.0,3513675.0,2317190.0,1053423.0,553248.0,703340.0,444188.0,1402602.0,917659.0,1148.0,3163.0,2391891.0,4497.0,65746.24960779662
2022-02-14T00:00:00.000000,5077.0,3049,2028,4371.0,619.0,1134.0,5399407.0,3460129.0,1577616.0,839638.0,1188044.0,762658.0,2195625.0,1452417.0,1650.0,5284.0,3804183.0,7202.0,89837.9913639873
2022-02-15T00:00:00.000000,5573.0,3362,2207,4798.0,736.0,1247.0,5718512.0,3471830.0,1605055.0,828988.0,1461808.0,925410.0,2077470.0,1241415.0,1773.0,5349.0,4154934.0,7986.0,94903.04459699112
2022-02-16T00:00:00.000000,5954.0,3585,2369,5114.0,781.0,1331.0,6152035.0,3837635.0,1800231.0,942501.0,1434922.0,896679.0,2309717.0,1448172.0,1905.0,5718.0,4253614.0,8384.0,103372.90975173537
2022-02-17T00:00:00.000000,6043.0,3581,2462,5178.0,735.0,1358.0,6304114.0,4032395.0,1873296.0,972885.0,1320323.0,841983.0,2531697.0,1656338.0,1965.0,5458.0,4654559.0,8533.0,106660.35780139602
2022-02-18T00:00:00.000000,5450.0,3156,2294,4577.0,650.0,1178.0,5388464.0,3412777.0,1782058.0,905530.0,1269683.0,838145.0,2104056.0,1340844.0,1677.0,5268.0,3785611.0,7472.0,90462.0330807651
2022-02-19T00:00:00.000000,3260.0,1947,1313,2778.0,376.0,759.0,3381290.0,2191732.0,1013444.0,551870.0,788009.0,541802.0,1278226.0,804503.0,1082.0,3297.0,2413470.0,4247.0,60137.76521946586
2022-02-20T00:00:00.000000,3461.0,2061,1400,2919.0,393.0,815.0,3655419.0,2384684.0,1169417.0,618934.0,790204.0,527299.0,1473168.0,970786.0,1195.0,3624.0,2853664.0,4720.0,58112.93765582851
2022-02-21T00:00:00.000000,5349.0,3252,2097,4586.0,659.0,1192.0,5714650.0,3646950.0,1445896.0,708707.0,1324244.0,868817.0,2088791.0,1330550.0,1678.0,4669.0,3646317.0,7599.0,100594.34745284167
2022-02-22T00:00:00.000000,5848.0,3486,2362,4951.0,767.0,1282.0,6200105.0,3904447.0,1779021.0,922466.0,1530519.0,996033.0,2383191.0,1538753.0,1791.0,5612.0,4069375.0,8363.0,94538.52572689786
2022-02-23T00:00:00.000000,5818.0,3454,2364,4998.0,759.0,1263.0,6057651.0,3898142.0,1851856.0,967733.0,1484212.0,955427.0,2125698.0,1344193.0,1767.0,5490.0,4074794.0,8542.0,103148.48058184753
2022-02-24T00:00:00.000000,5207.0,3195,2012,4504.0,735.0,1138.0,5584120.0,3562564.0,1454081.0,755053.0,1518106.0,994197.0,1959459.0,1243847.0,1540.0,4602.0,3656741.0,7574.0,86013.01115366825
2022-02-25T00:00:00.000000,4860.0,2856,2004,4079.0,592.0,1074.0,5044763.0,3175252.0,1508619.0,790424.0,1217693.0,807306.0,1966122.0,1239905.0,1542.0,4626.0,3432869.0,6910.0,82704.75957737424
2022-02-26T00:00:00.000000,3077.0,1837,1240,2555.0,357.0,720.0,3467020.0,2329359.0,925454.0,488236.0,727954.0,479356.0,1287671.0,823056.0,1043.0,2958.0,2385677.0,4255.0,60159.2455719925
2022-02-27T00:00:00.000000,2976.0,1822,1154,2515.0,379.0,647.0,3465173.0,2340747.0,898500.0,458098.0,892865.0,623127.0,1145271.0,755284.0,924.0,2536.0,2247808.0,4414.0,54452.79499674434
2022-02-28T00:00:00.000000,4726.0,2940,1786,4061.0,673.0,1032.0,5295726.0,3409938.0,1275583.0,653411.0,1326675.0,878922.0,1915517.0,1236158.0,1464.0,4496.0,3518951.0,7192.0,79147.79888101734
2022-03-01T00:00:00.000000,5059.0,3052,2006,4309.0,694.0,1135.0,5451040.0,3471025.0,1491274.0,748169.0,1337189.0,872370.0,1956497.0,1211677.0,1624.0,4538.0,3605470.0,7413.0,85185.37778108101
2022-03-02T00:00:00.000000,5475.0,3335,2140,4760.0,753.0,1171.0,5744166.0,3542528.0,1569419.0,812915.0,1368318.0,798577.0,2172074.0,1404964.0,1633.0,4623.0,4064583.0,8122.0,98042.09802617689
2022-03-03T00:00:00.000000,5387.0,3288,2099,4593.0,723.0,1181.0,5618389.0,3514845.0,1602402.0,853503.0,1333650.0,832762.0,2063552.0,1290205.0,1644.0,5354.0,3892401.0,7509.0,88764.14385651644
2022-03-04T00:00:00.000000,5072.0,3032,2040,4333.0,659.0,1120.0,5711938.0,3722838.0,1544357.0,785527.0,1335608.0,901540.0,2053506.0,1321825.0,1580.0,4453.0,3453844.0,7111.0,80978.71923526979
2022-03-05T00:00:00.000000,2931.0,1820,1111,2538.0,373.0,692.0,3296761.0,2147289.0,816785.0,407134.0,752887.0,476171.0,1287209.0,841629.0,964.0,2461.0,1912707.0,4168.0,58342.01157328584
2022-03-06T00:00:00.000000,3024.0,1889,1135,2571.0,410.0,679.0,3560936.0,2390382.0,862337.0,451418.0,876566.0,608395.0,1367024.0,916844.0,966.0,2906.0,2215987.0,4379.0,54007.67351285917
2022-03-07T00:00:00.000000,4730.0,2939,1791,4111.0,695.0,1013.0,5404724.0,3482280.0,1360411.0,693281.0,1361023.0,881158.0,1918236.0,1227788.0,1419.0,4301.0,3356212.0,7056.0,78401.26583600677
2022-03-08T00:00:00.000000,5132.0,3152,1980,4492.0,686.0,1116.0,5555941.0,3467126.0,1462257.0,744653.0,1262255.0,811565.0,2049478.0,1305027.0,1563.0,5095.0,3826593.0,7377.0,84210.46701704757
2022-03-09T00:00:00.000000,5401.0,3226,2175,4580.0,713.0,1114.0,5846623.0,3813165.0,1718485.0,908036.0,1484394.0,1007563.0,2055705.0,1330449.0,1573.0,5731.0,3917637.0,7618.0,78535.7009342062
2022-03-10T00:00:00.000000,5457.0,3305,2152,4701.0,668.0,1235.0,5750325.0,3641477.0,1559338.0,792200.0,1380250.0,929399.0,2174245.0,1368671.0,1689.0,5126.0,3987361.0,7573.0,93733.0381262401
2022-03-11T00:00:00.000000,4905.0,2945,1960,4250.0,622.0,1110.0,5328350.0,3437780.0,1607422.0,877442.0,1236316.0,813418.0,1984098.0,1253734.0,1555.0,4261.0,3499509.0,6808.0,77603.95043365084
2022-03-12T00:00:00.000000,2750.0,1635,1113,2309.0,336.0,567.0,2851425.0,1849004.0,895188.0,479246.0,740403.0,517142.0,947346.0,603943.0,803.0,2712.0,2195091.0,3809.0,54459.65035685143
2022-03-13T00:00:00.000000,3107.0,1923,1184,2586.0,398.0,689.0,3478068.0,2251147.0,948508.0,510820.0,794649.0,525027.0,1210469.0,770162.0,966.0,3105.0,2312250.0,4459.0,54931.55994866185
2022-03-14T00:00:00.000000,4952.0,3024,1928,4351.0,673.0,1092.0,5385345.0,3437205.0,1445483.0,742579.0,1255698.0,828542.0,1935551.0,1192014.0,1528.0,4420.0,3826776.0,7296.0,83068.51641435646
2022-03-15T00:00:00.000000,5545.0,3308,2237,4732.0,686.0,1260.0,5945834.0,3844940.0,1673475.0,843161.0,1446391.0,973638.0,2142076.0,1365768.0,1763.0,5600.0,4320215.0,7473.0,91740.40634512994
2022-03-16T00:00:00.000000,5702.0,3397,2304,4870.0,748.0,1164.0,6015230.0,3864365.0,1768923.0,938102.0,1503309.0,978805.0,2058888.0,1306073.0,1715.0,5412.0,4083263.0,8081.0,91413.58824148885
2022-03-17T00:00:00.000000,5505.0,3324,2181,4710.0,701.0,1219.0,5860860.0,3743049.0,1548965.0,781147.0,1389487.0,917346.0,2226879.0,1418423.0,1773.0,5064.0,4122532.0,7818.0,90458.40941429092
2022-03-18T00:00:00.000000,4832.0,2905,1927,4092.0,589.0,1110.0,5340878.0,3421288.0,1386005.0,687505.0,1258695.0,811123.0,1955224.0,1222874.0,1608.0,4238.0,3832133.0,6679.0,92385.68138042274
2022-03-19T00:00:00.000000,3019.0,1823,1196,2604.0,331.0,728.0,3484388.0,2386545.0,876476.0,429243.0,683388.0,450593.0,1467726.0,1016764.0,1063.0,2840.0,2442131.0,4091.0,51038.020095310785
2022-03-20T00:00:00.000000,2964.0,1828,1136,2506.0,367.0,724.0,3363428.0,2224423.0,935814.0,503530.0,699557.0,451657.0,1385891.0,936891.0,1038.0,3147.0,2686288.0,4307.0,55139.86150094795
2022-03-21T00:00:00.000000,5007.0,3135,1872,4340.0,722.0,1147.0,5824150.0,3736354.0,1485162.0,788028.0,1531050.0,1015858.0,2092523.0,1344169.0,1631.0,4136.0,3770842.0,7374.0,71901.1467463312
2022-03-22T00:00:00.000000,5338.0,3261,2077,4584.0,714.0,1178.0,5860380.0,3696586.0,1512420.0,778581.0,1284420.0,787162.0,2268514.0,1468361.0,1686.0,5326.0,4204574.0,7758.0,87627.86486835957
2022-03-23T00:00:00.000000,5608.0,3399,2209,4808.0,755.0,1218.0,6007379.0,3800987.0,1576718.0,802766.0,1359766.0,854249.0,2310795.0,1495141.0,1771.0,5307.0,4946633.0,8181.0,91189.76059118906
2022-03-24T00:00:00.000000,5813.0,3481,2332,4886.0,747.0,1251.0,6173998.0,3931126.0,1700099.0,862935.0,1560926.0,1008588.0,2281932.0,1454629.0,1797.0,5325.0,4477296.0,8154.0,96771.17332161714
2022-03-25T00:00:00.000000,4939.0,2935,2004,4300.0,621.0,1092.0,5140470.0,3188258.0,1562163.0,793845.0,1144627.0,719874.0,1845532.0,1128468.0,1620.0,5356.0,3989378.0,6653.0,85631.52513213478
2022-03-26T00:00:00.000000,3029.0,1842,1187,2549.0,352.0,684.0,3463483.0,2281298.0,818528.0,401501.0,735791.0,486769.0,1258661.0,832689.0,944.0,2180.0,2268710.0,4170.0,55723.008707031615
2022-03-27T00:00:00.000000,2983.0,1879,1104,2517.0,388.0,721.0,3529639.0,2345326.0,890766.0,447437.0,843161.0,571091.0,1273980.0,813820.0,1010.0,2043.0,2031111.0,4295.0,57855.412002451216
2022-03-28T00:00:00.000000,5032.0,3016,2016,4244.0,636.0,1092.0,5377836.0,3398911.0,1496679.0,758605.0,1199249.0,745154.0,1959584.0,1226958.0,1680.0,4100.0,3577268.0,7585.0,90736.4579134169
2022-03-29T00:00:00.000000,5600.0,3340,2260,4784.0,716.0,1172.0,5838198.0,3633085.0,1654141.0,878302.0,1322288.0,819707.0,2084790.0,1284170.0,1626.0,6274.0,3893854.0,8074.0,96724.25831956115
2022-03-30T00:00:00.000000,5747.0,3445,2302,4933.0,790.0,1216.0,6074531.0,3839806.0,1682995.0,870509.0,1544677.0,993520.0,2173953.0,1380423.0,1752.0,5030.0,4045948.0,8222.0,92988.02946303951
2022-03-31T00:00:00.000000,5743.0,3447,2292,4937.0,789.0,1165.0,6246939.0,4023762.0,1625890.0,823553.0,1627235.0,1082098.0,2052499.0,1307943.0,1640.0,5341.0,4377163.0,8289.0,102776.03295949419
2022-04-01T00:00:00.000000,5210.0,2937,2271,4409.0,592.0,1127.0,5418353.0,3504614.0,1695272.0,870189.0,1240444.0,799905.0,2066093.0,1329979.0,1726.0,5103.0,4782003.0,7252.0,92241.47448937818
2022-04-02T00:00:00.000000,2890.0,1731,1157,2470.0,327.0,659.0,3370836.0,2278555.0,900678.0,460250.0,811930.0,578763.0,1216494.0,814503.0,977.0,2670.0,2191280.0,3993.0,46505.661079650534
2022-04-03T00:00:00.000000,3168.0,1939,1229,2657.0,385.0,744.0,3422693.0,2200825.0,972051.0,514568.0,800896.0,530339.0,1320329.0,862820.0,1065.0,2553.0,1800906.0,4574.0,58971.59867397163
2022-04-04T00:00:00.000000,5250.0,3112,2138,4420.0,661.0,1115.0,5493880.0,3452272.0,1705205.0,936587.0,1300992.0,850073.0,1994766.0,1236634.0,1614.0,5109.0,3921881.0,7384.0,94833.28206002704
2022-04-05T00:00:00.000000,5531.0,3320,2211,4717.0,776.0,1200.0,6213654.0,4024082.0,1616564.0,827233.0,1621643.0,1077020.0,2351141.0,1569525.0,1717.0,4626.0,3788112.0,8155.0,88433.89415916998
2022-04-06T00:00:00.000000,5653.0,3465,2188,4840.0,747.0,1250.0,6155515.0,3862792.0,1665162.0,890798.0,1498311.0,967607.0,2261268.0,1424556.0,1702.0,4796.0,4198314.0,7946.0,100411.9408601304
2022-04-07T00:00:00.000000,5775.0,3424,2351,4915.0,743.0,1252.0,6214727.0,4020472.0,1781411.0,940389.0,1298332.0,821190.0,2386357.0,1533762.0,1794.0,5225.0,3917559.0,7957.0,93158.60033927405
2022-04-08T00:00:00.000000,5227.0,3133,2094,4503.0,706.0,1127.0,5422721.0,3417737.0,1593106.0,837692.0,1386888.0,915827.0,1972542.0,1246413.0,1557.0,4553.0,3628928.0,7583.0,87212.93458395118
2022-04-09T00:00:00.000000,3055.0,1894,1161,2613.0,348.0,733.0,3418149.0,2307330.0,939012.0,508903.0,701831.0,499746.0,1322700.0,865742.0,1071.0,3047.0,2407292.0,4385.0,62571.2392141592
2022-04-10T00:00:00.000000,2996.0,1862,1134,2542.0,346.0,659.0,3552362.0,2382232.0,913801.0,489284.0,684514.0,450224.0,1304523.0,870513.0,908.0,2142.0,2242618.0,4130.0,53179.20562114314
2022-04-11T00:00:00.000000,5036.0,3109,1926,4418.0,675.0,1104.0,5693709.0,3691915.0,1461665.0,780502.0,1489469.0,1026712.0,1926877.0,1208324.0,1610.0,4456.0,3556185.0,7430.0,85099.36989890193
2022-04-12T00:00:00.000000,5362.0,3238,2124,4672.0,706.0,1159.0,5981644.0,3892733.0,1621662.0,840558.0,1427981.0,928731.0,2229657.0,1473405.0,1671.0,5999.0,4728605.0,7406.0,84160.12956714115
2022-04-13T00:00:00.000000,5427.0,3265,2162,4619.0,651.0,1221.0,5602997.0,3548604.0,1634144.0,850677.0,1180578.0,746117.0,2138994.0,1340052.0,1750.0,5988.0,3739002.0,7458.0,100281.18305344402
2022-04-14T00:00:00.000000,5012.0,2956,2056,4307.0,606.0,1105.0,5252934.0,3300949.0,1696755.0,878183.0,1233613.0,802966.0,1931942.0,1188322.0,1529.0,5334.0,3597222.0,6911.0,87304.52866969038
2022-04-15T00:00:00.000000,4057.0,2432,1625,3451.0,448.0,914.0,4451979.0,2852936.0,1262791.0,639181.0,820868.0,518485.0,1663437.0,1054556.0,1300.0,3464.0,2975349.0,5682.0,69484.66209866611
2022-04-16T00:00:00.000000,2973.0,1830,1143,2512.0,395.0,675.0,3262812.0,2150065.0,864984.0,450678.0,753876.0,502555.0,1218944.0,815611.0,960.0,2648.0,1964226.0,4192.0,65589.98377012681
2022-04-17T00:00:00.000000,2897.0,1748,1149,2466.0,375.0,641.0,3304738.0,2195688.0,930628.0,488527.0,767124.0,504513.0,1251204.0,844840.0,933.0,3044.0,2185067.0,3903.0,54325.91401000525
2022-04-18T00:00:00.000000,4246.0,2596,1650,3636.0,536.0,927.0,4668677.0,3076572.0,1162883.0,577987.0,1063415.0,724279.0,1716128.0,1134776.0,1369.0,3518.0,2698340.0,6022.0,86851.43082867017
2022-04-19T00:00:00.000000,5210.0,3112,2096,4468.0,693.0,1110.0,5540367.0,3520445.0,1622482.0,864806.0,1349851.0,849930.0,2062724.0,1315016.0,1546.0,4718.0,3811949.0,7467.0,80969.8274874797
2022-04-20T00:00:00.000000,5379.0,3252,2127,4666.0,672.0,1200.0,5946078.0,3840021.0,1551615.0,782436.0,1260237.0,785392.0,2184521.0,1417254.0,1655.0,4831.0,4496584.0,7816.0,96594.09355421225
2022-04-21T00:00:00.000000,5377.0,3206,2171,4602.0,718.0,1140.0,5799772.0,3719686.0,1587279.0,786277.0,1370126.0,865232.0,2112025.0,1389837.0,1624.0,5332.0,4268147.0,7806.0,89130.98734015034
2022-04-22T00:00:00.000000,5173.0,3049,2124,4408.0,663.0,1093.0,5609623.0,3605395.0,1604623.0,855797.0,1377695.0,874809.0,2135542.0,1401080.0,1573.0,4810.0,3133355.0,7272.0,90185.37456226545
2022-04-23T00:00:00.000000,3243.0,1953,1290,2692.0,371.0,759.0,3649141.0,2424436.0,1040809.0,559146.0,715137.0,476202.0,1429598.0,935346.0,1105.0,3484.0,2237142.0,4415.0,54398.67437899714
2022-04-24T00:00:00.000000,3156.0,1946,1210,2670.0,393.0,733.0,3533061.0,2356292.0,1023010.0,572426.0,784874.0,523561.0,1408906.0,959222.0,1080.0,2384.0,1922362.0,4503.0,57516.72054634291
2022-04-25T00:00:00.000000,4840.0,3022,1818,4145.0,647.0,1102.0,5385951.0,3451255.0,1396195.0,774756.0,1361034.0,904782.0,1851517.0,1145394.0,1575.0,4288.0,3179253.0,6849.0,74052.62445887578
2022-04-26T00:00:00.000000,5449.0,3265,2184,4666.0,754.0,1130.0,5975400.0,3883118.0,1637246.0,856552.0,1652031.0,1113911.0,2030805.0,1318290.0,1602.0,4245.0,3654958.0,7826.0,89025.7734847474
2022-04-27T00:00:00.000000,5380.0,3228,2152,4622.0,670.0,1166.0,5625574.0,3541260.0,1497413.0,728731.0,1345178.0,872439.0,1912316.0,1146738.0,1626.0,4350.0,3426406.0,7758.0,100336.97249077377
2022-04-28T00:00:00.000000,5722.0,3382,2340,4837.0,760.0,1222.0,6102886.0,3901069.0,1792027.0,920159.0,1520543.0,983297.0,2230807.0,1411248.0,1713.0,4904.0,3752035.0,8030.0,93272.3360498521
2022-04-29T00:00:00.000000,4891.0,2984,1907,4157.0,641.0,1075.0,5488528.0,3516080.0,1393604.0,724020.0,1313152.0,859722.0,1955059.0,1257432.0,1500.0,3986.0,2949034.0,6838.0,94620.64206080347
2022-04-30T00:00:00.000000,2912.0,1791,1121,2424.0,330.0,671.0,3335434.0,2241308.0,814964.0,403644.0,772109.0,551225.0,1264655.0,838786.0,975.0,2527.0,1843229.0,4022.0,50109.61110347521
2022-05-01T00:00:00.000000,2907.0,1804,1103,2471.0,385.0,633.0,3389425.0,2244679.0,821934.0,412796.0,801153.0,555086.0,1101448.0,686432.0,909.0,2293.0,1807434.0,4253.0,53391.484255281706
2022-05-02T00:00:00.000000,4298.0,2640,1658,3644.0,578.0,965.0,4639448.0,2970580.0,1197006.0,616962.0,1045178.0,654865.0,1733665.0,1104100.0,1366.0,3779.0,3090069.0,6341.0,78672.8342378977
2022-05-03T00:00:00.000000,4655.0,2861,1794,3957.0,552.0,1049.0,4974845.0,3167011.0,1346190.0,687665.0,1127037.0,748657.0,1745792.0,1080674.0,1517.0,3864.0,3407545.0,6756.0,82313.83225290249
2022-05-04T00:00:00.000000,5155.0,3146,2009,4500.0,752.0,1104.0,5775816.0,3731832.0,1526979.0,778474.0,1511611.0,987473.0,2026088.0,1309195.0,1563.0,5129.0,3775728.0,7751.0,84345.34040627963
2022-05-05T00:00:00.000000,5165.0,3097,2068,4437.0,695.0,1076.0,5760727.0,3697107.0,1513887.0,744299.0,1384376.0,909052.0,1996770.0,1255908.0,1567.0,4634.0,4097880.0,7655.0,86722.42846640463
2022-05-06T00:00:00.000000,5056.0,2926,2130,4259.0,638.0,1060.0,4941925.0,3175126.0,1628737.0,839458.0,1153300.0,740899.0,1799455.0,1148964.0,1517.0,4241.0,2820561.0,7039.0,100543.10180205967
2022-05-07T00:00:00.000000,2977.0,1740,1237,2526.0,316.0,651.0,3154734.0,2111728.0,961105.0,485695.0,618023.0,412372.0,1175731.0,765680.0,944.0,2306.0,2131155.0,3766.0,49885.28613998808
2022-05-08T00:00:00.000000,3102.0,1904,1198,2609.0,370.0,633.0,3493930.0,2353705.0,871518.0,454765.0,846546.0,608055.0,1214169.0,809129.0,888.0,2209.0,1993788.0,4060.0,52229.43128780137
2022-05-09T00:00:00.000000,4724.0,2864,1858,4067.0,631.0,945.0,4894846.0,3109169.0,1336081.0,650821.0,1262424.0,831084.0,1666534.0,1040179.0,1318.0,3627.0,2927369.0,6863.0,82399.71372594102
2022-05-10T00:00:00.000000,5395.0,3254,2141,4726.0,725.0,1148.0,5951625.0,3850599.0,1600508.0,814345.0,1502090.0,1002185.0,2081468.0,1300171.0,1629.0,4695.0,3366630.0,7572.0,67180.19513238776
2022-05-11T00:00:00.000000,5309.0,3203,2106,4558.0,704.0,1076.0,5688671.0,3530561.0,1446053.0,719709.0,1362045.0,857318.0,1930728.0,1191234.0,1523.0,4822.0,3277436.0,7734.0,79655.22242764657
2022-05-12T00:00:00.000000,5367.0,3080,2287,4570.0,714.0,1031.0,5530475.0,3494711.0,1723972.0,889492.0,1430250.0,961779.0,1911830.0,1183077.0,1491.0,4532.0,3335620.0,7355.0,89936.56525800211
2022-05-13T00:00:00.000000,4757.0,2785,1972,4089.0,595.0,1023.0,4929865.0,3175826.0,1547852.0,772144.0,1183620.0,776969.0,1774234.0,1132502.0,1460.0,4114.0,3004572.0,6660.0,72141.64649334355
2022-05-14T00:00:00.000000,2907.0,1750,1157,2481.0,302.0,656.0,3018575.0,1937249.0,921923.0,505798.0,625400.0,412181.0,1108921.0,705035.0,955.0,3617.0,1892761.0,3810.0,56968.65838013512
2022-05-15T00:00:00.000000,2984.0,1840,1144,2540.0,370.0,674.0,3276680.0,2184900.0,873031.0,444144.0,826310.0,583847.0,1218113.0,812142.0,994.0,2231.0,1825348.0,4440.0,58129.45427638711
2022-05-16T00:00:00.000000,4824.0,2901,1923,4184.0,607.0,1046.0,5317744.0,3419480.0,1467125.0,769769.0,1275439.0,863271.0,1993277.0,1295896.0,1433.0,3771.0,3110436.0,6787.0,87900.68423115122
2022-05-17T00:00:00.000000,5507.0,3253,2254,4642.0,739.0,1151.0,5909377.0,3890600.0,1626188.0,820862.0,1491754.0,1009898.0,2175942.0,1427993.0,1678.0,5040.0,3677269.0,7999.0,91920.85862706258
2022-05-18T00:00:00.000000,5519.0,3271,2248,4794.0,743.0,1117.0,5732493.0,3612923.0,1674503.0,848710.0,1409828.0,925367.0,2125447.0,1356339.0,1635.0,4407.0,3089534.0,8019.0,98658.81280051987
2022-05-19T00:00:00.000000,5475.0,3246,2229,4713.0,712.0,1163.0,5677592.0,3601311.0,1654991.0,840327.0,1334195.0,858840.0,2179323.0,1410842.0,1632.0,5518.0,3529732.0,7670.0,95417.12506780248
2022-05-20T00:00:00.000000,4976.0,3001,1975,4282.0,687.0,1039.0,5576901.0,3624642.0,1509271.0,798236.0,1432201.0,930625.0,1987473.0,1307511.0,1486.0,4160.0,3147479.0,7184.0,78499.00621485167
2022-05-21T00:00:00.000000,2836.0,1690,1146,2448.0,331.0,616.0,3231626.0,2198546.0,964547.0,507259.0,689266.0,484740.0,1218846.0,825300.0,885.0,2171.0,1731065.0,4027.0,49451.70863195008
2022-05-22T00:00:00.000000,2887.0,1669,1218,2364.0,329.0,638.0,3072574.0,2063722.0,920918.0,465985.0,769578.0,539024.0,1103013.0,731368.0,929.0,2400.0,1770896.0,4048.0,57767.223010681344
2022-05-23T00:00:00.000000,4816.0,2877,1939,4116.0,603.0,1068.0,5252337.0,3427623.0,1490412.0,748014.0,1293280.0,871357.0,1882886.0,1201966.0,1509.0,4241.0,2842884.0,7116.0,79849.19808282432
2022-05-24T00:00:00.000000,5267.0,3148,2119,4462.0,662.0,1141.0,5708068.0,3727411.0,1598158.0,826388.0,1296398.0,877259.0,2215311.0,1472967.0,1653.0,4814.0,3743022.0,7394.0,78944.41221383434
2022-05-25T00:00:00.000000,5241.0,3145,2096,4573.0,698.0,1150.0,5716085.0,3729566.0,1548804.0,768713.0,1372419.0,905786.0,2080856.0,1357277.0,1690.0,5026.0,4134395.0,7388.0,85448.3452849556
2022-05-26T00:00:00.000000,5223.0,3065,2158,4420.0,674.0,1117.0,5417951.0,3495950.0,1615989.0,844349.0,1269594.0,820319.0,1936605.0,1243789.0,1567.0,4180.0,3011187.0,7417.0,76860.62907989578
2022-05-27T00:00:00.000000,4668.0,2765,1903,4053.0,605.0,988.0,4924131.0,3074083.0,1454682.0,762600.0,1226064.0,798989.0,1787067.0,1106809.0,1419.0,4656.0,3602114.0,6541.0,86985.79825697566
2022-05-28T00:00:00.000000,2858.0,1736,1122,2397.0,353.0,639.0,3214779.0,2135549.0,852192.0,432423.0,800074.0,562942.0,1159586.0,780366.0,939.0,2519.0,2083189.0,4023.0,44079.23661676682
2022-05-29T00:00:00.000000,2826.0,1732,1094,2356.0,360.0,638.0,3207463.0,2138938.0,872507.0,485787.0,692747.0,462468.0,1160536.0,756141.0,856.0,1907.0,1350355.0,4156.0,51202.29954622102
2022-05-30T00:00:00.000000,4628.0,2841,1787,3989.0,633.0,1037.0,5147264.0,3377161.0,1370238.0,726732.0,1226627.0,787844.0,2014058.0,1362195.0,1434.0,3707.0,3181477.0,6560.0,71605.01310714142
2022-05-31T00:00:00.000000,5307.0,3128,2179,4480.0,668.0,1120.0,5691311.0,3711354.0,1649031.0,862344.0,1336943.0,876030.0,2022952.0,1304609.0,1553.0,4720.0,3738800.0,7427.0,88844.45304640871
2022-06-01T00:00:00.000000,5075.0,2941,2133,4321.0,666.0,972.0,5262190.0,3407449.0,1605461.0,830205.0,1267268.0,807181.0,1808312.0,1196093.0,1338.0,4111.0,3007329.0,7134.0,77046.31250340537
2022-06-02T00:00:00.000000,5139.0,3028,2111,4416.0,651.0,1104.0,5551215.0,3609953.0,1611371.0,879196.0,1424933.0,982012.0,1861063.0,1150254.0,1536.0,4728.0,3387065.0,7020.0,82293.96248637115
2022-06-03T00:00:00.000000,4595.0,2671,1924,3841.0,566.0,948.0,4860483.0,3166516.0,1554452.0,836694.0,1144769.0,758236.0,1791307.0,1168355.0,1365.0,4326.0,3240054.0,6443.0,74372.88246816157
2022-06-04T00:00:00.000000,2711.0,1639,1070,2276.0,358.0,614.0,3120558.0,2082820.0,781646.0,397774.0,782132.0,544054.0,1082717.0,699292.0,874.0,1960.0,1589076.0,3703.0,49830.26756738819
2022-06-05T00:00:00.000000,2824.0,1683,1141,2359.0,321.0,646.0,3125124.0,2075986.0,992671.0,567713.0,659914.0,447307.0,1227911.0,801352.0,949.0,2331.0,1859263.0,4034.0,49822.85699828229
2022-06-06T00:00:00.000000,4467.0,2666,1800,3828.0,548.0,997.0,4770901.0,3073724.0,1399416.0,736301.0,1089433.0,745361.0,1828684.0,1187997.0,1404.0,3913.0,2816839.0,6334.0,67299.28344574357
2022-06-07T00:00:00.000000,5040.0,2992,2047,4330.0,687.0,1041.0,5365894.0,3416241.0,1501020.0,758448.0,1296722.0,835538.0,1904018.0,1210045.0,1435.0,5118.0,2889061.0,7261.0,78679.72780609256
2022-06-08T00:00:00.000000,5433.0,3186,2247,4693.0,697.0,1142.0,6070859.0,4012121.0,1716120.0,871238.0,1460746.0,975536.0,2298841.0,1529279.0,1614.0,4648.0,3415928.0,7763.0,86126.3102846674
2022-06-09T00:00:00.000000,5285.0,3110,2173,4491.0,732.0,1108.0,5454816.0,3456175.0,1727547.0,944831.0,1407268.0,903929.0,1925463.0,1192293.0,1593.0,4899.0,3194596.0,7414.0,87383.5619239151
2022-06-10T00:00:00.000000,4576.0,2705,1871,3956.0,533.0,972.0,4801902.0,3078047.0,1439143.0,739312.0,1170314.0,808700.0,1655753.0,1048544.0,1397.0,3693.0,2666997.0,6312.0,74214.77462562345
2022-06-11T00:00:00.000000,2795.0,1677,1118,2323.0,285.0,657.0,3139173.0,2085091.0,863296.0,442738.0,575457.0,374828.0,1264196.0,868439.0,899.0,2316.0,1884322.0,3742.0,47697.073658384565
2022-06-12T00:00:00.000000,2748.0,1682,1066,2346.0,345.0,622.0,3381133.0,2295547.0,827053.0,418168.0,890808.0,608667.0,1238217.0,845731.0,911.0,1888.0,1535266.0,3802.0,44006.58364689615
2022-06-13T00:00:00.000000,4806.0,2875,1928,4136.0,647.0,982.0,4956391.0,3170494.0,1387889.0,735240.0,1303152.0,869598.0,1734564.0,1112536.0,1427.0,3696.0,2881015.0,7172.0,77682.82901337312
2022-06-14T00:00:00.000000,5265.0,3159,2106,4615.0,676.0,1148.0,5478408.0,3437230.0,1543792.0,763929.0,1279680.0,801289.0,2001449.0,1258614.0,1655.0,4408.0,3003772.0,7568.0,91193.8282638229
2022-06-15T00:00:00.000000,5391.0,3143,2248,4528.0,698.0,1142.0,5435512.0,3445001.0,1675266.0,917682.0,1353716.0,865836.0,2032558.0,1300816.0,1675.0,5075.0,3603689.0,7764.0,92782.84846542029
2022-06-16T00:00:00.000000,5180.0,3045,2135,4441.0,714.0,1084.0,5412894.0,3426268.0,1539395.0,779275.0,1347330.0,870588.0,2040091.0,1293978.0,1580.0,4364.0,2991832.0,7496.0,95400.00307890255
2022-06-17T00:00:00.000000,4580.0,2733,1847,3968.0,630.0,1034.0,4897489.0,3169934.0,1380169.0,662236.0,1212701.0,787157.0,1820954.0,1132731.0,1483.0,3277.0,2473050.0,6253.0,74286.84529700757
2022-06-18T00:00:00.000000,2697.0,1608,1089,2272.0,316.0,590.0,3045870.0,2077890.0,793647.0,387652.0,681256.0,484552.0,1154070.0,776815.0,846.0,1955.0,2030101.0,3575.0,45615.42839948382
2022-06-19T00:00:00.000000,2689.0,1643,1046,2310.0,354.0,614.0,3476225.0,2343300.0,825346.0,416858.0,756095.0,498132.0,1290370.0,867316.0,850.0,2000.0,1441263.0,3921.0,41824.16845265706
2022-06-20T00:00:00.000000,4608.0,2748,1860,3962.0,601.0,972.0,4871253.0,3138766.0,1417759.0,757867.0,1132685.0,722740.0,1705798.0,1082642.0,1412.0,3884.0,2390424.0,6651.0,68607.71816316125
2022-06-21T00:00:00.000000,5206.0,3119,2087,4432.0,711.0,1046.0,5487915.0,3454031.0,1505428.0,781222.0,1478683.0,949337.0,1769862.0,1112112.0,1460.0,4657.0,2873422.0,7385.0,83149.44371576331
2022-06-22T00:00:00.000000,5434.0,3178,2256,4595.0,644.0,1144.0,5648763.0,3644541.0,1682106.0,897640.0,1271444.0,838587.0,2040973.0,1304173.0,1608.0,3983.0,2852273.0,7422.0,89144.21904080291
2022-06-23T00:00:00.000000,5360.0,3179,2180,4567.0,677.0,1118.0,5754920.0,3720867.0,1589354.0,814801.0,1269388.0,807611.0,2206649.0,1467414.0,1575.0,3936.0,2807017.0,7655.0,85217.15010201275
2022-06-24T00:00:00.000000,4535.0,2735,1800,3851.0,621.0,970.0,5003538.0,3254480.0,1404925.0,716564.0,1198681.0,779307.0,1791567.0,1164461.0,1345.0,3647.0,2416280.0,6423.0,77167.23916944502
2022-06-25T00:00:00.000000,2675.0,1597,1078,2276.0,322.0,586.0,3109145.0,2125797.0,806925.0,427629.0,772592.0,553973.0,1132687.0,773774.0,856.0,1923.0,1550303.0,3738.0,52118.96044027514
2022-06-26T00:00:00.000000,2743.0,1612,1131,2393.0,326.0,627.0,2994055.0,2030180.0,905522.0,493015.0,591734.0,392071.0,1225774.0,846177.0,874.0,2072.0,1473347.0,3766.0,46969.14213402445
2022-06-27T00:00:00.000000,4849.0,2954,1895,4083.0,656.0,1110.0,5428700.0,3488388.0,1404047.0,721002.0,1290259.0,859600.0,2073276.0,1319557.0,1569.0,4940.0,3405487.0,7280.0,70986.23824958282
2022-06-28T00:00:00.000000,5421.0,3163,2256,4599.0,691.0,1117.0,5339231.0,3337036.0,1755389.0,899647.0,1374353.0,916695.0,1927518.0,1192969.0,1604.0,4510.0,3231024.0,7701.0,90708.88640995829
2022-06-29T00:00:00.000000,5332.0,3122,2210,4536.0,691.0,1091.0,5650352.0,3633620.0,1738007.0,908234.0,1446187.0,972846.0,1965739.0,1249315.0,1556.0,3878.0,3005161.0,7731.0,82797.76632325434
2022-06-30T00:00:00.000000,5229.0,3065,2164,4523.0,673.0,1087.0,5398696.0,3421120.0,1582033.0,798635.0,1353753.0,896883.0,2017709.0,1301915.0,1524.0,3886.0,2617245.0,7424.0,76761.49490516796
2022-07-01T00:00:00.000000,4591.0,2680,1911,3893.0,581.0,925.0,4730717.0,3012979.0,1341443.0,683100.0,1039844.0,639525.0,1683865.0,1081110.0,1307.0,3530.0,2438819.0,6631.0,82432.48946993775
2022-07-02T00:00:00.000000,2630.0,1561,1069,2237.0,318.0,606.0,2939616.0,1965714.0,886151.0,462108.0,605703.0,400923.0,1127486.0,735928.0,874.0,2589.0,1487051.0,3693.0,46531.648858675326
2022-07-03T00:00:00.000000,2544.0,1552,992,2139.0,336.0,587.0,2899456.0,1904310.0,751368.0,396598.0,714751.0,476813.0,1077277.0,708527.0,837.0,1836.0,1701100.0,3784.0,48189.2370572103
2022-07-04T00:00:00.000000,4354.0,2618,1736,3708.0,563.0,960.0,5112586.0,3395218.0,1322439.0,692484.0,1228368.0,816946.0,1849619.0,1242873.0,1379.0,3554.0,2442104.0,6182.0,62022.23993943089
2022-07-05T00:00:00.000000,4814.0,2890,1924,4180.0,628.0,1038.0,5272300.0,3401365.0,1494921.0,736315.0,1290626.0,867355.0,1851808.0,1144017.0,1496.0,3625.0,3174052.0,6977.0,76226.3550240661
2022-07-06T00:00:00.000000,5339.0,3105,2234,4494.0,620.0,1187.0,5521661.0,3541838.0,1737124.0,908029.0,1178426.0,745903.0,2228560.0,1437288.0,1649.0,4048.0,2733696.0,7525.0,85555.2675403981
2022-07-07T00:00:00.000000,5127.0,3015,2112,4415.0,671.0,1050.0,5601915.0,3652361.0,1562653.0,822781.0,1411441.0,929789.0,1884396.0,1206380.0,1499.0,4166.0,3014675.0,7316.0,80696.23923123359
2022-07-08T00:00:00.000000,4579.0,2706,1873,3934.0,592.0,991.0,4601494.0,2856042.0,1435767.0,737829.0,1134526.0,741163.0,1720191.0,1079178.0,1414.0,3680.0,2590784.0,6399.0,80506.51801688783
2022-07-09T00:00:00.000000,2648.0,1553,1093,2199.0,300.0,573.0,2813107.0,1850585.0,811181.0,385744.0,634190.0,440899.0,1067415.0,702262.0,797.0,1821.0,1379176.0,3724.0,50297.56023319679
2022-07-10T00:00:00.000000,2537.0,1491,1046,2087.0,273.0,553.0,2731244.0,1774302.0,789031.0,387996.0,620024.0,419981.0,1018325.0,685135.0,811.0,1909.0,1348084.0,3773.0,44776.35207448231
2022-07-11T00:00:00.000000,4624.0,2838,1786,3930.0,580.0,1028.0,5107863.0,3284399.0,1341598.0,659598.0,1137692.0,746415.0,1896371.0,1209006.0,1461.0,3048.0,2576214.0,6761.0,81223.17747091243
2022-07-12T00:00:00.000000,4884.0,2917,1967,4199.0,632.0,1034.0,5254500.0,3395361.0,1500971.0,786643.0,1214246.0,781684.0,1832195.0,1165111.0,1462.0,3647.0,2469448.0,7046.0,78793.48850974295
2022-07-13T00:00:00.000000,5203.0,3086,2117,4404.0,684.0,1073.0,5582575.0,3525327.0,1580495.0,801538.0,1393631.0,898620.0,1942855.0,1215883.0,1499.0,3761.0,2585547.0,7234.0,77036.11171950612
2022-07-14T00:00:00.000000,5150.0,3048,2102,4483.0,663.0,1083.0,5566190.0,3613640.0,1662996.0,883076.0,1461883.0,994291.0,1944105.0,1251246.0,1508.0,4690.0,3538628.0,7045.0,77594.97473581941
2022-07-15T00:00:00.000000,4644.0,2735,1909,3994.0,604.0,990.0,4682467.0,2902445.0,1428036.0,741327.0,1088498.0,676742.0,1716383.0,1021181.0,1408.0,4455.0,2025475.0,6363.0,87509.56852029536
2022-07-16T00:00:00.000000,2676.0,1597,1079,2273.0,284.0,611.0,2875835.0,1914231.0,817485.0,426744.0,609445.0,426672.0,1070545.0,684632.0,851.0,2001.0,1385632.0,3652.0,42032.61412214154
2022-07-17T00:00:00.000000,2634.0,1580,1054,2253.0,328.0,617.0,2802998.0,1861272.0,806033.0,393682.0,698328.0,494245.0,1059977.0,685274.0,863.0,2033.0,1401731.0,3737.0,44074.85530121323
2022-07-18T00:00:00.000000,4746.0,2898,1848,4123.0,659.0,994.0,5299226.0,3407686.0,1459327.0,781426.0,1359771.0,883794.0,1842376.0,1205296.0,1420.0,5369.0,2837754.0,7025.0,77960.7960858677
2022-07-19T00:00:00.000000,5325.0,3196,2129,4559.0,669.0,1139.0,5889957.0,3832344.0,1538106.0,784507.0,1336028.0,867469.0,2209101.0,1458432.0,1621.0,3866.0,2925383.0,7330.0,88670.4632736095
2022-07-20T00:00:00.000000,5312.0,3151,2161,4624.0,693.0,1106.0,6030860.0,4020162.0,1697528.0,887211.0,1358704.0,883520.0,2089005.0,1385897.0,1556.0,4194.0,2902275.0,7655.0,85201.59801087237
2022-07-21T00:00:00.000000,5526.0,3208,2318,4611.0,681.0,1160.0,5720976.0,3600455.0,1673251.0,836717.0,1451706.0,972723.0,1999466.0,1263433.0,1620.0,3838.0,3010873.0,7691.0,88239.7976967967
2022-07-22T00:00:00.000000,4914.0,2945,1969,4132.0,611.0,1119.0,5326320.0,3433843.0,1548365.0,832418.0,1309852.0,896514.0,2006090.0,1254033.0,1609.0,3688.0,2812260.0,6728.0,68380.49213464533
2022-07-23T00:00:00.000000,2671.0,1555,1116,2253.0,297.0,603.0,2772446.0,1787369.0,866581.0,463966.0,583461.0,364942.0,1148199.0,756192.0,862.0,1781.0,1598798.0,3723.0,48050.07573267232
2022-07-24T00:00:00.000000,2715.0,1621,1094,2341.0,323.0,617.0,3167700.0,2107731.0,845184.0,429534.0,622958.0,412924.0,1231527.0,819483.0,858.0,2549.0,1385310.0,3787.0,48693.95417833214
2022-07-25T00:00:00.000000,4806.0,2890,1916,4118.0,672.0,1029.0,5237644.0,3403184.0,1422392.0,738353.0,1321394.0,858910.0,1854268.0,1208031.0,1418.0,3648.0,2499935.0,7043.0,80268.45043575787
2022-07-26T00:00:00.000000,5176.0,3110,2066,4534.0,638.0,1144.0,5480292.0,3524558.0,1515176.0,753341.0,1232573.0,797921.0,2053474.0,1323865.0,1622.0,3882.0,2791186.0,7374.0,83514.65083645155
2022-07-27T00:00:00.000000,5413.0,3247,2166,4634.0,723.0,1193.0,5885763.0,3791804.0,1709557.0,914630.0,1250986.0,772514.0,2259876.0,1476864.0,1677.0,4036.0,3337411.0,7685.0,79494.28427904306
2022-07-28T00:00:00.000000,5227.0,3129,2097,4500.0,648.0,1173.0,5442427.0,3415463.0,1602937.0,805481.0,1262342.0,803735.0,2096021.0,1314109.0,1604.0,4336.0,2999050.0,7060.0,92270.56281579411
2022-07-29T00:00:00.000000,4109.0,2393,1716,3556.0,487.0,857.0,4085858.0,2601079.0,1224503.0,629894.0,952755.0,616431.0,1478321.0,926349.0,1206.0,2780.0,2137254.0,5639.0,68994.04824870672
2022-07-30T00:00:00.000000,2768.0,1649,1119,2322.0,279.0,637.0,3105086.0,2051039.0,834145.0,443064.0,604939.0,402874.0,1123496.0,716312.0,913.0,1972.0,1600436.0,4227.0,50920.807179179064
2022-07-31T00:00:00.000000,2690.0,1632,1058,2286.0,304.0,624.0,3202634.0,2184310.0,908208.0,459077.0,705484.0,499428.0,1246122.0,850959.0,899.0,2041.0,1505539.0,3972.0,41213.38505150257
2022-08-01T00:00:00.000000,4642.0,2792,1850,3982.0,591.0,1003.0,5042770.0,3221219.0,1413506.0,723992.0,1254433.0,845775.0,1836063.0,1153929.0,1389.0,3622.0,2759236.0,6589.0,77209.49305259553
2022-08-02T00:00:00.000000,5195.0,2991,2204,4360.0,672.0,1053.0,5296887.0,3390716.0,1663059.0,850695.0,1251931.0,806404.0,2020339.0,1364722.0,1455.0,3892.0,2380044.0,7155.0,86711.20447709374
2022-08-03T00:00:00.000000,4965.0,2910,2055,4286.0,648.0,1028.0,5028208.0,3117544.0,1547136.0,772883.0,1231948.0,811232.0,1850162.0,1134003.0,1389.0,4063.0,2595510.0,6976.0,86668.7485677257
2022-08-04T00:00:00.000000,5151.0,3049,2102,4392.0,683.0,1072.0,5497287.0,3540656.0,1584346.0,812377.0,1376235.0,888575.0,1910969.0,1227000.0,1493.0,3517.0,2693497.0,7125.0,85179.85300735715
2022-08-05T00:00:00.000000,4661.0,2757,1904,4001.0,556.0,1033.0,5106374.0,3291280.0,1464075.0,758176.0,1241812.0,814556.0,1884583.0,1213729.0,1448.0,3649.0,2606627.0,6505.0,74581.78242677136
2022-08-06T00:00:00.000000,2666.0,1600,1066,2219.0,311.0,591.0,3120532.0,2120289.0,781385.0,401025.0,574817.0,370595.0,1193703.0,819131.0,822.0,1963.0,1452790.0,3593.0,51021.254572542275
2022-08-07T00:00:00.000000,2624.0,1602,1022,2268.0,290.0,619.0,3014398.0,1990749.0,762959.0,386686.0,640593.0,429401.0,1188805.0,788670.0,866.0,1957.0,1377438.0,3690.0,52538.49185929693
2022-08-08T00:00:00.000000,4723.0,2847,1876,4036.0,608.0,1096.0,5007539.0,3134284.0,1307640.0,656681.0,1194604.0,759976.0,1953581.0,1228971.0,1513.0,3843.0,2531170.0,6913.0,80882.24346171474
2022-08-09T00:00:00.000000,4996.0,3016,1979,4236.0,626.0,1051.0,5479870.0,3492716.0,1480082.0,780374.0,1300631.0,853988.0,1984023.0,1247845.0,1538.0,3954.0,3285192.0,7281.0,78892.52345221299
2022-08-10T00:00:00.000000,5402.0,3136,2264,4527.0,634.0,1130.0,5541574.0,3515801.0,1719836.0,898117.0,1308550.0,861190.0,2169443.0,1419639.0,1579.0,3910.0,2995341.0,7262.0,93342.73602305245
2022-08-11T00:00:00.000000,5088.0,2990,2098,4289.0,617.0,1087.0,5196792.0,3280878.0,1617026.0,839593.0,1155185.0,741186.0,2041082.0,1315227.0,1549.0,3518.0,2480795.0,7062.0,68161.7326119987
2022-08-12T00:00:00.000000,4577.0,2710,1867,3947.0,547.0,991.0,4764104.0,2996337.0,1436955.0,766544.0,1080013.0,687236.0,1854557.0,1193023.0,1374.0,3977.0,2724814.0,6321.0,73950.5244309295
2022-08-13T00:00:00.000000,2569.0,1540,1029,2164.0,290.0,600.0,2968052.0,1991702.0,785293.0,398167.0,660036.0,449692.0,1145855.0,774007.0,851.0,1607.0,1376953.0,3534.0,40591.528042716345
2022-08-14T00:00:00.000000,2500.0,1470,1030,2139.0,300.0,573.0,2624093.0,1731362.0,877814.0,493647.0,520674.0,329662.0,1076910.0,726181.0,779.0,1990.0,1206115.0,3591.0,45141.07025824189
2022-08-15T00:00:00.000000,4124.0,2466,1658,3470.0,529.0,897.0,4492090.0,2869065.0,1259896.0,651924.0,1033459.0,680995.0,1736671.0,1129562.0,1261.0,3388.0,2663465.0,6082.0,65589.78895901897
2022-08-16T00:00:00.000000,4910.0,2934,1976,4235.0,620.0,1000.0,4982469.0,3130915.0,1448612.0,754477.0,1171146.0,758631.0,1709438.0,1075899.0,1429.0,3525.0,2640538.0,6802.0,87642.46391139334
2022-08-17T00:00:00.000000,5220.0,3057,2163,4419.0,630.0,1112.0,5467334.0,3482634.0,1601271.0,842309.0,1226702.0,779583.0,1953890.0,1225796.0,1585.0,3604.0,2597737.0,7412.0,84877.21554446567
2022-08-18T00:00:00.000000,5118.0,2990,2128,4445.0,673.0,1061.0,5533433.0,3600689.0,1626612.0,871542.0,1232911.0,791986.0,2111650.0,1384958.0,1531.0,3864.0,2772798.0,7234.0,88366.8304875318
2022-08-19T00:00:00.000000,4403.0,2510,1893,3788.0,504.0,964.0,4476240.0,2833388.0,1528763.0,789473.0,989881.0,630995.0,1763012.0,1128584.0,1368.0,3307.0,2102930.0,5957.0,66091.59250849235
2022-08-20T00:00:00.000000,2553.0,1482,1071,2170.0,293.0,573.0,2752913.0,1767439.0,812189.0,433740.0,606856.0,403631.0,1087817.0,684238.0,804.0,1670.0,1100767.0,3542.0,36741.01221380732
2022-08-21T00:00:00.000000,2820.0,1678,1142,2358.0,304.0,610.0,3122805.0,2086962.0,840539.0,418664.0,566052.0,373035.0,1113224.0,733658.0,891.0,1841.0,1380812.0,3963.0,55043.80564646337
2022-08-22T00:00:00.000000,4524.0,2706,1818,3888.0,597.0,984.0,5089582.0,3331884.0,1364916.0,724270.0,1289359.0,884703.0,1890549.0,1250636.0,1383.0,3328.0,2227017.0,6488.0,72253.11722938319
2022-08-23T00:00:00.000000,4965.0,2923,2042,4214.0,603.0,1074.0,5099014.0,3211010.0,1502426.0,770145.0,1066300.0,636607.0,1951451.0,1245499.0,1563.0,3902.0,2434266.0,6896.0,83433.77503389666
2022-08-24T00:00:00.000000,5190.0,3033,2157,4391.0,644.0,1056.0,5225943.0,3274888.0,1597097.0,808749.0,1204886.0,757442.0,1891318.0,1204918.0,1485.0,3227.0,2363617.0,7234.0,84740.09990956141
2022-08-25T00:00:00.000000,4977.0,2830,2147,4214.0,586.0,1053.0,5222462.0,3322432.0,1724252.0,898931.0,1244613.0,838034.0,1927413.0,1211551.0,1482.0,4074.0,2436887.0,7009.0,76228.23284848004
2022-08-26T00:00:00.000000,4648.0,2613,2035,3787.0,565.0,951.0,4532828.0,2821391.0,1536431.0,793272.0,1075697.0,686596.0,1643042.0,1025167.0,1321.0,3191.0,2048181.0,6482.0,67286.36517478825
2022-08-27T00:00:00.000000,2608.0,1555,1053,2205.0,333.0,572.0,3078091.0,2068873.0,760649.0,385964.0,816613.0,579150.0,1124310.0,726199.0,868.0,2134.0,1267093.0,3640.0,45010.14271759834
2022-08-28T00:00:00.000000,2598.0,1570,1028,2265.0,336.0,601.0,3088803.0,2076036.0,879977.0,501740.0,730114.0,505679.0,1219945.0,804012.0,850.0,1820.0,1181093.0,3722.0,43537.48122973057
2022-08-29T00:00:00.000000,4355.0,2609,1745,3773.0,566.0,987.0,4672046.0,2994188.0,1316977.0,696898.0,1047011.0,664478.0,1775896.0,1120516.0,1377.0,2745.0,1930247.0,6259.0,62536.969247693174
2022-08-30T00:00:00.000000,4794.0,2807,1987,4156.0,561.0,1020.0,5175741.0,3351649.0,1502730.0,782005.0,1124470.0,751520.0,1899457.0,1212141.0,1453.0,3415.0,1984157.0,6886.0,69681.12166115381
2022-08-31T00:00:00.000000,4753.0,2771,1982,4090.0,581.0,999.0,5230518.0,3394209.0,1493007.0,777962.0,1276674.0,869822.0,1883185.0,1223208.0,1359.0,3372.0,2128766.0,6768.0,74721.23007525962
2022-09-01T00:00:00.000000,4894.0,2769,2125,4123.0,534.0,1026.0,5339922.0,3478544.0,1605564.0,807563.0,1154111.0,775963.0,2057594.0,1348630.0,1418.0,3433.0,2549204.0,6772.0,77205.31536869342
2022-09-02T00:00:00.000000,4272.0,2472,1800,3702.0,493.0,948.0,4537268.0,2923311.0,1359281.0,675318.0,1121509.0,764293.0,1714143.0,1098131.0,1301.0,2869.0,2077880.0,5832.0,67311.3086879964
2022-09-03T00:00:00.000000,2513.0,1460,1053,2126.0,273.0,538.0,2742773.0,1830443.0,779709.0,398511.0,591442.0,399046.0,1018831.0,670658.0,767.0,1363.0,1022178.0,3402.0,44391.3452950173
2022-09-04T00:00:00.000000,2431.0,1462,969,2028.0,276.0,586.0,2556683.0,1678096.0,754361.0,396831.0,466746.0,292847.0,1004236.0,653965.0,802.0,1625.0,1185030.0,3542.0,45584.58817800048
2022-09-05T00:00:00.000000,4000.0,2405,1595,3442.0,451.0,916.0,4286705.0,2758177.0,1237651.0,678723.0,854978.0,545198.0,1705250.0,1135398.0,1303.0,2776.0,2175950.0,5696.0,64969.98018094932
2022-09-06T00:00:00.000000,4441.0,2647,1794,3920.0,555.0,957.0,4907692.0,3161920.0,1265132.0,633175.0,1213344.0,824860.0,1731648.0,1074657.0,1310.0,3137.0,2274570.0,6437.0,72845.17069373361
2022-09-07T00:00:00.000000,4804.0,2815,1989,4110.0,574.0,990.0,4790401.0,2978375.0,1481072.0,769592.0,1155428.0,741987.0,1654026.0,999050.0,1331.0,3119.0,2200711.0,6885.0,71520.50966298196
2022-09-08T00:00:00.000000,4687.0,2672,2015,3960.0,578.0,954.0,4845308.0,3118627.0,1530695.0,802659.0,1278048.0,884366.0,1657109.0,1028990.0,1345.0,3540.0,2024200.0,6254.0,68991.85925631554
2022-09-09T00:00:00.000000,4485.0,2631,1854,3847.0,541.0,947.0,4635294.0,2848207.0,1335774.0,690118.0,1037718.0,653649.0,1768717.0,1096301.0,1384.0,3257.0,2158276.0,6221.0,72921.32289465758
2022-09-10T00:00:00.000000,2567.0,1513,1054,2147.0,267.0,580.0,2855964.0,1884619.0,768853.0,363031.0,618634.0,414513.0,1027132.0,639501.0,765.0,1427.0,1223678.0,3555.0,46781.267735812726
2022-09-11T00:00:00.000000,2657.0,1550,1107,2245.0,271.0,603.0,2768273.0,1821536.0,942002.0,537335.0,531864.0,355542.0,1058113.0,686932.0,824.0,1591.0,1349800.0,3562.0,49094.634766128096
2022-09-12T00:00:00.000000,4549.0,2571,1978,3809.0,490.0,969.0,4552939.0,2915096.0,1496992.0,782731.0,974966.0,622963.0,1813259.0,1172927.0,1340.0,3203.0,2361346.0,6184.0,72925.35294370174
2022-09-13T00:00:00.000000,4870.0,2791,2078,4155.0,515.0,1002.0,4933896.0,3174088.0,1547203.0,790914.0,941860.0,596536.0,1766970.0,1139817.0,1418.0,3379.0,2266313.0,6721.0,76316.68050094772
2022-09-14T00:00:00.000000,4990.0,2857,2133,4257.0,555.0,1076.0,4955428.0,3123207.0,1595451.0,842861.0,1116738.0,737532.0,1835850.0,1148037.0,1496.0,3663.0,2301604.0,6978.0,90035.63551989743
2022-09-15T00:00:00.000000,4940.0,2882,2058,4221.0,575.0,1051.0,5090052.0,3218707.0,1520832.0,763826.0,1040119.0,642911.0,1970956.0,1255389.0,1519.0,3908.0,2185155.0,6938.0,86262.25822165069
2022-09-16T00:00:00.000000,4416.0,2549,1867,3840.0,518.0,954.0,4303855.0,2695625.0,1378485.0,721733.0,954900.0,586617.0,1729483.0,1123176.0,1351.0,2783.0,2310782.0,6308.0,76910.49664423839
2022-09-17T00:00:00.000000,2702.0,1579,1123,2240.0,268.0,605.0,2903480.0,1913588.0,899378.0,497313.0,586749.0,411077.0,1073973.0,701781.0,851.0,1643.0,1260322.0,3464.0,54805.09352916045
2022-09-18T00:00:00.000000,2684.0,1621,1063,2240.0,288.0,605.0,3170075.0,2146242.0,831830.0,442403.0,592188.0,399122.0,1241797.0,848466.0,857.0,1629.0,1414808.0,3900.0,49428.68309351273
2022-09-19T00:00:00.000000,4395.0,2583,1812,3773.0,514.0,943.0,4801599.0,3126047.0,1342436.0,721096.0,1051051.0,694470.0,1722088.0,1099012.0,1316.0,3710.0,2242616.0,6138.0,58912.23486857815
2022-09-20T00:00:00.000000,4595.0,2720,1875,4029.0,561.0,973.0,4898239.0,3130429.0,1455059.0,748158.0,1121463.0,711366.0,1697146.0,1053322.0,1360.0,3064.0,2025449.0,6566.0,74319.65536186137
2022-09-21T00:00:00.000000,4646.0,2709,1937,3993.0,642.0,976.0,4585019.0,2826813.0,1384738.0,701253.0,1245482.0,805020.0,1647909.0,1010734.0,1380.0,3628.0,2333587.0,6701.0,79049.26316293581
2022-09-22T00:00:00.000000,4662.0,2777,1885,4065.0,599.0,1019.0,4885874.0,3065931.0,1428580.0,698584.0,1154374.0,724864.0,1784848.0,1094267.0,1446.0,3368.0,2320909.0,6859.0,84826.96337029192
2022-09-23T00:00:00.000000,4286.0,2512,1774,3690.0,566.0,869.0,4284369.0,2705266.0,1348413.0,710132.0,1071556.0,681606.0,1513516.0,959317.0,1233.0,3377.0,1919866.0,5950.0,68410.74979826025
2022-09-24T00:00:00.000000,2437.0,1437,1000,2100.0,297.0,562.0,2706827.0,1822670.0,734244.0,380362.0,640870.0,435326.0,1031212.0,689881.0,800.0,1483.0,1108719.0,3233.0,42910.80892126823
2022-09-25T00:00:00.000000,2420.0,1462,958,2118.0,309.0,531.0,2622414.0,1728110.0,710929.0,373462.0,632248.0,436443.0,873938.0,545993.0,742.0,1558.0,1163185.0,3565.0,48679.48640114968
2022-09-26T00:00:00.000000,4267.0,2575,1692,3663.0,594.0,964.0,4641728.0,2986533.0,1325821.0,718450.0,1231774.0,822163.0,1753519.0,1126709.0,1335.0,2919.0,2144202.0,6267.0,66112.42127848628
2022-09-27T00:00:00.000000,4928.0,2894,2034,4176.0,633.0,1007.0,5197476.0,3379811.0,1470018.0,755174.0,1106206.0,677053.0,2009272.0,1352120.0,1406.0,3258.0,2131996.0,6789.0,81494.04257229035
2022-09-28T00:00:00.000000,4944.0,2860,2084,4267.0,570.0,995.0,4981752.0,3200294.0,1598182.0,835917.0,988699.0,627067.0,1837775.0,1192767.0,1391.0,3441.0,2647987.0,6733.0,81701.58432921502
2022-09-29T00:00:00.000000,4762.0,2799,1963,4117.0,642.0,973.0,5161858.0,3341417.0,1453334.0,754231.0,1304412.0,865916.0,1778309.0,1128361.0,1371.0,3075.0,2057823.0,6550.0,73678.52384351459
2022-09-30T00:00:00.000000,4303.0,2551,1752,3750.0,551.0,938.0,4464557.0,2804386.0,1333288.0,700592.0,1071013.0,693598.0,1573362.0,933309.0,1325.0,2974.0,1910635.0,6038.0,69798.74626663874
2022-10-01T00:00:00.000000,2561.0,1552,1009,2172.0,288.0,565.0,2560523.0,1621487.0,764148.0,382807.0,585733.0,400498.0,875497.0,547067.0,794.0,1445.0,1112831.0,3551.0,53624.05421404697
2022-10-02T00:00:00.000000,2441.0,1480,961,2107.0,285.0,541.0,2732851.0,1831790.0,716911.0,363296.0,564703.0,375689.0,923539.0,593735.0,758.0,1391.0,1122301.0,3507.0,45204.70622423438
2022-10-03T00:00:00.000000,4017.0,2477,1540,3485.0,525.0,874.0,4545270.0,2961751.0,1094207.0,560365.0,1010960.0,657704.0,1685627.0,1118855.0,1226.0,2921.0,1869713.0,5758.0,57202.8903721409
2022-10-04T00:00:00.000000,4423.0,2668,1755,3766.0,565.0,981.0,4592001.0,2951934.0,1276154.0,672466.0,986136.0,615871.0,1777737.0,1155739.0,1352.0,2902.0,1951631.0,6121.0,79299.74892642463
2022-10-05T00:00:00.000000,4496.0,2709,1787,3863.0,590.0,948.0,4792578.0,2994651.0,1428587.0,760098.0,1082822.0,644658.0,1824562.0,1209739.0,1332.0,2781.0,2142197.0,6357.0,77742.68480143603
2022-10-06T00:00:00.000000,4710.0,2781,1929,4036.0,627.0,1034.0,5049054.0,3187138.0,1359879.0,705772.0,1251660.0,808838.0,1896185.0,1201967.0,1419.0,3068.0,2314181.0,6638.0,81636.10905342379
2022-10-07T00:00:00.000000,4197.0,2481,1716,3645.0,541.0,922.0,4384728.0,2757690.0,1234968.0,631634.0,1061926.0,687191.0,1687667.0,1088699.0,1276.0,2947.0,1685694.0,6032.0,72565.21160268872
2022-10-08T00:00:00.000000,2696.0,1648,1048,2200.0,318.0,622.0,2889061.0,1853457.0,733535.0,361834.0,583827.0,381393.0,1125652.0,739354.0,881.0,1482.0,1160317.0,3667.0,56982.8951219797
2022-10-09T00:00:00.000000,2727.0,1692,1035,2314.0,352.0,647.0,3169963.0,2127918.0,801345.0,405696.0,689091.0,458449.0,1199069.0,801587.0,902.0,1445.0,1255094.0,3776.0,49336.010538958515
2022-10-10T00:00:00.000000,4278.0,2640,1638,3678.0,616.0,883.0,4530236.0,2935037.0,1237670.0,633264.0,1259572.0,866226.0,1572927.0,1022142.0,1223.0,2638.0,2043350.0,6187.0,70003.27165739078
2022-10-11T00:00:00.000000,4662.0,2838,1824,3999.0,602.0,1029.0,4933367.0,3137065.0,1264733.0,649412.0,1187249.0,790806.0,1885992.0,1203120.0,1483.0,2902.0,1854387.0,6759.0,78130.8324874396
2022-10-12T00:00:00.000000,4843.0,2814,2029,4178.0,628.0,1016.0,4848651.0,3123101.0,1482697.0,751562.0,1075799.0,670218.0,1800275.0,1171143.0,1486.0,3564.0,2207978.0,6821.0,79017.15797658487
2022-10-13T00:00:00.000000,4760.0,2804,1956,4115.0,606.0,1013.0,4944435.0,3148957.0,1392894.0,720728.0,1179776.0,739146.0,1807586.0,1184083.0,1388.0,2911.0,1978538.0,6457.0,78401.8835908155
2022-10-14T00:00:00.000000,4408.0,2646,1762,3788.0,564.0,932.0,4528725.0,2810566.0,1365030.0,688293.0,1041327.0,656402.0,1595425.0,973129.0,1311.0,3297.0,2083081.0,5871.0,79065.39061598084
2022-10-15T00:00:00.000000,2700.0,1631,1069,2275.0,318.0,631.0,3047321.0,2019441.0,865151.0,471683.0,611962.0,390841.0,1115266.0,709000.0,877.0,1453.0,1083577.0,3772.0,53171.49648479687
2022-10-16T00:00:00.000000,2581.0,1557,1024,2170.0,338.0,578.0,2670229.0,1723297.0,738746.0,366255.0,618922.0,400650.0,991377.0,635461.0,801.0,1689.0,1190493.0,3393.0,51449.115392806096
2022-10-17T00:00:00.000000,4306.0,2697,1609,3771.0,595.0,985.0,4638564.0,2912784.0,1194204.0,636304.0,1162172.0,747095.0,1676379.0,1026510.0,1332.0,2683.0,1851842.0,6431.0,69182.34988982591
2022-10-18T00:00:00.000000,4978.0,2964,2014,4231.0,617.0,1087.0,5063466.0,3207112.0,1533549.0,798115.0,1225535.0,818968.0,1865076.0,1190123.0,1522.0,3316.0,2065617.0,6720.0,77974.745801782
2022-10-19T00:00:00.000000,5031.0,2999,2032,4362.0,661.0,1063.0,5167447.0,3281614.0,1489019.0,766637.0,1210643.0,759965.0,1835266.0,1148413.0,1466.0,3184.0,1900816.0,7152.0,72567.4093930535
2022-10-20T00:00:00.000000,5050.0,3003,2047,4329.0,656.0,1099.0,5318316.0,3438917.0,1500974.0,773805.0,1393680.0,954782.0,1940616.0,1252456.0,1551.0,3342.0,2205635.0,7095.0,95263.17089728155
2022-10-21T00:00:00.000000,4460.0,2606,1854,3788.0,528.0,943.0,4611744.0,2902023.0,1369771.0,700851.0,983986.0,630123.0,1665600.0,1026673.0,1311.0,2912.0,1773283.0,6076.0,73431.13726254956
2022-10-22T00:00:00.000000,2572.0,1576,996,2190.0,300.0,611.0,2869020.0,1904427.0,787166.0,416901.0,582817.0,401588.0,1143464.0,735491.0,879.0,1697.0,1139571.0,3858.0,50753.686373131924
2022-10-23T00:00:00.000000,2555.0,1533,1022,2200.0,295.0,572.0,2826954.0,1884942.0,817888.0,439290.0,619597.0,410705.0,1105838.0,761287.0,843.0,1621.0,1043503.0,3847.0,51726.06058431741
2022-10-24T00:00:00.000000,4106.0,2542,1564,3533.0,534.0,978.0,4617052.0,2956575.0,1190233.0,645566.0,1132660.0,757630.0,1813102.0,1162355.0,1332.0,2510.0,1669155.0,6200.0,61896.412904680765
2022-10-25T00:00:00.000000,4684.0,2795,1889,3967.0,605.0,1026.0,4951247.0,3144024.0,1405099.0,744168.0,1244662.0,795642.0,1716894.0,1050416.0,1436.0,3352.0,2119147.0,6680.0,83183.16435121672
2022-10-26T00:00:00.000000,4882.0,2962,1920,4284.0,638.0,1046.0,5520648.0,3533290.0,1441260.0,749205.0,1345316.0,896396.0,1925385.0,1205618.0,1465.0,3364.0,2504465.0,6700.0,80545.41266486571
2022-10-27T00:00:00.000000,4832.0,2881,1951,4195.0,599.0,998.0,5078254.0,3148411.0,1436674.0,732195.0,1185162.0,733792.0,1839284.0,1161327.0,1370.0,3137.0,2249145.0,6373.0,88383.43305138918
2022-10-28T00:00:00.000000,4452.0,2593,1857,3767.0,550.0,943.0,4651032.0,2929730.0,1485037.0,779716.0,1124274.0,727556.0,1692405.0,1044098.0,1313.0,2861.0,2047497.0,5803.0,86475.99448382958
2022-10-29T00:00:00.000000,2597.0,1552,1045,2196.0,298.0,591.0,2959244.0,1950571.0,777700.0,392608.0,584910.0,374511.0,1245522.0,839935.0,804.0,1846.0,1129129.0,3604.0,48824.68236541913
2022-10-30T00:00:00.000000,2765.0,1711,1054,2314.0,347.0,594.0,3278804.0,2174039.0,838717.0,434850.0,804519.0,565605.0,1107385.0,719596.0,805.0,1975.0,1585037.0,3900.0,49537.41854380159
2022-10-31T00:00:00.000000,4275.0,2604,1671,3701.0,549.0,960.0,4641380.0,2908622.0,1212958.0,591190.0,1079500.0,675416.0,1619469.0,1003611.0,1334.0,3406.0,1960581.0,5617.0,70845.91464703764
2022-11-01T00:00:00.000000,4424.0,2633,1791,3838.0,560.0,944.0,4799113.0,3045915.0,1266361.0,646411.0,1048737.0,646646.0,1776563.0,1120124.0,1310.0,2911.0,1858016.0,6064.0,73153.33032789339
2022-11-02T00:00:00.000000,4881.0,2905,1976,4199.0,669.0,991.0,5089408.0,3171584.0,1453517.0,748528.0,1229898.0,782677.0,1809386.0,1144994.0,1370.0,3316.0,2204097.0,6715.0,88631.45735498928
2022-11-03T00:00:00.000000,4745.0,2896,1849,4129.0,657.0,1003.0,5176377.0,3220591.0,1284053.0,635868.0,1270340.0,801126.0,1711487.0,1042271.0,1358.0,3294.0,2175590.0,6672.0,85873.55918873823
2022-11-04T00:00:00.000000,4694.0,2819,1875,4022.0,585.0,1003.0,4979925.0,3052203.0,1365286.0,685867.0,1174954.0,753792.0,1839618.0,1113333.0,1382.0,3263.0,2258335.0,6396.0,88650.40124059084
2022-11-05T00:00:00.000000,2880.0,1755,1125,2498.0,383.0,638.0,3068194.0,1932486.0,900873.0,444649.0,859487.0,582737.0,1043170.0,640062.0,847.0,1965.0,1185290.0,4083.0,51943.20356889117
2022-11-06T00:00:00.000000,2905.0,1809,1096,2428.0,367.0,659.0,3300758.0,2150388.0,837593.0,439613.0,722125.0,474941.0,1169184.0,743661.0,888.0,1915.0,1368933.0,4308.0,52582.07990193356
2022-11-07T00:00:00.000000,4565.0,2874,1691,4030.0,669.0,957.0,5119542.0,3189700.0,1229875.0,604847.0,1211562.0,768792.0,1782411.0,1095629.0,1292.0,2746.0,2145643.0,6442.0,85030.02670444353
2022-11-08T00:00:00.000000,4918.0,3052,1866,4269.0,688.0,1042.0,5505551.0,3436142.0,1340697.0,679328.0,1431646.0,942682.0,1885349.0,1154125.0,1443.0,3208.0,2314330.0,6888.0,86139.98214858325
2022-11-09T00:00:00.000000,4874.0,2940,1934,4282.0,663.0,1013.0,5457596.0,3466925.0,1396722.0,691398.0,1365198.0,885550.0,1898729.0,1223206.0,1447.0,3518.0,2051354.0,6783.0,88406.47603307781
2022-11-10T00:00:00.000000,4820.0,2954,1865,4173.0,666.0,994.0,5330087.0,3365394.0,1387142.0,709495.0,1317637.0,852269.0,1896252.0,1220990.0,1330.0,3087.0,2054765.0,6760.0,82713.05249051366
2022-11-11T00:00:00.000000,4300.0,2621,1679,3683.0,531.0,932.0,4776203.0,3046047.0,1181044.0,596639.0,1046695.0,691824.0,1713164.0,1079603.0,1299.0,2688.0,2151530.0,6173.0,76631.90151344983
2022-11-12T00:00:00.000000,2721.0,1673,1048,2311.0,329.0,604.0,3022515.0,1987708.0,804128.0,432338.0,695472.0,482353.0,1055389.0,669091.0,855.0,1837.0,1744057.0,3587.0,53833.829785250484
2022-11-13T00:00:00.000000,2726.0,1676,1050,2331.0,323.0,636.0,3192713.0,2090668.0,832744.0,449247.0,736465.0,508983.0,1226566.0,789080.0,871.0,1521.0,1408379.0,3742.0,55525.7110745438
2022-11-14T00:00:00.000000,4515.0,2814,1701,3943.0,623.0,991.0,4909773.0,3049408.0,1297106.0,671096.0,1222305.0,781606.0,1708587.0,1038116.0,1334.0,2561.0,2095495.0,6285.0,89281.46310551278
2022-11-15T00:00:00.000000,4870.0,2978,1892,4236.0,648.0,1016.0,5434348.0,3470750.0,1387405.0,716516.0,1365003.0,909714.0,1874413.0,1219014.0,1425.0,3263.0,2094868.0,6887.0,87679.57967830445
2022-11-16T00:00:00.000000,5244.0,3143,2101,4483.0,673.0,1080.0,5729072.0,3655158.0,1471368.0,730923.0,1381225.0,886858.0,2017894.0,1312135.0,1442.0,3191.0,2197098.0,7386.0,93033.20730245754
2022-11-17T00:00:00.000000,5065.0,3095,1970,4403.0,665.0,1050.0,5708769.0,3621497.0,1425823.0,727557.0,1343193.0,840387.0,1826584.0,1118602.0,1456.0,3622.0,2220327.0,7127.0,92144.60171868948
2022-11-18T00:00:00.000000,4537.0,2667,1870,3920.0,606.0,915.0,4844346.0,3059098.0,1368499.0,699559.0,1189874.0,766102.0,1580958.0,945971.0,1270.0,3315.0,1894419.0,6259.0,74784.8105667824
2022-11-19T00:00:00.000000,2843.0,1705,1138,2412.0,357.0,588.0,3328611.0,2225864.0,895217.0,498626.0,744569.0,502531.0,1146832.0,752344.0,787.0,1630.0,1301821.0,3994.0,55218.73524390547
2022-11-20T00:00:00.000000,2794.0,1774,1020,2351.0,324.0,674.0,3259506.0,2117491.0,741050.0,369343.0,717077.0,470375.0,1276049.0,859152.0,906.0,1521.0,1137073.0,3967.0,62156.63445357733
2022-11-21T00:00:00.000000,4340.0,2676,1664,3753.0,603.0,912.0,4668280.0,2915437.0,1219522.0,619034.0,1193580.0,790803.0,1689198.0,1061928.0,1275.0,3005.0,1987741.0,6521.0,81982.19908010145
2022-11-22T00:00:00.000000,5060.0,3036,2024,4242.0,651.0,1060.0,5583179.0,3514915.0,1609402.0,833936.0,1323875.0,837187.0,2011523.0,1258158.0,1443.0,3245.0,2085559.0,7153.0,78554.02214876574
2022-11-23T00:00:00.000000,4683.0,2832,1851,4105.0,632.0,1015.0,5058057.0,3210428.0,1364055.0,706530.0,1322690.0,881247.0,1815916.0,1149152.0,1373.0,2883.0,2104914.0,6399.0,82146.7490480594
2022-11-24T00:00:00.000000,4531.0,2773,1758,3903.0,582.0,1007.0,5080960.0,3253524.0,1246317.0,645374.0,1181448.0,769820.0,1885647.0,1205824.0,1391.0,2932.0,1999164.0,5985.0,80535.32732291945
2022-11-25T00:00:00.000000,3899.0,2382,1517,3452.0,511.0,841.0,4402114.0,2811096.0,1210031.0,673151.0,1018908.0,650036.0,1560336.0,972158.0,1177.0,2621.0,1871046.0,5167.0,59796.77643159232
2022-11-26T00:00:00.000000,2536.0,1559,977,2159.0,315.0,595.0,2978382.0,1947552.0,735864.0,399947.0,682190.0,462831.0,1088920.0,685841.0,790.0,1521.0,1215139.0,3418.0,44911.0974137104
2022-11-27T00:00:00.000000,2663.0,1682,981,2281.0,343.0,633.0,3353402.0,2291834.0,716838.0,370464.0,776187.0,533902.0,1216436.0,824002.0,865.0,1393.0,1239584.0,3716.0,47959.2345767455
2022-11-28T00:00:00.000000,4323.0,2700,1623,3791.0,605.0,906.0,5264458.0,3427181.0,1141108.0,559364.0,1396620.0,959476.0,1709621.0,1099134.0,1246.0,3013.0,1834650.0,6359.0,67664.7550751565
2022-11-29T00:00:00.000000,4641.0,2767,1874,4076.0,600.0,989.0,5207177.0,3303324.0,1359646.0,682763.0,1210200.0,766935.0,1875843.0,1171534.0,1344.0,3141.0,2335888.0,6498.0,76654.5893715957
2022-11-30T00:00:00.000000,4798.0,2911,1887,4175.0,607.0,1063.0,5548739.0,3536678.0,1388622.0,737092.0,1241039.0,794091.0,2030834.0,1283264.0,1461.0,3834.0,2442021.0,6586.0,80259.5232945163
2022-12-01T00:00:00.000000,4751.0,2928,1823,4133.0,655.0,1039.0,5418603.0,3412503.0,1378103.0,700103.0,1360595.0,894416.0,1934118.0,1204750.0,1411.0,2789.0,2034017.0,6531.0,79927.79473855192
2022-12-02T00:00:00.000000,4362.0,2568,1794,3678.0,532.0,932.0,4668037.0,2950875.0,1346378.0,703840.0,1087719.0,724076.0,1765005.0,1127746.0,1293.0,2854.0,2147515.0,5285.0,66071.89774440856
2022-12-03T00:00:00.000000,2665.0,1620,1045,2329.0,316.0,583.0,3052731.0,2020466.0,767901.0,415236.0,693009.0,482868.0,1119726.0,730691.0,782.0,1385.0,1097999.0,3388.0,52134.2022269381
2022-12-04T00:00:00.000000,2560.0,1605,955,2207.0,340.0,571.0,3183761.0,2117412.0,701632.0,350123.0,747060.0,510713.0,1105792.0,717332.0,764.0,1549.0,1107745.0,3541.0,48491.845572023114
2022-12-05T00:00:00.000000,4356.0,2677,1679,3742.0,588.0,926.0,4929760.0,3122592.0,1278287.0,655871.0,1178750.0,748086.0,1661955.0,1025115.0,1270.0,2721.0,1776718.0,6133.0,80263.71798386595
2022-12-06T00:00:00.000000,4759.0,2861,1898,4101.0,643.0,941.0,5311210.0,3359503.0,1440624.0,737848.0,1363823.0,893350.0,1722426.0,1071520.0,1284.0,2982.0,2291080.0,6654.0,80700.55047951666
2022-12-07T00:00:00.000000,4605.0,2683,1922,3965.0,577.0,945.0,5171874.0,3351022.0,1304268.0,654553.0,1292102.0,871548.0,1842929.0,1194914.0,1284.0,3081.0,2121233.0,6125.0,67571.61616170534
2022-12-08T00:00:00.000000,4362.0,2501,1861,3815.0,531.0,874.0,4698907.0,3030133.0,1420267.0,756547.0,1025630.0,653135.0,1849956.0,1279111.0,1212.0,3176.0,2103313.0,5488.0,65269.36071040859
2022-12-09T00:00:00.000000,3877.0,2263,1614,3347.0,504.0,776.0,4351625.0,2788233.0,1315709.0,706326.0,1107284.0,732125.0,1471779.0,932722.0,1069.0,2400.0,1813221.0,5375.0,67729.10685435719
2022-12-10T00:00:00.000000,2605.0,1596,1009,2195.0,324.0,550.0,3009398.0,1911821.0,814191.0,411960.0,766787.0,522240.0,1071119.0,652287.0,774.0,1662.0,1382690.0,3683.0,52087.89474454981
2022-12-11T00:00:00.000000,2486.0,1587,899,2191.0,309.0,575.0,3132561.0,2088238.0,681442.0,330915.0,683124.0,448764.0,1169793.0,797782.0,774.0,1856.0,1144773.0,3401.0,46487.58907329104
2022-12-12T00:00:00.000000,4333.0,2649,1684,3772.0,588.0,930.0,4754340.0,2998230.0,1250208.0,643357.0,1193202.0,764389.0,1630325.0,1013672.0,1278.0,2583.0,2007228.0,6296.0,77867.77656571526
2022-12-13T00:00:00.000000,4671.0,2778,1893,4040.0,608.0,922.0,5214840.0,3318688.0,1389688.0,705563.0,1327888.0,868276.0,1681929.0,1051348.0,1275.0,3138.0,2267038.0,6344.0,69322.34005649303
2022-12-14T00:00:00.000000,4506.0,2692,1812,3949.0,605.0,936.0,5232207.0,3393774.0,1341054.0,676621.0,1303453.0,854892.0,1873034.0,1237486.0,1276.0,3204.0,2428118.0,6199.0,74828.36779302401
2022-12-15T00:00:00.000000,4446.0,2680,1766,3879.0,594.0,908.0,4906506.0,3146865.0,1352971.0,701526.0,1263193.0,820081.0,1750514.0,1143359.0,1253.0,3302.0,1870340.0,6398.0,70965.74021061472
2022-12-16T00:00:00.000000,4131.0,2459,1672,3558.0,559.0,833.0,4530416.0,2886945.0,1371965.0,715049.0,1145898.0,744379.0,1523645.0,954978.0,1178.0,2741.0,1633649.0,5778.0,65901.71678511251
2022-12-17T00:00:00.000000,2362.0,1423,939,2031.0,286.0,498.0,2852591.0,1917876.0,778912.0,433998.0,757686.0,539686.0,933100.0,612781.0,673.0,1614.0,1469056.0,3359.0,39046.40348609754
2022-12-18T00:00:00.000000,2301.0,1344,956,1934.0,280.0,471.0,2700196.0,1769721.0,779245.0,405311.0,598566.0,405808.0,916937.0,566464.0,652.0,1572.0,932253.0,3191.0,38415.57354144153
2022-12-19T00:00:00.000000,3885.0,2385,1500,3405.0,550.0,829.0,4635261.0,3014126.0,1194370.0,609633.0,1236163.0,835950.0,1641952.0,1070318.0,1112.0,2516.0,1740776.0,5477.0,58388.31161124448
2022-12-20T00:00:00.000000,4327.0,2607,1720,3754.0,631.0,914.0,4854094.0,3063057.0,1362487.0,716090.0,1351797.0,897393.0,1657293.0,1018889.0,1252.0,3294.0,2039613.0,6119.0,64319.460948803055
2022-12-21T00:00:00.000000,4408.0,2642,1766,3919.0,588.0,929.0,4930615.0,3109627.0,1370313.0,716746.0,1233424.0,809886.0,1751845.0,1097509.0,1296.0,3706.0,2293422.0,6138.0,72002.97702306026
2022-12-22T00:00:00.000000,4041.0,2342,1699,3472.0,491.0,818.0,4786319.0,3140783.0,1406814.0,722920.0,1202612.0,830644.0,1664466.0,1058715.0,1141.0,3191.0,2024552.0,5405.0,52905.30953254607
2022-12-23T00:00:00.000000,3403.0,1992,1411,2909.0,460.0,717.0,3921577.0,2544463.0,1121058.0,611760.0,1076235.0,735264.0,1333218.0,833983.0,1001.0,2258.0,1476601.0,4875.0,50247.05297341344
2022-12-24T00:00:00.000000,1984.0,1186,798,1705.0,219.0,461.0,2259507.0,1516594.0,607815.0,300963.0,468651.0,314070.0,959078.0,651609.0,628.0,1205.0,1033230.0,2842.0,33705.26151715401
2022-12-25T00:00:00.000000,1736.0,1035,701,1490.0,218.0,376.0,1967727.0,1308676.0,522484.0,270115.0,504939.0,359370.0,676412.0,432402.0,525.0,954.0,668829.0,2430.0,30228.614861461596
2022-12-26T00:00:00.000000,2805.0,1688,1117,2419.0,361.0,595.0,3206288.0,2125091.0,985555.0,557881.0,786547.0,545668.0,1066239.0,683309.0,790.0,1648.0,1303003.0,3651.0,41298.974652086246
2022-12-27T00:00:00.000000,3410.0,2065,1345,2987.0,465.0,692.0,3765237.0,2370723.0,958621.0,483020.0,926541.0,580438.0,1233973.0,763514.0,953.0,2348.0,1530865.0,4861.0,49686.724850341205
2022-12-28T00:00:00.000000,3732.0,2155,1577,3198.0,460.0,740.0,4049497.0,2607914.0,1262043.0,656625.0,906126.0,578988.0,1336063.0,830958.0,1077.0,2593.0,1822658.0,5227.0,53030.35238888289
2022-12-29T00:00:00.000000,3796.0,2185,1611,3271.0,463.0,782.0,4425993.0,2904277.0,1247027.0,660815.0,982809.0,606487.0,1712740.0,1169309.0,1113.0,2479.0,1662355.0,5233.0,56267.32647942706
2022-12-30T00:00:00.000000,3217.0,1874,1343,2737.0,400.0,679.0,3433904.0,2206785.0,1131661.0,600926.0,692533.0,417627.0,1331955.0,871937.0,942.0,2692.0,1624699.0,4401.0,49143.05841455413
2022-12-31T00:00:00.000000,1845.0,1121,724,1623.0,228.0,420.0,2299191.0,1512829.0,574698.0,297286.0,493876.0,329973.0,882743.0,575622.0,582.0,1123.0,795414.0,2783.0,29499.732523861723
2023-01-01T00:00:00.000000,1716.0,1016,700,1496.0,212.0,361.0,1872108.0,1194654.0,561325.0,273056.0,443305.0,282284.0,679277.0,434364.0,501.0,1032.0,650427.0,2603.0,36060.112531775114
2023-01-02T00:00:00.000000,3302.0,2002,1300,2852.0,425.0,709.0,4086037.0,2770754.0,967405.0,495133.0,985287.0,700880.0,1402082.0,914671.0,1004.0,2421.0,1588822.0,4732.0,51875.970255846376
2023-01-03T00:00:00.000000,4016.0,2343,1673,3424.0,489.0,839.0,4519523.0,2871871.0,1336480.0,723057.0,1056014.0,682518.0,1592246.0,995911.0,1169.0,2631.0,1663460.0,5854.0,61999.79175960624
2023-01-04T00:00:00.000000,4452.0,2620,1832,3877.0,618.0,958.0,4979252.0,3173955.0,1442828.0,731927.0,1325543.0,862763.0,1800472.0,1138874.0,1305.0,2564.0,1743909.0,6573.0,71014.20215859154
2023-01-05T00:00:00.000000,4507.0,2683,1824,3962.0,668.0,900.0,5338590.0,3486744.0,1375906.0,673006.0,1405372.0,927221.0,1839006.0,1201494.0,1237.0,3004.0,1883478.0,6519.0,75484.97171642812
2023-01-06T00:00:00.000000,3889.0,2285,1604,3365.0,502.0,808.0,4313607.0,2668609.0,1250387.0,639309.0,1030379.0,656647.0,1610634.0,988523.0,1100.0,2087.0,1315420.0,5452.0,59921.70820684197
2023-01-07T00:00:00.000000,2375.0,1399,976,2067.0,272.0,538.0,2856710.0,1884604.0,833549.0,435078.0,713888.0,507685.0,1055554.0,680201.0,761.0,1411.0,937304.0,3437.0,45054.489713601535
2023-01-08T00:00:00.000000,2366.0,1444,922,2059.0,262.0,525.0,2795248.0,1823925.0,799726.0,411172.0,578453.0,385390.0,996037.0,643976.0,727.0,1397.0,1043382.0,3453.0,39371.4772080329
2023-01-09T00:00:00.000000,3922.0,2345,1577,3416.0,536.0,820.0,4369247.0,2743636.0,1254592.0,614388.0,1058334.0,675852.0,1561975.0,975363.0,1108.0,2352.0,1381811.0,5682.0,61736.39061425706
2023-01-10T00:00:00.000000,4337.0,2597,1740,3751.0,594.0,870.0,4974042.0,3153281.0,1325449.0,677001.0,1191031.0,730791.0,1703903.0,1087811.0,1193.0,2608.0,1657291.0,6295.0,69259.45785287571
2023-01-11T00:00:00.000000,4518.0,2671,1847,3936.0,592.0,890.0,5069799.0,3188729.0,1403002.0,720157.0,1305055.0,861425.0,1648683.0,995480.0,1213.0,3212.0,2297346.0,6494.0,57037.28451951658
2023-01-12T00:00:00.000000,4594.0,2675,1919,4006.0,577.0,945.0,5009714.0,3143984.0,1464404.0,741917.0,1211882.0,793562.0,1803634.0,1126896.0,1318.0,3145.0,1912730.0,6305.0,72274.53448032282
2023-01-13T00:00:00.000000,4004.0,2348,1656,3482.0,569.0,807.0,4451498.0,2801349.0,1331534.0,706729.0,1185557.0,772735.0,1548593.0,971524.0,1098.0,3439.0,1532263.0,5637.0,53110.92377829789
2023-01-14T00:00:00.000000,2266.0,1356,910,1942.0,290.0,481.0,2858809.0,1912538.0,754682.0,393490.0,655349.0,458062.0,927208.0,595899.0,659.0,1921.0,1102368.0,3122.0,33557.33403783362
2023-01-15T00:00:00.000000,2262.0,1371,891,2016.0,317.0,449.0,2730783.0,1815376.0,744388.0,386874.0,664748.0,436621.0,896953.0,599908.0,592.0,1736.0,1068049.0,3174.0,31165.371021716197
2023-01-16T00:00:00.000000,3769.0,2272,1497,3317.0,547.0,808.0,4407950.0,2765452.0,1183921.0,575314.0,1180305.0,748738.0,1644936.0,1035204.0,1100.0,2644.0,1454308.0,5428.0,63097.98307277436
2023-01-17T00:00:00.000000,4234.0,2492,1742,3634.0,570.0,865.0,4653398.0,2918170.0,1327781.0,640594.0,1171944.0,729940.0,1627307.0,1032612.0,1190.0,3197.0,1804192.0,6058.0,67254.1594302191
2023-01-18T00:00:00.000000,4384.0,2625,1759,3869.0,593.0,887.0,4916588.0,3006472.0,1279301.0,630828.0,1246049.0,788324.0,1732561.0,1070204.0,1241.0,2925.0,1814710.0,6210.0,72169.40310251674
2023-01-19T00:00:00.000000,4520.0,2635,1885,3938.0,592.0,882.0,4963452.0,3118464.0,1491605.0,764867.0,1230587.0,789439.0,1722943.0,1092967.0,1199.0,3059.0,1888329.0,5993.0,73625.69028709448
2023-01-20T00:00:00.000000,3644.0,2151,1493,3131.0,498.0,750.0,4202023.0,2623408.0,1156938.0,572053.0,1090260.0,677730.0,1532825.0,989021.0,1026.0,2456.0,1509201.0,5047.0,63700.031385947346
2023-01-21T00:00:00.000000,2332.0,1400,932,1993.0,290.0,460.0,2673310.0,1695194.0,763820.0,400275.0,532265.0,325992.0,894632.0,564194.0,645.0,1593.0,939757.0,3193.0,39455.6608416711
2023-01-22T00:00:00.000000,2361.0,1401,960,2013.0,278.0,503.0,2862930.0,1887575.0,816293.0,432488.0,656585.0,446205.0,1012016.0,635926.0,667.0,1577.0,953220.0,3133.0,34683.719611880864
2023-01-23T00:00:00.000000,3681.0,2225,1456,3239.0,517.0,738.0,4276979.0,2640893.0,1138918.0,569665.0,992110.0,596197.0,1518431.0,950328.0,1007.0,2526.0,1702805.0,5378.0,55967.26067416578
2023-01-24T00:00:00.000000,4088.0,2496,1592,3599.0,584.0,887.0,4729038.0,3006809.0,1184262.0,582549.0,1162556.0,746593.0,1639873.0,1013243.0,1227.0,2552.0,1621858.0,6338.0,64772.73024730162
2023-01-25T00:00:00.000000,4266.0,2475,1791,3704.0,557.0,845.0,4847643.0,3065072.0,1370187.0,697668.0,1162948.0,739526.0,1641184.0,1034240.0,1194.0,2810.0,1764862.0,5778.0,73515.1663871579
2023-01-26T00:00:00.000000,4024.0,2331,1693,3536.0,522.0,804.0,4362996.0,2641394.0,1290447.0,627311.0,1055940.0,657244.0,1468622.0,867443.0,1089.0,2976.0,1698068.0,5536.0,61384.04575887497
2023-01-27T00:00:00.000000,3907.0,2320,1587,3402.0,515.0,794.0,4467966.0,2814947.0,1287019.0,682609.0,1114020.0,734837.0,1448551.0,887778.0,1059.0,3387.0,1959385.0,5603.0,54293.18652884054
2023-01-28T00:00:00.000000,2392.0,1359,1033,2025.0,283.0,509.0,2709783.0,1771381.0,818246.0,425577.0,620829.0,403112.0,1049990.0,690628.0,714.0,1902.0,865523.0,3438.0,41965.553504446616
2023-01-29T00:00:00.000000,2451.0,1408,1043,2126.0,275.0,489.0,2780643.0,1768621.0,844787.0,423658.0,634041.0,404540.0,922023.0,586453.0,690.0,1490.0,1011759.0,3292.0,44738.80933483517
2023-01-30T00:00:00.000000,4093.0,2450,1643,3548.0,563.0,778.0,4756212.0,3029086.0,1209774.0,588862.0,1112607.0,701928.0,1636362.0,1079052.0,1097.0,2734.0,1597121.0,5693.0,57542.28835601193
2023-01-31T00:00:00.000000,4488.0,2533,1955,3862.0,566.0,866.0,4753057.0,2955347.0,1419236.0,725910.0,1136744.0,713827.0,1635805.0,1025994.0,1198.0,2778.0,1603100.0,5787.0,74769.32033927423
2023-02-01T00:00:00.000000,4404.0,2573,1831,3882.0,611.0,868.0,5000956.0,3144379.0,1397593.0,717940.0,1396918.0,919810.0,1649955.0,1004146.0,1178.0,3457.0,1898512.0,6057.0,75862.12702407525
2023-02-02T00:00:00.000000,4247.0,2495,1750,3832.0,565.0,851.0,4680963.0,2885328.0,1360203.0,727429.0,1115205.0,691632.0,1705061.0,1066961.0,1185.0,2505.0,1763006.0,5930.0,52938.72409503543
2023-02-03T00:00:00.000000,4109.0,2320,1789,3523.0,520.0,797.0,4267354.0,2650193.0,1424306.0,760385.0,1001831.0,626612.0,1515209.0,929627.0,1160.0,2951.0,1776759.0,5452.0,49209.6489778394
2023-02-04T00:00:00.000000,2302.0,1367,935,2005.0,274.0,484.0,2632193.0,1649398.0,765045.0,412146.0,626904.0,410690.0,898981.0,529522.0,655.0,1503.0,994098.0,3179.0,41992.161145977036
2023-02-05T00:00:00.000000,2328.0,1371,957,1997.0,298.0,497.0,2757562.0,1822058.0,781812.0,426861.0,677391.0,465398.0,969519.0,622758.0,685.0,1473.0,861479.0,3164.0,36927.213147809074
2023-02-06T00:00:00.000000,3816.0,2310,1506,3311.0,549.0,763.0,4492489.0,2869976.0,1128381.0,565834.0,1224598.0,820164.0,1486385.0,934047.0,1039.0,2285.0,1721809.0,5419.0,59679.08303895442
2023-02-07T00:00:00.000000,4245.0,2483,1762,3695.0,580.0,811.0,4889762.0,3095730.0,1366204.0,712602.0,1207013.0,761449.0,1648102.0,1058996.0,1135.0,2791.0,1866130.0,5960.0,47549.29141209606
2023-02-08T00:00:00.000000,4264.0,2540,1722,3711.0,563.0,827.0,4832753.0,3036317.0,1255802.0,616289.0,1157089.0,739634.0,1603233.0,1029986.0,1139.0,2706.0,1734265.0,5841.0,66577.89139617387
2023-02-09T00:00:00.000000,4434.0,2605,1829,3884.0,619.0,842.0,4746213.0,2907410.0,1439081.0,709755.0,1270963.0,833633.0,1491698.0,897548.0,1139.0,2737.0,1818914.0,6075.0,66236.71230618938
2023-02-10T00:00:00.000000,3857.0,2256,1601,3295.0,504.0,808.0,4203189.0,2630791.0,1257650.0,662957.0,980338.0,626343.0,1536464.0,937730.0,1159.0,2517.0,1902571.0,5214.0,61158.84196436118
2023-02-11T00:00:00.000000,2204.0,1284,920,1934.0,272.0,463.0,2519159.0,1621067.0,752882.0,385959.0,616600.0,418487.0,877948.0,552742.0,644.0,1384.0,814137.0,2746.0,41330.871461684845
2023-02-12T00:00:00.000000,2288.0,1343,945,1949.0,290.0,492.0,2799486.0,1850544.0,755497.0,400895.0,664755.0,433422.0,978198.0,652682.0,652.0,1375.0,808134.0,3023.0,38416.44703781421
2023-02-13T00:00:00.000000,3771.0,2297,1474,3361.0,511.0,752.0,4425748.0,2801932.0,1134162.0,594584.0,1055701.0,668065.0,1475299.0,941725.0,1001.0,2312.0,1469946.0,5134.0,53569.06389632279
2023-02-14T00:00:00.000000,4086.0,2390,1696,3559.0,570.0,802.0,4611668.0,2872390.0,1387908.0,701366.0,1191402.0,745554.0,1581686.0,982330.0,1039.0,2487.0,1450595.0,5670.0,57159.36819755326
2023-02-15T00:00:00.000000,4156.0,2436,1720,3620.0,563.0,820.0,4852755.0,3132847.0,1322053.0,650187.0,1216343.0,817516.0,1638261.0,1044898.0,1124.0,2456.0,1569418.0,5655.0,59077.22081995898
2023-02-16T00:00:00.000000,4253.0,2439,1814,3742.0,557.0,829.0,4865690.0,3102126.0,1342127.0,645235.0,1256216.0,836908.0,1677891.0,1073202.0,1138.0,2816.0,1577266.0,5783.0,68594.32178876812
2023-02-17T00:00:00.000000,3867.0,2242,1625,3399.0,533.0,741.0,4195254.0,2622051.0,1262030.0,642592.0,1158538.0,751918.0,1333210.0,799542.0,997.0,2421.0,1331124.0,5380.0,62715.34089331746
2023-02-18T00:00:00.000000,2190.0,1290,899,1906.0,253.0,459.0,2620222.0,1666029.0,740268.0,403483.0,529662.0,324945.0,868219.0,528907.0,637.0,1351.0,952873.0,2923.0,38589.61786779242
2023-02-19T00:00:00.000000,2385.0,1431,954,2024.0,313.0,502.0,2923638.0,1914292.0,770270.0,403018.0,707840.0,478371.0,943421.0,586732.0,701.0,1788.0,1090596.0,3199.0,33954.04125435341
2023-02-20T00:00:00.000000,3666.0,2191,1473,3243.0,489.0,746.0,4391365.0,2852348.0,1191123.0,617896.0,1020743.0,672153.0,1451952.0,923110.0,1015.0,2752.0,1625448.0,4836.0,45768.881791019245
2023-02-21T00:00:00.000000,4038.0,2397,1641,3505.0,556.0,797.0,4404787.0,2708609.0,1258335.0,654617.0,1163689.0,750310.0,1574506.0,990330.0,1034.0,2678.0,1715342.0,5695.0,61596.20630992706
2023-02-22T00:00:00.000000,4144.0,2458,1686,3602.0,578.0,855.0,4756731.0,2979261.0,1288465.0,668143.0,1244552.0,817550.0,1648005.0,1018602.0,1189.0,2938.0,1572528.0,5699.0,71292.1432744254
2023-02-23T00:00:00.000000,4144.0,2431,1713,3650.0,548.0,827.0,4669741.0,2941881.0,1370886.0,725262.0,1166805.0,765447.0,1730054.0,1146991.0,1069.0,2342.0,1425772.0,5423.0,70730.06055437561
2023-02-24T00:00:00.000000,3765.0,2192,1573,3267.0,532.0,734.0,4454268.0,2893708.0,1270205.0,653648.0,1068914.0,698709.0,1483968.0,934080.0,1011.0,2377.0,1708699.0,4964.0,55265.840956038235
2023-02-25T00:00:00.000000,2251.0,1356,895,1987.0,306.0,482.0,2862682.0,1922002.0,695790.0,354257.0,690301.0,466617.0,1089556.0,734327.0,650.0,1377.0,985733.0,3068.0,34239.06286023684
2023-02-26T00:00:00.000000,2106.0,1222,884,1814.0,258.0,441.0,2605375.0,1700570.0,703199.0,360749.0,676542.0,475140.0,918812.0,607325.0,596.0,1133.0,932969.0,2793.0,34912.964053099284
2023-02-27T00:00:00.000000,3555.0,2157,1398,3181.0,502.0,719.0,4201697.0,2687079.0,1046418.0,516633.0,1135649.0,754149.0,1434051.0,907850.0,997.0,2102.0,1563570.0,5150.0,56732.85042223125
2023-02-28T00:00:00.000000,3964.0,2316,1648,3405.0,532.0,778.0,4410064.0,2776414.0,1320639.0,673788.0,1081980.0,684162.0,1521485.0,976922.0,1038.0,2639.0,1632549.0,5729.0,59073.18239593752
2023-03-01T00:00:00.000000,3928.0,2303,1625,3463.0,537.0,767.0,4571232.0,2884466.0,1305378.0,675601.0,1112632.0,706811.0,1583861.0,1000871.0,1039.0,3566.0,4124411.0,5312.0,58779.297931098474
2023-03-02T00:00:00.000000,3980.0,2333,1647,3518.0,538.0,767.0,4736378.0,3064314.0,1304960.0,682486.0,1063461.0,666034.0,1635852.0,1067123.0,1048.0,2052.0,1681623.0,5401.0,52443.35021308991
2023-03-03T00:00:00.000000,3646.0,2124,1522,3237.0,480.0,720.0,4267162.0,2743952.0,1247598.0,675446.0,1118232.0,741022.0,1467347.0,944520.0,965.0,2568.0,1438023.0,4921.0,46601.68901260105
2023-03-04T00:00:00.000000,2114.0,1259,855,1838.0,271.0,443.0,2619536.0,1746299.0,725139.0,350291.0,548688.0,355668.0,999898.0,685647.0,604.0,1377.0,1023628.0,2962.0,35921.543819134145
2023-03-05T00:00:00.000000,2097.0,1227,870,1795.0,252.0,435.0,2357137.0,1497851.0,642893.0,315798.0,576347.0,387781.0,793025.0,482521.0,600.0,1090.0,907913.0,2900.0,38679.41347692735
2023-03-06T00:00:00.000000,3553.0,2093,1460,3125.0,485.0,692.0,4185713.0,2685701.0,1073991.0,520059.0,992192.0,647107.0,1399794.0,888229.0,941.0,2562.0,1655090.0,4832.0,44223.52295632704
2023-03-07T00:00:00.000000,3770.0,2286,1484,3315.0,562.0,766.0,4565225.0,2867558.0,1141295.0,562811.0,1236124.0,790559.0,1505602.0,916064.0,1036.0,2552.0,1749074.0,5232.0,51366.45468307453
2023-03-08T00:00:00.000000,3667.0,2123,1544,3234.0,495.0,708.0,4036578.0,2540107.0,1256838.0,623396.0,1034536.0,678717.0,1350965.0,827837.0,966.0,2707.0,1624680.0,5050.0,63480.215649752805
2023-03-09T00:00:00.000000,4052.0,2389,1663,3532.0,556.0,772.0,4702130.0,2976796.0,1268431.0,652893.0,1268917.0,839024.0,1500328.0,925903.0,1069.0,2714.0,1895137.0,5505.0,53035.73618567594
2023-03-10T00:00:00.000000,3608.0,2095,1513,3149.0,491.0,687.0,4061966.0,2528633.0,1193557.0,608309.0,1028694.0,666930.0,1353262.0,824853.0,948.0,2421.0,1539493.0,4692.0,61484.21102427329
2023-03-11T00:00:00.000000,2060.0,1202,858,1781.0,242.0,425.0,2633994.0,1747193.0,743386.0,410257.0,611164.0,414880.0,973449.0,647150.0,584.0,1398.0,896280.0,2528.0,32756.699771394025
2023-03-12T00:00:00.000000,2231.0,1286,945,1920.0,259.0,439.0,2718226.0,1817043.0,791888.0,413696.0,614625.0,424314.0,933349.0,614517.0,615.0,1206.0,768264.0,3147.0,40268.254824026815
2023-03-13T00:00:00.000000,3562.0,2132,1430,3097.0,515.0,691.0,4266026.0,2728466.0,1043835.0,509336.0,1098247.0,690576.0,1329992.0,833126.0,990.0,2575.0,1544285.0,4968.0,55495.69106332092
2023-03-14T00:00:00.000000,3890.0,2205,1685,3381.0,503.0,760.0,4273638.0,2691526.0,1357718.0,679056.0,1074724.0,711344.0,1494375.0,944706.0,1062.0,3291.0,2020373.0,5093.0,52438.57462677939
2023-03-15T00:00:00.000000,3980.0,2278,1701,3466.0,527.0,777.0,4432890.0,2776111.0,1395093.0,671089.0,1092338.0,690775.0,1566699.0,993010.0,1090.0,2970.0,1878677.0,5473.0,59585.80094996468
2023-03-16T00:00:00.000000,4015.0,2308,1707,3499.0,557.0,761.0,4441193.0,2760132.0,1376962.0,742045.0,1209659.0,783542.0,1447336.0,898609.0,1040.0,2752.0,1819382.0,5676.0,62757.45021647014
2023-03-17T00:00:00.000000,3515.0,1981,1534,3105.0,427.0,670.0,4114507.0,2650257.0,1283332.0,686679.0,1047628.0,705682.0,1386293.0,868292.0,935.0,2347.0,1395650.0,4646.0,48123.9121358929
2023-03-18T00:00:00.000000,2007.0,1179,828,1749.0,254.0,401.0,2472502.0,1638383.0,742123.0,403595.0,601844.0,417709.0,823413.0,557953.0,565.0,1447.0,1055752.0,2724.0,26833.609882845554
2023-03-19T00:00:00.000000,2000.0,1171,829,1739.0,264.0,347.0,2572750.0,1751828.0,672790.0,349953.0,663540.0,468130.0,677023.0,433846.0,459.0,1450.0,935241.0,2604.0,28832.17345792444
2023-03-20T00:00:00.000000,3518.0,2076,1442,3061.0,499.0,696.0,4027296.0,2521358.0,1112897.0,557314.0,1145574.0,755416.0,1315487.0,796916.0,941.0,2098.0,1466500.0,4888.0,53446.08601511505
2023-03-21T00:00:00.000000,3742.0,2124,1618,3280.0,495.0,711.0,4195709.0,2642653.0,1229013.0,611407.0,1116722.0,706196.0,1385109.0,885772.0,985.0,2688.0,1747885.0,4940.0,52436.64097083879
2023-03-22T00:00:00.000000,3675.0,2144,1531,3222.0,539.0,710.0,4348937.0,2844384.0,1207192.0,575607.0,1246672.0,848247.0,1437343.0,903760.0,927.0,2326.0,1418133.0,4918.0,55056.87378469657
2023-03-23T00:00:00.000000,3598.0,2081,1515,3116.0,491.0,700.0,3927410.0,2452861.0,1190102.0,612842.0,1033578.0,671442.0,1267087.0,771857.0,955.0,2777.0,1479105.0,4861.0,52649.98185123234
2023-03-24T00:00:00.000000,3295.0,1904,1391,2857.0,456.0,629.0,4048254.0,2638207.0,1063129.0,527177.0,991160.0,636290.0,1328706.0,850003.0,894.0,5571.0,1589530.0,4464.0,47069.37028132359
2023-03-25T00:00:00.000000,1922.0,1109,813,1644.0,246.0,430.0,2373499.0,1552929.0,643446.0,327276.0,574079.0,383688.0,938944.0,610492.0,580.0,1486.0,803856.0,2486.0,34601.21235625743
2023-03-26T00:00:00.000000,1948.0,1162,786,1731.0,281.0,385.0,2405357.0,1576201.0,625891.0,322781.0,667179.0,448905.0,772951.0,489900.0,523.0,1294.0,732752.0,2751.0,27372.14956352264
2023-03-27T00:00:00.000000,3207.0,1945,1262,2822.0,474.0,648.0,4160749.0,2760084.0,1067620.0,575660.0,1093613.0,743533.0,1463253.0,978439.0,891.0,1783.0,1432630.0,4569.0,38424.44656040814
2023-03-28T00:00:00.000000,3649.0,2112,1535,3182.0,523.0,672.0,4138751.0,2608133.0,1262854.0,675620.0,1051768.0,675012.0,1393215.0,881737.0,914.0,2344.0,1673143.0,5097.0,47419.906861717056
2023-03-29T00:00:00.000000,3697.0,2184,1513,3230.0,605.0,669.0,4273117.0,2726552.0,1183755.0,618812.0,1241929.0,802594.0,1276178.0,780870.0,900.0,2719.0,1420297.0,5107.0,54709.13323392045
2023-03-30T00:00:00.000000,3760.0,2181,1579,3299.0,530.0,703.0,4257884.0,2712528.0,1252914.0,653385.0,1217504.0,814639.0,1405430.0,907170.0,966.0,2463.0,1575295.0,4893.0,52454.16537790266
2023-03-31T00:00:00.000000,3410.0,1919,1491,2913.0,516.0,588.0,3869931.0,2474826.0,1284189.0,707333.0,1079570.0,679372.0,1178789.0,736859.0,803.0,3501.0,1513118.0,4697.0,24481.412440294593
2023-04-01T00:00:00.000000,1839.0,1120,719,1606.0,267.0,361.0,2458478.0,1691797.0,571615.0,287119.0,613563.0,420914.0,792539.0,532827.0,484.0,1363.0,1200633.0,2588.0,27316.25314264112
2023-04-02T00:00:00.000000,1768.0,1059,709,1558.0,248.0,345.0,2215445.0,1461891.0,603949.0,321317.0,567665.0,382606.0,699534.0,439817.0,466.0,1184.0,942770.0,2376.0,24800.195876210106
2023-04-03T00:00:00.000000,2946.0,1781,1165,2626.0,418.0,556.0,3655623.0,2376705.0,877540.0,434979.0,919490.0,610907.0,1137131.0,727204.0,762.0,2191.0,1371385.0,4308.0,39659.359328698934
2023-04-04T00:00:00.000000,3347.0,2018,1329,2951.0,514.0,643.0,4304677.0,2821353.0,1106495.0,578141.0,1153233.0,752339.0,1565620.0,1066857.0,832.0,2219.0,1341197.0,4708.0,39182.5582881791
2023-04-05T00:00:00.000000,3373.0,2027,1346,2915.0,484.0,643.0,4198838.0,2728837.0,1018414.0,534275.0,1084642.0,710411.0,1425395.0,942990.0,899.0,2520.0,1801937.0,4652.0,43572.95493206882
2023-04-06T00:00:00.000000,3233.0,1905,1328,2869.0,469.0,612.0,3897349.0,2507899.0,1144453.0,610879.0,1012837.0,665529.0,1252119.0,785480.0,841.0,2212.0,1282596.0,4449.0,40237.57621398667
2023-04-07T00:00:00.000000,2661.0,1532,1129,2314.0,357.0,475.0,3255199.0,2144329.0,927106.0,498047.0,878395.0,594453.0,1023006.0,666318.0,645.0,1883.0,1858690.0,3357.0,33749.922313163006
2023-04-08T00:00:00.000000,1769.0,1050,719,1534.0,252.0,335.0,2416487.0,1665505.0,604972.0,334194.0,621968.0,413778.0,740501.0,497972.0,445.0,1079.0,865107.0,2344.0,25987.012548244293
2023-04-09T00:00:00.000000,1647.0,964,683,1438.0,208.0,316.0,2065693.0,1390063.0,620506.0,345369.0,468906.0,300144.0,741689.0,522555.0,433.0,994.0,646197.0,2139.0,23042.90683671778
2023-04-10T00:00:00.000000,2502.0,1490,1012,2191.0,371.0,457.0,2967589.0,1918551.0,832075.0,443211.0,823735.0,548138.0,881253.0,567903.0,616.0,2823.0,1655666.0,3555.0,37283.3273972905
2023-04-11T00:00:00.000000,3144.0,1902,1242,2769.0,526.0,614.0,3979934.0,2609948.0,976123.0,503601.0,1223603.0,832775.0,1234237.0,793509.0,847.0,2075.0,1803283.0,4788.0,40374.8704228855
2023-04-12T00:00:00.000000,3134.0,1874,1260,2797.0,479.0,604.0,3883538.0,2547436.0,977837.0,509669.0,1054809.0,694586.0,1226845.0,801135.0,828.0,2172.0,1348697.0,4222.0,41981.22868364707
2023-04-13T00:00:00.000000,3373.0,1963,1410,2949.0,506.0,629.0,4036762.0,2553953.0,1088766.0,560562.0,1174405.0,754321.0,1206396.0,733422.0,866.0,2302.0,1360938.0,4499.0,43923.86792154779
2023-04-14T00:00:00.000000,2963.0,1780,1183,2668.0,459.0,597.0,3754178.0,2436575.0,914932.0,481013.0,1045297.0,691201.0,1278961.0,815041.0,828.0,2239.0,1255972.0,4164.0,48493.43333392566
2023-04-15T00:00:00.000000,1826.0,1079,747,1577.0,278.0,316.0,2289626.0,1525146.0,665147.0,352755.0,731919.0,510349.0,671492.0,446638.0,422.0,1237.0,859911.0,2514.0,25278.645674283864
2023-04-16T00:00:00.000000,1735.0,1038,697,1508.0,233.0,302.0,2268812.0,1516226.0,610367.0,314962.0,618331.0,432951.0,581135.0,369456.0,404.0,1093.0,828258.0,2477.0,23887.88725096202
2023-04-17T00:00:00.000000,2917.0,1759,1158,2585.0,435.0,568.0,3491099.0,2211074.0,1032000.0,549929.0,922716.0,580778.0,1145331.0,723301.0,751.0,2120.0,1275120.0,4198.0,38390.913598824365
2023-04-18T00:00:00.000000,3206.0,1897,1309,2820.0,467.0,592.0,3885332.0,2510452.0,1012587.0,508464.0,1050303.0,704132.0,1261088.0,815363.0,756.0,2110.0,1429455.0,4355.0,46872.90922794493
2023-04-19T00:00:00.000000,3223.0,1858,1365,2805.0,480.0,579.0,3761060.0,2349691.0,1110421.0,553641.0,1098310.0,695394.0,1261581.0,813079.0,777.0,2020.0,1439918.0,4474.0,50388.42640252314
2023-04-20T00:00:00.000000,3060.0,1803,1257,2693.0,455.0,582.0,3757585.0,2385651.0,1071849.0,540396.0,951641.0,615074.0,1199768.0,758271.0,754.0,2303.0,1233456.0,4159.0,42149.77733748729
2023-04-21T00:00:00.000000,2832.0,1629,1203,2484.0,384.0,533.0,3438583.0,2204043.0,963589.0,497372.0,841301.0,538374.0,1217858.0,786630.0,709.0,2049.0,1136713.0,3919.0,43985.348786363174
2023-04-22T00:00:00.000000,1576.0,941,631,1402.0,244.0,299.0,2080956.0,1408311.0,551074.0,290453.0,671738.0,486589.0,591606.0,363707.0,404.0,1115.0,790500.0,2137.0,23699.34567894585
2023-04-23T00:00:00.000000,1684.0,1014,670,1462.0,234.0,312.0,2176737.0,1468050.0,578490.0,287271.0,575563.0,382624.0,655453.0,436194.0,426.0,1133.0,684619.0,2361.0,27520.64609932902
2023-04-24T00:00:00.000000,2861.0,1689,1172,2544.0,415.0,544.0,3355986.0,2099962.0,894743.0,447819.0,926130.0,603417.0,951442.0,555227.0,748.0,1836.0,1356645.0,4082.0,41611.30435448186
2023-04-25T00:00:00.000000,3024.0,1772,1252,2700.0,459.0,564.0,3584351.0,2265951.0,1044643.0,495726.0,1010519.0,665720.0,1152685.0,721648.0,749.0,2002.0,1213581.0,4491.0,36651.71637178808
2023-04-26T00:00:00.000000,3247.0,1827,1420,2834.0,454.0,556.0,3795916.0,2486677.0,1126668.0,547340.0,1069274.0,715178.0,1150220.0,744461.0,786.0,2631.0,1442946.0,4336.0,50551.37349719038
2023-04-27T00:00:00.000000,3207.0,1826,1381,2809.0,435.0,602.0,3744689.0,2403665.0,1090315.0,566120.0,1026482.0,672628.0,1262454.0,820821.0,797.0,2263.0,1302230.0,4227.0,45521.50967110691
2023-04-28T00:00:00.000000,2840.0,1640,1200,2498.0,419.0,526.0,3273414.0,2112136.0,963252.0,479429.0,987699.0,671082.0,1053917.0,667138.0,715.0,1963.0,1195425.0,3878.0,33114.48311989233
2023-04-29T00:00:00.000000,1601.0,929,672,1394.0,184.0,342.0,2088476.0,1438352.0,566448.0,279965.0,420592.0,280176.0,797925.0,549739.0,459.0,1093.0,613155.0,1981.0,21000.175706695325
2023-04-30T00:00:00.000000,1631.0,977,654,1458.0,223.0,332.0,2142234.0,1441291.0,538384.0,288383.0,542952.0,374637.0,786071.0,534215.0,461.0,1024.0,932074.0,2262.0,23678.815376457947
2023-05-01T00:00:00.000000,2165.0,1295,870,1920.0,280.0,445.0,2708759.0,1755107.0,659527.0,321509.0,692641.0,467956.0,957223.0,622514.0,592.0,1447.0,970298.0,3092.0,34331.030596732184
2023-05-02T00:00:00.000000,2834.0,1671,1163,2504.0,433.0,558.0,3504258.0,2276936.0,949371.0,472310.0,964074.0,634816.0,1158241.0,749447.0,776.0,2077.0,1241952.0,3953.0,42308.83586441458
2023-05-03T00:00:00.000000,2856.0,1705,1151,2564.0,444.0,522.0,3669046.0,2454141.0,928355.0,468088.0,1122316.0,778337.0,1107520.0,747577.0,714.0,1990.0,1422786.0,3985.0,36827.792282908034
2023-05-04T00:00:00.000000,3124.0,1827,1297,2765.0,481.0,563.0,3923482.0,2569065.0,1070855.0,580014.0,1089760.0,721676.0,1284349.0,835862.0,764.0,2176.0,1408401.0,4479.0,37256.238738157605
2023-05-05T00:00:00.000000,2772.0,1603,1168,2474.0,424.0,502.0,3430158.0,2275501.0,979961.0,469650.0,980300.0,676313.0,1137561.0,757034.0,680.0,2165.0,1217599.0,3891.0,34245.066550947144
2023-05-06T00:00:00.000000,1666.0,994,672,1476.0,232.0,330.0,2250755.0,1550086.0,588357.0,292367.0,537677.0,357703.0,715226.0,464033.0,450.0,1771.0,1677949.0,2194.0,21700.531339878577
2023-05-07T00:00:00.000000,1548.0,908,640,1338.0,227.0,290.0,1961948.0,1275370.0,529322.0,265895.0,572441.0,393839.0,550567.0,347035.0,404.0,904.0,643485.0,2202.0,21472.027264980243
2023-05-08T00:00:00.000000,2656.0,1556,1100,2334.0,365.0,509.0,3457641.0,2311582.0,983989.0,517700.0,881243.0,584264.0,1105011.0,724406.0,691.0,1771.0,970093.0,3823.0,32708.84624505741
2023-05-09T00:00:00.000000,3041.0,1740,1301,2604.0,442.0,567.0,3675077.0,2395867.0,1087292.0,574997.0,1031492.0,695682.0,1252368.0,814171.0,783.0,1995.0,1270481.0,4277.0,44991.08381728298
2023-05-10T00:00:00.000000,3102.0,1848,1254,2692.0,438.0,597.0,3772679.0,2403733.0,968101.0,484237.0,919351.0,581302.0,1186197.0,741761.0,814.0,2313.0,1614347.0,4405.0,46641.06392606529
2023-05-11T00:00:00.000000,2984.0,1724,1260,2709.0,445.0,532.0,3728556.0,2440460.0,1037656.0,546757.0,1009130.0,652056.0,1227752.0,824361.0,741.0,2140.0,1283049.0,4136.0,38188.328114475335
2023-05-12T00:00:00.000000,2733.0,1561,1172,2389.0,386.0,508.0,3136383.0,1990250.0,954772.0,487060.0,794198.0,508786.0,1023826.0,656797.0,687.0,1820.0,1172857.0,3882.0,34818.55559289392
2023-05-13T00:00:00.000000,1441.0,855,586,1299.0,220.0,282.0,1895595.0,1256875.0,586276.0,360906.0,513030.0,333445.0,671267.0,455828.0,385.0,789.0,546132.0,1963.0,19074.259111200718
2023-05-14T00:00:00.000000,1481.0,905,576,1297.0,235.0,287.0,1941391.0,1299608.0,459507.0,233198.0,560466.0,386485.0,594589.0,403595.0,384.0,1058.0,584020.0,2053.0,22309.47560090444
2023-05-15T00:00:00.000000,2683.0,1604,1079,2346.0,402.0,529.0,3337469.0,2135580.0,814502.0,417679.0,995225.0,675035.0,1024849.0,623173.0,712.0,1878.0,1149004.0,3821.0,35879.73485925561
2023-05-16T00:00:00.000000,3005.0,1731,1274,2628.0,418.0,544.0,3563509.0,2278360.0,1002483.0,506006.0,800875.0,481006.0,1247003.0,818346.0,746.0,1844.0,1278780.0,4133.0,36687.62164424133
2023-05-17T00:00:00.000000,3070.0,1811,1259,2693.0,481.0,578.0,3923951.0,2527300.0,1030924.0,560400.0,1139619.0,750574.0,1177018.0,729851.0,789.0,2038.0,1444594.0,4455.0,31097.67236924129
2023-05-18T00:00:00.000000,2726.0,1600,1126,2389.0,399.0,497.0,3358106.0,2216526.0,954247.0,514564.0,909291.0,611619.0,1071736.0,695584.0,669.0,1597.0,1047916.0,3897.0,34722.415434300965
2023-05-19T00:00:00.000000,2565.0,1442,1123,2239.0,371.0,462.0,2973872.0,1914809.0,945768.0,500161.0,802675.0,508422.0,1043706.0,689218.0,612.0,1686.0,1034230.0,3406.0,35295.780089630716
2023-05-20T00:00:00.000000,1488.0,867,621,1298.0,199.0,301.0,1765839.0,1163482.0,510275.0,267242.0,426440.0,280395.0,606830.0,384993.0,411.0,945.0,651296.0,1903.0,23657.63376906814
2023-05-21T00:00:00.000000,1423.0,846,577,1208.0,180.0,283.0,1899116.0,1320825.0,447570.0,204870.0,497354.0,370525.0,604631.0,404378.0,367.0,1147.0,613006.0,2001.0,20234.809221005577
2023-05-22T00:00:00.000000,2564.0,1506,1058,2316.0,415.0,494.0,3287351.0,2135151.0,899985.0,460628.0,1019468.0,689113.0,1059683.0,660116.0,648.0,1772.0,930518.0,3820.0,33698.89825457658
2023-05-23T00:00:00.000000,2869.0,1673,1196,2537.0,433.0,519.0,3637081.0,2335259.0,978457.0,511666.0,1089378.0,726181.0,1126649.0,694833.0,718.0,1995.0,1054409.0,4250.0,35140.67307274227
2023-05-24T00:00:00.000000,2939.0,1712,1227,2581.0,433.0,531.0,3390482.0,2119485.0,942514.0,476295.0,872880.0,553836.0,1066432.0,659481.0,725.0,1961.0,1304944.0,4246.0,38925.87486566364
2023-05-25T00:00:00.000000,2820.0,1622,1198,2514.0,467.0,492.0,3244664.0,1998368.0,933290.0,481111.0,1049146.0,655287.0,991113.0,624459.0,659.0,1843.0,1055476.0,3924.0,36395.464030401374
2023-05-26T00:00:00.000000,2563.0,1532,1031,2281.0,405.0,475.0,3110086.0,1969759.0,879453.0,476369.0,875227.0,570150.0,980810.0,610730.0,674.0,1786.0,1108409.0,3542.0,34215.157175748995
2023-05-27T00:00:00.000000,1450.0,841,608,1268.0,178.0,282.0,1730943.0,1137918.0,524792.0,272896.0,364301.0,232950.0,589795.0,388807.0,371.0,1072.0,541977.0,1893.0,21940.610308695283
2023-05-28T00:00:00.000000,1414.0,832,582,1234.0,212.0,245.0,1873742.0,1266190.0,516777.0,284547.0,458904.0,297506.0,647253.0,457539.0,325.0,1033.0,496581.0,1954.0,16224.60769256478
2023-05-29T00:00:00.000000,2217.0,1325,892,1966.0,352.0,386.0,2820723.0,1858055.0,716226.0,363133.0,873848.0,591483.0,822367.0,530180.0,502.0,1546.0,811319.0,2989.0,25681.396310083877
2023-05-30T00:00:00.000000,2768.0,1578,1190,2414.0,383.0,513.0,3329610.0,2171320.0,950506.0,478610.0,899914.0,616016.0,1075521.0,670401.0,716.0,1741.0,1221840.0,4088.0,38797.94554529539
2023-05-31T00:00:00.000000,2903.0,1703,1200,2531.0,432.0,528.0,3799113.0,2523755.0,1048001.0,575179.0,1078511.0,749424.0,1243811.0,840252.0,722.0,1855.0,1145776.0,4078.0,32455.665778697847
2023-06-01T00:00:00.000000,2811.0,1636,1175,2539.0,393.0,514.0,3307255.0,2047561.0,1041517.0,566557.0,856123.0,553554.0,1115932.0,713043.0,685.0,1818.0,1072780.0,4105.0,36886.37558433833
2023-06-02T00:00:00.000000,2568.0,1441,1127,2257.0,371.0,489.0,3070655.0,1963974.0,917896.0,495477.0,889738.0,595534.0,983758.0,613540.0,694.0,2371.0,1260918.0,3770.0,31720.777165081738
2023-06-03T00:00:00.000000,1392.0,818,574,1231.0,209.0,257.0,1862746.0,1263525.0,459177.0,223153.0,537979.0,366398.0,589564.0,401988.0,326.0,930.0,487689.0,1943.0,23877.09528714052
2023-06-04T00:00:00.000000,1467.0,860,607,1311.0,219.0,265.0,1925410.0,1299468.0,550073.0,308824.0,525293.0,345313.0,534375.0,346773.0,349.0,1028.0,505064.0,2066.0,18669.37899257682
2023-06-05T00:00:00.000000,2663.0,1624,1039,2369.0,438.0,465.0,3300417.0,2075759.0,887355.0,459835.0,953453.0,582439.0,1000825.0,642517.0,618.0,1680.0,1069464.0,3914.0,35545.165785107274
2023-06-06T00:00:00.000000,2838.0,1719,1119,2507.0,457.0,524.0,3705904.0,2399857.0,915928.0,433115.0,1071528.0,714793.0,1122133.0,701773.0,690.0,1774.0,1199002.0,4146.0,35577.62621633419
2023-06-07T00:00:00.000000,3028.0,1792,1236,2661.0,472.0,557.0,3651731.0,2354284.0,980315.0,491711.0,1089781.0,719227.0,1229748.0,806328.0,737.0,2053.0,1236946.0,4140.0,47543.30978446592
2023-06-08T00:00:00.000000,2984.0,1717,1267,2657.0,466.0,542.0,3548953.0,2235398.0,1026601.0,498385.0,1050085.0,685842.0,1252489.0,808178.0,745.0,1936.0,1358485.0,4244.0,48342.44126645818
2023-06-09T00:00:00.000000,2747.0,1611,1136,2360.0,434.0,484.0,3231381.0,1965386.0,929933.0,485576.0,915583.0,543063.0,975132.0,568279.0,672.0,1842.0,1124799.0,3784.0,37223.100206719646
2023-06-10T00:00:00.000000,1523.0,873,650,1333.0,224.0,268.0,1894242.0,1245082.0,479685.0,213320.0,569051.0,386451.0,607174.0,412588.0,377.0,927.0,784622.0,1999.0,22290.5651903997
2023-06-11T00:00:00.000000,1479.0,846,633,1261.0,185.0,297.0,1822785.0,1208839.0,559410.0,285358.0,421202.0,274951.0,634562.0,413055.0,414.0,1036.0,607024.0,1874.0,23373.912400787107
2023-06-12T00:00:00.000000,2734.0,1568,1166,2397.0,399.0,485.0,3510604.0,2312261.0,912570.0,446985.0,1012192.0,681284.0,1167479.0,779540.0,673.0,1562.0,925651.0,3941.0,34798.8338361515
2023-06-13T00:00:00.000000,2935.0,1721,1214,2619.0,454.0,486.0,3698991.0,2472746.0,993436.0,524018.0,1111474.0,771309.0,999946.0,664303.0,670.0,1865.0,1225669.0,4217.0,32079.02389602053
2023-06-14T00:00:00.000000,3076.0,1798,1278,2722.0,479.0,556.0,3739668.0,2366562.0,1022861.0,535551.0,1047781.0,684143.0,1170346.0,726422.0,784.0,2047.0,1289292.0,4247.0,40190.28268215674
2023-06-15T00:00:00.000000,2806.0,1635,1171,2474.0,382.0,519.0,3259779.0,2015816.0,961116.0,520188.0,817283.0,520973.0,1042782.0,657393.0,691.0,2097.0,1050766.0,4052.0,36497.02701813447
2023-06-16T00:00:00.000000,2694.0,1556,1138,2389.0,414.0,500.0,3245373.0,2140478.0,939773.0,493198.0,882994.0,582591.0,1124514.0,754732.0,668.0,1646.0,950785.0,3733.0,34253.71678707356
2023-06-17T00:00:00.000000,1525.0,897,628,1326.0,212.0,276.0,1913433.0,1255472.0,505949.0,264359.0,514063.0,353426.0,585395.0,377896.0,367.0,726.0,517236.0,2297.0,24716.540651540574
2023-06-18T00:00:00.000000,1421.0,834,587,1233.0,225.0,239.0,1742377.0,1154972.0,470658.0,241625.0,519877.0,360485.0,486513.0,312682.0,303.0,827.0,584658.0,1853.0,24648.1448248205
2023-06-19T00:00:00.000000,2614.0,1607,1007,2361.0,434.0,478.0,3476523.0,2268081.0,777226.0,377662.0,906992.0,570749.0,1120265.0,757464.0,674.0,1769.0,1088742.0,3898.0,31619.568894654112
2023-06-20T00:00:00.000000,2983.0,1761,1222,2625.0,492.0,522.0,3559645.0,2247951.0,917797.0,460189.0,1098640.0,709245.0,1052556.0,651847.0,690.0,1703.0,1141317.0,4496.0,37292.0462559338
2023-06-21T00:00:00.000000,3060.0,1764,1296,2657.0,470.0,535.0,3519299.0,2194258.0,1052827.0,550651.0,1092405.0,696007.0,1112500.0,709529.0,714.0,2050.0,1156882.0,4330.0,47811.30846933382
2023-06-22T00:00:00.000000,2957.0,1765,1192,2669.0,421.0,588.0,3477390.0,2134240.0,958413.0,485861.0,916296.0,591217.0,1191414.0,706230.0,812.0,1831.0,1210082.0,3941.0,49991.18472262226
2023-06-23T00:00:00.000000,2670.0,1554,1116,2324.0,366.0,477.0,3206914.0,2027173.0,868475.0,460645.0,854008.0,548918.0,978642.0,597292.0,638.0,1818.0,997778.0,3646.0,37792.94616438449
2023-06-24T00:00:00.000000,1479.0,872,607,1286.0,203.0,273.0,1861467.0,1239181.0,493604.0,249944.0,508983.0,350166.0,560386.0,356261.0,363.0,836.0,513004.0,1983.0,16734.316740175756
2023-06-25T00:00:00.000000,1536.0,888,647,1326.0,245.0,280.0,1977310.0,1324333.0,610490.0,322783.0,630184.0,450921.0,625146.0,419834.0,384.0,963.0,712053.0,2132.0,23269.586454172622
2023-06-26T00:00:00.000000,2728.0,1634,1094,2360.0,434.0,505.0,3317258.0,2067977.0,845216.0,420814.0,939910.0,591082.0,1106869.0,715844.0,674.0,1575.0,1052478.0,3896.0,37943.58210894392
2023-06-27T00:00:00.000000,2970.0,1753,1217,2574.0,463.0,562.0,3641443.0,2305453.0,989303.0,498104.0,1001205.0,630056.0,1157810.0,726670.0,737.0,1851.0,1144212.0,4154.0,41502.891306738995
2023-06-28T00:00:00.000000,2771.0,1637,1134,2457.0,453.0,497.0,3448664.0,2200676.0,968600.0,516757.0,1005477.0,650793.0,1065094.0,677028.0,701.0,1856.0,985602.0,3905.0,40346.165652736
2023-06-29T00:00:00.000000,2705.0,1549,1152,2348.0,399.0,488.0,3249698.0,2113198.0,899385.0,453986.0,895611.0,578917.0,1055191.0,700836.0,657.0,1611.0,885271.0,3787.0,40397.400457688535
2023-06-30T00:00:00.000000,2618.0,1526,1092,2278.0,406.0,510.0,3267792.0,2126065.0,898506.0,472934.0,902231.0,575024.0,1044201.0,657859.0,716.0,2462.0,1413855.0,3758.0,38773.10176353415
2023-07-01T00:00:00.000000,1398.0,814,584,1200.0,183.0,263.0,1765584.0,1186856.0,473865.0,237223.0,425547.0,277976.0,591734.0,400129.0,363.0,912.0,633060.0,1828.0,19887.70860008583
2023-07-02T00:00:00.000000,1434.0,867,567,1258.0,208.0,273.0,1806992.0,1165586.0,457406.0,227902.0,456691.0,286197.0,669898.0,467212.0,375.0,685.0,626744.0,2242.0,25360.9599070776
2023-07-03T00:00:00.000000,2389.0,1434,955,2150.0,377.0,454.0,2906569.0,1844808.0,745712.0,378056.0,795486.0,498360.0,948008.0,617366.0,607.0,1479.0,869997.0,3498.0,30977.93890383058
2023-07-04T00:00:00.000000,2586.0,1515,1071,2312.0,371.0,467.0,3273947.0,2144662.0,841140.0,440748.0,900673.0,607496.0,1031655.0,685718.0,634.0,1715.0,1762771.0,3658.0,36083.34193674033
2023-07-05T00:00:00.000000,2900.0,1700,1198,2566.0,445.0,536.0,3605589.0,2285602.0,1083003.0,583287.0,1019023.0,634680.0,1144847.0,740292.0,742.0,1843.0,1134012.0,4120.0,41631.31078097831
2023-07-06T00:00:00.000000,2995.0,1772,1223,2594.0,445.0,543.0,3626102.0,2317975.0,1047459.0,545689.0,999089.0,634273.0,1158410.0,754296.0,735.0,3247.0,1162646.0,4220.0,40148.61175931418
2023-07-07T00:00:00.000000,2595.0,1529,1066,2304.0,437.0,473.0,3185879.0,2012188.0,853035.0,432223.0,1027005.0,682811.0,973637.0,606114.0,631.0,1579.0,882213.0,3728.0,37869.81041917015
2023-07-08T00:00:00.000000,1589.0,936,653,1399.0,229.0,311.0,1971174.0,1302733.0,575645.0,294639.0,556273.0,376921.0,670427.0,442962.0,420.0,1045.0,492917.0,2293.0,27385.82168536693
2023-07-09T00:00:00.000000,1480.0,881,598,1283.0,201.0,303.0,2022927.0,1374901.0,467457.0,222374.0,545724.0,382717.0,695354.0,474532.0,400.0,798.0,504580.0,2193.0,19747.56133794756
2023-07-10T00:00:00.000000,2675.0,1604,1071,2349.0,453.0,483.0,3462302.0,2194151.0,852253.0,418954.0,1091569.0,726952.0,1088655.0,705830.0,653.0,1676.0,1152521.0,4136.0,37152.358736261
2023-07-11T00:00:00.000000,2960.0,1745,1215,2554.0,426.0,565.0,3675242.0,2337124.0,937476.0,462391.0,1035533.0,693345.0,1143650.0,684778.0,779.0,1725.0,1086270.0,4224.0,33146.64938358849
2023-07-12T00:00:00.000000,2978.0,1715,1263,2589.0,429.0,544.0,3435994.0,2140495.0,990442.0,493865.0,929467.0,596792.0,1102307.0,682684.0,728.0,1948.0,1105862.0,4161.0,42573.33498709228
2023-07-13T00:00:00.000000,3050.0,1757,1293,2727.0,451.0,545.0,3644280.0,2340126.0,1033554.0,504231.0,1017680.0,667225.0,1160652.0,753911.0,747.0,1608.0,1210631.0,4460.0,39999.65129574046
2023-07-14T00:00:00.000000,2661.0,1562,1099,2340.0,401.0,505.0,3074796.0,1923629.0,931756.0,483762.0,856634.0,532840.0,1018803.0,648102.0,703.0,1896.0,1363733.0,3761.0,34773.736675996304
2023-07-15T00:00:00.000000,1471.0,889,582,1307.0,233.0,266.0,1917751.0,1287961.0,440764.0,220202.0,570171.0,396066.0,576361.0,375073.0,345.0,735.0,579433.0,1998.0,15429.534906759814
2023-07-16T00:00:00.000000,1531.0,861,670,1282.0,201.0,273.0,1784941.0,1145797.0,528358.0,255218.0,484213.0,318007.0,590402.0,383175.0,373.0,863.0,528039.0,2131.0,24049.258994450633
2023-07-17T00:00:00.000000,2619.0,1514,1105,2317.0,426.0,457.0,3303832.0,2168806.0,940420.0,480185.0,973920.0,628483.0,1027667.0,682012.0,630.0,1730.0,1070703.0,3910.0,31839.78854750395
2023-07-18T00:00:00.000000,2758.0,1644,1114,2450.0,429.0,518.0,3517560.0,2291792.0,835333.0,405403.0,1050748.0,679046.0,1076619.0,697070.0,708.0,1727.0,1133801.0,3969.0,38310.337773000385
2023-07-19T00:00:00.000000,2999.0,1735,1264,2582.0,402.0,551.0,3576914.0,2313545.0,1052466.0,553668.0,884722.0,569423.0,1188521.0,765849.0,731.0,1709.0,1231957.0,4177.0,40464.412433435835
2023-07-20T00:00:00.000000,3021.0,1678,1343,2624.0,430.0,506.0,3554964.0,2195947.0,1092936.0,534320.0,969570.0,633212.0,1043398.0,650421.0,690.0,1870.0,1091529.0,4124.0,36352.61396192136
2023-07-21T00:00:00.000000,2459.0,1418,1041,2204.0,331.0,510.0,2736820.0,1737859.0,859015.0,434094.0,716558.0,467017.0,993647.0,644731.0,693.0,1492.0,884000.0,3390.0,34858.63251435103
2023-07-22T00:00:00.000000,1460.0,849,611,1283.0,221.0,271.0,1930067.0,1316303.0,532670.0,282010.0,546674.0,385660.0,615753.0,416505.0,370.0,864.0,512588.0,2220.0,14614.275761620998
2023-07-23T00:00:00.000000,1461.0,862,598,1282.0,239.0,244.0,2100335.0,1466965.0,533853.0,271077.0,632788.0,449965.0,562403.0,380748.0,331.0,746.0,539782.0,1989.0,22505.36956752837
2023-07-24T00:00:00.000000,2751.0,1635,1116,2428.0,449.0,506.0,3480035.0,2254029.0,884392.0,434079.0,1120369.0,768514.0,1011885.0,635203.0,680.0,1645.0,1017086.0,3886.0,30809.80079546715
2023-07-25T00:00:00.000000,2973.0,1671,1302,2568.0,433.0,477.0,3449423.0,2193426.0,1040642.0,498165.0,984823.0,646324.0,931810.0,561663.0,662.0,2153.0,1303699.0,4286.0,43631.640223311246
2023-07-26T00:00:00.000000,3036.0,1784,1252,2631.0,435.0,543.0,3672622.0,2273776.0,997121.0,494800.0,957351.0,574445.0,1061863.0,648171.0,752.0,1876.0,1134835.0,4330.0,42182.0915429953
2023-07-27T00:00:00.000000,2935.0,1659,1276,2589.0,475.0,511.0,3572659.0,2286245.0,1047949.0,557142.0,1180165.0,777494.0,1094257.0,683617.0,689.0,1968.0,1049188.0,4124.0,39613.754670853814
2023-07-28T00:00:00.000000,2538.0,1473,1065,2225.0,369.0,478.0,2826622.0,1743043.0,944780.0,479891.0,742011.0,444955.0,954959.0,616612.0,660.0,1446.0,981950.0,3511.0,32632.66564121974
2023-07-29T00:00:00.000000,1372.0,810,562,1206.0,195.0,259.0,1821757.0,1229479.0,481483.0,250926.0,431946.0,300226.0,561404.0,350557.0,348.0,1594.0,603489.0,2022.0,17683.895645663342
2023-07-30T00:00:00.000000,1382.0,840,542,1207.0,206.0,261.0,1903163.0,1296622.0,464938.0,248784.0,479357.0,324041.0,626230.0,442147.0,368.0,695.0,540048.0,2167.0,20773.92466678139
2023-07-31T00:00:00.000000,2514.0,1490,1024,2219.0,378.0,448.0,3210502.0,2109970.0,874697.0,434193.0,801793.0,512199.0,917458.0,570670.0,618.0,1388.0,878355.0,3706.0,32428.411210028196
2023-08-01T00:00:00.000000,2769.0,1614,1155,2442.0,405.0,507.0,3491275.0,2303070.0,1000137.0,518211.0,928295.0,621066.0,1104424.0,709341.0,670.0,1838.0,912699.0,4060.0,29631.949800227947
2023-08-02T00:00:00.000000,2900.0,1652,1248,2546.0,475.0,496.0,3472998.0,2235396.0,1026171.0,513367.0,1036662.0,662116.0,1039016.0,672638.0,670.0,1680.0,958659.0,4149.0,35190.489887289434
2023-08-03T00:00:00.000000,2740.0,1615,1125,2430.0,447.0,499.0,3323758.0,2093039.0,902916.0,467044.0,955676.0,602000.0,987814.0,617860.0,688.0,1521.0,1062390.0,4062.0,31304.262204552444
2023-08-04T00:00:00.000000,2353.0,1394,959,2116.0,363.0,438.0,3057503.0,2005961.0,743619.0,364675.0,860442.0,598983.0,968469.0,625036.0,561.0,1395.0,876469.0,3131.0,25749.917242886328
2023-08-05T00:00:00.000000,1414.0,784,630,1238.0,191.0,243.0,1666735.0,1077856.0,549689.0,255642.0,426939.0,278929.0,536388.0,337473.0,345.0,896.0,577160.0,1793.0,21961.433877687447
2023-08-06T00:00:00.000000,1420.0,825,595,1251.0,227.0,249.0,1891980.0,1260403.0,457173.0,225078.0,592954.0,408993.0,496463.0,306692.0,328.0,782.0,598862.0,1995.0,22136.947463237088
2023-08-07T00:00:00.000000,2410.0,1441,969,2149.0,364.0,466.0,2859269.0,1771981.0,751367.0,369207.0,794886.0,495412.0,970489.0,611449.0,623.0,1467.0,921156.0,3395.0,29126.85325692888
2023-08-08T00:00:00.000000,2658.0,1563,1095,2401.0,424.0,482.0,3281998.0,2112067.0,945217.0,514865.0,917146.0,591107.0,1035903.0,669413.0,645.0,1642.0,1064175.0,3940.0,33774.39485935436
2023-08-09T00:00:00.000000,2744.0,1584,1160,2455.0,414.0,484.0,3378393.0,2195620.0,993486.0,512334.0,956194.0,649458.0,1076668.0,684642.0,638.0,1640.0,1112390.0,3673.0,31071.76195429194
2023-08-10T00:00:00.000000,2733.0,1580,1153,2399.0,409.0,500.0,3264582.0,2088082.0,914072.0,451160.0,853113.0,537953.0,1091900.0,712592.0,683.0,1762.0,1116001.0,4035.0,36769.186322186375
2023-08-11T00:00:00.000000,2441.0,1370,1071,2157.0,331.0,438.0,2961851.0,1933879.0,898976.0,451853.0,764046.0,510290.0,982367.0,626234.0,574.0,1349.0,795860.0,3433.0,31496.395655293465
2023-08-12T00:00:00.000000,1354.0,795,559,1200.0,199.0,251.0,1762756.0,1163337.0,435792.0,226338.0,514949.0,355130.0,527178.0,341255.0,339.0,858.0,510016.0,1855.0,22410.823881160908
2023-08-13T00:00:00.000000,1331.0,798,533,1144.0,208.0,263.0,1697092.0,1064365.0,473753.0,240478.0,554097.0,355579.0,521289.0,325309.0,364.0,691.0,454122.0,2048.0,20512.516627853238
2023-08-14T00:00:00.000000,2244.0,1326,918,2040.0,364.0,424.0,2778971.0,1797022.0,746622.0,373837.0,818292.0,545325.0,888096.0,564085.0,565.0,1626.0,924103.0,3290.0,25243.27744978846
2023-08-15T00:00:00.000000,2321.0,1325,996,2040.0,350.0,422.0,2707269.0,1716780.0,840351.0,438955.0,782986.0,507077.0,869542.0,563058.0,570.0,1078.0,670709.0,3201.0,34186.85066626606
2023-08-16T00:00:00.000000,2662.0,1529,1132,2388.0,402.0,449.0,3270499.0,2138342.0,842923.0,412958.0,979406.0,660654.0,944747.0,615511.0,604.0,1650.0,1161312.0,3614.0,29534.00510561172
2023-08-17T00:00:00.000000,2609.0,1524,1085,2296.0,384.0,506.0,3260194.0,2105272.0,876792.0,435694.0,839112.0,530531.0,1125386.0,749566.0,676.0,1898.0,985418.0,3687.0,36345.96107477181
2023-08-18T00:00:00.000000,2513.0,1427,1086,2211.0,344.0,437.0,2960417.0,1905847.0,897879.0,462108.0,753404.0,499592.0,921470.0,608554.0,595.0,1669.0,981879.0,3432.0,24784.420710953094
2023-08-19T00:00:00.000000,1416.0,806,610,1208.0,187.0,285.0,1870602.0,1280692.0,523250.0,260507.0,440199.0,303759.0,719663.0,514080.0,393.0,777.0,488806.0,2142.0,17373.445264718986
2023-08-20T00:00:00.000000,1396.0,807,589,1207.0,212.0,238.0,1638916.0,1065879.0,500938.0,244866.0,488621.0,322295.0,440160.0,281498.0,320.0,741.0,465467.0,2071.0,20874.432744584767
2023-08-21T00:00:00.000000,2474.0,1427,1047,2194.0,403.0,460.0,3195019.0,2083528.0,884494.0,452628.0,984818.0,653461.0,1017712.0,653590.0,659.0,1591.0,876048.0,3882.0,28531.87643495642
2023-08-22T00:00:00.000000,2811.0,1625,1186,2446.0,409.0,502.0,3293602.0,2096189.0,978075.0,483971.0,840230.0,504067.0,1095135.0,719831.0,641.0,1440.0,999803.0,4094.0,32895.53559616102
2023-08-23T00:00:00.000000,2701.0,1566,1135,2372.0,402.0,535.0,3169716.0,1977222.0,852500.0,402783.0,893607.0,560892.0,1085231.0,684213.0,697.0,1483.0,894727.0,3872.0,38309.09517738757
2023-08-24T00:00:00.000000,2703.0,1537,1166,2344.0,393.0,510.0,3232561.0,2043914.0,1030799.0,550982.0,941250.0,614101.0,1090577.0,669571.0,715.0,1556.0,915578.0,3910.0,31363.36850850032
2023-08-25T00:00:00.000000,2488.0,1373,1115,2174.0,361.0,431.0,2928190.0,1874643.0,941517.0,472047.0,818670.0,539396.0,973686.0,639208.0,592.0,1409.0,767112.0,3390.0,32644.59950989785
2023-08-26T00:00:00.000000,1337.0,785,552,1193.0,172.0,276.0,1826726.0,1195472.0,445423.0,218372.0,383996.0,234181.0,696568.0,465220.0,373.0,769.0,545612.0,1873.0,14554.85141460115
2023-08-27T00:00:00.000000,1318.0,750,566,1150.0,200.0,222.0,1643928.0,1106575.0,526752.0,302718.0,462569.0,303557.0,520466.0,363436.0,298.0,934.0,513434.0,1862.0,14233.5592207776
2023-08-28T00:00:00.000000,2323.0,1325,998,2061.0,361.0,405.0,2892389.0,1932271.0,792409.0,409590.0,880327.0,600435.0,853236.0,554315.0,572.0,1671.0,970083.0,3320.0,27812.595456740866
2023-08-29T00:00:00.000000,2483.0,1392,1091,2187.0,369.0,439.0,3058441.0,1999462.0,839803.0,400584.0,898135.0,613210.0,968743.0,623307.0,603.0,1438.0,907791.0,3516.0,27128.81061394092
2023-08-30T00:00:00.000000,2600.0,1493,1107,2328.0,408.0,448.0,3172054.0,2009452.0,881759.0,423187.0,931225.0,578322.0,1002703.0,657968.0,605.0,1910.0,948285.0,3912.0,30746.883863826806
2023-08-31T00:00:00.000000,2596.0,1453,1143,2281.0,379.0,464.0,3045005.0,1945041.0,955695.0,485211.0,862622.0,562479.0,1019833.0,656021.0,612.0,1443.0,788219.0,3590.0,30863.766156751408
2023-09-01T00:00:00.000000,2243.0,1238,1005,1988.0,305.0,393.0,2582298.0,1649152.0,882642.0,454097.0,699677.0,460868.0,885881.0,582716.0,544.0,1505.0,747740.0,3230.0,22170.275761288678
2023-09-02T00:00:00.000000,1254.0,731,523,1124.0,202.0,236.0,1536220.0,1002002.0,407245.0,208527.0,454140.0,297765.0,498182.0,336239.0,321.0,747.0,410629.0,1701.0,21043.005489173247
2023-09-03T00:00:00.000000,1333.0,771,562,1160.0,179.0,251.0,1871124.0,1298920.0,494391.0,252030.0,546544.0,394247.0,593725.0,397520.0,338.0,642.0,454743.0,1967.0,17436.566470678026
2023-09-04T00:00:00.000000,2082.0,1254,828,1875.0,323.0,367.0,2799207.0,1879922.0,697285.0,362843.0,815050.0,568955.0,807075.0,543126.0,489.0,1317.0,791915.0,2940.0,22292.671768813652
2023-09-05T00:00:00.000000,2348.0,1378,970,2082.0,372.0,429.0,2950078.0,1883018.0,748742.0,364907.0,827303.0,515227.0,947227.0,597141.0,565.0,1574.0,1016330.0,3645.0,24108.371859326704
2023-09-06T00:00:00.000000,2387.0,1339,1048,2138.0,352.0,417.0,2873259.0,1838097.0,865935.0,452969.0,892716.0,605721.0,902578.0,571646.0,572.0,1492.0,906783.0,3192.0,30659.24562044231
2023-09-07T00:00:00.000000,2431.0,1402,1029,2184.0,366.0,467.0,3047629.0,1959185.0,843548.0,433586.0,891484.0,594012.0,1048647.0,679013.0,640.0,1277.0,728262.0,3416.0,27647.903185983254
2023-09-08T00:00:00.000000,2268.0,1291,977,1978.0,304.0,425.0,2824606.0,1810849.0,726368.0,363307.0,744648.0,502963.0,946232.0,602318.0,595.0,1399.0,914103.0,2991.0,26497.40224778179
2023-09-09T00:00:00.000000,1265.0,697,568,1113.0,173.0,241.0,1568165.0,1055669.0,454569.0,218382.0,429901.0,285237.0,514065.0,335591.0,327.0,611.0,375268.0,1709.0,17135.170955962105
2023-09-10T00:00:00.000000,1179.0,683,496,1062.0,163.0,220.0,1609743.0,1105124.0,366258.0,184117.0,463997.0,325706.0,466772.0,315262.0,285.0,636.0,385039.0,1625.0,21102.694035512577
2023-09-11T00:00:00.000000,2267.0,1301,966,2001.0,323.0,389.0,2758521.0,1784876.0,735796.0,392177.0,801432.0,536675.0,847865.0,550266.0,510.0,1227.0,705327.0,3215.0,25870.63723682088
2023-09-12T00:00:00.000000,2571.0,1463,1108,2303.0,377.0,460.0,2937214.0,1831596.0,872407.0,438778.0,897441.0,589294.0,906258.0,556349.0,631.0,1503.0,955559.0,3587.0,37717.01509139259
2023-09-13T00:00:00.000000,2515.0,1397,1118,2210.0,358.0,446.0,2885719.0,1831442.0,892812.0,448797.0,880822.0,580947.0,834804.0,511408.0,587.0,1661.0,875356.0,3666.0,34082.0590711661
2023-09-14T00:00:00.000000,2641.0,1487,1154,2311.0,409.0,461.0,3100758.0,1960926.0,1036633.0,569125.0,961964.0,634288.0,990280.0,627456.0,658.0,1682.0,955717.0,3690.0,28540.891786891185
2023-09-15T00:00:00.000000,2377.0,1334,1043,2101.0,351.0,438.0,2752381.0,1689634.0,812705.0,400623.0,828645.0,518217.0,898592.0,557511.0,587.0,1316.0,876533.0,3426.0,35833.51348825885
2023-09-16T00:00:00.000000,1382.0,820,562,1230.0,197.0,275.0,1864365.0,1268721.0,482983.0,251867.0,480221.0,320924.0,626814.0,435710.0,381.0,788.0,476112.0,2018.0,18078.614525296376
2023-09-17T00:00:00.000000,1279.0,722,557,1125.0,189.0,232.0,1754871.0,1210828.0,436605.0,215450.0,458789.0,309190.0,628330.0,443900.0,312.0,757.0,323706.0,1835.0,17375.691971615906
2023-09-18T00:00:00.000000,2347.0,1377,968,2066.0,369.0,429.0,2800891.0,1717074.0,804623.0,411484.0,875551.0,580427.0,825808.0,495887.0,586.0,1393.0,797112.0,3521.0,36338.79860048702
2023-09-19T00:00:00.000000,2530.0,1393,1137,2286.0,380.0,432.0,2964797.0,1895100.0,957448.0,491589.0,851256.0,542887.0,863216.0,540365.0,616.0,2034.0,1069020.0,3365.0,22098.650610201545
2023-09-20T00:00:00.000000,2664.0,1508,1156,2382.0,441.0,434.0,3035163.0,1915708.0,947414.0,447662.0,1010462.0,655576.0,842941.0,511552.0,565.0,2208.0,998649.0,3837.0,39156.57325327619
2023-09-21T00:00:00.000000,2565.0,1465,1100,2270.0,361.0,439.0,3148700.0,2022441.0,850837.0,420715.0,872964.0,583176.0,894707.0,548363.0,569.0,1420.0,819576.0,3542.0,36232.68030374377
2023-09-22T00:00:00.000000,2309.0,1307,1002,2074.0,321.0,417.0,2886246.0,1882102.0,781197.0,380896.0,802228.0,553810.0,899627.0,582107.0,548.0,1233.0,754790.0,3230.0,30987.068509206354
2023-09-23T00:00:00.000000,1399.0,785,614,1222.0,180.0,266.0,1755182.0,1157344.0,518875.0,245127.0,448401.0,315406.0,597265.0,378870.0,354.0,912.0,686468.0,1903.0,22012.45394704555
2023-09-24T00:00:00.000000,1256.0,722,534,1109.0,157.0,232.0,1737810.0,1199517.0,462940.0,252359.0,408788.0,280635.0,524074.0,357634.0,311.0,999.0,434784.0,1808.0,17412.21624851448
2023-09-25T00:00:00.000000,2295.0,1364,931,2068.0,366.0,407.0,2949587.0,1924765.0,767623.0,393192.0,859968.0,561878.0,878718.0,569490.0,564.0,1600.0,815803.0,3519.0,30094.797094537695
2023-09-26T00:00:00.000000,2484.0,1394,1090,2211.0,364.0,448.0,2916222.0,1875499.0,871839.0,439490.0,873620.0,604134.0,924430.0,566713.0,603.0,1308.0,752647.0,3515.0,37135.273875360384
2023-09-27T00:00:00.000000,2548.0,1481,1067,2255.0,408.0,459.0,2936045.0,1837718.0,887613.0,443657.0,852646.0,534612.0,967643.0,600618.0,597.0,1581.0,816278.0,3817.0,34048.53878079357
2023-09-28T00:00:00.000000,2395.0,1403,992,2162.0,386.0,425.0,2846560.0,1798259.0,778783.0,397603.0,793541.0,500024.0,893179.0,567930.0,576.0,1505.0,844839.0,3463.0,31497.350821622356
2023-09-29T00:00:00.000000,2069.0,1179,890,1867.0,331.0,365.0,2459929.0,1550782.0,699035.0,361395.0,729716.0,459034.0,726398.0,432613.0,509.0,1166.0,686734.0,3184.0,27573.865523104647
2023-09-30T00:00:00.000000,1110.0,653,457,1002.0,167.0,210.0,1619104.0,1122794.0,426009.0,230994.0,459224.0,312124.0,529845.0,368547.0,273.0,610.0,384720.0,1678.0,15542.421302634953
2023-10-01T00:00:00.000000,1208.0,711,497,1093.0,183.0,226.0,1684378.0,1147917.0,391603.0,204149.0,520127.0,377946.0,492105.0,316327.0,311.0,623.0,371515.0,1809.0,11378.402257532112
2023-10-02T00:00:00.000000,2089.0,1209,880,1844.0,329.0,373.0,2523841.0,1585360.0,710058.0,376512.0,779450.0,502510.0,796580.0,503191.0,515.0,1649.0,780540.0,3297.0,28154.739140081867
2023-10-03T00:00:00.000000,2342.0,1391,951,2080.0,344.0,410.0,3000039.0,2002993.0,769218.0,404013.0,765768.0,504622.0,849512.0,543000.0,547.0,1578.0,905751.0,3601.0,23868.683222234537
2023-10-04T00:00:00.000000,2596.0,1436,1160,2253.0,362.0,453.0,3018750.0,1948996.0,923837.0,464185.0,883994.0,584924.0,1001804.0,660767.0,618.0,1781.0,983742.0,3636.0,16605.709949816515
2023-10-05T00:00:00.000000,2582.0,1453,1129,2292.0,375.0,468.0,3062568.0,1987134.0,953799.0,486821.0,890721.0,591936.0,959467.0,625100.0,635.0,2037.0,1267898.0,3857.0,33905.76289126921
2023-10-06T00:00:00.000000,2121.0,1232,889,1916.0,312.0,399.0,2618827.0,1697050.0,730446.0,375765.0,724555.0,480445.0,887368.0,587205.0,533.0,1164.0,648639.0,2930.0,26938.685621891174
2023-10-07T00:00:00.000000,1257.0,704,553,1101.0,159.0,243.0,1537184.0,1018332.0,514760.0,280677.0,383055.0,255546.0,467154.0,290843.0,313.0,912.0,614081.0,1600.0,19993.157803582682
2023-10-08T00:00:00.000000,1132.0,662,470,1037.0,157.0,219.0,1481710.0,993501.0,376806.0,174837.0,378177.0,253298.0,569545.0,403836.0,272.0,610.0,471927.0,1622.0,17050.77347317705
2023-10-09T00:00:00.000000,2074.0,1192,882,1839.0,306.0,361.0,2541432.0,1647457.0,667299.0,332393.0,680594.0,451138.0,758328.0,490505.0,468.0,1455.0,708462.0,3040.0,20068.774668859947
2023-10-10T00:00:00.000000,2279.0,1277,1002,2050.0,325.0,389.0,2607188.0,1700224.0,797375.0,393541.0,723837.0,474393.0,817889.0,547424.0,525.0,1522.0,823973.0,3145.0,28869.068487286804
2023-10-11T00:00:00.000000,2535.0,1448,1087,2267.0,354.0,454.0,2991004.0,1881841.0,911444.0,471976.0,783713.0,507537.0,969354.0,604561.0,634.0,1740.0,1146102.0,3467.0,34529.05910407981
2023-10-12T00:00:00.000000,2535.0,1402,1133,2206.0,368.0,424.0,3011245.0,1921178.0,883563.0,443043.0,782369.0,477699.0,905077.0,564175.0,547.0,1136.0,876102.0,3523.0,38272.79369239678
2023-10-13T00:00:00.000000,2212.0,1279,933,1998.0,331.0,394.0,2891939.0,1858149.0,779411.0,412216.0,788858.0,510733.0,926223.0,586994.0,535.0,1194.0,688456.0,3096.0,32565.335408502266
2023-10-14T00:00:00.000000,1140.0,663,477,1010.0,151.0,217.0,1523323.0,1034531.0,431421.0,221976.0,420670.0,300279.0,523217.0,357669.0,291.0,669.0,331103.0,1592.0,13911.168238796541
2023-10-15T00:00:00.000000,1192.0,687,505,1051.0,161.0,210.0,1672440.0,1144424.0,430238.0,216079.0,469703.0,339315.0,444790.0,289572.0,278.0,549.0,509903.0,1611.0,12555.631095225293
2023-10-16T00:00:00.000000,2137.0,1238,899,1905.0,320.0,378.0,2786646.0,1866652.0,690042.0,362353.0,697712.0,443807.0,819822.0,529777.0,514.0,1102.0,661382.0,2874.0,25968.47097506127
2023-10-17T00:00:00.000000,2341.0,1353,988,2067.0,368.0,415.0,2971880.0,1927260.0,769327.0,385501.0,832192.0,522992.0,909224.0,569992.0,553.0,1260.0,780057.0,3368.0,33422.08480771892
2023-10-18T00:00:00.000000,2467.0,1394,1073,2162.0,358.0,449.0,2753923.0,1708606.0,816041.0,419800.0,782168.0,510502.0,898460.0,552562.0,615.0,1601.0,891668.0,3394.0,32215.126141088967
2023-10-19T00:00:00.000000,2379.0,1343,1035,2119.0,356.0,381.0,2651976.0,1622300.0,828298.0,417046.0,746419.0,464781.0,774297.0,486334.0,492.0,1189.0,688978.0,3160.0,28116.202142600785
2023-10-20T00:00:00.000000,2166.0,1233,933,1924.0,287.0,398.0,2554772.0,1607924.0,760282.0,381182.0,712409.0,472834.0,891044.0,568470.0,533.0,1189.0,687705.0,2931.0,17162.98555212569
2023-10-21T00:00:00.000000,1226.0,689,537,1085.0,143.0,231.0,1539054.0,1029063.0,432762.0,222817.0,373459.0,261083.0,554503.0,373694.0,300.0,455.0,349494.0,1566.0,15658.81256492954
2023-10-22T00:00:00.000000,1201.0,705,496,1071.0,168.0,240.0,1481930.0,970085.0,415384.0,216494.0,389930.0,255302.0,492074.0,312415.0,299.0,565.0,430891.0,1770.0,13130.401328997656
2023-10-23T00:00:00.000000,2155.0,1262,893,1933.0,321.0,392.0,2703366.0,1723177.0,731431.0,375151.0,703844.0,426909.0,806268.0,514672.0,512.0,1057.0,618082.0,3192.0,25824.975023757583
2023-10-24T00:00:00.000000,2297.0,1301,996,2027.0,313.0,390.0,2886106.0,1890533.0,764184.0,375920.0,812194.0,554077.0,825486.0,522194.0,522.0,1421.0,1041896.0,3395.0,32016.611759479572
2023-10-25T00:00:00.000000,2369.0,1382,987,2116.0,334.0,474.0,2900249.0,1841363.0,775210.0,393983.0,811609.0,525466.0,1035629.0,676028.0,636.0,1532.0,919395.0,3301.0,30689.363384491924
2023-10-26T00:00:00.000000,2282.0,1304,978,2083.0,334.0,435.0,2815592.0,1770100.0,820064.0,419497.0,778134.0,501031.0,989482.0,623662.0,577.0,1346.0,1120891.0,3327.0,26977.44462586074
2023-10-27T00:00:00.000000,2209.0,1267,942,1896.0,285.0,414.0,2585556.0,1643185.0,765547.0,376833.0,583018.0,346599.0,900807.0,593381.0,531.0,1430.0,680484.0,2894.0,28708.958332935257
2023-10-28T00:00:00.000000,1271.0,730,541,1104.0,158.0,240.0,1586928.0,1044589.0,432397.0,233887.0,393760.0,263810.0,565960.0,370483.0,316.0,639.0,343101.0,1679.0,18308.22690821589
2023-10-29T00:00:00.000000,1206.0,716,490,1068.0,154.0,222.0,1665599.0,1132718.0,389189.0,201821.0,387043.0,276426.0,546442.0,371017.0,297.0,578.0,358570.0,1699.0,13787.742755645077
2023-10-30T00:00:00.000000,2083.0,1228,855,1851.0,302.0,388.0,2567111.0,1673604.0,654345.0,310212.0,702573.0,478604.0,824793.0,536476.0,518.0,1023.0,602946.0,2974.0,28248.34227509632
2023-10-31T00:00:00.000000,2229.0,1303,926,2030.0,328.0,404.0,2685996.0,1692782.0,852421.0,430146.0,737385.0,478977.0,818899.0,492723.0,561.0,1195.0,566505.0,3368.0,24739.38820574462
2023-11-01T00:00:00.000000,2131.0,1228,903,1876.0,329.0,393.0,2583843.0,1608704.0,788854.0,407622.0,808909.0,528307.0,846817.0,532210.0,514.0,960.0,784733.0,3150.0,23881.86886646855
2023-11-02T00:00:00.000000,2280.0,1316,964,2071.0,349.0,406.0,2820010.0,1817473.0,760071.0,369057.0,778068.0,501788.0,895798.0,584413.0,523.0,1073.0,826802.0,3267.0,37027.249477120604
2023-11-03T00:00:00.000000,2172.0,1246,926,1901.0,294.0,419.0,2520187.0,1590023.0,728482.0,368528.0,737780.0,493909.0,782485.0,480273.0,552.0,939.0,585699.0,3023.0,30741.001120563502
2023-11-04T00:00:00.000000,1200.0,724,476,1103.0,187.0,225.0,1631688.0,1072388.0,368343.0,184131.0,452514.0,304488.0,524243.0,340218.0,302.0,673.0,367438.0,1672.0,18357.065673037196
2023-11-05T00:00:00.000000,1150.0,692,458,1027.0,178.0,223.0,1599756.0,1064484.0,416261.0,223258.0,414955.0,260742.0,556163.0,368966.0,299.0,670.0,361119.0,1797.0,14194.954153488776
2023-11-06T00:00:00.000000,2111.0,1250,861,1901.0,310.0,414.0,2743879.0,1731191.0,733310.0,374967.0,740911.0,468274.0,975165.0,640515.0,543.0,947.0,679509.0,3102.0,24205.922413950953
2023-11-07T00:00:00.000000,2393.0,1355,1038,2095.0,333.0,420.0,2973375.0,1890856.0,827511.0,432602.0,845236.0,577484.0,909059.0,567769.0,552.0,1252.0,673798.0,3337.0,30385.75311686724
2023-11-08T00:00:00.000000,2363.0,1360,1003,2140.0,378.0,402.0,2816584.0,1753081.0,795140.0,396218.0,779804.0,474008.0,841509.0,526440.0,550.0,1561.0,1123692.0,3464.0,32807.348750354126
2023-11-09T00:00:00.000000,2292.0,1283,1009,2060.0,320.0,387.0,2761944.0,1766493.0,769567.0,374533.0,786853.0,531541.0,841963.0,530487.0,558.0,1656.0,1100151.0,3109.0,29805.254105998
2023-11-10T00:00:00.000000,2102.0,1240,862,1879.0,333.0,387.0,2871046.0,1883482.0,717241.0,364653.0,886262.0,601920.0,865065.0,554595.0,501.0,1303.0,738055.0,2841.0,26652.176915179727
2023-11-11T00:00:00.000000,1196.0,706,490,1057.0,185.0,234.0,1493217.0,935835.0,412461.0,223001.0,460946.0,307846.0,502136.0,308982.0,321.0,636.0,346464.0,1623.0,18820.39391893996
2023-11-12T00:00:00.000000,1213.0,692,521,1083.0,177.0,226.0,1601918.0,1100136.0,451879.0,252599.0,490845.0,350378.0,508292.0,342609.0,285.0,931.0,442468.0,1657.0,17321.335048261106
2023-11-13T00:00:00.000000,1950.0,1149,801,1757.0,317.0,356.0,2549306.0,1684753.0,693126.0,364949.0,838538.0,592484.0,742635.0,467970.0,476.0,909.0,527954.0,2892.0,19723.935672552747
2023-11-14T00:00:00.000000,2304.0,1352,952,2062.0,349.0,457.0,3002367.0,1953011.0,751670.0,383205.0,788616.0,519911.0,1104090.0,735651.0,619.0,1223.0,922347.0,3461.0,32797.4217297053
2023-11-15T00:00:00.000000,2362.0,1341,1021,2094.0,384.0,421.0,2840328.0,1797137.0,832674.0,429328.0,999673.0,675281.0,884605.0,530356.0,566.0,1522.0,643925.0,3321.0,34510.76065592605
2023-11-16T00:00:00.000000,2342.0,1360,982,2073.0,346.0,426.0,2926825.0,1890413.0,800989.0,418442.0,827211.0,536955.0,1004319.0,679246.0,551.0,1574.0,833691.0,3246.0,19891.033996332037
2023-11-17T00:00:00.000000,2069.0,1178,891,1829.0,310.0,326.0,2501432.0,1593308.0,651745.0,329216.0,710631.0,468285.0,698201.0,440556.0,455.0,1376.0,763295.0,2940.0,31259.018734611363
2023-11-18T00:00:00.000000,1254.0,751,503,1098.0,192.0,238.0,1799928.0,1211988.0,487027.0,282000.0,469550.0,324474.0,586484.0,389332.0,318.0,701.0,416983.0,1831.0,18173.7150271141
2023-11-19T00:00:00.000000,1192.0,688,504,1040.0,203.0,201.0,1805230.0,1280838.0,447646.0,244482.0,641786.0,483787.0,581188.0,417426.0,269.0,692.0,372966.0,1624.0,12455.372644237319
2023-11-20T00:00:00.000000,2109.0,1281,828,1895.0,348.0,383.0,2811576.0,1840246.0,612779.0,292242.0,884118.0,600568.0,836192.0,553649.0,512.0,1103.0,666518.0,3254.0,28575.200762752153
2023-11-21T00:00:00.000000,2296.0,1317,979,2051.0,364.0,378.0,2871005.0,1857433.0,778369.0,394561.0,809522.0,519299.0,790910.0,482390.0,511.0,1229.0,704926.0,3310.0,26794.57978744703
2023-11-22T00:00:00.000000,2317.0,1342,975,2076.0,369.0,420.0,2813898.0,1780230.0,758439.0,370147.0,854056.0,554038.0,872484.0,556655.0,578.0,1377.0,660597.0,3351.0,30595.27388166352
2023-11-23T00:00:00.000000,2146.0,1198,948,1868.0,318.0,349.0,2584566.0,1631317.0,798488.0,415410.0,749026.0,477763.0,763265.0,468388.0,461.0,1289.0,686427.0,2850.0,29990.81298855726
2023-11-24T00:00:00.000000,1948.0,1046,902,1753.0,254.0,360.0,2465695.0,1658625.0,694372.0,330057.0,724701.0,526797.0,867345.0,574995.0,488.0,1301.0,524385.0,2606.0,24973.48916399063
2023-11-25T00:00:00.000000,1205.0,681,524,1071.0,176.0,211.0,1472689.0,965539.0,466158.0,244635.0,389935.0,255658.0,465537.0,295325.0,279.0,579.0,429837.0,1737.0,22700.08024908714
2023-11-26T00:00:00.000000,1218.0,682,536,1032.0,164.0,206.0,1555060.0,1032623.0,424845.0,206025.0,430425.0,295292.0,471836.0,306638.0,274.0,617.0,363005.0,1801.0,17111.730138008803
2023-11-27T00:00:00.000000,2126.0,1259,867,1915.0,359.0,379.0,2751844.0,1814432.0,754438.0,394345.0,857079.0,577739.0,831837.0,544767.0,499.0,1326.0,685998.0,3289.0,24332.18286462949
2023-11-28T00:00:00.000000,2330.0,1344,986,2047.0,408.0,393.0,2971895.0,1925727.0,798703.0,417036.0,1033302.0,683864.0,799895.0,498001.0,525.0,1166.0,612268.0,3443.0,25798.953256477416
2023-11-29T00:00:00.000000,2470.0,1385,1085,2171.0,380.0,399.0,2838406.0,1751543.0,874238.0,442502.0,879541.0,561067.0,816279.0,502120.0,560.0,1321.0,721681.0,3433.0,30614.61251565528
2023-11-30T00:00:00.000000,2310.0,1362,948,2052.0,366.0,404.0,3076013.0,2013549.0,838247.0,458005.0,852392.0,580943.0,957483.0,592107.0,534.0,1224.0,599778.0,3394.0,30024.261688400067
2023-12-01T00:00:00.000000,2073.0,1183,890,1853.0,295.0,365.0,2625034.0,1706072.0,817497.0,441688.0,731094.0,493652.0,840667.0,527844.0,475.0,1064.0,711583.0,2947.0,27041.878233305124
2023-12-02T00:00:00.000000,1168.0,684,484,1020.0,174.0,214.0,1560540.0,1039759.0,460118.0,238368.0,400563.0,265094.0,477500.0,309611.0,288.0,562.0,302713.0,1644.0,15888.732956923093
2023-12-03T00:00:00.000000,1260.0,709,551,1079.0,172.0,232.0,1550162.0,1020103.0,467313.0,237317.0,436537.0,304885.0,497022.0,331404.0,292.0,645.0,431942.0,1692.0,21240.338202434235
2023-12-04T00:00:00.000000,2040.0,1161,879,1829.0,322.0,349.0,2731462.0,1828219.0,698707.0,353987.0,928102.0,669444.0,769096.0,489072.0,500.0,1120.0,526782.0,2931.0,23859.166714287167
2023-12-05T00:00:00.000000,2120.0,1197,923,1869.0,311.0,364.0,2567961.0,1640788.0,773347.0,400741.0,727396.0,470544.0,802276.0,520758.0,490.0,1154.0,696318.0,2980.0,23063.356746898746
2023-12-06T00:00:00.000000,2278.0,1307,971,2027.0,320.0,393.0,2919086.0,1840621.0,797392.0,412987.0,750950.0,496742.0,894834.0,554261.0,521.0,1057.0,592030.0,3148.0,33602.50456749678
2023-12-07T00:00:00.000000,2234.0,1280,954,1965.0,366.0,364.0,2864322.0,1852041.0,779560.0,403724.0,908298.0,600145.0,758359.0,471339.0,469.0,1389.0,594291.0,3333.0,29603.991039293684
2023-12-08T00:00:00.000000,1973.0,1131,842,1755.0,319.0,348.0,2479218.0,1588246.0,641866.0,328259.0,716592.0,474509.0,731181.0,439674.0,489.0,1697.0,727796.0,2866.0,24387.460089971526
2023-12-09T00:00:00.000000,1084.0,613,471,948.0,149.0,212.0,1474618.0,992641.0,409186.0,231560.0,364688.0,237699.0,489345.0,322611.0,282.0,598.0,323493.0,1632.0,15603.346965411538
2023-12-10T00:00:00.000000,1093.0,666,427,987.0,169.0,211.0,1640100.0,1120442.0,368197.0,191505.0,441308.0,303537.0,573079.0,414794.0,269.0,520.0,289185.0,1786.0,10534.882450048639
2023-12-11T00:00:00.000000,1919.0,1126,793,1693.0,311.0,357.0,2506998.0,1641375.0,689076.0,363569.0,758109.0,521609.0,749385.0,463846.0,463.0,1296.0,594615.0,3033.0,20801.443874662178
2023-12-12T00:00:00.000000,2187.0,1271,916,1927.0,350.0,366.0,2678879.0,1702717.0,804862.0,414692.0,762069.0,477788.0,808435.0,516239.0,469.0,1165.0,552764.0,3285.0,28236.957567566315
2023-12-13T00:00:00.000000,2247.0,1292,955,1975.0,339.0,382.0,2872534.0,1847304.0,769220.0,407853.0,767228.0,475521.0,854793.0,543203.0,471.0,1316.0,640065.0,3118.0,24500.23124051886
2023-12-14T00:00:00.000000,2166.0,1219,947,1966.0,349.0,353.0,2627052.0,1706262.0,740299.0,350391.0,816314.0,537564.0,797662.0,511546.0,466.0,1208.0,667584.0,3184.0,27682.807611250322
2023-12-15T00:00:00.000000,1957.0,1099,858,1707.0,306.0,331.0,2328699.0,1463951.0,720334.0,356107.0,657095.0,425693.0,722098.0,454792.0,429.0,1101.0,580601.0,2653.0,26924.544510507312
2023-12-16T00:00:00.000000,1114.0,620,494,977.0,155.0,190.0,1554651.0,1048486.0,424268.0,216913.0,427742.0,287391.0,555207.0,395915.0,264.0,760.0,453888.0,1531.0,15162.165048629186
2023-12-17T00:00:00.000000,1098.0,624,474,974.0,166.0,212.0,1379875.0,907023.0,412111.0,219640.0,412524.0,289672.0,467225.0,304047.0,274.0,633.0,295121.0,1571.0,14864.565187068778
2023-12-18T00:00:00.000000,1934.0,1134,800,1754.0,317.0,330.0,2484995.0,1609948.0,658596.0,335769.0,836854.0,566649.0,722826.0,474643.0,441.0,1140.0,506939.0,2986.0,27134.659694856236
2023-12-19T00:00:00.000000,1983.0,1131,852,1815.0,324.0,326.0,2515679.0,1594324.0,715317.0,372494.0,696772.0,424034.0,736178.0,461075.0,449.0,1053.0,610442.0,2747.0,23585.32199927014
2023-12-20T00:00:00.000000,2114.0,1197,917,1890.0,325.0,340.0,2430209.0,1534210.0,670889.0,316011.0,732213.0,473126.0,656477.0,408680.0,459.0,1223.0,605587.0,2747.0,32317.176727534108
2023-12-21T00:00:00.000000,1935.0,1108,827,1752.0,301.0,333.0,2375916.0,1519178.0,673632.0,345261.0,729395.0,487440.0,660881.0,405584.0,442.0,1057.0,601614.0,2746.0,22929.939711692845
2023-12-22T00:00:00.000000,1629.0,939,690,1444.0,249.0,269.0,2240031.0,1476084.0,628120.0,319130.0,601324.0,396419.0,619016.0,403140.0,366.0,931.0,520647.0,2291.0,20368.125929973645
2023-12-23T00:00:00.000000,980.0,561,419,865.0,148.0,179.0,1315969.0,865366.0,328299.0,170593.0,383773.0,261369.0,406563.0,246371.0,228.0,400.0,252905.0,1290.0,10460.793330807497
2023-12-24T00:00:00.000000,823.0,459,364,714.0,107.0,154.0,1068244.0,738857.0,294819.0,134432.0,303818.0,220705.0,365327.0,255633.0,207.0,579.0,221015.0,1188.0,9033.264556315129
2023-12-25T00:00:00.000000,939.0,534,405,824.0,149.0,150.0,1251319.0,861672.0,315669.0,163129.0,365244.0,255222.0,319833.0,203564.0,196.0,496.0,302758.0,1281.0,11698.763132532607
2023-12-26T00:00:00.000000,1338.0,768,570,1172.0,188.0,246.0,1699917.0,1127844.0,478022.0,249909.0,444407.0,289481.0,574393.0,400808.0,328.0,604.0,328880.0,1739.0,12038.898092363595
2023-12-27T00:00:00.000000,1645.0,960,685,1441.0,224.0,278.0,2106469.0,1385010.0,555004.0,288901.0,492280.0,326036.0,575919.0,350862.0,366.0,920.0,408517.0,2203.0,20180.708191686244
2023-12-28T00:00:00.000000,1786.0,977,809,1568.0,259.0,305.0,2256041.0,1515892.0,641199.0,313939.0,600155.0,399581.0,692724.0,455871.0,408.0,995.0,448005.0,2368.0,21658.308762366505
2023-12-29T00:00:00.000000,1603.0,868,735,1385.0,238.0,272.0,2015868.0,1356964.0,668909.0,371123.0,552229.0,364559.0,714820.0,504465.0,371.0,859.0,387826.0,2137.0,16754.68262202526
2023-12-30T00:00:00.000000,1065.0,569,496,939.0,131.0,191.0,1459689.0,1001134.0,429922.0,209606.0,323997.0,200278.0,459569.0,318811.0,254.0,771.0,252615.0,1479.0,8768.04411641533
2023-12-31T00:00:00.000000,930.0,501,429,810.0,122.0,176.0,1221302.0,814628.0,350915.0,172949.0,352770.0,255181.0,404068.0,247512.0,233.0,511.0,344779.0,1198.0,12468.394655560964
2024-01-01T00:00:00.000000,976.0,530,446,856.0,140.0,163.0,1368763.0,971969.0,385359.0,207256.0,476336.0,359681.0,371364.0,251073.0,210.0,445.0,200793.0,1438.0,12518.15939776794
2024-01-02T00:00:00.000000,1679.0,924,755,1481.0,221.0,290.0,1978144.0,1254838.0,623471.0,312500.0,511554.0,340824.0,680810.0,416278.0,389.0,912.0,506171.0,2573.0,18164.229711520384
2024-01-03T00:00:00.000000,2026.0,1152,872,1807.0,298.0,342.0,2731245.0,1854019.0,808620.0,436462.0,853089.0,629508.0,760595.0,487198.0,457.0,1280.0,641424.0,2949.0,24840.971990977992
2024-01-04T00:00:00.000000,2202.0,1174,1028,1962.0,289.0,364.0,2518610.0,1564581.0,845485.0,411620.0,718664.0,451015.0,725379.0,441877.0,489.0,1180.0,619527.0,2987.0,23903.48986820914
2024-01-05T00:00:00.000000,1945.0,1056,889,1736.0,274.0,335.0,2418861.0,1590639.0,745944.0,366349.0,628027.0,402281.0,768549.0,503505.0,429.0,1026.0,501831.0,2732.0,24645.943609695605
2024-01-06T00:00:00.000000,1196.0,629,567,1054.0,139.0,216.0,1522411.0,1037193.0,499948.0,251581.0,359352.0,249542.0,483628.0,304576.0,284.0,613.0,289657.0,1476.0,17773.012166305347
2024-01-07T00:00:00.000000,1181.0,648,533,1020.0,149.0,211.0,1521194.0,1045794.0,400548.0,190725.0,402953.0,283887.0,517927.0,367913.0,296.0,605.0,345334.0,1582.0,18340.35404190101
2024-01-08T00:00:00.000000,1939.0,1094,845,1741.0,298.0,325.0,2342143.0,1505319.0,732067.0,349193.0,677896.0,451968.0,736041.0,453969.0,437.0,1064.0,561851.0,2790.0,25472.906104882382
2024-01-09T00:00:00.000000,2176.0,1225,951,1922.0,324.0,412.0,2674857.0,1723467.0,901542.0,527065.0,712862.0,449812.0,981041.0,642736.0,574.0,1260.0,631554.0,3257.0,21687.531414962574
2024-01-10T00:00:00.000000,2175.0,1231,944,1944.0,322.0,366.0,2646668.0,1728397.0,766132.0,371590.0,729171.0,495207.0,743860.0,461715.0,508.0,1324.0,595657.0,3244.0,25280.977036965414
2024-01-11T00:00:00.000000,2212.0,1216,996,1990.0,303.0,365.0,2631263.0,1705242.0,871079.0,455552.0,658940.0,436488.0,903946.0,584461.0,477.0,1079.0,585533.0,3270.0,28369.589037012913
2024-01-12T00:00:00.000000,1983.0,1104,879,1793.0,302.0,348.0,2470622.0,1535525.0,706590.0,367104.0,767816.0,483943.0,789496.0,473122.0,456.0,1040.0,504072.0,2840.0,24372.767405118142
2024-01-13T00:00:00.000000,1164.0,634,530,1021.0,163.0,199.0,1344469.0,881648.0,470445.0,237157.0,334660.0,201923.0,423799.0,269344.0,280.0,628.0,319555.0,1576.0,17473.89480541611
2024-01-14T00:00:00.000000,1114.0,649,465,1011.0,164.0,197.0,1519397.0,1018787.0,402868.0,202657.0,438293.0,307460.0,473010.0,317402.0,274.0,602.0,324267.0,1498.0,15125.09813111643
2024-01-15T00:00:00.000000,1836.0,1051,785,1612.0,277.0,325.0,2275258.0,1439376.0,711413.0,381449.0,575422.0,332123.0,729581.0,466842.0,427.0,922.0,483667.0,2815.0,23373.331399943996
2024-01-16T00:00:00.000000,2143.0,1218,925,1915.0,354.0,358.0,2613882.0,1670819.0,788888.0,427295.0,769416.0,496718.0,775935.0,480611.0,486.0,1103.0,565959.0,3188.0,30835.278092500594
2024-01-17T00:00:00.000000,2301.0,1326,975,2015.0,336.0,442.0,2971031.0,1902032.0,792873.0,403946.0,799129.0,515353.0,1052644.0,691208.0,570.0,1284.0,557556.0,3247.0,28469.755767071052
2024-01-18T00:00:00.000000,2296.0,1306,989,2055.0,349.0,408.0,2874516.0,1858476.0,818162.0,427604.0,927706.0,633553.0,816808.0,491708.0,545.0,1145.0,530908.0,3310.0,26724.479188932444
2024-01-19T00:00:00.000000,2065.0,1195,870,1851.0,334.0,366.0,2535259.0,1602272.0,724814.0,371428.0,846317.0,572140.0,768890.0,491515.0,463.0,929.0,497755.0,2909.0,28858.166564457744
2024-01-20T00:00:00.000000,1226.0,684,542,1095.0,167.0,213.0,1603268.0,1019474.0,457266.0,234081.0,464010.0,307205.0,500845.0,315204.0,282.0,638.0,312573.0,1696.0,14718.83153627687
2024-01-21T00:00:00.000000,1272.0,692,576,1072.0,168.0,222.0,1563659.0,1040739.0,566940.0,308763.0,417984.0,289874.0,508861.0,329832.0,329.0,542.0,310936.0,1664.0,17707.662439517673
2024-01-22T00:00:00.000000,2083.0,1205,878,1853.0,305.0,366.0,2663286.0,1703190.0,750524.0,370447.0,724424.0,471239.0,825410.0,518779.0,488.0,1151.0,597675.0,2936.0,27933.3480358396
2024-01-23T00:00:00.000000,2137.0,1204,933,1894.0,313.0,350.0,2629813.0,1671048.0,724402.0,346734.0,733025.0,456960.0,752933.0,471305.0,473.0,982.0,645667.0,2956.0,24450.535530475754
2024-01-24T00:00:00.000000,2333.0,1302,1031,2056.0,333.0,406.0,2904378.0,1842010.0,818943.0,407544.0,749716.0,471018.0,963218.0,610289.0,557.0,1186.0,700574.0,3198.0,25220.512626006355
2024-01-25T00:00:00.000000,2189.0,1269,920,1957.0,367.0,390.0,2940479.0,1898464.0,750371.0,361250.0,928843.0,608847.0,906359.0,573525.0,525.0,1216.0,612157.0,3317.0,24263.35639141367
2024-01-26T00:00:00.000000,1950.0,1083,867,1744.0,288.0,358.0,2445023.0,1566293.0,769966.0,387188.0,729471.0,466653.0,795751.0,502270.0,461.0,994.0,524879.0,2759.0,29286.228442635576
2024-01-27T00:00:00.000000,1264.0,724,540,1120.0,185.0,233.0,1790553.0,1222719.0,517585.0,291876.0,508317.0,349093.0,546618.0,359838.0,302.0,469.0,382111.0,1900.0,14551.888005246577
2024-01-28T00:00:00.000000,1118.0,632,486,1001.0,165.0,186.0,1547457.0,1065466.0,422594.0,225180.0,478171.0,346322.0,470500.0,322222.0,231.0,494.0,275125.0,1539.0,13581.754472809102
2024-01-29T00:00:00.000000,2095.0,1252,843,1857.0,373.0,368.0,2709421.0,1730335.0,670032.0,326191.0,865048.0,568130.0,773222.0,459934.0,495.0,1031.0,702694.0,3115.0,30006.666721922513
2024-01-30T00:00:00.000000,2244.0,1232,1012,1996.0,338.0,371.0,2762363.0,1813050.0,778881.0,373659.0,870021.0,594899.0,767657.0,483443.0,489.0,1459.0,627670.0,2975.0,28282.36714415289
2024-01-31T00:00:00.000000,2312.0,1307,1005,2072.0,347.0,423.0,2913934.0,1891613.0,864843.0,444085.0,904720.0,615906.0,896122.0,545777.0,577.0,948.0,517062.0,3149.0,31159.582396130965
2024-02-01T00:00:00.000000,2293.0,1287,1006,2054.0,346.0,402.0,2739514.0,1756225.0,815963.0,421731.0,860319.0,596438.0,849022.0,517539.0,531.0,1171.0,657139.0,3355.0,26911.32400676518
2024-02-02T00:00:00.000000,2128.0,1216,912,1865.0,331.0,359.0,2655968.0,1658147.0,714439.0,367780.0,743068.0,463452.0,793424.0,476759.0,474.0,1062.0,496090.0,3090.0,13521.770684678993
2024-02-03T00:00:00.000000,1235.0,722,513,1099.0,193.0,217.0,1695412.0,1157956.0,427703.0,219734.0,468458.0,314034.0,493488.0,341724.0,286.0,548.0,352550.0,1726.0,12739.648782998811
2024-02-04T00:00:00.000000,1223.0,708,515,1103.0,195.0,219.0,1640271.0,1102941.0,389432.0,184236.0,474108.0,314639.0,510279.0,338221.0,270.0,466.0,288118.0,1656.0,17634.52883124614
2024-02-05T00:00:00.000000,2090.0,1200,890,1850.0,312.0,363.0,2530836.0,1636526.0,693786.0,343383.0,663317.0,426243.0,905413.0,614226.0,499.0,869.0,428299.0,2920.0,26777.17709521068
2024-02-06T00:00:00.000000,2284.0,1329,955,2028.0,375.0,376.0,3032177.0,1996230.0,748100.0,362992.0,949770.0,645204.0,877525.0,556562.0,498.0,1310.0,598907.0,3272.0,22002.197429515632
2024-02-07T00:00:00.000000,2325.0,1319,1006,2051.0,366.0,407.0,2777230.0,1751055.0,813257.0,390396.0,823142.0,526265.0,869014.0,550084.0,529.0,1166.0,531383.0,3194.0,19229.47870649531
2024-02-08T00:00:00.000000,2240.0,1310,929,1970.0,378.0,333.0,2758760.0,1724332.0,816317.0,429217.0,933199.0,609766.0,629606.0,374862.0,457.0,1205.0,583593.0,3121.0,25028.956162676634
2024-02-09T00:00:00.000000,1870.0,1071,799,1682.0,260.0,342.0,2302517.0,1441475.0,704128.0,362619.0,617090.0,394410.0,720977.0,450691.0,471.0,946.0,451156.0,2631.0,27198.034446003177
2024-02-10T00:00:00.000000,1169.0,689,480,1025.0,177.0,220.0,1483444.0,985602.0,379053.0,187139.0,430093.0,279203.0,476375.0,318971.0,269.0,526.0,472891.0,1615.0,15818.184489255926
2024-02-11T00:00:00.000000,1170.0,645,525,1032.0,172.0,191.0,1441396.0,927771.0,448932.0,233255.0,388364.0,256339.0,461568.0,289947.0,241.0,604.0,258920.0,1711.0,14105.770588509564
2024-02-12T00:00:00.000000,1931.0,1089,842,1717.0,287.0,319.0,2438189.0,1557183.0,678077.0,354936.0,652575.0,406770.0,706508.0,442159.0,419.0,973.0,589853.0,2634.0,24027.09546210271
2024-02-13T00:00:00.000000,2128.0,1206,922,1910.0,334.0,340.0,2605980.0,1622902.0,795448.0,425262.0,770571.0,476019.0,738387.0,456486.0,439.0,1245.0,551001.0,2977.0,25955.740046844927
2024-02-14T00:00:00.000000,2075.0,1207,868,1893.0,349.0,350.0,2556983.0,1613851.0,715703.0,382116.0,793803.0,522625.0,764500.0,461210.0,473.0,1086.0,586138.0,3157.0,24262.093767043076
2024-02-15T00:00:00.000000,2122.0,1183,939,1882.0,313.0,350.0,2644116.0,1684059.0,760068.0,383443.0,789781.0,515323.0,775093.0,499553.0,444.0,1000.0,510914.0,2786.0,26410.074747935312
2024-02-16T00:00:00.000000,2010.0,1136,874,1799.0,303.0,362.0,2576512.0,1661362.0,705537.0,345869.0,795258.0,531405.0,802994.0,536465.0,463.0,996.0,517481.0,2794.0,22707.045738504625
2024-02-17T00:00:00.000000,1150.0,665,485,1009.0,171.0,205.0,1526241.0,1032340.0,376223.0,201515.0,451433.0,307856.0,484876.0,335492.0,263.0,624.0,536075.0,1592.0,16505.291888897184
2024-02-18T00:00:00.000000,1140.0,679,461,1019.0,195.0,198.0,1650342.0,1119508.0,389912.0,205316.0,552049.0,399623.0,444914.0,278527.0,253.0,656.0,298560.0,1660.0,14688.296890779604
2024-02-19T00:00:00.000000,2007.0,1159,848,1783.0,308.0,367.0,2578863.0,1683512.0,681660.0,324752.0,770224.0,518293.0,819956.0,522189.0,492.0,1216.0,491299.0,2819.0,22524.455483156147
2024-02-20T00:00:00.000000,2165.0,1221,944,1938.0,340.0,351.0,2789571.0,1837363.0,788404.0,405137.0,865193.0,589048.0,798447.0,523045.0,432.0,1047.0,507427.0,3171.0,25814.67037768835
2024-02-21T00:00:00.000000,2270.0,1268,1002,2019.0,330.0,390.0,2788328.0,1823157.0,782868.0,388084.0,824760.0,555462.0,839364.0,531889.0,529.0,1080.0,503734.0,3097.0,21421.446020935837
2024-02-22T00:00:00.000000,2259.0,1291,968,1983.0,372.0,360.0,2888723.0,1861413.0,824739.0,428442.0,952307.0,626378.0,797766.0,506545.0,505.0,973.0,581345.0,3375.0,27366.423896258108
2024-02-23T00:00:00.000000,1997.0,1136,861,1753.0,297.0,340.0,2570950.0,1703803.0,657567.0,340043.0,806240.0,566246.0,684209.0,421550.0,443.0,903.0,447165.0,2672.0,27117.988419979316
2024-02-24T00:00:00.000000,1127.0,639,488,1003.0,191.0,208.0,1465948.0,958999.0,437158.0,205757.0,484824.0,332557.0,464538.0,284686.0,259.0,596.0,229616.0,1614.0,14853.984048090528
2024-02-25T00:00:00.000000,1156.0,643,513,1019.0,172.0,176.0,1621143.0,1140319.0,441899.0,210985.0,491523.0,351571.0,406897.0,269690.0,238.0,436.0,251572.0,1801.0,12827.415703230463
2024-02-26T00:00:00.000000,2069.0,1217,852,1830.0,329.0,357.0,2613455.0,1660609.0,695420.0,336027.0,676084.0,412113.0,828514.0,548219.0,480.0,778.0,468137.0,2989.0,26008.29683711493
2024-02-27T00:00:00.000000,2287.0,1283,1004,2019.0,368.0,389.0,2779058.0,1794861.0,802762.0,390293.0,827635.0,531515.0,856767.0,535828.0,497.0,1063.0,575423.0,3260.0,27218.028937549516
2024-02-28T00:00:00.000000,2266.0,1268,997,2025.0,366.0,369.0,2647879.0,1656493.0,769896.0,368614.0,814204.0,506770.0,729590.0,440683.0,475.0,1219.0,643821.0,3075.0,32194.560158640685
2024-02-29T00:00:00.000000,2214.0,1263,951,1963.0,363.0,372.0,2749975.0,1756797.0,763147.0,400769.0,838634.0,555595.0,843272.0,527677.0,503.0,1088.0,589270.0,3142.0,24241.845496452923
2024-03-01T00:00:00.000000,1905.0,1090,815,1709.0,282.0,332.0,2265096.0,1425019.0,684330.0,359808.0,620126.0,391673.0,674687.0,402012.0,436.0,1056.0,467937.0,2935.0,23404.779539784213
2024-03-02T00:00:00.000000,1134.0,666,465,1004.0,186.0,205.0,1539176.0,1017809.0,367418.0,193091.0,475046.0,320977.0,435861.0,274502.0,279.0,456.0,245956.0,1800.0,14532.479907631194
2024-03-03T00:00:00.000000,1131.0,611,520,985.0,145.0,175.0,1467468.0,979328.0,421898.0,218896.0,381949.0,254764.0,436719.0,303112.0,249.0,578.0,228027.0,1485.0,9754.29427817031
2024-03-04T00:00:00.000000,1956.0,1136,820,1737.0,316.0,330.0,2675780.0,1796634.0,615102.0,295577.0,755524.0,504600.0,793867.0,532107.0,450.0,1081.0,497020.0,3002.0,25100.6733538531
2024-03-05T00:00:00.000000,2078.0,1187,891,1869.0,347.0,352.0,2578694.0,1648449.0,677634.0,324369.0,772796.0,480599.0,851803.0,562737.0,480.0,1056.0,522948.0,3324.0,26315.116358463896
2024-03-06T00:00:00.000000,2280.0,1318,962,2029.0,340.0,366.0,2956070.0,1923139.0,739334.0,368485.0,916981.0,609520.0,767431.0,476118.0,483.0,1220.0,567385.0,3424.0,27195.171306562705
2024-03-07T00:00:00.000000,2249.0,1259,987,1994.0,350.0,402.0,2841842.0,1833657.0,826691.0,413983.0,776047.0,485674.0,918752.0,588341.0,538.0,1227.0,475142.0,3278.0,27332.864702340234
2024-03-08T00:00:00.000000,1896.0,1066,830,1668.0,281.0,332.0,2381595.0,1542590.0,768410.0,433144.0,674944.0,444406.0,782387.0,521992.0,451.0,1115.0,499622.0,2664.0,22283.65133186227
2024-03-09T00:00:00.000000,1007.0,603,404,927.0,158.0,197.0,1263647.0,803055.0,392745.0,208908.0,375585.0,249072.0,447331.0,301446.0,259.0,365.0,229803.0,1289.0,11949.563209330789
2024-03-10T00:00:00.000000,1097.0,610,487,956.0,140.0,170.0,1441704.0,981748.0,410766.0,208138.0,343179.0,225023.0,403098.0,277797.0,226.0,743.0,270856.0,1564.0,13505.054660739652
2024-03-11T00:00:00.000000,2070.0,1239,831,1853.0,337.0,397.0,2747190.0,1767870.0,680675.0,362952.0,823100.0,544115.0,847216.0,536955.0,551.0,908.0,466229.0,3315.0,22526.49478025078
2024-03-12T00:00:00.000000,2120.0,1174,946,1893.0,302.0,353.0,2621881.0,1690868.0,724783.0,356224.0,756258.0,508006.0,787876.0,509899.0,442.0,983.0,500129.0,3089.0,31031.85906312953
2024-03-13T00:00:00.000000,2306.0,1282,1024,2028.0,343.0,388.0,2674693.0,1669439.0,889231.0,493749.0,758973.0,480481.0,791289.0,467329.0,552.0,1189.0,545191.0,3241.0,27810.24909285938
2024-03-14T00:00:00.000000,2169.0,1226,943,1968.0,333.0,359.0,2872723.0,1907661.0,803730.0,421470.0,799086.0,516397.0,895485.0,602620.0,470.0,1213.0,614000.0,3026.0,19470.635724742664
2024-03-15T00:00:00.000000,2062.0,1143,919,1810.0,338.0,355.0,2570295.0,1678886.0,796575.0,404808.0,841790.0,555833.0,851713.0,564791.0,468.0,1207.0,493901.0,3031.0,22872.05903055335
2024-03-16T00:00:00.000000,1113.0,610,503,958.0,148.0,186.0,1373543.0,934369.0,440123.0,230506.0,425212.0,318352.0,378759.0,246332.0,249.0,378.0,228342.0,1657.0,19850.675026372825
2024-03-17T00:00:00.000000,1184.0,666,518,1035.0,173.0,202.0,1694740.0,1175495.0,432633.0,216750.0,516823.0,381518.0,478128.0,314908.0,285.0,609.0,270984.0,1704.0,13015.036075416698
2024-03-18T00:00:00.000000,1962.0,1130,832,1748.0,315.0,319.0,2863389.0,1930747.0,643897.0,325536.0,796952.0,529447.0,824605.0,559369.0,423.0,858.0,423126.0,2820.0,20637.25183331741
2024-03-19T00:00:00.000000,2162.0,1228,934,1914.0,338.0,372.0,2921451.0,1965514.0,749229.0,372248.0,847012.0,582410.0,899191.0,584972.0,486.0,995.0,467832.0,3084.0,26520.467543275165
2024-03-20T00:00:00.000000,2172.0,1253,919,1921.0,309.0,379.0,2835201.0,1837708.0,713067.0,373604.0,765371.0,500411.0,922320.0,610379.0,502.0,994.0,474084.0,3045.0,22865.61658921231
2024-03-21T00:00:00.000000,2090.0,1140,950,1892.0,302.0,355.0,2619739.0,1697913.0,716799.0,341597.0,800919.0,542887.0,779892.0,476205.0,451.0,909.0,454283.0,2881.0,24434.33953880624
2024-03-22T00:00:00.000000,1940.0,1109,831,1732.0,323.0,334.0,2495364.0,1631563.0,741896.0,380985.0,743643.0,474340.0,863680.0,603331.0,420.0,1043.0,403820.0,2561.0,20986.14689676338
2024-03-23T00:00:00.000000,1154.0,673,481,1007.0,174.0,209.0,1561554.0,1049333.0,397814.0,197884.0,497696.0,352029.0,448822.0,285147.0,268.0,413.0,197471.0,1741.0,15737.981145566491
2024-03-24T00:00:00.000000,1078.0,597,481,949.0,152.0,191.0,1455241.0,1012366.0,392170.0,179927.0,448376.0,316035.0,443180.0,304708.0,251.0,702.0,308568.0,1569.0,10828.240508630752
2024-03-25T00:00:00.000000,1796.0,1064,732,1589.0,283.0,310.0,2434152.0,1577392.0,588055.0,307300.0,684393.0,449023.0,736783.0,480717.0,396.0,577.0,343865.0,2552.0,16722.783022228443
2024-03-26T00:00:00.000000,2051.0,1147,904,1859.0,333.0,362.0,2628351.0,1742732.0,790719.0,407642.0,810565.0,542927.0,835063.0,540339.0,485.0,921.0,371321.0,2948.0,19106.229986884013
2024-03-27T00:00:00.000000,2120.0,1228,892,1905.0,347.0,359.0,2667420.0,1696402.0,733989.0,389328.0,784832.0,505226.0,841281.0,537048.0,477.0,875.0,435008.0,2913.0,27369.345497572325
2024-03-28T00:00:00.000000,2032.0,1143,889,1779.0,285.0,338.0,2640932.0,1715895.0,759082.0,413608.0,699309.0,445504.0,786169.0,514743.0,431.0,858.0,431205.0,2758.0,21809.78448502134
2024-03-29T00:00:00.000000,1615.0,937,678,1431.0,253.0,275.0,2354495.0,1614121.0,559651.0,286100.0,627717.0,418858.0,685317.0,474703.0,363.0,733.0,377382.0,2305.0,12579.030727555213
2024-03-30T00:00:00.000000,1098.0,606,492,964.0,160.0,183.0,1470707.0,999070.0,441965.0,241594.0,509641.0,382673.0,422316.0,278209.0,237.0,421.0,166503.0,1630.0,15564.659179114979
2024-03-31T00:00:00.000000,1051.0,613,438,917.0,154.0,181.0,1614985.0,1106983.0,373953.0,197089.0,463620.0,321453.0,389767.0,254329.0,233.0,430.0,217520.0,1440.0,12725.052670266497
2024-04-01T00:00:00.000000,1626.0,945,681,1463.0,252.0,299.0,2073762.0,1335371.0,545118.0,269945.0,566755.0,364567.0,700028.0,471415.0,373.0,669.0,327219.0,2380.0,11670.32958697766
2024-04-02T00:00:00.000000,2014.0,1162,852,1820.0,315.0,351.0,2587593.0,1657095.0,673500.0,350311.0,732480.0,472658.0,774818.0,475361.0,458.0,1657.0,416261.0,3005.0,19227.73250777915
2024-04-03T00:00:00.000000,2160.0,1234,926,1936.0,340.0,353.0,2775873.0,1797086.0,740087.0,362420.0,892595.0,617421.0,794286.0,496193.0,461.0,995.0,512894.0,3071.0,25170.73961126377
2024-04-04T00:00:00.000000,1964.0,1075,889,1761.0,314.0,337.0,2455304.0,1615171.0,679906.0,340217.0,722568.0,478758.0,765634.0,477624.0,445.0,884.0,386791.0,2697.0,21176.77619502725
2024-04-05T00:00:00.000000,1801.0,1014,787,1594.0,259.0,333.0,2000137.0,1216372.0,624115.0,304632.0,513120.0,314425.0,652855.0,387379.0,424.0,755.0,318000.0,2444.0,25353.049337499986
2024-04-06T00:00:00.000000,1083.0,645,438,980.0,169.0,208.0,1533486.0,1032835.0,350433.0,185663.0,406414.0,265185.0,507272.0,336144.0,262.0,394.0,235983.0,1581.0,12556.666859553581
2024-04-07T00:00:00.000000,1088.0,613,475,965.0,158.0,193.0,1550593.0,1092256.0,411850.0,212768.0,479222.0,351766.0,462766.0,315715.0,245.0,376.0,228742.0,1551.0,17381.509013773535
2024-04-08T00:00:00.000000,1870.0,1072,798,1627.0,300.0,312.0,2403026.0,1558964.0,619543.0,296944.0,744886.0,491268.0,730165.0,480873.0,433.0,795.0,351463.0,2827.0,21706.397407637538
2024-04-09T00:00:00.000000,1968.0,1103,865,1773.0,295.0,324.0,2664121.0,1786988.0,691759.0,353390.0,777531.0,532302.0,798775.0,534293.0,427.0,811.0,420118.0,2819.0,22571.086571455373
2024-04-10T00:00:00.000000,2061.0,1148,913,1851.0,329.0,334.0,2595918.0,1697573.0,817493.0,435693.0,830794.0,566056.0,735107.0,468066.0,425.0,950.0,359812.0,3061.0,22419.571198548467
2024-04-11T00:00:00.000000,1892.0,1057,835,1683.0,285.0,303.0,2388450.0,1528106.0,692763.0,350344.0,695600.0,457537.0,719720.0,493181.0,389.0,780.0,322775.0,2632.0,25959.771925900193
2024-04-12T00:00:00.000000,1828.0,1032,795,1648.0,270.0,325.0,2583440.0,1715241.0,662863.0,338384.0,741344.0,494817.0,804262.0,531267.0,430.0,704.0,327599.0,2726.0,19467.41253425389
2024-04-13T00:00:00.000000,1059.0,578,481,925.0,155.0,177.0,1424452.0,951088.0,422767.0,217202.0,424835.0,279067.0,411651.0,276492.0,240.0,350.0,195821.0,1399.0,14238.870378627926
2024-04-14T00:00:00.000000,1066.0,608,458,944.0,189.0,162.0,1435713.0,973380.0,419993.0,205360.0,507630.0,360471.0,378488.0,248903.0,220.0,452.0,196571.0,1470.0,13648.465322773536
2024-04-15T00:00:00.000000,1922.0,1097,825,1691.0,313.0,288.0,2318979.0,1479618.0,676900.0,363530.0,701196.0,452008.0,621809.0,404838.0,365.0,927.0,339843.0,2952.0,20300.4637395586
2024-04-16T00:00:00.000000,1980.0,1125,855,1778.0,308.0,339.0,2580971.0,1702120.0,831080.0,385152.0,791421.0,542798.0,727507.0,470333.0,451.0,885.0,391676.0,2841.0,20580.70179235181
2024-04-17T00:00:00.000000,2100.0,1156,944,1898.0,342.0,345.0,2629050.0,1695252.0,808904.0,421720.0,850099.0,546982.0,794457.0,505292.0,459.0,956.0,484825.0,2945.0,24401.24919024043
2024-04-18T00:00:00.000000,2139.0,1220,919,1946.0,357.0,361.0,2796498.0,1771583.0,747538.0,381865.0,870797.0,547680.0,772319.0,466314.0,473.0,983.0,488539.0,3178.0,29294.9820961692
2024-04-19T00:00:00.000000,1899.0,1059,840,1710.0,323.0,297.0,2577252.0,1716314.0,673781.0,355401.0,907870.0,626100.0,713472.0,466309.0,382.0,940.0,353771.0,2762.0,20409.051641827
2024-04-20T00:00:00.000000,1037.0,601,436,920.0,160.0,179.0,1463578.0,973150.0,356300.0,185012.0,423042.0,272619.0,439598.0,284361.0,230.0,521.0,207348.0,1308.0,11026.854720299405
2024-04-21T00:00:00.000000,1139.0,667,472,1007.0,198.0,181.0,1663620.0,1116398.0,374583.0,179243.0,560652.0,393163.0,463015.0,292176.0,232.0,574.0,224415.0,1702.0,16390.029644250753
2024-04-22T00:00:00.000000,1799.0,1039,760,1613.0,309.0,286.0,2397680.0,1519590.0,596005.0,304511.0,743512.0,480633.0,613212.0,366931.0,378.0,777.0,421036.0,2602.0,20034.7050206674
2024-04-23T00:00:00.000000,2089.0,1187,902,1853.0,368.0,321.0,2710024.0,1747103.0,736459.0,397142.0,929347.0,629179.0,796154.0,512534.0,435.0,808.0,371336.0,2944.0,20081.651191740133
2024-04-24T00:00:00.000000,2128.0,1177,951,1877.0,319.0,359.0,2786705.0,1877482.0,771675.0,401665.0,759697.0,511024.0,902812.0,612801.0,474.0,1131.0,405025.0,2840.0,9697.471832667641
2024-04-25T00:00:00.000000,1844.0,1067,777,1661.0,318.0,283.0,2368097.0,1532840.0,614161.0,309079.0,713902.0,456969.0,619957.0,381617.0,374.0,854.0,436962.0,2719.0,23985.63410491966
2024-04-26T00:00:00.000000,1866.0,1030,836,1675.0,294.0,314.0,2193603.0,1389825.0,697040.0,359373.0,721999.0,480089.0,626003.0,368342.0,421.0,845.0,375502.0,2602.0,20050.54863635291
2024-04-27T00:00:00.000000,1022.0,577,445,926.0,164.0,163.0,1434643.0,964017.0,411617.0,222871.0,423374.0,300155.0,412994.0,265005.0,211.0,317.0,130354.0,1593.0,14907.447072229526
2024-04-28T00:00:00.000000,1070.0,594,476,940.0,160.0,180.0,1470837.0,1005279.0,380839.0,206854.0,531277.0,390818.0,389277.0,241108.0,237.0,342.0,192809.0,1499.0,11799.659932571523
2024-04-29T00:00:00.000000,1790.0,1022,768,1618.0,320.0,287.0,2309398.0,1525771.0,595761.0,301732.0,775892.0,538848.0,661376.0,424153.0,370.0,875.0,301836.0,2736.0,20957.262792449812
2024-04-30T00:00:00.000000,1891.0,1085,806,1685.0,354.0,301.0,2631158.0,1719920.0,699403.0,386318.0,977164.0,667942.0,760111.0,493337.0,406.0,842.0,308322.0,2668.0,16613.74580468855
2024-05-01T00:00:00.000000,1625.0,966,659,1418.0,292.0,252.0,2374094.0,1616868.0,565369.0,311108.0,710082.0,485618.0,667174.0,453204.0,334.0,741.0,338988.0,2545.0,20530.94117071397
2024-05-02T00:00:00.000000,1887.0,1082,805,1700.0,302.0,306.0,2466629.0,1573883.0,727570.0,405550.0,707318.0,450091.0,752445.0,466668.0,369.0,933.0,418139.0,2702.0,19856.475470811292
2024-05-03T00:00:00.000000,1641.0,935,706,1476.0,272.0,270.0,2178209.0,1390235.0,607636.0,312061.0,687635.0,456644.0,624763.0,374068.0,343.0,695.0,282332.0,2333.0,19731.351134945835
2024-05-04T00:00:00.000000,1097.0,618,479,951.0,184.0,197.0,1483182.0,1006839.0,448262.0,241605.0,476422.0,340093.0,465549.0,320309.0,256.0,528.0,227266.0,1668.0,13378.432374670489
2024-05-05T00:00:00.000000,1206.0,694,512,1034.0,179.0,218.0,1681053.0,1146943.0,449867.0,239314.0,447802.0,313631.0,555248.0,368109.0,290.0,565.0,207172.0,1915.0,19180.529606421434
2024-05-06T00:00:00.000000,1848.0,1061,787,1662.0,301.0,298.0,2602544.0,1726025.0,677389.0,372839.0,835213.0,571664.0,728625.0,472909.0,392.0,1022.0,556222.0,2574.0,15028.216822392369
2024-05-07T00:00:00.000000,1972.0,1098,874,1757.0,288.0,341.0,2369802.0,1530347.0,643500.0,305594.0,641525.0,419859.0,769796.0,502676.0,436.0,875.0,709156.0,2697.0,21017.005472802368
2024-05-08T00:00:00.000000,2043.0,1145,898,1788.0,334.0,298.0,2595627.0,1686518.0,756070.0,395943.0,726777.0,476440.0,667215.0,421092.0,392.0,1020.0,378502.0,2849.0,24623.81850977338
2024-05-09T00:00:00.000000,2012.0,1118,894,1785.0,318.0,301.0,2654872.0,1764014.0,700598.0,358012.0,797995.0,533497.0,748289.0,507706.0,376.0,1004.0,424858.0,2570.0,20316.77670117058
2024-05-10T00:00:00.000000,1848.0,1034,814,1647.0,285.0,342.0,2289223.0,1478291.0,668362.0,335265.0,731492.0,479349.0,715375.0,453196.0,437.0,774.0,335810.0,2636.0,16974.5935945976
2024-05-11T00:00:00.000000,1149.0,626,523,1021.0,178.0,169.0,1705033.0,1211325.0,365047.0,175112.0,493246.0,337722.0,421468.0,289357.0,221.0,511.0,156498.0,1453.0,15234.877446943974
2024-05-12T00:00:00.000000,1141.0,643,498,1005.0,163.0,205.0,1577836.0,1082275.0,424833.0,216122.0,427816.0,295845.0,498067.0,332331.0,287.0,499.0,196777.0,1545.0,19043.700808067733
2024-05-13T00:00:00.000000,1818.0,1019,799,1607.0,309.0,266.0,2441975.0,1631303.0,695944.0,378746.0,812895.0,550985.0,605050.0,391796.0,340.0,790.0,366041.0,2489.0,20097.630337707225
2024-05-14T00:00:00.000000,1961.0,1094,867,1761.0,310.0,320.0,2502716.0,1635331.0,723913.0,382820.0,734449.0,488490.0,773076.0,484539.0,406.0,921.0,318508.0,2568.0,20747.166798435428
2024-05-15T00:00:00.000000,1895.0,1030,865,1703.0,295.0,268.0,2364531.0,1546871.0,728491.0,391132.0,735074.0,500422.0,628563.0,397011.0,353.0,836.0,332562.0,2739.0,24999.419201970035
2024-05-16T00:00:00.000000,1894.0,1054,840,1722.0,318.0,282.0,2508604.0,1638258.0,645459.0,313176.0,733418.0,465862.0,648422.0,430023.0,363.0,722.0,319930.0,2451.0,18610.08003488197
2024-05-17T00:00:00.000000,1797.0,963,834,1587.0,256.0,283.0,2084867.0,1320775.0,623750.0,296092.0,592672.0,389670.0,601527.0,374915.0,364.0,894.0,407953.0,2174.0,21053.18632847253
2024-05-18T00:00:00.000000,1015.0,540,474,897.0,156.0,143.0,1203173.0,763485.0,420956.0,234167.0,386642.0,252110.0,315015.0,193604.0,193.0,345.0,154202.0,1402.0,16208.628762906643
2024-05-19T00:00:00.000000,937.0,526,411,834.0,148.0,151.0,1346492.0,901066.0,364226.0,191868.0,346360.0,215748.0,401906.0,261743.0,197.0,368.0,155190.0,1276.0,10384.287702101929
2024-05-20T00:00:00.000000,1643.0,913,730,1468.0,265.0,261.0,2159655.0,1421864.0,650004.0,361526.0,687901.0,453032.0,593508.0,394850.0,373.0,932.0,308689.0,2266.0,15633.669182854916
2024-05-21T00:00:00.000000,1893.0,1023,870,1683.0,283.0,277.0,2410029.0,1565348.0,708083.0,352279.0,653108.0,414617.0,639705.0,430759.0,359.0,791.0,318562.0,2338.0,20428.7524300565
2024-05-22T00:00:00.000000,1916.0,1016,900,1735.0,292.0,273.0,2364115.0,1562625.0,751293.0,415574.0,658424.0,429590.0,606671.0,375857.0,353.0,836.0,376963.0,2810.0,22341.139406701473
2024-05-23T00:00:00.000000,1937.0,1072,865,1729.0,288.0,317.0,2614516.0,1705842.0,754205.0,372715.0,760905.0,519318.0,822823.0,518599.0,424.0,956.0,376145.0,2797.0,22038.996026960544
2024-05-24T00:00:00.000000,1697.0,939,758,1511.0,268.0,256.0,2128366.0,1364430.0,594470.0,300151.0,653592.0,431820.0,617897.0,405211.0,346.0,900.0,425804.0,2279.0,24482.92751881477
2024-05-25T00:00:00.000000,910.0,499,411,824.0,129.0,147.0,1287041.0,873416.0,364273.0,195165.0,370099.0,262683.0,370802.0,244641.0,184.0,427.0,221728.0,1123.0,9847.902255340648
2024-05-26T00:00:00.000000,876.0,510,366,791.0,134.0,151.0,1184592.0,798213.0,302984.0,133725.0,310600.0,207889.0,385013.0,271482.0,200.0,450.0,180132.0,1234.0,10012.441975252836
2024-05-27T00:00:00.000000,1451.0,790,661,1312.0,225.0,238.0,2028087.0,1345704.0,535414.0,306677.0,567120.0,371168.0,652738.0,455256.0,311.0,703.0,213043.0,1974.0,13969.428693333772
2024-05-28T00:00:00.000000,1765.0,992,773,1597.0,291.0,287.0,2337782.0,1546257.0,611551.0,286183.0,818117.0,582644.0,677259.0,445401.0,387.0,733.0,284201.0,2717.0,20472.78284217934
2024-05-29T00:00:00.000000,1818.0,972,846,1605.0,285.0,276.0,2287920.0,1522251.0,694893.0,343692.0,757827.0,516079.0,633179.0,418226.0,354.0,833.0,380621.0,2519.0,19636.956865360196
2024-05-30T00:00:00.000000,1696.0,914,782,1523.0,244.0,300.0,2144434.0,1421318.0,604340.0,318797.0,663339.0,466055.0,685150.0,438136.0,405.0,758.0,321293.0,2053.0,15806.152256818872
2024-05-31T00:00:00.000000,1609.0,871,732,1414.0,245.0,254.0,1979202.0,1296735.0,576925.0,286631.0,617353.0,421585.0,594878.0,398689.0,337.0,790.0,316631.0,2331.0,22069.919197676565
2024-06-01T00:00:00.000000,851.0,459,392,748.0,131.0,130.0,1076156.0,717163.0,329095.0,174103.0,383751.0,276030.0,302168.0,201289.0,165.0,375.0,138358.0,1150.0,9813.468349132356
2024-06-02T00:00:00.000000,891.0,505,386,789.0,141.0,146.0,1166854.0,783355.0,310066.0,154168.0,366390.0,255609.0,315363.0,201937.0,200.0,357.0,162682.0,1301.0,13010.64100107112
2024-06-03T00:00:00.000000,1575.0,872,703,1436.0,274.0,225.0,1990107.0,1320221.0,559914.0,272851.0,656028.0,454506.0,583938.0,387500.0,289.0,678.0,273074.0,2231.0,18450.4998128603
2024-06-04T00:00:00.000000,1691.0,939,752,1495.0,254.0,275.0,2230080.0,1458140.0,572826.0,272256.0,701061.0,467932.0,668164.0,448584.0,373.0,877.0,286500.0,2535.0,19407.264881255698
2024-06-05T00:00:00.000000,1645.0,869,776,1468.0,252.0,262.0,2186936.0,1443201.0,643352.0,322761.0,632753.0,431313.0,694916.0,467028.0,345.0,737.0,254781.0,2252.0,14890.616981130965
2024-06-06T00:00:00.000000,1729.0,925,804,1567.0,288.0,262.0,2326252.0,1495282.0,626763.0,290857.0,820636.0,561052.0,630898.0,394920.0,330.0,1044.0,250951.0,2381.0,21021.010201758578
2024-06-07T00:00:00.000000,1613.0,864,749,1412.0,244.0,249.0,2130493.0,1437696.0,639802.0,337898.0,674671.0,480511.0,650627.0,432543.0,315.0,666.0,228748.0,2190.0,18300.935831641633
2024-06-08T00:00:00.000000,834.0,435,399,737.0,106.0,153.0,1110530.0,757309.0,333325.0,154170.0,323857.0,226886.0,386850.0,266850.0,200.0,391.0,118671.0,1148.0,10789.121826250217
2024-06-09T00:00:00.000000,873.0,476,397,771.0,144.0,125.0,1154913.0,766604.0,344552.0,168518.0,336654.0,214528.0,262628.0,166649.0,160.0,445.0,134157.0,1154.0,13140.740289550782
2024-06-10T00:00:00.000000,1474.0,817,657,1351.0,259.0,229.0,1989475.0,1319808.0,519597.0,269982.0,662697.0,447953.0,554883.0,370499.0,319.0,791.0,271726.0,2056.0,16432.913054721044
2024-06-11T00:00:00.000000,1593.0,901,692,1395.0,281.0,253.0,2338595.0,1547587.0,534952.0,272646.0,806062.0,569425.0,556694.0,351273.0,331.0,810.0,404605.0,2365.0,14190.861245367985
2024-06-12T00:00:00.000000,1571.0,877,694,1441.0,262.0,218.0,2092408.0,1362217.0,626155.0,334552.0,729504.0,507244.0,461940.0,284657.0,290.0,867.0,255929.0,2368.0,16853.593687306126
2024-06-13T00:00:00.000000,1739.0,967,772,1579.0,290.0,253.0,2244708.0,1474312.0,661818.0,336844.0,742666.0,483654.0,585676.0,388979.0,353.0,820.0,545172.0,2473.0,18075.095020908793
2024-06-14T00:00:00.000000,1465.0,770,695,1306.0,226.0,220.0,1750621.0,1116570.0,607204.0,316951.0,592789.0,395561.0,525296.0,339309.0,303.0,701.0,267583.0,2023.0,15620.455092043403
2024-06-15T00:00:00.000000,764.0,419,345,698.0,112.0,133.0,1009525.0,663841.0,341821.0,191419.0,272880.0,180011.0,350356.0,235882.0,197.0,325.0,140289.0,1022.0,10207.739008202665
2024-06-16T00:00:00.000000,770.0,421,349,684.0,111.0,138.0,1045301.0,710605.0,337316.0,178770.0,357137.0,247099.0,280105.0,175589.0,189.0,326.0,123051.0,1019.0,9754.22031145856
2024-06-17T00:00:00.000000,1341.0,734,607,1236.0,213.0,222.0,1812721.0,1214704.0,505134.0,255792.0,597032.0,432213.0,524364.0,333030.0,289.0,770.0,215840.0,1975.0,11064.780385369657
2024-06-18T00:00:00.000000,1488.0,807,681,1332.0,235.0,238.0,1830074.0,1174453.0,554900.0,280230.0,608660.0,402549.0,581255.0,382513.0,328.0,782.0,660035.0,2106.0,16594.02885136923
2024-06-19T00:00:00.000000,1580.0,874,706,1435.0,264.0,264.0,1976822.0,1264548.0,610796.0,300470.0,720088.0,489325.0,596154.0,377215.0,362.0,908.0,270286.0,2037.0,20960.190770756948
2024-06-20T00:00:00.000000,1581.0,876,705,1413.0,241.0,241.0,2296365.0,1585678.0,598016.0,305867.0,677751.0,471635.0,613666.0,428385.0,307.0,652.0,243344.0,2117.0,18177.77011808824
2024-06-21T00:00:00.000000,1486.0,810,676,1362.0,255.0,227.0,2026762.0,1365431.0,570977.0,289105.0,716975.0,491649.0,587252.0,398328.0,314.0,905.0,231999.0,2078.0,14542.900898919415
2024-06-22T00:00:00.000000,777.0,445,332,707.0,122.0,154.0,1097521.0,731941.0,315598.0,185237.0,358867.0,246741.0,357617.0,233089.0,195.0,288.0,120223.0,1045.0,9375.203092879015
2024-06-23T00:00:00.000000,749.0,413,336,664.0,110.0,122.0,1217503.0,888923.0,284168.0,139949.0,340670.0,247303.0,373169.0,275093.0,153.0,378.0,125442.0,1020.0,8534.533845971793
2024-06-24T00:00:00.000000,1499.0,812,687,1344.0,240.0,217.0,1966013.0,1294734.0,555820.0,286374.0,630720.0,424835.0,560369.0,364191.0,291.0,594.0,229656.0,2155.0,20487.131554501877
2024-06-25T00:00:00.000000,1526.0,842,684,1412.0,252.0,242.0,1994940.0,1272903.0,599974.0,324154.0,665804.0,439842.0,556356.0,349049.0,326.0,611.0,515067.0,2241.0,14566.913690621976
2024-06-26T00:00:00.000000,1618.0,875,743,1466.0,251.0,260.0,2197563.0,1448189.0,658840.0,348649.0,725627.0,514678.0,569087.0,353278.0,322.0,715.0,274559.0,2361.0,11790.163755849133
2024-06-27T00:00:00.000000,1630.0,860,770,1470.0,257.0,257.0,2049601.0,1368950.0,566149.0,275313.0,676494.0,466905.0,550303.0,341081.0,360.0,759.0,366896.0,2216.0,17240.416626267666
2024-06-28T00:00:00.000000,1463.0,751,712,1284.0,217.0,215.0,1835147.0,1185231.0,660082.0,361138.0,479496.0,295724.0,628672.0,427040.0,269.0,735.0,375035.0,2009.0,16523.5986680053
2024-06-29T00:00:00.000000,774.0,409,365,721.0,136.0,125.0,1078134.0,769386.0,292934.0,140611.0,422893.0,312199.0,305553.0,208745.0,160.0,341.0,126094.0,973.0,6693.449534823311
2024-06-30T00:00:00.000000,829.0,479,350,749.0,151.0,132.0,1317059.0,918039.0,324474.0,169478.0,551496.0,406035.0,330247.0,215749.0,186.0,366.0,178442.0,1376.0,7129.212968904425
2024-07-01T00:00:00.000000,1382.0,778,604,1284.0,217.0,223.0,1882090.0,1266063.0,477237.0,221865.0,644894.0,470537.0,476717.0,296379.0,282.0,670.0,234655.0,2102.0,16043.138473106439
2024-07-02T00:00:00.000000,1522.0,834,688,1385.0,230.0,231.0,1965330.0,1289100.0,539654.0,269049.0,612163.0,418831.0,559799.0,349943.0,304.0,738.0,632033.0,2116.0,16058.875244766848
2024-07-03T00:00:00.000000,1533.0,813,720,1383.0,229.0,269.0,1901824.0,1217031.0,622071.0,327294.0,583318.0,383678.0,632375.0,392398.0,361.0,741.0,190818.0,2182.0,16795.513215627998
2024-07-04T00:00:00.000000,1430.0,754,676,1268.0,196.0,237.0,1655932.0,1070044.0,553000.0,297657.0,490349.0,333937.0,550256.0,347789.0,306.0,510.0,185485.0,1844.0,16447.79079519219
2024-07-05T00:00:00.000000,1307.0,703,604,1151.0,189.0,218.0,1667250.0,1085073.0,420887.0,183759.0,543670.0,364328.0,545912.0,380493.0,268.0,491.0,245516.0,1732.0,18263.637286825036
2024-07-06T00:00:00.000000,713.0,359,354,648.0,82.0,122.0,870002.0,557448.0,305674.0,156102.0,232479.0,163412.0,279160.0,180619.0,161.0,319.0,126620.0,866.0,9402.508271487353
2024-07-07T00:00:00.000000,691.0,351,340,615.0,95.0,105.0,968455.0,688203.0,338452.0,178004.0,295025.0,209840.0,324134.0,241182.0,145.0,204.0,122427.0,969.0,6094.23103068034
2024-07-08T00:00:00.000000,1352.0,762,590,1226.0,245.0,238.0,1862304.0,1229889.0,524311.0,264164.0,645874.0,434551.0,548517.0,341975.0,316.0,580.0,227857.0,2010.0,15947.137437452957
2024-07-09T00:00:00.000000,1563.0,886,677,1406.0,230.0,276.0,2103422.0,1385136.0,537241.0,270607.0,621115.0,433924.0,593135.0,358966.0,377.0,626.0,259061.0,2318.0,20279.291904420097
2024-07-10T00:00:00.000000,1505.0,800,705,1363.0,222.0,236.0,2030044.0,1359013.0,642170.0,334168.0,738613.0,540508.0,598750.0,396133.0,317.0,702.0,264868.0,2020.0,13901.071735589518
2024-07-11T00:00:00.000000,1584.0,882,702,1448.0,241.0,233.0,2129979.0,1398291.0,542598.0,264832.0,659990.0,437491.0,503045.0,309692.0,324.0,726.0,315199.0,2213.0,20334.197374035153
2024-07-12T00:00:00.000000,1281.0,683,598,1174.0,184.0,203.0,1549898.0,970995.0,483948.0,240748.0,451233.0,290036.0,431955.0,258114.0,262.0,515.0,189890.0,1690.0,15738.44440639661
2024-07-13T00:00:00.000000,810.0,423,385,726.0,107.0,139.0,1119138.0,785781.0,379575.0,216129.0,357630.0,265017.0,317150.0,205069.0,195.0,409.0,222105.0,1050.0,10265.955897638683
2024-07-14T00:00:00.000000,685.0,357,328,597.0,72.0,110.0,950187.0,642160.0,267207.0,133511.0,236653.0,173920.0,290840.0,184019.0,146.0,248.0,137841.0,895.0,9212.17162469783
2024-07-15T00:00:00.000000,1384.0,733,651,1232.0,189.0,238.0,1815467.0,1192900.0,524717.0,257986.0,544403.0,377226.0,626934.0,417028.0,310.0,556.0,196328.0,1933.0,16530.70604272704
2024-07-16T00:00:00.000000,1532.0,836,696,1364.0,225.0,232.0,2134494.0,1439658.0,558556.0,263235.0,616476.0,413470.0,552673.0,365476.0,296.0,697.0,238133.0,2031.0,15755.136740758388
2024-07-17T00:00:00.000000,1576.0,821,755,1373.0,213.0,217.0,2054793.0,1339434.0,626309.0,322534.0,579261.0,383566.0,554793.0,356567.0,284.0,760.0,213631.0,2101.0,17271.16165507857
2024-07-18T00:00:00.000000,1573.0,840,733,1418.0,197.0,269.0,2030849.0,1319508.0,659720.0,358365.0,500459.0,327654.0,677318.0,435054.0,355.0,591.0,247825.0,1968.0,18051.129282686383
2024-07-19T00:00:00.000000,1384.0,719,665,1238.0,178.0,213.0,1788089.0,1182043.0,575736.0,312647.0,435516.0,276927.0,569752.0,383704.0,289.0,509.0,272598.0,1763.0,14991.747867342267
2024-07-20T00:00:00.000000,703.0,340,363,631.0,87.0,112.0,865131.0,591629.0,317319.0,165342.0,289916.0,214143.0,319536.0,221415.0,145.0,144.0,74239.0,847.0,7209.729816277387
2024-07-21T00:00:00.000000,700.0,364,336,629.0,112.0,99.0,984288.0,685844.0,263025.0,126357.0,327353.0,230719.0,286537.0,204949.0,131.0,318.0,100995.0,1014.0,7031.399887198867
2024-07-22T00:00:00.000000,1399.0,779,620,1251.0,202.0,230.0,1915873.0,1276423.0,445918.0,212919.0,553588.0,387261.0,574515.0,373546.0,297.0,670.0,274628.0,1918.0,13262.251328787785
2024-07-23T00:00:00.000000,1456.0,758,698,1316.0,216.0,196.0,1862947.0,1205330.0,584529.0,296965.0,534947.0,336918.0,488893.0,331460.0,258.0,533.0,161928.0,1889.0,14989.214549414968
2024-07-24T00:00:00.000000,1577.0,803,774,1411.0,224.0,213.0,1944484.0,1294205.0,604636.0,304269.0,592287.0,396795.0,495753.0,320631.0,284.0,900.0,229748.0,1976.0,16887.191029024583
2024-07-25T00:00:00.000000,1542.0,826,716,1349.0,211.0,230.0,1951695.0,1244449.0,654455.0,348158.0,589998.0,391258.0,492081.0,304220.0,328.0,669.0,181505.0,2234.0,15932.365320224742
2024-07-26T00:00:00.000000,1336.0,694,642,1196.0,173.0,207.0,1809117.0,1207763.0,514751.0,265747.0,449981.0,283610.0,558916.0,388821.0,269.0,587.0,165003.0,1754.0,12265.960270908345
2024-07-27T00:00:00.000000,727.0,388,339,642.0,74.0,131.0,941824.0,625068.0,285518.0,136786.0,202645.0,138628.0,342056.0,216793.0,164.0,172.0,82636.0,982.0,7853.097067774507
2024-07-28T00:00:00.000000,694.0,369,325,632.0,108.0,121.0,997204.0,693580.0,275448.0,135963.0,329998.0,235299.0,317926.0,221860.0,153.0,266.0,74309.0,1018.0,9857.133460045468
2024-07-29T00:00:00.000000,1377.0,769,608,1251.0,222.0,220.0,1837424.0,1203633.0,503037.0,260088.0,600258.0,408247.0,492393.0,301322.0,287.0,660.0,200591.0,1789.0,14600.700383835116
2024-07-30T00:00:00.000000,1433.0,745,688,1288.0,193.0,234.0,1830074.0,1216654.0,564771.0,292712.0,560121.0,393281.0,575344.0,373770.0,302.0,619.0,181728.0,1885.0,12643.201785662632
2024-07-31T00:00:00.000000,1480.0,750,730,1344.0,220.0,233.0,1843368.0,1201067.0,649019.0,340069.0,628175.0,437325.0,550723.0,340208.0,306.0,649.0,150762.0,1946.0,21451.142926181525
2024-08-01T00:00:00.000000,1546.0,786,760,1345.0,201.0,225.0,1878769.0,1220324.0,571484.0,273970.0,565696.0,382711.0,527409.0,331406.0,305.0,704.0,498314.0,1879.0,14051.504256926597
2024-08-02T00:00:00.000000,1306.0,694,610,1162.0,179.0,182.0,1611202.0,1014664.0,539758.0,278553.0,457681.0,284192.0,341679.0,194596.0,239.0,431.0,162747.0,1772.0,14906.831994839686
2024-08-03T00:00:00.000000,697.0,371,326,619.0,77.0,112.0,890879.0,583033.0,266736.0,146709.0,200687.0,130071.0,270953.0,172530.0,151.0,276.0,79533.0,870.0,10834.759711257795
2024-08-04T00:00:00.000000,649.0,361,288,606.0,83.0,110.0,878270.0,587648.0,267116.0,143629.0,198161.0,134377.0,235476.0,147833.0,151.0,240.0,84654.0,922.0,7691.233186716409
2024-08-05T00:00:00.000000,1357.0,720,637,1200.0,180.0,229.0,1813195.0,1199109.0,550039.0,282013.0,472497.0,313599.0,585876.0,380241.0,307.0,863.0,192917.0,1978.0,14392.094001889553
2024-08-06T00:00:00.000000,1476.0,767,709,1277.0,203.0,235.0,1895756.0,1243518.0,584038.0,314331.0,600132.0,410361.0,506999.0,303850.0,293.0,576.0,166887.0,1927.0,12854.089952733184
2024-08-07T00:00:00.000000,1501.0,804,697,1330.0,212.0,233.0,1968139.0,1303594.0,587617.0,297698.0,605223.0,413902.0,557581.0,356656.0,310.0,681.0,195545.0,2092.0,15779.399123152218
2024-08-08T00:00:00.000000,1404.0,727,677,1266.0,201.0,211.0,1747041.0,1122996.0,531046.0,252755.0,519225.0,348028.0,561903.0,363800.0,296.0,575.0,171085.0,1829.0,20824.685142181224
2024-08-09T00:00:00.000000,1285.0,664,621,1107.0,154.0,219.0,1620611.0,1045501.0,529929.0,291232.0,461084.0,329811.0,476528.0,282440.0,292.0,539.0,315911.0,1600.0,17536.63979825753
2024-08-10T00:00:00.000000,689.0,367,322,605.0,96.0,110.0,972959.0,687829.0,268811.0,132683.0,312318.0,233767.0,264028.0,186242.0,143.0,264.0,89818.0,859.0,9811.745321809616
2024-08-11T00:00:00.000000,682.0,373,309,616.0,99.0,87.0,933802.0,658182.0,224850.0,105085.0,329576.0,247813.0,204308.0,141067.0,118.0,253.0,164091.0,879.0,11312.493777718617
2024-08-12T00:00:00.000000,1264.0,646,617,1128.0,158.0,212.0,1525345.0,993684.0,528489.0,272083.0,384094.0,245246.0,510439.0,330603.0,250.0,520.0,168480.0,1761.0,14446.786907657206
2024-08-13T00:00:00.000000,1430.0,769,661,1263.0,196.0,238.0,1873524.0,1221827.0,530565.0,258047.0,495995.0,331482.0,587062.0,377343.0,321.0,600.0,180465.0,2062.0,17139.253992819962
2024-08-14T00:00:00.000000,1429.0,753,676,1269.0,177.0,244.0,1944088.0,1317932.0,515888.0,252184.0,558664.0,421428.0,662593.0,445548.0,318.0,497.0,167525.0,1887.0,20682.888614218642
2024-08-15T00:00:00.000000,1243.0,640,603,1113.0,159.0,201.0,1623185.0,1072628.0,502843.0,251067.0,574626.0,412422.0,429084.0,264781.0,266.0,479.0,196172.0,1616.0,17949.9187246985
2024-08-16T00:00:00.000000,1185.0,615,570,1076.0,176.0,186.0,1403688.0,878100.0,475322.0,246423.0,443984.0,281607.0,459384.0,299484.0,245.0,465.0,212934.0,1709.0,13527.495440382105
2024-08-17T00:00:00.000000,634.0,314,320,585.0,71.0,102.0,815156.0,551300.0,309143.0,159406.0,197868.0,137268.0,250447.0,159234.0,129.0,200.0,67431.0,830.0,6506.085568121104
2024-08-18T00:00:00.000000,754.0,388,366,645.0,86.0,116.0,1086054.0,780290.0,307650.0,152907.0,280820.0,213999.0,281404.0,182530.0,161.0,256.0,69654.0,1045.0,10140.37049270762
2024-08-19T00:00:00.000000,1298.0,704,594,1157.0,179.0,222.0,1716888.0,1126825.0,472069.0,224071.0,471682.0,308127.0,537862.0,345368.0,309.0,387.0,150049.0,1752.0,14247.592351671316
2024-08-20T00:00:00.000000,1404.0,731,673,1260.0,177.0,222.0,1864079.0,1248203.0,576052.0,306735.0,517938.0,355841.0,543550.0,347947.0,294.0,549.0,155100.0,1928.0,12158.113599362543
2024-08-21T00:00:00.000000,1396.0,718,678,1251.0,184.0,242.0,1738077.0,1148611.0,565927.0,296307.0,556367.0,393623.0,564257.0,361604.0,334.0,785.0,194775.0,1786.0,14887.885981782134
2024-08-22T00:00:00.000000,1396.0,708,688,1251.0,180.0,220.0,1634703.0,1027517.0,529427.0,264169.0,479844.0,323806.0,521908.0,318329.0,286.0,764.0,179383.0,1821.0,13959.20188179612
2024-08-23T00:00:00.000000,1132.0,558,574,985.0,141.0,158.0,1378432.0,911287.0,486906.0,246581.0,399991.0,270191.0,374264.0,242795.0,202.0,436.0,141721.0,1468.0,13911.32205407954
2024-08-24T00:00:00.000000,650.0,315,335,587.0,84.0,90.0,724732.0,469274.0,307018.0,145292.0,244450.0,173997.0,187796.0,126396.0,113.0,345.0,82730.0,815.0,9316.739272359671
2024-08-25T00:00:00.000000,630.0,324,306,586.0,66.0,98.0,886338.0,638248.0,277974.0,135313.0,225202.0,174038.0,247296.0,166969.0,129.0,207.0,86194.0,813.0,5902.437672077647
2024-08-26T00:00:00.000000,1213.0,611,602,1079.0,158.0,177.0,1641662.0,1095394.0,491743.0,230950.0,467797.0,317058.0,515365.0,340593.0,241.0,382.0,138003.0,1517.0,14660.604582317113
2024-08-27T00:00:00.000000,1271.0,670,601,1136.0,153.0,226.0,1707121.0,1121174.0,506189.0,256522.0,462322.0,312697.0,590036.0,391255.0,290.0,548.0,218035.0,1875.0,13035.907737474643
2024-08-28T00:00:00.000000,1455.0,741,714,1264.0,185.0,232.0,1736138.0,1114134.0,578796.0,303085.0,465968.0,312088.0,525314.0,333101.0,321.0,588.0,176356.0,1875.0,15349.091925456925
2024-08-29T00:00:00.000000,1399.0,707,692,1263.0,205.0,189.0,1779468.0,1151507.0,626891.0,312638.0,550567.0,359662.0,499650.0,318214.0,261.0,521.0,178681.0,1853.0,11256.574614548214
2024-08-30T00:00:00.000000,1152.0,608,544,1047.0,154.0,193.0,1585258.0,1055574.0,500616.0,273265.0,457017.0,322707.0,485358.0,311764.0,256.0,509.0,129303.0,1517.0,13506.715857227926
2024-08-31T00:00:00.000000,650.0,328,322,586.0,74.0,99.0,685107.0,442103.0,298288.0,161177.0,167462.0,109643.0,186029.0,114155.0,126.0,321.0,171640.0,856.0,9231.291562556806
2024-09-01T00:00:00.000000,642.0,340,302,576.0,95.0,97.0,998081.0,705031.0,257701.0,134307.0,324781.0,238365.0,290995.0,200369.0,129.0,224.0,131275.0,883.0,5071.69960869832
2024-09-02T00:00:00.000000,1098.0,555,543,969.0,142.0,171.0,1257707.0,812246.0,487157.0,261102.0,335676.0,223657.0,425507.0,280196.0,231.0,390.0,122950.0,1353.0,14800.265381878184
2024-09-03T00:00:00.000000,1250.0,650,600,1113.0,166.0,188.0,1638666.0,1106116.0,524259.0,258795.0,475001.0,327500.0,550570.0,384597.0,252.0,530.0,191168.0,1748.0,13941.752198592147
2024-09-04T00:00:00.000000,1388.0,717,671,1245.0,197.0,217.0,1680337.0,1077033.0,591702.0,311337.0,524761.0,351584.0,449900.0,279137.0,292.0,636.0,161864.0,2012.0,16284.1592195587
2024-09-05T00:00:00.000000,1333.0,703,630,1188.0,200.0,203.0,1623617.0,1030030.0,512310.0,250490.0,516906.0,331789.0,430242.0,256480.0,267.0,524.0,197397.0,1930.0,15667.770279901264
2024-09-06T00:00:00.000000,1180.0,608,572,1055.0,162.0,192.0,1427102.0,915224.0,476025.0,247378.0,428801.0,292775.0,404829.0,228005.0,258.0,568.0,236064.0,1613.0,13591.541392210187
2024-09-07T00:00:00.000000,665.0,347,318,606.0,102.0,90.0,997247.0,707765.0,266444.0,136961.0,340640.0,244373.0,251917.0,181349.0,118.0,273.0,76251.0,886.0,6572.90083772847
2024-09-08T00:00:00.000000,610.0,346,264,561.0,112.0,105.0,897615.0,592425.0,221886.0,124481.0,343360.0,230231.0,254095.0,169712.0,138.0,291.0,98752.0,947.0,4462.911056081212
2024-09-09T00:00:00.000000,1137.0,597,540,1041.0,160.0,171.0,1397898.0,885278.0,467760.0,208948.0,437444.0,297542.0,383227.0,229807.0,228.0,460.0,154092.0,1488.0,15882.921623520104
2024-09-10T00:00:00.000000,1217.0,657,560,1105.0,183.0,215.0,1704744.0,1158599.0,500586.0,266583.0,496923.0,341656.0,553997.0,376821.0,271.0,686.0,192095.0,1732.0,9770.282930739962
2024-09-11T00:00:00.000000,1369.0,707,662,1214.0,179.0,222.0,1730264.0,1099980.0,502902.0,230625.0,495431.0,338477.0,572679.0,359087.0,303.0,648.0,180912.0,1929.0,18012.405468238674
2024-09-12T00:00:00.000000,1246.0,638,608,1136.0,175.0,196.0,1636692.0,1088456.0,473063.0,237645.0,447321.0,304653.0,575137.0,395423.0,265.0,503.0,149269.0,1640.0,9985.861691925955
2024-09-13T00:00:00.000000,1128.0,554,574,1015.0,145.0,179.0,1344619.0,824524.0,524078.0,273692.0,412683.0,257114.0,444265.0,276523.0,253.0,419.0,142516.0,1498.0,17249.251744345165
2024-09-14T00:00:00.000000,604.0,332,272,555.0,91.0,99.0,920474.0,619030.0,265495.0,149572.0,248961.0,162084.0,343947.0,248471.0,150.0,253.0,80322.0,811.0,5785.07322532993
2024-09-15T00:00:00.000000,599.0,306,293,528.0,82.0,74.0,855338.0,595426.0,262402.0,133499.0,239358.0,169153.0,215566.0,148153.0,96.0,241.0,59116.0,803.0,9044.84270376645
2024-09-16T00:00:00.000000,1027.0,568,459,929.0,189.0,150.0,1447287.0,962502.0,415224.0,216134.0,599875.0,408475.0,297253.0,185063.0,189.0,441.0,161587.0,1413.0,10409.663769470399
2024-09-17T00:00:00.000000,1118.0,543,575,1024.0,167.0,147.0,1366816.0,899521.0,498247.0,260217.0,472606.0,306914.0,310462.0,196230.0,197.0,495.0,114787.0,1598.0,11597.607917798696
2024-09-18T00:00:00.000000,1278.0,663,615,1161.0,196.0,178.0,1560425.0,977071.0,532683.0,273617.0,513072.0,323438.0,413955.0,247560.0,251.0,646.0,190162.0,1775.0,16068.653048937322
2024-09-19T00:00:00.000000,1257.0,634,623,1132.0,178.0,186.0,1500124.0,957084.0,565212.0,278812.0,483342.0,340085.0,426710.0,284252.0,254.0,769.0,231064.0,1633.0,11812.83014514117
2024-09-20T00:00:00.000000,1127.0,599,528,1005.0,189.0,173.0,1427073.0,923452.0,451681.0,234037.0,511673.0,336641.0,391485.0,250808.0,230.0,468.0,136037.0,1473.0,12981.537961289658
2024-09-21T00:00:00.000000,546.0,278,268,502.0,74.0,85.0,664629.0,437541.0,281685.0,148746.0,190825.0,125396.0,210193.0,138807.0,107.0,240.0,60885.0,728.0,6423.932503965191
2024-09-22T00:00:00.000000,589.0,310,279,528.0,87.0,76.0,798031.0,545867.0,297436.0,160466.0,250450.0,174557.0,198701.0,136464.0,111.0,275.0,113283.0,796.0,6242.82183389487
2024-09-23T00:00:00.000000,1112.0,602,510,996.0,174.0,173.0,1539269.0,1015122.0,435314.0,233513.0,580560.0,437461.0,402044.0,236796.0,235.0,417.0,147699.0,1701.0,12793.523552543622
2024-09-24T00:00:00.000000,1263.0,647,616,1137.0,175.0,194.0,1576703.0,1037836.0,546970.0,285170.0,476209.0,317265.0,526311.0,354823.0,261.0,759.0,436398.0,1678.0,14442.721334596172
2024-09-25T00:00:00.000000,1355.0,722,633,1207.0,182.0,204.0,1811050.0,1189716.0,527150.0,297979.0,539889.0,369814.0,512080.0,339086.0,272.0,633.0,177243.0,1969.0,7734.807389504961
2024-09-26T00:00:00.000000,1306.0,653,653,1158.0,171.0,186.0,1487390.0,926587.0,504044.0,226798.0,454017.0,314265.0,431674.0,264231.0,255.0,603.0,129327.0,1707.0,15771.555069886603
2024-09-27T00:00:00.000000,1281.0,768,513,1179.0,348.0,172.0,2100902.0,1467338.0,395476.0,190712.0,1004601.0,728325.0,455153.0,314075.0,234.0,578.0,153642.0,1430.0,8167.955084358418
2024-09-28T00:00:00.000000,678.0,379,299,619.0,155.0,96.0,1030765.0,701827.0,244880.0,107346.0,529463.0,388984.0,275867.0,190633.0,120.0,182.0,67263.0,798.0,10055.777382321196
2024-09-29T00:00:00.000000,661.0,382,279,602.0,149.0,97.0,1053671.0,738417.0,258356.0,103826.0,434704.0,303280.0,322100.0,235387.0,131.0,277.0,91703.0,896.0,7519.997108184618
2024-09-30T00:00:00.000000,1242.0,716,526,1142.0,319.0,141.0,1745273.0,1140056.0,442410.0,232964.0,749513.0,476994.0,377904.0,252591.0,197.0,430.0,122525.0,1495.0,13277.295850410335
2024-10-01T00:00:00.000000,1324.0,766,558,1203.0,362.0,148.0,1971566.0,1308983.0,460970.0,220121.0,965530.0,659636.0,419726.0,281734.0,182.0,472.0,139835.0,1704.0,9643.906809542184
2024-10-02T00:00:00.000000,1260.0,731,529,1156.0,328.0,187.0,1830942.0,1171162.0,462162.0,239332.0,806977.0,510414.0,577857.0,399754.0,265.0,597.0,173805.0,1580.0,12404.867819812978
2024-10-03T00:00:00.000000,1277.0,748,529,1157.0,348.0,151.0,1776365.0,1140744.0,505489.0,274698.0,881959.0,582941.0,364101.0,229875.0,196.0,542.0,177395.0,1604.0,12725.12111815985
2024-10-04T00:00:00.000000,1209.0,687,522,1083.0,291.0,163.0,1896928.0,1302745.0,456011.0,230761.0,796379.0,547343.0,447412.0,300095.0,205.0,352.0,143033.0,1260.0,5810.980189362542
2024-10-05T00:00:00.000000,682.0,383,299,635.0,162.0,96.0,984134.0,634924.0,283904.0,151842.0,431882.0,287575.0,231395.0,142112.0,141.0,218.0,79404.0,865.0,7545.119324041033
2024-10-06T00:00:00.000000,656.0,389,267,598.0,161.0,87.0,1076148.0,725768.0,246253.0,125612.0,506158.0,366208.0,205004.0,123625.0,128.0,282.0,100831.0,969.0,8254.118486790549
2024-10-07T00:00:00.000000,1121.0,643,478,1040.0,289.0,150.0,1552421.0,1025270.0,407302.0,212088.0,814257.0,575482.0,310927.0,181293.0,200.0,355.0,157226.0,1176.0,11991.379721077641
2024-10-08T00:00:00.000000,1178.0,664,514,1095.0,274.0,173.0,1811650.0,1214475.0,408184.0,211319.0,898851.0,634810.0,424686.0,279882.0,236.0,489.0,120906.0,1430.0,9334.096978834401
2024-10-09T00:00:00.000000,1333.0,739,594,1206.0,328.0,167.0,1968410.0,1348348.0,498351.0,277686.0,899560.0,621245.0,448171.0,291683.0,234.0,480.0,134683.0,1660.0,14744.008201629205
2024-10-10T00:00:00.000000,1280.0,699,581,1161.0,285.0,179.0,1744471.0,1112106.0,475496.0,245102.0,826672.0,570516.0,420827.0,260947.0,234.0,694.0,135449.0,1476.0,9322.695672892616
2024-10-11T00:00:00.000000,1103.0,591,512,1003.0,250.0,145.0,1569427.0,1017041.0,418403.0,202702.0,674412.0,435010.0,412130.0,285521.0,199.0,441.0,112742.0,1266.0,14331.715407766558
2024-10-12T00:00:00.000000,635.0,360,275,584.0,154.0,83.0,891893.0,599964.0,236774.0,113589.0,417246.0,289875.0,230357.0,160312.0,122.0,215.0,57873.0,827.0,6808.1055999545115
2024-10-13T00:00:00.000000,618.0,329,289,561.0,128.0,85.0,837006.0,550819.0,262909.0,119210.0,326587.0,218294.0,250732.0,166686.0,124.0,174.0,53716.0,699.0,4997.745264813803
2024-10-14T00:00:00.000000,1079.0,615,464,1008.0,241.0,142.0,1585075.0,1026139.0,420616.0,216267.0,696834.0,467613.0,349370.0,221584.0,185.0,454.0,118474.0,1254.0,8834.918283558054
2024-10-15T00:00:00.000000,1364.0,735,629,1236.0,307.0,160.0,1833174.0,1190622.0,559139.0,286141.0,825640.0,537898.0,362518.0,232318.0,234.0,505.0,158119.0,1654.0,12270.2753853853
2024-10-16T00:00:00.000000,1318.0,742,576,1206.0,310.0,179.0,1654198.0,1049585.0,542977.0,281166.0,730963.0,462776.0,414713.0,266682.0,236.0,422.0,127169.0,1601.0,12840.349186507625
2024-10-17T00:00:00.000000,1241.0,718,523,1127.0,317.0,177.0,1853299.0,1224092.0,426428.0,210648.0,910237.0,617673.0,430833.0,278433.0,227.0,455.0,134586.0,1575.0,10052.960626557697
2024-10-18T00:00:00.000000,1201.0,682,519,1104.0,289.0,150.0,1926835.0,1346474.0,439950.0,206703.0,906353.0,655192.0,387506.0,268917.0,199.0,434.0,141157.0,1513.0,7002.947786727863
2024-10-19T00:00:00.000000,622.0,329,293,562.0,119.0,85.0,811389.0,529894.0,261839.0,148279.0,328306.0,216018.0,201719.0,127000.0,120.0,193.0,66390.0,685.0,9374.80979323442
2024-10-20T00:00:00.000000,583.0,325,258,534.0,127.0,91.0,898557.0,626943.0,221250.0,117268.0,372408.0,273243.0,271201.0,183353.0,117.0,226.0,65960.0,646.0,8641.102784511088
2024-10-21T00:00:00.000000,1178.0,667,511,1067.0,290.0,166.0,1613154.0,1061181.0,413966.0,204722.0,714870.0,477236.0,363694.0,218500.0,232.0,451.0,127093.0,1406.0,12789.769268413862
2024-10-22T00:00:00.000000,1196.0,699,497,1109.0,302.0,168.0,1625629.0,1034170.0,415750.0,215263.0,748602.0,491698.0,408169.0,269581.0,210.0,523.0,135614.0,1451.0,12135.159028334496
2024-10-23T00:00:00.000000,1134.0,628,506,1067.0,281.0,147.0,1540165.0,1004556.0,434240.0,222032.0,673254.0,430944.0,391428.0,264410.0,195.0,499.0,221574.0,1305.0,8902.85943348413
2024-10-24T00:00:00.000000,1175.0,705,470,1102.0,303.0,149.0,1658781.0,1035495.0,374092.0,188948.0,709127.0,438469.0,412270.0,274824.0,196.0,452.0,144007.0,1328.0,8739.61404076984
2024-10-25T00:00:00.000000,1154.0,651,503,1057.0,264.0,168.0,1515492.0,926808.0,507572.0,294920.0,642295.0,388998.0,428185.0,264503.0,239.0,441.0,169304.0,1406.0,13535.545338402675
2024-10-26T00:00:00.000000,640.0,362,278,583.0,141.0,89.0,1026359.0,693154.0,278941.0,151807.0,428305.0,293135.0,241690.0,165859.0,130.0,220.0,90180.0,749.0,6270.657120094416
2024-10-27T00:00:00.000000,596.0,339,257,544.0,137.0,90.0,1000862.0,707253.0,239969.0,119921.0,476316.0,353964.0,252173.0,180419.0,124.0,284.0,81490.0,786.0,6982.160840472542
2024-10-28T00:00:00.000000,1170.0,708,462,1062.0,317.0,161.0,1853760.0,1220601.0,388836.0,187702.0,867380.0,575646.0,422622.0,275536.0,206.0,366.0,128522.0,1401.0,11960.033346819722
2024-10-29T00:00:00.000000,1197.0,714,483,1085.0,285.0,173.0,1758472.0,1150131.0,482883.0,279037.0,785449.0,523532.0,431713.0,284627.0,233.0,437.0,126025.0,1439.0,-10903.721695149292
2024-10-30T00:00:00.000000,1155.0,625,530,1040.0,248.0,151.0,1731174.0,1165879.0,448376.0,229939.0,743089.0,498686.0,389782.0,244693.0,206.0,427.0,108463.0,1284.0,13718.0770100425
2024-10-31T00:00:00.000000,1111.0,638,473,1013.0,259.0,154.0,1650599.0,1085234.0,372264.0,179693.0,725439.0,488971.0,391342.0,245858.0,224.0,589.0,196155.0,1301.0,12044.800896629951
2024-11-01T00:00:00.000000,958.0,539,419,886.0,223.0,127.0,1431179.0,963693.0,389067.0,201970.0,686952.0,491305.0,287710.0,177407.0,168.0,322.0,102422.0,1108.0,11835.816311061775
2024-11-02T00:00:00.000000,615.0,359,256,556.0,143.0,89.0,1082699.0,763962.0,235588.0,122386.0,500851.0,375058.0,270613.0,187697.0,115.0,221.0,58925.0,744.0,6777.088608125119
2024-11-03T00:00:00.000000,612.0,319,293,551.0,120.0,89.0,871411.0,594483.0,296011.0,164698.0,352702.0,236974.0,219544.0,141496.0,114.0,246.0,67737.0,695.0,7244.50572086011
2024-11-04T00:00:00.000000,1043.0,579,464,941.0,240.0,121.0,1618306.0,1103065.0,413960.0,222588.0,634654.0,423305.0,456997.0,337295.0,162.0,392.0,94007.0,1251.0,9256.350405046385
2024-11-05T00:00:00.000000,1191.0,678,513,1080.0,275.0,163.0,1683511.0,1059268.0,503020.0,263062.0,687997.0,419862.0,418920.0,263205.0,223.0,477.0,298887.0,1370.0,12979.591244148116
2024-11-06T00:00:00.000000,1166.0,672,494,1062.0,269.0,163.0,1683918.0,1082104.0,417365.0,217854.0,777705.0,522144.0,395992.0,252568.0,224.0,501.0,135653.0,1451.0,12263.700780113772
2024-11-07T00:00:00.000000,1090.0,595,495,1006.0,257.0,137.0,1557837.0,1040166.0,429945.0,212100.0,694361.0,471860.0,375700.0,246419.0,195.0,409.0,86020.0,1418.0,7685.148531408963
2024-11-08T00:00:00.000000,1097.0,642,455,987.0,267.0,156.0,1723626.0,1146497.0,406912.0,202354.0,703028.0,462411.0,413160.0,266992.0,214.0,365.0,107300.0,1505.0,5330.168306966954
2024-11-09T00:00:00.000000,600.0,334,266,559.0,130.0,79.0,931187.0,642672.0,273172.0,139543.0,379086.0,265387.0,184497.0,115359.0,97.0,225.0,57627.0,746.0,6927.145850891352
2024-11-10T00:00:00.000000,550.0,309,241,520.0,99.0,80.0,852104.0,578792.0,238779.0,121500.0,285791.0,192757.0,202391.0,135645.0,94.0,147.0,72118.0,597.0,2680.999017337286
2024-11-11T00:00:00.000000,998.0,559,439,917.0,233.0,126.0,1535708.0,1035446.0,402496.0,208750.0,693899.0,473677.0,330974.0,229272.0,168.0,500.0,103967.0,1289.0,6695.855122635448
2024-11-12T00:00:00.000000,1137.0,618,519,1032.0,250.0,144.0,1697582.0,1148485.0,514032.0,298600.0,725967.0,495238.0,420647.0,280693.0,192.0,392.0,111736.0,1348.0,4081.938601114009
2024-11-13T00:00:00.000000,1239.0,681,558,1123.0,286.0,153.0,1899466.0,1309979.0,506169.0,277801.0,864519.0,605055.0,387289.0,249318.0,206.0,519.0,115108.0,1452.0,1976.9849843157492
2024-11-14T00:00:00.000000,1158.0,661,497,1075.0,262.0,161.0,1550153.0,1002793.0,465383.0,239500.0,671819.0,451191.0,376498.0,235073.0,227.0,476.0,120057.0,1320.0,9400.624167195136
2024-11-15T00:00:00.000000,1097.0,626,471,980.0,276.0,146.0,1665364.0,1114813.0,355697.0,177019.0,757169.0,514557.0,427541.0,289088.0,213.0,595.0,123035.0,1225.0,6851.548419649093
2024-11-16T00:00:00.000000,540.0,294,246,487.0,128.0,68.0,756592.0,517682.0,206924.0,101778.0,309966.0,204143.0,197199.0,146454.0,90.0,274.0,66383.0,567.0,6743.244263412892
2024-11-17T00:00:00.000000,642.0,361,281,583.0,148.0,83.0,855776.0,563341.0,232914.0,114159.0,336981.0,207140.0,235407.0,177422.0,111.0,214.0,59611.0,744.0,8343.205383032113
2024-11-18T00:00:00.000000,1119.0,620,499,999.0,269.0,138.0,1663532.0,1155609.0,397503.0,199459.0,840103.0,604595.0,341358.0,237639.0,217.0,589.0,304261.0,1382.0,8802.622861714834
2024-11-19T00:00:00.000000,1244.0,712,532,1129.0,295.0,181.0,1751932.0,1133785.0,467857.0,241891.0,729733.0,466851.0,425365.0,270033.0,244.0,589.0,163566.0,1435.0,8297.1630958213
2024-11-20T00:00:00.000000,1181.0,679,502,1094.0,272.0,174.0,1688667.0,1095477.0,383440.0,184837.0,704488.0,460566.0,424172.0,275386.0,245.0,361.0,91839.0,1463.0,12550.575889150305
2024-11-21T00:00:00.000000,1317.0,773,544,1208.0,357.0,164.0,2035210.0,1380114.0,508800.0,245520.0,1012464.0,691118.0,455868.0,315098.0,222.0,481.0,128502.0,1567.0,11296.839874674457
2024-11-22T00:00:00.000000,1093.0,601,492,995.0,252.0,133.0,1524005.0,1013089.0,403734.0,206575.0,687126.0,470586.0,303809.0,204610.0,161.0,387.0,87939.0,1233.0,9681.98596305148
2024-11-23T00:00:00.000000,668.0,387,281,619.0,160.0,81.0,1035354.0,717046.0,245093.0,121686.0,517313.0,374363.0,156161.0,93444.0,114.0,365.0,233019.0,692.0,8168.872143324758
2024-11-24T00:00:00.000000,652.0,371,281,579.0,155.0,97.0,1046960.0,722596.0,300341.0,155327.0,457234.0,322747.0,250117.0,169246.0,122.0,320.0,57252.0,798.0,5767.754110465374
2024-11-25T00:00:00.000000,1106.0,629,477,1009.0,283.0,136.0,1508677.0,981012.0,399956.0,199092.0,740447.0,511093.0,293438.0,171574.0,186.0,415.0,81991.0,1202.0,9573.581592370858
2024-11-26T00:00:00.000000,1228.0,718,510,1130.0,337.0,158.0,1801305.0,1190524.0,422464.0,201439.0,834194.0,547701.0,406137.0,266268.0,207.0,545.0,136625.0,1429.0,2123.245232923475
2024-11-27T00:00:00.000000,1188.0,665,523,1087.0,317.0,132.0,1488270.0,921683.0,451728.0,231243.0,733396.0,470563.0,254003.0,146276.0,162.0,438.0,86582.0,1359.0,12700.732245502302
2024-11-28T00:00:00.000000,1159.0,669,490,1049.0,291.0,168.0,1740837.0,1160073.0,426861.0,221594.0,803936.0,550693.0,474938.0,309630.0,219.0,549.0,119177.0,1395.0,8040.517511282206
2024-11-29T00:00:00.000000,1039.0,576,463,937.0,243.0,123.0,1554766.0,1046528.0,400189.0,203401.0,688763.0,486516.0,349853.0,234753.0,158.0,283.0,86004.0,1228.0,7832.9605668611775
2024-11-30T00:00:00.000000,621.0,353,268,554.0,157.0,82.0,945122.0,648959.0,212664.0,98113.0,427428.0,295799.0,211762.0,141049.0,106.0,209.0,57949.0,717.0,7462.37460205206
2024-12-01T00:00:00.000000,559.0,316,243,508.0,136.0,61.0,982282.0,678953.0,225150.0,121416.0,395728.0,277054.0,220365.0,159625.0,77.0,194.0,53872.0,579.0,4252.789345349257
2024-12-02T00:00:00.000000,1060.0,614,446,981.0,275.0,116.0,1634685.0,1139748.0,387501.0,204347.0,848360.0,616698.0,281020.0,188159.0,169.0,464.0,89216.0,1241.0,2381.091525032409
2024-12-03T00:00:00.000000,1211.0,721,490,1114.0,321.0,174.0,1614685.0,1004734.0,385710.0,181193.0,733434.0,462154.0,377991.0,229830.0,245.0,517.0,118538.0,1432.0,15226.498414729587
2024-12-04T00:00:00.000000,1228.0,696,532,1088.0,310.0,144.0,1759096.0,1175697.0,502126.0,268063.0,846474.0,585041.0,355885.0,221177.0,182.0,481.0,102581.0,1388.0,11419.32842503961
2024-12-05T00:00:00.000000,1143.0,653,490,1061.0,301.0,150.0,1753686.0,1204889.0,400376.0,192796.0,907158.0,643160.0,339225.0,216150.0,214.0,400.0,86376.0,1258.0,8983.036134855745
2024-12-06T00:00:00.000000,1036.0,640,396,960.0,274.0,153.0,1543837.0,1015103.0,338800.0,167052.0,785536.0,548010.0,332532.0,208098.0,189.0,511.0,159275.0,1115.0,8179.412328881358
2024-12-07T00:00:00.000000,599.0,328,271,536.0,134.0,84.0,820962.0,565152.0,264627.0,135816.0,359334.0,251252.0,209554.0,139440.0,103.0,159.0,76395.0,685.0,4212.9459720162695
2024-12-08T00:00:00.000000,561.0,291,270,529.0,130.0,76.0,767560.0,516544.0,245730.0,135075.0,358502.0,246431.0,192186.0,126104.0,107.0,219.0,38144.0,583.0,4900.955535261325
2024-12-09T00:00:00.000000,983.0,573,410,906.0,261.0,134.0,1407946.0,916510.0,331008.0,143341.0,689678.0,465453.0,285665.0,166896.0,172.0,366.0,117393.0,1224.0,10578.082571195146
2024-12-10T00:00:00.000000,1206.0,698,508,1091.0,307.0,143.0,1806318.0,1181612.0,428387.0,211553.0,804319.0,541235.0,374230.0,236881.0,198.0,533.0,130309.0,1333.0,6459.626716861927
2024-12-11T00:00:00.000000,1163.0,660,503,1062.0,287.0,146.0,1512024.0,953624.0,432745.0,216043.0,688774.0,441581.0,316214.0,187320.0,202.0,595.0,94160.0,1305.0,8374.547444323638
2024-12-12T00:00:00.000000,1112.0,647,465,1019.0,292.0,150.0,1545491.0,986141.0,353660.0,166137.0,706040.0,443947.0,379813.0,243995.0,203.0,408.0,133355.0,1345.0,13603.645439218275
2024-12-13T00:00:00.000000,992.0,531,461,884.0,218.0,121.0,1394791.0,918259.0,384277.0,200058.0,635501.0,418185.0,314239.0,209036.0,156.0,394.0,104443.0,1148.0,6797.418440656987
2024-12-14T00:00:00.000000,548.0,318,230,500.0,144.0,68.0,907493.0,623219.0,224704.0,126304.0,437365.0,292947.0,177241.0,119142.0,99.0,183.0,59366.0,673.0,4605.953496552493
2024-12-15T00:00:00.000000,536.0,310,226,484.0,154.0,61.0,890766.0,620491.0,201851.0,97748.0,440658.0,312409.0,124171.0,62757.0,80.0,201.0,69572.0,577.0,4686.144919751474
2024-12-16T00:00:00.000000,983.0,566,417,891.0,265.0,104.0,1421183.0,955379.0,375155.0,182531.0,715005.0,487085.0,204743.0,129153.0,138.0,595.0,120721.0,1165.0,7625.175060983316
2024-12-17T00:00:00.000000,1099.0,619,480,1005.0,298.0,112.0,1601218.0,1045723.0,405516.0,201744.0,835881.0,569794.0,267865.0,167277.0,138.0,497.0,112597.0,1388.0,10305.841019782962
2024-12-18T00:00:00.000000,1127.0,648,479,1019.0,320.0,124.0,1600895.0,1048857.0,356790.0,168659.0,791475.0,501546.0,330950.0,235081.0,171.0,459.0,158882.0,1235.0,7712.368773193023
2024-12-19T00:00:00.000000,1009.0,573,436,925.0,284.0,100.0,1389049.0,904584.0,393842.0,220503.0,703671.0,458167.0,205191.0,122601.0,134.0,300.0,75452.0,1249.0,8702.728822332714
2024-12-20T00:00:00.000000,857.0,476,381,799.0,213.0,110.0,1245457.0,834386.0,332719.0,180228.0,574778.0,394761.0,288306.0,191369.0,137.0,409.0,73203.0,901.0,6328.773290119466
2024-12-21T00:00:00.000000,521.0,290,231,472.0,138.0,57.0,793389.0,538637.0,234169.0,125057.0,406575.0,280489.0,144774.0,93140.0,79.0,202.0,55871.0,608.0,3696.3743904291505
2024-12-22T00:00:00.000000,462.0,236,226,427.0,98.0,56.0,641262.0,443020.0,229831.0,124630.0,328770.0,246932.0,131780.0,76114.0,80.0,160.0,29675.0,497.0,5110.952663074296
2024-12-23T00:00:00.000000,821.0,470,351,750.0,212.0,97.0,1247078.0,842352.0,342331.0,204853.0,584758.0,400326.0,251361.0,167952.0,124.0,345.0,72709.0,994.0,5200.093966589713
2024-12-24T00:00:00.000000,628.0,334,294,572.0,137.0,78.0,894509.0,598915.0,242049.0,123112.0,394533.0,269990.0,202082.0,129766.0,105.0,261.0,52806.0,666.0,5704.231859084657
2024-12-25T00:00:00.000000,589.0,320,269,524.0,125.0,77.0,842596.0,598467.0,220616.0,112061.0,364682.0,265271.0,152496.0,104096.0,107.0,225.0,63279.0,599.0,6023.83930349818
2024-12-26T00:00:00.000000,707.0,378,329,642.0,169.0,88.0,983047.0,650383.0,285785.0,160433.0,490952.0,336241.0,221526.0,149408.0,114.0,304.0,56919.0,813.0,7846.21409723095
2024-12-27T00:00:00.000000,734.0,404,330,672.0,173.0,104.0,980069.0,644223.0,263895.0,133169.0,446277.0,295161.0,260313.0,168659.0,136.0,315.0,77098.0,871.0,8724.193651782796
2024-12-28T00:00:00.000000,488.0,266,222,465.0,112.0,65.0,799115.0,558147.0,251638.0,143651.0,363405.0,262128.0,222505.0,158051.0,79.0,326.0,37401.0,578.0,5088.879182420983
2024-12-29T00:00:00.000000,530.0,269,261,482.0,119.0,59.0,827044.0,592388.0,222186.0,119892.0,418953.0,307246.0,164605.0,114956.0,75.0,332.0,40111.0,621.0,5547.206700456132
2024-12-30T00:00:00.000000,629.0,338,291,592.0,139.0,97.0,937221.0,625108.0,307675.0,174055.0,415222.0,298287.0,254643.0,163654.0,120.0,248.0,62783.0,682.0,7130.75727778164
2024-12-31T00:00:00.000000,590.0,301,289,550.0,130.0,68.0,850025.0,558304.0,246164.0,124225.0,354309.0,225020.0,200572.0,130985.0,85.0,324.0,53916.0,709.0,5980.58142231851
2025-01-01T00:00:00.000000,479.0,255,224,418.0,111.0,67.0,828449.0,605704.0,227866.0,116098.0,358428.0,264950.0,223772.0,159063.0,87.0,192.0,47872.0,603.0,2508.8712918339647
2025-01-02T00:00:00.000000,826.0,440,386,753.0,177.0,112.0,1312801.0,904104.0,363072.0,170878.0,612593.0,444021.0,280514.0,174861.0,159.0,422.0,86548.0,1007.0,7077.366641987133
2025-01-03T00:00:00.000000,899.0,458,441,817.0,189.0,110.0,1262760.0,857423.0,417886.0,221884.0,550614.0,369219.0,305266.0,201352.0,147.0,353.0,59135.0,1062.0,7249.076341055287
2025-01-04T00:00:00.000000,567.0,318,249,501.0,131.0,73.0,812674.0,533774.0,226531.0,124043.0,374918.0,262247.0,166670.0,98520.0,97.0,290.0,41900.0,747.0,7519.576493466588
2025-01-05T00:00:00.000000,673.0,394,279,599.0,156.0,75.0,1054202.0,724181.0,259192.0,138060.0,438552.0,309201.0,204987.0,143618.0,96.0,221.0,50178.0,742.0,6453.94815211245
2025-01-06T00:00:00.000000,879.0,500,379,799.0,206.0,128.0,1398072.0,904012.0,346673.0,181316.0,634017.0,426469.0,338366.0,212323.0,181.0,344.0,88583.0,1088.0,8268.813005275044
2025-01-07T00:00:00.000000,969.0,521,448,901.0,234.0,104.0,1469613.0,977348.0,352294.0,165325.0,686329.0,434101.0,264930.0,172982.0,143.0,393.0,95248.0,1260.0,10779.531699069894
2025-01-08T00:00:00.000000,1122.0,648,474,1050.0,293.0,155.0,1402464.0,837777.0,407206.0,206847.0,646093.0,401780.0,337497.0,184956.0,211.0,559.0,109551.0,1632.0,13343.801316653047
2025-01-09T00:00:00.000000,1130.0,591,539,1026.0,252.0,129.0,1501784.0,1003620.0,419503.0,184162.0,685926.0,464653.0,346043.0,241460.0,176.0,479.0,143985.0,1325.0,10639.88612937043
2025-01-10T00:00:00.000000,938.0,495,443,859.0,193.0,130.0,1281186.0,851190.0,430532.0,222759.0,495455.0,325848.0,345764.0,244468.0,180.0,423.0,94221.0,1099.0,8517.319422322544
2025-01-11T00:00:00.000000,541.0,288,253,506.0,123.0,67.0,765626.0,510371.0,237011.0,122942.0,316740.0,206458.0,175858.0,115557.0,81.0,220.0,43117.0,622.0,7028.773690367343
2025-01-12T00:00:00.000000,512.0,269,243,476.0,96.0,74.0,795210.0,560129.0,238748.0,130799.0,258144.0,170991.0,230082.0,166766.0,97.0,179.0,48647.0,600.0,6775.730622814558
2025-01-13T00:00:00.000000,856.0,494,362,775.0,221.0,105.0,1238234.0,799229.0,339677.0,176477.0,593142.0,386335.0,259219.0,176124.0,133.0,464.0,79686.0,1190.0,8429.675279773997
2025-01-14T00:00:00.000000,950.0,529,421,876.0,230.0,121.0,1369364.0,880736.0,350137.0,178217.0,602102.0,370535.0,319451.0,208957.0,156.0,391.0,69635.0,1215.0,11062.327951927255
2025-01-15T00:00:00.000000,1072.0,632,440,971.0,277.0,153.0,1493700.0,917389.0,402041.0,213354.0,723935.0,456314.0,363538.0,219577.0,207.0,391.0,141962.0,1376.0,7653.557932023421
2025-01-16T00:00:00.000000,1037.0,543,494,930.0,213.0,140.0,1400211.0,910480.0,442397.0,248973.0,564437.0,365809.0,374165.0,246999.0,190.0,638.0,162512.0,1188.0,5557.756269954202
2025-01-17T00:00:00.000000,903.0,495,408,817.0,186.0,116.0,1189852.0,754508.0,417576.0,235733.0,480922.0,308800.0,255461.0,153935.0,148.0,318.0,82051.0,1132.0,8175.537892424044
2025-01-18T00:00:00.000000,556.0,316,240,513.0,127.0,81.0,872635.0,609237.0,207673.0,103583.0,440892.0,325294.0,206914.0,139480.0,100.0,222.0,83160.0,668.0,5219.419641176625
2025-01-19T00:00:00.000000,511.0,265,246,463.0,103.0,58.0,765350.0,495500.0,199721.0,95713.0,284863.0,188608.0,197358.0,112692.0,72.0,132.0,34715.0,647.0,7141.007770500342
2025-01-20T00:00:00.000000,883.0,514,369,788.0,224.0,116.0,1303522.0,832452.0,359739.0,199012.0,581333.0,370941.0,326244.0,225939.0,165.0,404.0,98406.0,1112.0,8011.944628426388
2025-01-21T00:00:00.000000,1026.0,568,458,917.0,233.0,135.0,1464669.0,940604.0,381525.0,190186.0,682756.0,470653.0,335388.0,207175.0,180.0,263.0,71024.0,1351.0,10236.776338461737
2025-01-22T00:00:00.000000,951.0,518,433,869.0,211.0,135.0,1421743.0,920956.0,411832.0,212023.0,608819.0,434165.0,373187.0,247549.0,185.0,586.0,80430.0,1117.0,7642.193961339915
2025-01-23T00:00:00.000000,1031.0,572,459,956.0,233.0,135.0,1436978.0,929526.0,399691.0,195059.0,680408.0,465110.0,336562.0,204113.0,177.0,338.0,108788.0,1357.0,12113.71340963084
2025-01-24T00:00:00.000000,1004.0,552,452,901.0,226.0,116.0,1333073.0,868929.0,367649.0,192258.0,519402.0,326015.0,264014.0,172794.0,149.0,356.0,170448.0,1311.0,9622.977252890154
2025-01-25T00:00:00.000000,604.0,316,288,542.0,123.0,78.0,768270.0,500515.0,323217.0,178532.0,270982.0,167117.0,179790.0,106158.0,101.0,349.0,48942.0,728.0,9421.313077751562
2025-01-26T00:00:00.000000,510.0,268,242,486.0,103.0,67.0,716463.0,493405.0,214453.0,87333.0,307524.0,213605.0,191482.0,131053.0,91.0,188.0,51565.0,589.0,7250.54184985158
2025-01-27T00:00:00.000000,914.0,512,402,840.0,222.0,128.0,1443258.0,956128.0,319604.0,148485.0,654025.0,431844.0,363025.0,252821.0,179.0,303.0,80144.0,1075.0,8624.928557768333
2025-01-28T00:00:00.000000,973.0,544,429,872.0,225.0,121.0,1498102.0,965855.0,375515.0,197452.0,580533.0,376151.0,341424.0,212779.0,164.0,461.0,131082.0,1318.0,6279.371286631929
2025-01-29T00:00:00.000000,950.0,516,434,861.0,226.0,114.0,1356302.0,913357.0,349635.0,174543.0,621451.0,416223.0,325399.0,230097.0,163.0,303.0,77820.0,1114.0,6392.919663647536
2025-01-30T00:00:00.000000,933.0,496,437,852.0,199.0,123.0,1062033.0,631345.0,378322.0,174326.0,477438.0,287728.0,254362.0,150573.0,157.0,344.0,67809.0,1112.0,11643.664991255539
2025-01-31T00:00:00.000000,900.0,499,401,796.0,187.0,122.0,1248545.0,777740.0,367240.0,201115.0,524878.0,344088.0,292343.0,175134.0,163.0,345.0,72385.0,1177.0,13041.035057372497
2025-02-01T00:00:00.000000,529.0,281,248,489.0,115.0,82.0,784752.0,533672.0,254115.0,134474.0,344391.0,231899.0,220728.0,158201.0,103.0,219.0,49082.0,586.0,5282.748460441055
2025-02-02T00:00:00.000000,465.0,245,220,425.0,95.0,53.0,727196.0,505200.0,221866.0,114503.0,292705.0,204162.0,164257.0,123615.0,77.0,198.0,35260.0,623.0,5798.017095123438
2025-02-03T00:00:00.000000,874.0,435,439,767.0,177.0,92.0,1124144.0,754420.0,413065.0,213905.0,464929.0,299148.0,278296.0,197205.0,123.0,360.0,79194.0,1047.0,9543.320759065182
2025-02-04T00:00:00.000000,935.0,501,434,849.0,197.0,106.0,1246392.0,804125.0,422220.0,222777.0,501752.0,328022.0,239273.0,141710.0,148.0,368.0,71438.0,997.0,9691.715162216584
2025-02-05T00:00:00.000000,1044.0,578,466,933.0,216.0,142.0,1419661.0,906447.0,426523.0,227184.0,528377.0,335247.0,388612.0,252941.0,187.0,358.0,95119.0,1197.0,11272.609649395454
2025-02-06T00:00:00.000000,993.0,550,443,914.0,218.0,139.0,1316680.0,811854.0,352926.0,163972.0,540325.0,329702.0,332598.0,201428.0,190.0,370.0,95410.0,1095.0,10885.588532824822
2025-02-07T00:00:00.000000,843.0,455,388,775.0,176.0,106.0,1041405.0,657140.0,403306.0,203545.0,440279.0,288268.0,240007.0,146717.0,137.0,634.0,99546.0,892.0,6749.410844111975
2025-02-08T00:00:00.000000,489.0,269,220,458.0,114.0,67.0,664991.0,431557.0,206488.0,105171.0,301186.0,199369.0,162885.0,102510.0,95.0,199.0,40426.0,562.0,5180.298271891499
2025-02-09T00:00:00.000000,473.0,260,213,441.0,107.0,62.0,739177.0,523586.0,198700.0,105384.0,342481.0,248998.0,131119.0,80724.0,83.0,153.0,40059.0,497.0,3697.61327357765
2025-02-10T00:00:00.000000,803.0,430,373,727.0,162.0,110.0,1161898.0,768638.0,354317.0,179432.0,511547.0,365391.0,277680.0,176129.0,141.0,260.0,66645.0,951.0,10462.330207989944
2025-02-11T00:00:00.000000,943.0,523,420,862.0,228.0,113.0,1318953.0,853230.0,350069.0,181010.0,674879.0,451876.0,240145.0,142745.0,159.0,329.0,76284.0,1164.0,11778.58206705657
2025-02-12T00:00:00.000000,1062.0,571,491,963.0,247.0,118.0,1363401.0,865213.0,414115.0,207494.0,618095.0,398042.0,289531.0,179992.0,172.0,310.0,76333.0,1237.0,11009.204985036396
2025-02-13T00:00:00.000000,1047.0,615,432,979.0,278.0,118.0,1442045.0,913680.0,375684.0,190464.0,721626.0,476221.0,277388.0,175756.0,157.0,370.0,85699.0,1045.0,10533.242655883194
2025-02-14T00:00:00.000000,850.0,448,402,788.0,165.0,104.0,1129053.0,751119.0,320433.0,143190.0,436185.0,297133.0,246910.0,151778.0,148.0,270.0,70574.0,979.0,4805.41544557335
2025-02-15T00:00:00.000000,448.0,228,220,414.0,88.0,55.0,567468.0,356500.0,200544.0,114057.0,242374.0,148492.0,127055.0,80858.0,77.0,158.0,34088.0,498.0,6917.348687224579
2025-02-16T00:00:00.000000,493.0,230,263,450.0,88.0,53.0,582463.0,361557.0,262114.0,134104.0,259112.0,167709.0,126457.0,76024.0,74.0,204.0,36884.0,523.0,7731.822062471865
2025-02-17T00:00:00.000000,828.0,456,372,763.0,170.0,103.0,1075082.0,686080.0,307159.0,150381.0,426056.0,273187.0,227159.0,142110.0,143.0,311.0,63883.0,921.0,7277.323926381982
2025-02-18T00:00:00.000000,990.0,554,436,911.0,251.0,119.0,1433555.0,933577.0,412129.0,224118.0,733240.0,491818.0,237633.0,143658.0,166.0,456.0,92285.0,1200.0,9776.293707263176
2025-02-19T00:00:00.000000,947.0,524,421,880.0,224.0,119.0,1305357.0,839365.0,354710.0,170287.0,617854.0,414105.0,317666.0,214053.0,160.0,456.0,68966.0,1133.0,10823.448029138997
2025-02-20T00:00:00.000000,920.0,515,405,855.0,227.0,89.0,1279050.0,821397.0,338954.0,170728.0,577187.0,377657.0,224737.0,136398.0,123.0,406.0,71438.0,1093.0,11269.892703648362
2025-02-21T00:00:00.000000,903.0,488,415,840.0,203.0,135.0,1199107.0,757251.0,359374.0,178666.0,584002.0,384426.0,325313.0,204267.0,174.0,343.0,78719.0,906.0,6281.246417484152
2025-02-22T00:00:00.000000,443.0,243,200,406.0,95.0,54.0,712266.0,500579.0,204927.0,104832.0,287792.0,208148.0,158156.0,105183.0,75.0,167.0,35629.0,543.0,3549.220302362069
2025-02-23T00:00:00.000000,483.0,267,216,440.0,114.0,56.0,668389.0,428139.0,195074.0,98911.0,304084.0,192145.0,160018.0,115102.0,77.0,196.0,31134.0,557.0,7305.045491767992
2025-02-24T00:00:00.000000,843.0,457,386,767.0,208.0,88.0,1317733.0,900007.0,350285.0,185605.0,619944.0,424523.0,281078.0,202847.0,134.0,365.0,55094.0,1016.0,5375.583888961508
2025-02-25T00:00:00.000000,941.0,497,444,833.0,213.0,125.0,1268785.0,824519.0,391717.0,211275.0,603372.0,401022.0,319205.0,217246.0,174.0,300.0,71898.0,1099.0,8777.468167868325
2025-02-26T00:00:00.000000,977.0,544,433,903.0,237.0,115.0,1420214.0,951162.0,352371.0,169355.0,648425.0,441469.0,288353.0,191717.0,152.0,516.0,91957.0,1101.0,9450.27653582688
2025-02-27T00:00:00.000000,914.0,489,425,840.0,192.0,110.0,1201562.0,756095.0,397489.0,203732.0,523348.0,340218.0,276674.0,178744.0,154.0,305.0,60138.0,1169.0,8716.287645266586
2025-02-28T00:00:00.000000,887.0,514,373,819.0,230.0,116.0,1371723.0,912221.0,393621.0,216593.0,639674.0,424769.0,268998.0,180765.0,153.0,281.0,56192.0,893.0,5607.808741336377
2025-03-01T00:00:00.000000,454.0,267,187,410.0,99.0,73.0,691950.0,446356.0,156877.0,72379.0,301446.0,198654.0,180422.0,116456.0,95.0,151.0,34661.0,575.0,5822.433708943425
2025-03-02T00:00:00.000000,461.0,246,215,415.0,94.0,64.0,744139.0,490562.0,168018.0,66331.0,318269.0,225244.0,192736.0,133527.0,79.0,165.0,30301.0,699.0,5137.451175387682
2025-03-03T00:00:00.000000,803.0,456,347,727.0,189.0,110.0,1158190.0,753791.0,275852.0,136445.0,450834.0,271376.0,308252.0,206919.0,141.0,310.0,75225.0,901.0,9728.138245774955
2025-03-04T00:00:00.000000,909.0,503,406,820.0,202.0,126.0,1336780.0,873337.0,338453.0,143596.0,589145.0,394421.0,353940.0,225377.0,166.0,253.0,86887.0,1174.0,6664.097524293188
2025-03-05T00:00:00.000000,881.0,508,373,805.0,230.0,102.0,1256556.0,829191.0,302468.0,131744.0,521575.0,325234.0,263997.0,182871.0,152.0,389.0,53452.0,986.0,10466.257191777555
2025-03-06T00:00:00.000000,966.0,544,422,877.0,208.0,138.0,1298088.0,833712.0,379125.0,178419.0,501055.0,322701.0,392889.0,258944.0,183.0,344.0,89235.0,1093.0,8930.691580936878
2025-03-07T00:00:00.000000,811.0,436,375,723.0,171.0,97.0,1101366.0,723088.0,314092.0,155808.0,448935.0,299107.0,225528.0,138472.0,148.0,257.0,56829.0,926.0,10764.510476267653
2025-03-08T00:00:00.000000,421.0,213,208,385.0,89.0,52.0,499870.0,313363.0,166868.0,76534.0,185166.0,108270.0,99478.0,53433.0,67.0,172.0,25818.0,452.0,4602.012326918082
2025-03-09T00:00:00.000000,448.0,234,214,401.0,90.0,57.0,769131.0,480553.0,204930.0,106670.0,291305.0,212700.0,171622.0,112885.0,74.0,188.0,35525.0,475.0,4328.04252666425
2025-03-10T00:00:00.000000,727.0,418,309,656.0,178.0,94.0,1051730.0,696603.0,258108.0,132504.0,494902.0,330450.0,235276.0,160426.0,132.0,285.0,69036.0,1023.0,8001.481108549906
2025-03-11T00:00:00.000000,876.0,486,390,777.0,207.0,118.0,1334940.0,896997.0,334995.0,167841.0,639676.0,449650.0,265079.0,160114.0,147.0,286.0,80595.0,1001.0,8016.013283419
2025-03-12T00:00:00.000000,756.0,432,324,717.0,196.0,90.0,1218389.0,798495.0,320857.0,172866.0,563647.0,371960.0,252844.0,163991.0,120.0,232.0,52470.0,906.0,8098.450774404014
2025-03-13T00:00:00.000000,834.0,453,381,749.0,183.0,106.0,1208382.0,792310.0,359675.0,183683.0,455886.0,295611.0,268900.0,166989.0,141.0,314.0,53558.0,1022.0,7382.7408047341
2025-03-14T00:00:00.000000,763.0,402,361,678.0,160.0,94.0,1053814.0,714913.0,307059.0,153256.0,482518.0,348317.0,209620.0,139999.0,117.0,249.0,43682.0,858.0,7242.436561476503
2025-03-15T00:00:00.000000,425.0,225,200,382.0,94.0,42.0,781915.0,577967.0,201285.0,101068.0,380648.0,277473.0,125892.0,94066.0,58.0,138.0,26967.0,424.0,4066.0843660740748
2025-03-16T00:00:00.000000,414.0,208,206,377.0,78.0,48.0,548964.0,351032.0,191408.0,97378.0,220675.0,141462.0,117410.0,67411.0,65.0,165.0,35355.0,473.0,4228.192151100015
2025-03-17T00:00:00.000000,759.0,437,322,695.0,180.0,115.0,1043587.0,674609.0,348921.0,189251.0,510571.0,346953.0,274582.0,171100.0,155.0,247.0,46128.0,908.0,8665.834189283507
2025-03-18T00:00:00.000000,811.0,442,369,743.0,208.0,94.0,1203729.0,768584.0,361420.0,185277.0,593182.0,378538.0,209698.0,125242.0,135.0,257.0,40225.0,977.0,6499.372011571789
2025-03-19T00:00:00.000000,915.0,513,402,847.0,217.0,105.0,1317219.0,880587.0,381953.0,211641.0,563983.0,372134.0,285797.0,198646.0,143.0,228.0,56791.0,974.0,7621.002606927555
2025-03-20T00:00:00.000000,902.0,522,380,809.0,233.0,111.0,1141973.0,712635.0,349567.0,184379.0,495220.0,301686.0,259035.0,166550.0,140.0,242.0,48215.0,953.0,9330.405963851326
2025-03-21T00:00:00.000000,799.0,464,335,714.0,204.0,110.0,1314293.0,920471.0,344373.0,199430.0,532749.0,360972.0,317769.0,216277.0,133.0,283.0,47588.0,925.0,2868.4751548558934
2025-03-22T00:00:00.000000,497.0,283,214,461.0,105.0,70.0,726405.0,508217.0,207864.0,111046.0,314820.0,228704.0,140781.0,93421.0,86.0,168.0,37554.0,663.0,4605.144504545033
2025-03-23T00:00:00.000000,534.0,300,234,480.0,136.0,75.0,842794.0,585170.0,235490.0,129870.0,428800.0,307476.0,200631.0,131796.0,95.0,162.0,29114.0,661.0,3127.25060504346
2025-03-24T00:00:00.000000,791.0,446,345,717.0,195.0,103.0,1117167.0,725282.0,346907.0,184033.0,531649.0,357618.0,243873.0,154604.0,139.0,216.0,55922.0,925.0,5468.444819978288
2025-03-25T00:00:00.000000,843.0,495,348,782.0,217.0,107.0,1209007.0,783638.0,350008.0,188948.0,558493.0,362538.0,234552.0,151241.0,156.0,253.0,56653.0,1089.0,11248.093991387363
2025-03-26T00:00:00.000000,735.0,421,314,664.0,181.0,88.0,1049091.0,677721.0,319257.0,185746.0,505026.0,348749.0,194146.0,114964.0,121.0,317.0,53610.0,789.0,6337.986168760642
2025-03-27T00:00:00.000000,882.0,503,379,810.0,226.0,112.0,1320366.0,870088.0,377833.0,207755.0,636011.0,430590.0,277420.0,164226.0,153.0,301.0,67664.0,1072.0,6552.7742968308485
2025-03-28T00:00:00.000000,737.0,386,351,681.0,159.0,95.0,935094.0,609917.0,334137.0,163567.0,421096.0,280351.0,222389.0,138989.0,125.0,219.0,44981.0,806.0,7235.284076415145
2025-03-29T00:00:00.000000,410.0,224,186,366.0,99.0,61.0,611409.0,405114.0,216467.0,126560.0,286796.0,195587.0,187870.0,128443.0,84.0,164.0,21861.0,445.0,3920.6760513367763
2025-03-30T00:00:00.000000,381.0,206,175,328.0,85.0,48.0,565091.0,386265.0,164693.0,94703.0,259238.0,182315.0,117019.0,78191.0,66.0,119.0,20255.0,466.0,3081.6535147747877
2025-03-31T00:00:00.000000,681.0,379,302,595.0,155.0,91.0,1026709.0,691172.0,303601.0,170892.0,459114.0,318659.0,270895.0,195241.0,122.0,181.0,38852.0,838.0,7526.564527941729
2025-04-01T00:00:00.000000,571.0,317,254,509.0,125.0,73.0,794741.0,516553.0,199195.0,92381.0,352413.0,231269.0,169298.0,103608.0,105.0,196.0,55122.0,700.0,3881.701037648308
2025-04-02T00:00:00.000000,752.0,432,320,705.0,203.0,96.0,1072189.0,693917.0,297486.0,157801.0,542481.0,364533.0,210688.0,129473.0,115.0,399.0,64037.0,983.0,4692.739012673616
2025-04-03T00:00:00.000000,804.0,446,358,736.0,196.0,101.0,1119309.0,739337.0,366556.0,195963.0,527247.0,361664.0,248513.0,151822.0,151.0,356.0,69851.0,1020.0,5884.552112390398
2025-04-04T00:00:00.000000,718.0,392,326,655.0,177.0,87.0,956331.0,613682.0,366680.0,201072.0,442734.0,281287.0,221612.0,153292.0,120.0,270.0,46504.0,864.0,6069.615688687471
2025-04-05T00:00:00.000000,365.0,195,170,327.0,77.0,47.0,562533.0,385848.0,186956.0,115695.0,248549.0,180479.0,125305.0,77188.0,60.0,118.0,23317.0,556.0,1627.3360332242328
2025-04-06T00:00:00.000000,344.0,193,151,306.0,73.0,42.0,524548.0,342209.0,156215.0,76028.0,195110.0,128353.0,90887.0,51376.0,53.0,138.0,28576.0,387.0,4703.052846160595
2025-04-07T00:00:00.000000,604.0,348,256,562.0,140.0,77.0,756562.0,442283.0,213427.0,93786.0,311849.0,175695.0,157672.0,92784.0,107.0,205.0,52416.0,813.0,7719.191619425429
2025-04-08T00:00:00.000000,682.0,368,314,615.0,155.0,76.0,913007.0,589776.0,276481.0,132143.0,392093.0,254948.0,163917.0,95620.0,95.0,263.0,37594.0,787.0,1682.7963894496852
2025-04-09T00:00:00.000000,741.0,394,347,667.0,156.0,92.0,1016069.0,670331.0,317667.0,171113.0,440138.0,292780.0,267531.0,189511.0,123.0,335.0,43378.0,931.0,8729.904895218067
2025-04-10T00:00:00.000000,773.0,427,346,702.0,183.0,89.0,1113326.0,720385.0,281543.0,136102.0,502937.0,319522.0,208255.0,131663.0,118.0,289.0,61781.0,939.0,7643.385167928975
2025-04-11T00:00:00.000000,653.0,367,286,610.0,153.0,89.0,858656.0,540502.0,261882.0,132365.0,344456.0,215930.0,247088.0,173689.0,129.0,153.0,38578.0,832.0,8163.612888910825
2025-04-12T00:00:00.000000,356.0,194,162,325.0,73.0,60.0,530171.0,363166.0,161544.0,68986.0,190098.0,124484.0,182829.0,122659.0,76.0,149.0,23636.0,413.0,5090.313366884339
2025-04-13T00:00:00.000000,361.0,189,172,331.0,75.0,40.0,492435.0,335999.0,168437.0,98373.0,196710.0,129487.0,104498.0,74321.0,54.0,143.0,25526.0,498.0,4325.998021735121
2025-04-14T00:00:00.000000,610.0,334,276,552.0,146.0,73.0,918144.0,638029.0,226217.0,102486.0,436402.0,303104.0,199296.0,137565.0,102.0,169.0,49991.0,735.0,4886.828277037875
2025-04-15T00:00:00.000000,631.0,324,307,569.0,130.0,69.0,806111.0,505964.0,308164.0,150470.0,360629.0,223224.0,162722.0,103772.0,86.0,229.0,47685.0,877.0,5579.76314638611
2025-04-16T00:00:00.000000,668.0,354,314,594.0,138.0,81.0,816575.0,502565.0,274003.0,134461.0,364674.0,235679.0,166609.0,97081.0,115.0,211.0,36720.0,692.0,4840.8731674271685
2025-04-17T00:00:00.000000,613.0,330,283,584.0,152.0,83.0,764983.0,479653.0,274140.0,133664.0,370612.0,239017.0,175080.0,96925.0,112.0,214.0,30384.0,744.0,6043.0258031133935
2025-04-18T00:00:00.000000,513.0,263,250,465.0,108.0,72.0,648153.0,419685.0,222298.0,111278.0,286916.0,189931.0,141656.0,77798.0,92.0,173.0,31032.0,647.0,5231.444018585235
2025-04-19T00:00:00.000000,275.0,139,136,259.0,59.0,39.0,476380.0,337744.0,131506.0,68974.0,196735.0,143627.0,168869.0,120287.0,59.0,138.0,21925.0,310.0,2973.5888953335484
2025-04-20T00:00:00.000000,278.0,149,129,261.0,54.0,35.0,383417.0,253499.0,118093.0,61176.0,127609.0,79598.0,77009.0,49089.0,44.0,181.0,18331.0,353.0,4434.294535741638
2025-04-21T00:00:00.000000,478.0,269,209,437.0,113.0,64.0,745387.0,508032.0,191466.0,105228.0,338919.0,235406.0,155346.0,97405.0,81.0,182.0,30930.0,608.0,2411.8887346393108
2025-04-22T00:00:00.000000,587.0,308,279,514.0,118.0,65.0,797601.0,506294.0,252447.0,119255.0,317197.0,204861.0,201991.0,129020.0,91.0,237.0,32546.0,719.0,7617.242925704943
2025-04-23T00:00:00.000000,586.0,308,278,519.0,131.0,57.0,654483.0,395169.0,241252.0,126900.0,294656.0,181592.0,107437.0,60790.0,70.0,227.0,31656.0,665.0,3888.4540412844117
2025-04-24T00:00:00.000000,570.0,309,261,527.0,139.0,66.0,852290.0,548609.0,264593.0,158187.0,407186.0,272652.0,204661.0,137289.0,80.0,161.0,28483.0,685.0,5429.85788281029
2025-04-25T00:00:00.000000,510.0,256,254,465.0,113.0,55.0,636130.0,396697.0,278490.0,146399.0,322201.0,207215.0,106407.0,58931.0,80.0,176.0,25158.0,500.0,5985.148346991252
2025-04-26T00:00:00.000000,280.0,147,133,257.0,56.0,35.0,376942.0,243710.0,131962.0,79384.0,143153.0,89770.0,112983.0,79570.0,40.0,91.0,13610.0,366.0,4167.883537459509
2025-04-27T00:00:00.000000,352.0,199,153,308.0,81.0,50.0,585139.0,402041.0,142966.0,75631.0,271878.0,194238.0,122855.0,79016.0,63.0,161.0,21376.0,455.0,4677.788806524835
2025-04-28T00:00:00.000000,585.0,312,273,511.0,129.0,80.0,885994.0,590160.0,241009.0,112840.0,384346.0,264580.0,207905.0,121919.0,105.0,265.0,38060.0,773.0,3773.606708221811
2025-04-29T00:00:00.000000,547.0,321,226,497.0,131.0,73.0,795156.0,494958.0,199851.0,114420.0,364304.0,228998.0,142837.0,78600.0,103.0,215.0,38663.0,765.0,2955.9787627508827
2025-04-30T00:00:00.000000,582.0,323,259,519.0,130.0,85.0,916953.0,617708.0,255983.0,138499.0,414358.0,297575.0,252678.0,171166.0,106.0,193.0,42686.0,768.0,4005.5934997018353
2025-05-01T00:00:00.000000,417.0,222,195,397.0,105.0,48.0,636942.0,433935.0,210267.0,105073.0,315870.0,206929.0,173120.0,132179.0,62.0,179.0,28277.0,566.0,1456.542776992465
2025-05-02T00:00:00.000000,443.0,217,226,405.0,92.0,49.0,566490.0,363735.0,226969.0,115720.0,269231.0,178826.0,90945.0,51106.0,64.0,195.0,34456.0,524.0,3334.266111903621
2025-05-03T00:00:00.000000,249.0,125,124,234.0,44.0,27.0,291454.0,189323.0,98693.0,40862.0,110432.0,70529.0,51302.0,33636.0,37.0,94.0,15004.0,250.0,2760.1216412202098
2025-05-04T00:00:00.000000,282.0,156,126,259.0,53.0,48.0,428837.0,296735.0,119754.0,55561.0,139255.0,95992.0,138735.0,96208.0,60.0,94.0,18286.0,344.0,4083.5281386485094
2025-05-05T00:00:00.000000,445.0,227,218,404.0,84.0,50.0,615112.0,410141.0,230201.0,120796.0,207252.0,126228.0,108323.0,73293.0,67.0,143.0,23839.0,543.0,3374.7415867966674
2025-05-06T00:00:00.000000,594.0,310,284,546.0,115.0,75.0,886695.0,590596.0,258043.0,125179.0,270640.0,166000.0,231263.0,167611.0,99.0,200.0,35806.0,837.0,3537.8972905405512
2025-05-07T00:00:00.000000,544.0,309,235,516.0,135.0,71.0,746435.0,470696.0,249640.0,129135.0,375121.0,240515.0,132922.0,71562.0,96.0,180.0,28869.0,710.0,3930.6007827385383
2025-05-08T00:00:00.000000,570.0,306,264,513.0,136.0,63.0,783432.0,522729.0,243651.0,123375.0,377116.0,268124.0,131855.0,72763.0,101.0,206.0,28099.0,690.0,6282.613107167263
2025-05-09T00:00:00.000000,520.0,281,239,479.0,104.0,82.0,682469.0,443890.0,269001.0,138832.0,217940.0,134016.0,247394.0,166302.0,108.0,240.0,29963.0,628.0,4083.8488430684283
2025-05-10T00:00:00.000000,265.0,135,130,240.0,48.0,23.0,432084.0,322401.0,137745.0,79306.0,149300.0,109914.0,76868.0,60439.0,34.0,69.0,16166.0,258.0,17.445728066005756
2025-05-11T00:00:00.000000,301.0,151,150,262.0,49.0,31.0,430425.0,285280.0,169074.0,80774.0,143476.0,96262.0,103266.0,77670.0,39.0,169.0,28575.0,326.0,3115.878845196875
2025-05-12T00:00:00.000000,549.0,329,220,513.0,149.0,64.0,758095.0,464845.0,210735.0,113871.0,343106.0,205965.0,144893.0,93078.0,79.0,172.0,28404.0,668.0,4401.842467926424
2025-05-13T00:00:00.000000,491.0,264,227,460.0,116.0,55.0,738375.0,478853.0,209524.0,114407.0,340624.0,220478.0,123498.0,76073.0,84.0,189.0,28322.0,607.0,1676.4038855471701
2025-05-14T00:00:00.000000,580.0,314,266,525.0,111.0,71.0,751839.0,470121.0,236625.0,113871.0,274838.0,162974.0,206609.0,140620.0,105.0,205.0,28555.0,672.0,7124.524901354254
2025-05-15T00:00:00.000000,577.0,330,247,529.0,144.0,82.0,893988.0,588714.0,237096.0,120488.0,397172.0,273791.0,213396.0,126194.0,109.0,229.0,28240.0,709.0,3504.2716618570694
2025-05-16T00:00:00.000000,527.0,285,242,481.0,128.0,67.0,750674.0,497681.0,208779.0,95882.0,362986.0,239608.0,190497.0,135772.0,97.0,238.0,31945.0,683.0,6194.201952397813
2025-05-17T00:00:00.000000,264.0,142,122,242.0,46.0,37.0,340967.0,217279.0,113807.0,63575.0,105414.0,61357.0,88423.0,61207.0,58.0,74.0,23543.0,299.0,4514.493320763067
2025-05-18T00:00:00.000000,255.0,117,138,234.0,48.0,24.0,327164.0,214972.0,159438.0,81709.0,162864.0,109725.0,50559.0,33657.0,32.0,96.0,14018.0,300.0,2684.292883582462
2025-05-19T00:00:00.000000,512.0,294,218,460.0,101.0,73.0,712505.0,452803.0,214868.0,121679.0,259879.0,165125.0,177610.0,110345.0,93.0,133.0,27135.0,645.0,3770.917916761982
2025-05-20T00:00:00.000000,564.0,304,260,503.0,122.0,71.0,790755.0,511736.0,251705.0,117641.0,319902.0,204487.0,204070.0,139366.0,97.0,224.0,33293.0,688.0,5889.310651482214
2025-05-21T00:00:00.000000,478.0,267,211,437.0,112.0,56.0,667575.0,418476.0,193378.0,93593.0,303780.0,195902.0,131273.0,77104.0,79.0,196.0,22501.0,651.0,5896.691902206149
2025-05-22T00:00:00.000000,556.0,276,280,515.0,111.0,62.0,710847.0,437586.0,246939.0,131568.0,246490.0,137121.0,186263.0,119657.0,85.0,208.0,23482.0,715.0,5362.836880949755
2025-05-23T00:00:00.000000,471.0,253,218,435.0,107.0,55.0,508141.0,304222.0,202439.0,104873.0,210623.0,120212.0,100073.0,53654.0,72.0,152.0,20975.0,502.0,4346.61129420792
2025-05-24T00:00:00.000000,256.0,134,122,233.0,38.0,38.0,372264.0,262263.0,143500.0,81918.0,134720.0,103091.0,109525.0,75391.0,61.0,130.0,15297.0,391.0,1971.418637664709
2025-05-25T00:00:00.000000,257.0,138,119,225.0,67.0,25.0,361341.0,229987.0,129373.0,67278.0,186448.0,118186.0,72297.0,53016.0,38.0,80.0,12474.0,284.0,3581.567200664391
2025-05-26T00:00:00.000000,480.0,258,222,420.0,97.0,81.0,612492.0,399704.0,220331.0,121206.0,281257.0,196059.0,183810.0,118946.0,116.0,257.0,35772.0,666.0,5871.931081247932
2025-05-27T00:00:00.000000,516.0,276,240,476.0,100.0,68.0,669260.0,397848.0,212179.0,106266.0,249254.0,154479.0,174836.0,97227.0,95.0,172.0,29108.0,648.0,6823.2009733070045
2025-05-28T00:00:00.000000,538.0,277,261,488.0,101.0,70.0,692948.0,465107.0,292328.0,164108.0,293441.0,203560.0,213118.0,153494.0,102.0,265.0,38804.0,667.0,3407.741145475993
2025-05-29T00:00:00.000000,477.0,249,228,425.0,98.0,60.0,630060.0,417286.0,208853.0,109268.0,285523.0,200032.0,164050.0,107495.0,78.0,205.0,22320.0,552.0,4803.877107192245
2025-05-30T00:00:00.000000,469.0,257,212,412.0,113.0,55.0,649975.0,420094.0,220211.0,117292.0,323814.0,221760.0,107091.0,60512.0,83.0,137.0,25079.0,558.0,3377.452730941126
2025-05-31T00:00:00.000000,232.0,131,101,208.0,52.0,28.0,361843.0,242818.0,103724.0,61085.0,157216.0,103830.0,73803.0,50210.0,45.0,163.0,13867.0,388.0,2431.8806121179264
2025-06-01T00:00:00.000000,263.0,152,111,223.0,37.0,44.0,419192.0,287057.0,103929.0,52813.0,106361.0,69849.0,126076.0,83278.0,59.0,65.0,14547.0,376.0,3103.6257134596244
2025-06-02T00:00:00.000000,402.0,219,183,340.0,70.0,62.0,576587.0,361635.0,202575.0,108086.0,227771.0,164172.0,156736.0,94727.0,81.0,223.0,25010.0,588.0,4296.699981088208
2025-06-03T00:00:00.000000,434.0,217,217,391.0,91.0,51.0,604187.0,397145.0,182231.0,80896.0,287066.0,196122.0,127244.0,76053.0,65.0,152.0,30467.0,561.0,1691.8033553188136
2025-06-04T00:00:00.000000,543.0,316,227,490.0,124.0,68.0,774984.0,486677.0,202296.0,105699.0,346414.0,223941.0,148106.0,89503.0,98.0,248.0,29406.0,800.0,2973.3208297563247
2025-06-05T00:00:00.000000,567.0,292,275,497.0,117.0,66.0,730876.0,453881.0,261938.0,124023.0,297575.0,183377.0,163199.0,102910.0,82.0,203.0,27719.0,670.0,5050.247549354958
2025-06-06T00:00:00.000000,351.0,174,177,328.0,72.0,41.0,467318.0,302011.0,145424.0,57761.0,208928.0,135985.0,95430.0,59113.0,53.0,203.0,14942.0,461.0,3451.357620176635
2025-06-07T00:00:00.000000,248.0,137,111,219.0,47.0,39.0,361356.0,234707.0,119825.0,52808.0,132229.0,79140.0,74326.0,38937.0,45.0,121.0,11171.0,339.0,3960.077569414163
2025-06-08T00:00:00.000000,227.0,119,108,207.0,44.0,25.0,352167.0,240956.0,100212.0,52309.0,147976.0,106019.0,52228.0,31219.0,40.0,72.0,15852.0,302.0,3005.0636326546514
2025-06-09T00:00:00.000000,461.0,259,202,414.0,99.0,64.0,634627.0,403868.0,187864.0,89730.0,301647.0,206564.0,152047.0,98659.0,83.0,122.0,25128.0,606.0,2402.1921947087985
2025-06-10T00:00:00.000000,463.0,251,212,414.0,104.0,52.0,690397.0,458352.0,213768.0,114239.0,272166.0,169173.0,134301.0,89439.0,75.0,171.0,25881.0,573.0,5050.760070849256
2025-06-11T00:00:00.000000,401.0,202,199,363.0,74.0,36.0,484007.0,287380.0,201545.0,120608.0,188717.0,123735.0,80227.0,45202.0,47.0,142.0,27178.0,397.0,3360.35864344015
2025-06-12T00:00:00.000000,438.0,234,204,394.0,94.0,50.0,576578.0,375613.0,196779.0,107299.0,257366.0,168576.0,151076.0,112062.0,65.0,184.0,23931.0,506.0,4795.723444732888
2025-06-13T00:00:00.000000,358.0,201,157,337.0,92.0,40.0,538901.0,339306.0,147370.0,74365.0,284433.0,189642.0,86896.0,52371.0,60.0,198.0,21097.0,406.0,2812.4871463947034
2025-06-14T00:00:00.000000,190.0,91,99,173.0,31.0,25.0,247860.0,163176.0,102221.0,50088.0,109626.0,82732.0,73406.0,45516.0,34.0,97.0,10307.0,231.0,494.44591995322867
2025-06-15T00:00:00.000000,185.0,98,87,163.0,36.0,21.0,256982.0,160288.0,100584.0,57109.0,113356.0,74689.0,55926.0,37792.0,29.0,70.0,11465.0,237.0,2792.5407014303664
2025-06-16T00:00:00.000000,380.0,203,177,352.0,84.0,32.0,441614.0,256767.0,152160.0,79542.0,171796.0,106024.0,90983.0,49926.0,45.0,117.0,22388.0,516.0,3803.249816483288
2025-06-17T00:00:00.000000,414.0,228,186,370.0,80.0,58.0,596757.0,399207.0,166360.0,82387.0,217583.0,143053.0,125339.0,78027.0,86.0,118.0,20626.0,663.0,5015.972474157249
2025-06-18T00:00:00.000000,408.0,204,204,387.0,92.0,42.0,542098.0,350471.0,173364.0,92588.0,271801.0,173638.0,116314.0,81368.0,52.0,123.0,16267.0,524.0,4087.8407034648612
2025-06-19T00:00:00.000000,380.0,209,171,340.0,77.0,60.0,504828.0,312411.0,200983.0,94206.0,193151.0,116555.0,126147.0,69271.0,76.0,136.0,20274.0,545.0,5195.733839677336
2025-06-20T00:00:00.000000,395.0,223,172,355.0,101.0,52.0,593652.0,391259.0,146642.0,65434.0,298462.0,205068.0,157079.0,109583.0,64.0,149.0,21178.0,504.0,2233.7594352975057
2025-06-21T00:00:00.000000,196.0,99,97,175.0,42.0,11.0,304738.0,196268.0,126051.0,65165.0,109314.0,71662.0,35518.0,20652.0,17.0,74.0,14730.0,211.0,425.58350439523866
2025-06-22T00:00:00.000000,201.0,110,91,181.0,47.0,19.0,308779.0,218586.0,109102.0,70864.0,124927.0,86481.0,46012.0,30795.0,29.0,74.0,14336.0,323.0,1843.1081097384779
2025-06-23T00:00:00.000000,403.0,214,189,382.0,88.0,57.0,524715.0,335195.0,179830.0,84147.0,200368.0,117075.0,127187.0,74983.0,75.0,184.0,28782.0,557.0,5406.201523010953
2025-06-24T00:00:00.000000,405.0,226,179,367.0,82.0,50.0,577749.0,381176.0,161455.0,85071.0,217921.0,143399.0,102377.0,65227.0,68.0,73.0,21771.0,486.0,4153.269007992665
2025-06-25T00:00:00.000000,415.0,210,205,403.0,104.0,45.0,542043.0,356446.0,184586.0,97363.0,303286.0,211850.0,97522.0,57735.0,58.0,128.0,18387.0,493.0,5157.353001958394
2025-06-26T00:00:00.000000,446.0,233,213,397.0,95.0,53.0,665677.0,429104.0,176574.0,91535.0,333602.0,228895.0,156741.0,102887.0,69.0,141.0,19507.0,575.0,3380.6840048035724
2025-06-27T00:00:00.000000,408.0,218,190,366.0,94.0,58.0,582146.0,380608.0,182170.0,92747.0,269460.0,173007.0,135878.0,82521.0,83.0,179.0,19606.0,557.0,4238.603408800773
2025-06-28T00:00:00.000000,206.0,98,108,192.0,40.0,16.0,308678.0,220282.0,126362.0,80514.0,113414.0,72973.0,35856.0,22309.0,30.0,64.0,12195.0,293.0,3396.9211221615674
2025-06-29T00:00:00.000000,182.0,88,94,161.0,23.0,29.0,303575.0,214758.0,101016.0,57611.0,90060.0,64416.0,91771.0,60275.0,43.0,43.0,11397.0,268.0,2752.4584882411095
2025-06-30T00:00:00.000000,355.0,196,159,323.0,80.0,44.0,582103.0,391054.0,136064.0,68568.0,255418.0,175732.0,167346.0,117959.0,60.0,142.0,18265.0,565.0,3737.44394163723
2025-07-01T00:00:00.000000,380.0,188,192,350.0,78.0,45.0,522375.0,320624.0,162317.0,75233.0,261642.0,176084.0,102659.0,60942.0,70.0,222.0,23759.0,516.0,3761.337489805185
2025-07-02T00:00:00.000000,459.0,243,216,410.0,111.0,54.0,587100.0,381190.0,172014.0,76004.0,326752.0,221664.0,100976.0,60070.0,79.0,132.0,21906.0,606.0,4944.195666592058
2025-07-03T00:00:00.000000,402.0,193,209,359.0,95.0,30.0,434382.0,269846.0,197749.0,95463.0,209817.0,131755.0,78749.0,51874.0,41.0,93.0,15808.0,515.0,4140.499363518495
2025-07-04T00:00:00.000000,327.0,161,166,279.0,61.0,37.0,411385.0,271905.0,176263.0,93506.0,201501.0,144537.0,84423.0,48824.0,54.0,121.0,14236.0,454.0,1224.3576277254358
2025-07-05T00:00:00.000000,179.0,88,91,164.0,24.0,20.0,272865.0,189228.0,78107.0,38616.0,69515.0,48744.0,62942.0,41671.0,26.0,52.0,8192.0,202.0,3012.3597420240344
2025-07-06T00:00:00.000000,231.0,110,121,203.0,40.0,32.0,277360.0,190845.0,97918.0,40861.0,75308.0,46572.0,84116.0,59353.0,46.0,92.0,13211.0,301.0,2756.555195723231
2025-07-07T00:00:00.000000,367.0,196,171,348.0,70.0,38.0,445441.0,263918.0,206800.0,122347.0,167183.0,98418.0,85147.0,54169.0,48.0,146.0,18515.0,481.0,4281.069928031981
2025-07-08T00:00:00.000000,404.0,194,210,376.0,79.0,38.0,499386.0,307528.0,186967.0,79417.0,218013.0,133995.0,92116.0,59554.0,51.0,133.0,23531.0,460.0,5979.6840502199275
2025-07-09T00:00:00.000000,388.0,189,199,364.0,83.0,47.0,511274.0,327976.0,195897.0,109515.0,236356.0,144551.0,137891.0,99572.0,54.0,128.0,12795.0,562.0,1720.1993801557378
2025-07-10T00:00:00.000000,358.0,184,174,332.0,88.0,35.0,488845.0,299804.0,143654.0,68887.0,250132.0,156798.0,101513.0,72384.0,54.0,106.0,13440.0,504.0,4496.183636141647
2025-07-11T00:00:00.000000,382.0,209,173,355.0,82.0,47.0,525276.0,336217.0,193196.0,90416.0,223433.0,145258.0,120074.0,75611.0,66.0,131.0,18544.0,547.0,4297.034269669542
2025-07-12T00:00:00.000000,192.0,86,106,176.0,35.0,23.0,259719.0,159127.0,101959.0,44092.0,107371.0,71699.0,50298.0,29717.0,30.0,90.0,8708.0,257.0,2949.2101803143523
2025-07-13T00:00:00.000000,173.0,79,94,159.0,19.0,32.0,191312.0,116750.0,98291.0,47084.0,42147.0,22014.0,70277.0,41751.0,36.0,45.0,8285.0,221.0,3580.0216012032274
2025-07-14T00:00:00.000000,314.0,162,152,287.0,77.0,31.0,408954.0,274701.0,128293.0,65723.0,207679.0,135965.0,62597.0,37878.0,35.0,116.0,13236.0,420.0,4153.441039213131
2025-07-15T00:00:00.000000,409.0,216,193,384.0,95.0,52.0,525410.0,324084.0,221378.0,123862.0,222691.0,135848.0,125528.0,80444.0,81.0,111.0,17130.0,568.0,3626.3609205077673
2025-07-16T00:00:00.000000,370.0,186,184,348.0,81.0,48.0,511565.0,326717.0,159146.0,69813.0,196555.0,105973.0,136930.0,95263.0,75.0,142.0,21298.0,525.0,4720.2929205192695
2025-07-17T00:00:00.000000,348.0,153,195,322.0,48.0,43.0,361095.0,215690.0,175560.0,88224.0,105300.0,60383.0,93688.0,56591.0,57.0,119.0,13671.0,410.0,3420.04921379514
2025-07-18T00:00:00.000000,348.0,126,222,310.0,37.0,37.0,336433.0,216028.0,191650.0,93248.0,105154.0,67036.0,122783.0,83731.0,62.0,83.0,17630.0,365.0,5095.758253599715
2025-07-19T00:00:00.000000,182.0,81,101,175.0,30.0,21.0,186439.0,127717.0,108523.0,56438.0,73336.0,51777.0,51083.0,37799.0,24.0,78.0,7141.0,200.0,2372.675254735321
2025-07-20T00:00:00.000000,218.0,96,122,195.0,23.0,36.0,332797.0,237922.0,129023.0,68175.0,71991.0,48436.0,142814.0,111467.0,51.0,80.0,8245.0,308.0,2250.643218747647
2025-07-21T00:00:00.000000,318.0,125,193,279.0,41.0,38.0,350009.0,219489.0,200677.0,107349.0,129588.0,82352.0,97413.0,62065.0,51.0,128.0,13163.0,367.0,3532.945586759019
2025-07-22T00:00:00.000000,342.0,171,171,316.0,65.0,52.0,421852.0,252109.0,156058.0,81152.0,184001.0,113068.0,123558.0,71621.0,76.0,131.0,15768.0,362.0,2548.244868485956
2025-07-23T00:00:00.000000,361.0,161,200,333.0,66.0,37.0,450513.0,285468.0,194628.0,99678.0,183028.0,111789.0,107105.0,69208.0,55.0,178.0,14182.0,443.0,2882.5041483736613
2025-07-24T00:00:00.000000,365.0,171,194,343.0,64.0,43.0,494705.0,329859.0,208412.0,112400.0,189651.0,112476.0,117266.0,81690.0,50.0,123.0,13520.0,446.0,1160.5566040332872
2025-07-25T00:00:00.000000,300.0,133,167,281.0,46.0,37.0,352219.0,219033.0,180501.0,104872.0,132666.0,79171.0,84011.0,48561.0,44.0,112.0,11395.0,369.0,2686.044276743286
2025-07-26T00:00:00.000000,191.0,88,103,166.0,26.0,24.0,195499.0,120646.0,132959.0,77692.0,66631.0,38991.0,46527.0,25347.0,34.0,129.0,9625.0,322.0,3124.316406224169
2025-07-27T00:00:00.000000,167.0,76,91,154.0,29.0,16.0,201578.0,128733.0,93916.0,57008.0,89055.0,63330.0,43055.0,27387.0,22.0,68.0,7029.0,212.0,1552.0584577890456
2025-07-28T00:00:00.000000,293.0,134,159,277.0,41.0,43.0,359680.0,231143.0,153194.0,70269.0,123120.0,83406.0,136041.0,93369.0,56.0,84.0,10896.0,345.0,2475.8737362891907
2025-07-29T00:00:00.000000,336.0,174,162,296.0,61.0,42.0,504996.0,340558.0,155530.0,78514.0,204811.0,141772.0,129194.0,89258.0,57.0,178.0,18901.0,516.0,3131.092576805988
2025-07-30T00:00:00.000000,306.0,145,161,278.0,59.0,43.0,396899.0,263890.0,176435.0,104942.0,205908.0,148948.0,94885.0,58296.0,61.0,149.0,13076.0,452.0,3740.60499119368
2025-07-31T00:00:00.000000,320.0,146,174,302.0,53.0,39.0,415124.0,273477.0,177644.0,86101.0,178957.0,115649.0,128130.0,94501.0,54.0,124.0,14293.0,410.0,3828.9888473872134
2025-08-01T00:00:00.000000,277.0,122,155,243.0,32.0,41.0,332217.0,219011.0,159244.0,80695.0,109866.0,77458.0,105230.0,66472.0,51.0,129.0,11462.0,308.0,3634.3938440995003
2025-08-02T00:00:00.000000,162.0,70,92,149.0,23.0,20.0,231193.0,166579.0,95848.0,49990.0,86583.0,61783.0,64846.0,47813.0,25.0,62.0,7767.0,183.0,2267.7700765991813
2025-08-03T00:00:00.000000,141.0,69,72,132.0,29.0,21.0,216316.0,140284.0,69818.0,37254.0,72091.0,41220.0,89290.0,69021.0,30.0,72.0,6390.0,189.0,2313.6594084405256
2025-08-04T00:00:00.000000,276.0,131,145,242.0,43.0,35.0,319502.0,212287.0,168488.0,105301.0,102708.0,67143.0,96908.0,67458.0,44.0,101.0,12710.0,349.0,2645.6573879814778
2025-08-05T00:00:00.000000,264.0,128,136,246.0,49.0,41.0,414608.0,260518.0,132858.0,72253.0,168416.0,107849.0,106663.0,46040.0,63.0,118.0,14743.0,333.0,4114.714274873868
2025-08-06T00:00:00.000000,336.0,149,187,314.0,51.0,33.0,397353.0,252032.0,177760.0,95398.0,125667.0,74301.0,108497.0,73898.0,47.0,93.0,13072.0,373.0,3706.052416822279
2025-08-07T00:00:00.000000,275.0,129,146,244.0,44.0,37.0,400179.0,279756.0,128557.0,68204.0,155137.0,109352.0,83624.0,49335.0,54.0,118.0,11630.0,364.0,1700.2444677765113
2025-08-08T00:00:00.000000,251.0,95,156,227.0,36.0,26.0,225080.0,132106.0,177126.0,100179.0,80238.0,44417.0,50536.0,27229.0,37.0,100.0,9045.0,253.0,2024.2551652763752
2025-08-09T00:00:00.000000,154.0,53,101,141.0,20.0,13.0,197304.0,137944.0,104752.0,49530.0,88231.0,62288.0,41731.0,29608.0,16.0,55.0,5723.0,188.0,2028.565054092137
2025-08-10T00:00:00.000000,130.0,70,60,118.0,24.0,23.0,225397.0,153283.0,68747.0,40922.0,98843.0,70387.0,63232.0,39586.0,29.0,60.0,6666.0,192.0,2559.75998128806
2025-08-11T00:00:00.000000,210.0,112,98,201.0,52.0,27.0,348858.0,236863.0,115358.0,58759.0,171926.0,114117.0,92507.0,69951.0,45.0,110.0,10186.0,276.0,2023.4395042314507
2025-08-12T00:00:00.000000,267.0,119,148,246.0,50.0,30.0,367352.0,260227.0,170813.0,105874.0,166576.0,122095.0,69558.0,44744.0,39.0,126.0,11833.0,342.0,2527.241859572955
2025-08-13T00:00:00.000000,290.0,132,158,259.0,57.0,28.0,388568.0,250540.0,146694.0,72579.0,204134.0,144515.0,56255.0,30143.0,35.0,167.0,12139.0,327.0,2719.352416351771
2025-08-14T00:00:00.000000,270.0,121,149,245.0,53.0,29.0,371759.0,243580.0,172563.0,97135.0,203145.0,139508.0,85512.0,56078.0,37.0,122.0,9711.0,343.0,2341.905162925321
2025-08-15T00:00:00.000000,221.0,94,127,209.0,36.0,18.0,269145.0,183121.0,104082.0,50145.0,127089.0,91177.0,43693.0,26528.0,24.0,97.0,9725.0,234.0,1319.1544964653885
2025-08-16T00:00:00.000000,131.0,56,75,118.0,19.0,12.0,153809.0,98034.0,79995.0,39905.0,62393.0,46452.0,29871.0,16148.0,13.0,55.0,5498.0,157.0,1079.4487592096712
2025-08-17T00:00:00.000000,148.0,58,90,132.0,24.0,14.0,153972.0,91934.0,88699.0,42250.0,63205.0,31761.0,30103.0,14289.0,19.0,97.0,6073.0,162.0,2232.4361986287
2025-08-18T00:00:00.000000,281.0,139,142,255.0,46.0,51.0,423021.0,291809.0,163936.0,90046.0,162731.0,115563.0,158236.0,108530.0,70.0,139.0,14626.0,383.0,1877.2360863003917
2025-08-19T00:00:00.000000,296.0,140,156,278.0,57.0,31.0,357116.0,215232.0,160544.0,75183.0,164678.0,108882.0,84728.0,43723.0,44.0,152.0,10762.0,364.0,3572.853668114706
2025-08-20T00:00:00.000000,255.0,116,139,237.0,44.0,26.0,302532.0,202833.0,127476.0,67088.0,141127.0,98561.0,61192.0,39835.0,37.0,75.0,9907.0,293.0,2289.5237865394492
2025-08-21T00:00:00.000000,277.0,140,137,260.0,66.0,25.0,502903.0,357260.0,142351.0,74385.0,255258.0,185218.0,59530.0,35962.0,34.0,118.0,10692.0,368.0,2070.835033673705
2025-08-22T00:00:00.000000,250.0,106,144,233.0,34.0,30.0,264612.0,157737.0,151713.0,83276.0,94217.0,60756.0,59076.0,32275.0,45.0,78.0,8847.0,269.0,2611.3318874871493
2025-08-23T00:00:00.000000,157.0,80,77,149.0,35.0,19.0,233016.0,150518.0,88954.0,42975.0,99462.0,54921.0,64522.0,47289.0,30.0,75.0,8820.0,214.0,1753.778052810732
2025-08-24T00:00:00.000000,133.0,61,72,129.0,23.0,23.0,184875.0,133080.0,145586.0,117293.0,61117.0,42502.0,96655.0,72961.0,31.0,41.0,5469.0,198.0,3034.975232659983
2025-08-25T00:00:00.000000,274.0,113,161,230.0,38.0,31.0,305173.0,200314.0,162572.0,91646.0,147483.0,111938.0,62414.0,35946.0,50.0,151.0,11285.0,274.0,3780.1285446760094
2025-08-26T00:00:00.000000,275.0,134,141,261.0,57.0,28.0,434327.0,283477.0,120126.0,54109.0,165272.0,108157.0,101276.0,58731.0,38.0,105.0,10830.0,370.0,3362.8158311016587
2025-08-27T00:00:00.000000,293.0,139,154,268.0,59.0,43.0,379278.0,239106.0,158381.0,76121.0,182568.0,120688.0,103948.0,60869.0,60.0,166.0,14934.0,404.0,3724.8867642013406
2025-08-28T00:00:00.000000,281.0,136,145,260.0,64.0,37.0,410618.0,278514.0,155754.0,73022.0,208850.0,143163.0,103495.0,71278.0,47.0,90.0,9680.0,331.0,3453.7102359619653
2025-08-29T00:00:00.000000,317.0,164,153,297.0,81.0,34.0,445051.0,272847.0,131219.0,70057.0,222943.0,132258.0,66309.0,34373.0,51.0,95.0,12526.0,365.0,5241.656463997799
2025-08-30T00:00:00.000000,162.0,78,84,159.0,38.0,16.0,219180.0,146957.0,82403.0,35202.0,101358.0,63622.0,39339.0,27177.0,24.0,39.0,5811.0,237.0,1528.534603000769
2025-08-31T00:00:00.000000,145.0,74,71,139.0,31.0,20.0,229730.0,158912.0,92337.0,40316.0,87143.0,54969.0,59208.0,41517.0,32.0,37.0,7173.0,240.0,3449.8248721613722
2025-09-01T00:00:00.000000,253.0,136,117,242.0,66.0,28.0,360900.0,238486.0,111062.0,58193.0,140611.0,81313.0,115271.0,86667.0,43.0,50.0,10970.0,402.0,1498.0493834857837
2025-09-02T00:00:00.000000,307.0,169,138,279.0,77.0,39.0,391452.0,221834.0,153297.0,89284.0,171887.0,90997.0,95195.0,55818.0,63.0,106.0,25641.0,472.0,6986.689259234171
2025-09-03T00:00:00.000000,373.0,207,166,353.0,114.0,36.0,544740.0,344236.0,160684.0,91544.0,301027.0,194381.0,101515.0,64951.0,50.0,112.0,16972.0,507.0,2926.7772752514043
2025-09-04T00:00:00.000000,384.0,188,196,343.0,89.0,36.0,558808.0,384056.0,176282.0,86161.0,229226.0,146538.0,111290.0,82718.0,54.0,116.0,13589.0,475.0,3158.57382561291
2025-09-05T00:00:00.000000,272.0,133,139,250.0,61.0,31.0,379775.0,239491.0,132804.0,63075.0,183706.0,107550.0,68466.0,40576.0,41.0,134.0,12033.0,447.0,2858.254489622614
2025-09-06T00:00:00.000000,158.0,86,72,147.0,38.0,19.0,294798.0,199456.0,84853.0,41670.0,135889.0,96896.0,60171.0,41334.0,22.0,66.0,6079.0,188.0,1972.1623841101
2025-09-07T00:00:00.000000,143.0,74,69,133.0,31.0,16.0,252574.0,172416.0,79795.0,49142.0,140065.0,103188.0,31983.0,16489.0,27.0,66.0,9599.0,173.0,1007.34601739564
2025-09-08T00:00:00.000000,275.0,145,130,254.0,69.0,32.0,379691.0,247170.0,141952.0,74100.0,177422.0,110252.0,68684.0,38583.0,49.0,103.0,12135.0,389.0,2414.6706807232545
2025-09-09T00:00:00.000000,286.0,138,148,261.0,70.0,27.0,408092.0,274714.0,137721.0,67502.0,221877.0,144699.0,74433.0,52808.0,34.0,78.0,10091.0,316.0,783.1684302201115
2025-09-10T00:00:00.000000,320.0,162,158,287.0,84.0,29.0,386814.0,242984.0,131462.0,57657.0,207155.0,131419.0,70113.0,41495.0,38.0,80.0,9540.0,471.0,1877.18895033683
2025-09-11T00:00:00.000000,311.0,161,150,287.0,79.0,33.0,314779.0,180662.0,158943.0,76609.0,145207.0,81582.0,55848.0,28178.0,40.0,74.0,15466.0,459.0,2931.168948431454
2025-09-12T00:00:00.000000,301.0,158,143,268.0,78.0,20.0,394404.0,238213.0,141743.0,64544.0,186552.0,118192.0,63707.0,38274.0,28.0,52.0,9861.0,407.0,4060.0511690494295
2025-09-13T00:00:00.000000,135.0,60,75,121.0,27.0,15.0,172635.0,110454.0,65732.0,31715.0,98195.0,69215.0,39587.0,25674.0,19.0,28.0,4238.0,160.0,2906.993773935505
2025-09-14T00:00:00.000000,175.0,88,87,149.0,42.0,16.0,243654.0,149841.0,98289.0,49255.0,107569.0,59923.0,32664.0,18786.0,26.0,17.0,6211.0,269.0,2729.7327861787107
2025-09-15T00:00:00.000000,272.0,159,113,249.0,88.0,25.0,387662.0,239729.0,90914.0,46163.0,232403.0,142558.0,67455.0,40611.0,39.0,65.0,11039.0,378.0,1868.3385531569638
2025-09-16T00:00:00.000000,313.0,186,127,293.0,93.0,48.0,514662.0,306198.0,105109.0,50595.0,294188.0,172481.0,115385.0,76350.0,61.0,152.0,15901.0,450.0,1635.0187158273689
2025-09-17T00:00:00.000000,358.0,200,158,330.0,113.0,29.0,465792.0,276549.0,154717.0,79619.0,278993.0,167112.0,75132.0,47717.0,38.0,74.0,14390.0,569.0,5140.605260304165
2025-09-18T00:00:00.000000,345.0,188,157,317.0,100.0,27.0,493301.0,314917.0,164779.0,86338.0,259898.0,167847.0,76601.0,41106.0,39.0,100.0,12543.0,455.0,4488.022180128928
2025-09-19T00:00:00.000000,350.0,217,133,303.0,107.0,47.0,614547.0,405725.0,129841.0,79868.0,341151.0,233039.0,121557.0,77063.0,68.0,58.0,14449.0,442.0,4540.004701951937
2025-09-20T00:00:00.000000,158.0,84,74,133.0,37.0,20.0,188110.0,105314.0,66963.0,33581.0,93663.0,58210.0,33959.0,15037.0,28.0,80.0,5914.0,218.0,2719.0816013415388
2025-09-21T00:00:00.000000,154.0,91,63,145.0,46.0,16.0,219249.0,132661.0,72408.0,39135.0,117693.0,71403.0,46751.0,36159.0,20.0,16.0,7084.0,221.0,1604.241302027127
2025-09-22T00:00:00.000000,357.0,219,138,328.0,130.0,22.0,525762.0,324577.0,141039.0,70727.0,319529.0,189138.0,49400.0,31019.0,29.0,-25.0,15530.0,506.0,4719.868359784417
2025-09-23T00:00:00.000000,381.0,236,145,364.0,153.0,17.0,631046.0,402532.0,146519.0,80135.0,388317.0,245125.0,52115.0,34168.0,22.0,-82.0,13462.0,603.0,3737.5540960962003
2025-09-24T00:00:00.000000,425.0,257,168,384.0,164.0,28.0,575382.0,337034.0,168070.0,92632.0,381767.0,230530.0,57697.0,31594.0,33.0,-49.0,14983.0,573.0,7006.144987359585
2025-09-25T00:00:00.000000,434.0,278,156,397.0,189.0,31.0,703874.0,428955.0,157704.0,81705.0,491331.0,303971.0,85082.0,59679.0,43.0,-132.0,14276.0,626.0,2976.91205578297
2025-09-26T00:00:00.000000,392.0,232,160,352.0,144.0,19.0,502676.0,265963.0,158076.0,82130.0,280985.0,142787.0,46198.0,26329.0,28.0,-70.0,13612.0,485.0,6173.276434015101
2025-09-27T00:00:00.000000,225.0,154,71,204.0,97.0,15.0,333839.0,197921.0,131279.0,97894.0,210744.0,132280.0,25471.0,14840.0,22.0,-56.0,9135.0,327.0,3907.89769836034
2025-09-28T00:00:00.000000,244.0,161,83,220.0,105.0,14.0,416309.0,268863.0,78488.0,35993.0,277277.0,176789.0,39423.0,26876.0,18.0,-78.0,9118.0,353.0,3827.450394032465
2025-09-29T00:00:00.000000,392.0,247,145,359.0,174.0,25.0,509586.0,283839.0,151414.0,65059.0,368571.0,204672.0,56809.0,37097.0,31.0,-81.0,12219.0,534.0,7037.560658909158
2025-09-30T00:00:00.000000,391.0,252,139,355.0,171.0,11.0,561074.0,327597.0,162345.0,84312.0,363874.0,200870.0,19083.0,10281.0,20.0,-97.0,11860.0,625.0,4805.401914034298
