Day,Total_Posts,Total_Questions,Total_Answers,Active_Users,Total_Unanswered_Q,Total_Accepted_Q,Sum_Len_Q,Sum_CodeLen_Q,Sum_Len_A,Sum_CodeLen_A,Sum_Len_Unanswered_Q,Sum_CodeLen_Unanswered_Q,Sum_Len_Q_with_Accepted,Sum_CodeLen_Q_with_Accepted,Sum_Answers_on_Accepted_Q,Sum_Score,Sum_Views,Sum_Comments,Sum_Readability
2021-01-01T00:00:00.000000,178.0,0,178,19.0,0.0,0.0,0.0,0.0,176358.0,96826.0,0.0,0.0,0.0,0.0,0.0,238.0,0.0,224.0,5378.158967081279
2021-01-02T00:00:00.000000,685.0,9,676,104.0,0.0,5.0,8034.0,4181.0,679236.0,396492.0,0.0,0.0,4640.0,2055.0,9.0,904.0,14457.0,941.0,18826.726024091193
2021-01-03T00:00:00.000000,899.0,14,885,198.0,3.0,10.0,47211.0,35854.0,990454.0,558700.0,11520.0,8639.0,23269.0,15937.0,17.0,1367.0,18434.0,1331.0,22020.42407510721
2021-01-04T00:00:00.000000,1221.0,27,1192,455.0,6.0,14.0,44941.0,28433.0,1399303.0,792292.0,11724.0,8312.0,20743.0,11763.0,42.0,1805.0,54163.0,1743.0,32716.609221006445
2021-01-05T00:00:00.000000,1496.0,59,1436,436.0,9.0,41.0,168322.0,125088.0,1837989.0,1071181.0,54447.0,47259.0,99514.0,70007.0,84.0,2096.0,58394.0,2323.0,35999.5955910246
2021-01-06T00:00:00.000000,1619.0,92,1527,525.0,14.0,54.0,198261.0,140643.0,1939606.0,1105871.0,31804.0,21908.0,115809.0,82849.0,81.0,2111.0,120691.0,2270.0,37301.55694700718
2021-01-07T00:00:00.000000,1931.0,133,1796,651.0,16.0,81.0,339337.0,244232.0,2230478.0,1273177.0,45989.0,33745.0,225880.0,171503.0,139.0,2971.0,369731.0,2946.0,43013.562268487396
2021-01-08T00:00:00.000000,1815.0,125,1690,796.0,17.0,68.0,251057.0,164133.0,2157264.0,1200920.0,27855.0,16593.0,135498.0,87912.0,106.0,2673.0,329398.0,2733.0,40141.780211349665
2021-01-09T00:00:00.000000,1530.0,168,1362,637.0,19.0,100.0,331045.0,218937.0,1741084.0,968980.0,20741.0,8433.0,214267.0,145144.0,156.0,2413.0,302917.0,2268.0,36323.52683538739
2021-01-10T00:00:00.000000,1460.0,138,1322,669.0,13.0,92.0,290529.0,196493.0,1696667.0,939921.0,37103.0,26455.0,186330.0,126592.0,149.0,2334.0,232121.0,2130.0,38784.17026150621
2021-01-11T00:00:00.000000,2958.0,220,2738,917.0,18.0,126.0,445298.0,291953.0,3116565.0,1731519.0,56354.0,32612.0,265195.0,178440.0,179.0,4001.0,259712.0,4658.0,67845.62132828037
2021-01-12T00:00:00.000000,2193.0,222,1971,980.0,27.0,130.0,411467.0,266658.0,2285076.0,1253874.0,51223.0,35840.0,256162.0,168927.0,194.0,2694.0,249608.0,3306.0,48996.17447823914
2021-01-13T00:00:00.000000,2299.0,270,2026,1228.0,44.0,158.0,599408.0,434654.0,2411315.0,1323883.0,95396.0,67400.0,335256.0,233697.0,264.0,3855.0,593845.0,3483.0,53529.04385163028
2021-01-14T00:00:00.000000,2344.0,242,2102,1067.0,25.0,164.0,391379.0,233595.0,2455853.0,1324072.0,49248.0,29430.0,244575.0,145791.0,266.0,3606.0,413980.0,3508.0,43560.6778891377
2021-01-15T00:00:00.000000,2164.0,255,1909,1066.0,38.0,147.0,420700.0,258862.0,2140593.0,1134054.0,82496.0,53850.0,215190.0,126810.0,237.0,3779.0,474008.0,2945.0,54418.953953154734
2021-01-16T00:00:00.000000,1567.0,212,1353,795.0,37.0,122.0,422418.0,280476.0,1447439.0,753154.0,66449.0,36774.0,248102.0,169646.0,192.0,2115.0,299377.0,2239.0,36557.281891297556
2021-01-17T00:00:00.000000,1644.0,233,1408,835.0,26.0,138.0,433534.0,286424.0,1650392.0,910315.0,48008.0,30367.0,271852.0,185412.0,211.0,2458.0,369007.0,2345.0,40486.90034474772
2021-01-18T00:00:00.000000,2368.0,329,2036,1354.0,54.0,184.0,692536.0,471063.0,2359272.0,1307387.0,112916.0,79357.0,350613.0,238419.0,278.0,3189.0,426576.0,3483.0,44030.05380120133
2021-01-19T00:00:00.000000,2310.0,297,2011,1226.0,42.0,176.0,543575.0,361542.0,2203591.0,1164232.0,103794.0,79169.0,304787.0,191036.0,266.0,3224.0,430909.0,3361.0,45498.074835956504
2021-01-20T00:00:00.000000,3048.0,415,2631,1267.0,52.0,219.0,757253.0,497176.0,2956288.0,1565052.0,77796.0,46880.0,398536.0,253379.0,348.0,4302.0,938986.0,4790.0,60289.72898360533
2021-01-21T00:00:00.000000,2561.0,364,2194,1308.0,58.0,202.0,677460.0,442331.0,2531210.0,1404933.0,121117.0,82237.0,362349.0,231307.0,291.0,3290.0,682158.0,3781.0,54512.572244721545
2021-01-22T00:00:00.000000,2404.0,370,2034,1469.0,58.0,214.0,766561.0,523273.0,2331994.0,1288776.0,125105.0,84838.0,416573.0,277711.0,316.0,3268.0,452056.0,3580.0,45296.07412761729
2021-01-23T00:00:00.000000,1650.0,277,1373,927.0,46.0,168.0,549025.0,366929.0,1578454.0,856456.0,96399.0,64120.0,334500.0,223592.0,239.0,2255.0,357446.0,2467.0,41259.417318645326
2021-01-24T00:00:00.000000,1693.0,310,1383,924.0,35.0,199.0,640462.0,444816.0,1628669.0,850040.0,108622.0,85252.0,392406.0,264699.0,311.0,3075.0,599072.0,2486.0,42839.03507446239
2021-01-25T00:00:00.000000,2402.0,357,2043,1301.0,42.0,194.0,683103.0,458456.0,2273747.0,1220126.0,95557.0,67002.0,309723.0,194820.0,306.0,3496.0,688155.0,3190.0,48228.945354820295
2021-01-26T00:00:00.000000,2446.0,392,2054,1338.0,58.0,217.0,718241.0,470836.0,2259559.0,1211636.0,124958.0,90969.0,350134.0,212960.0,315.0,4039.0,467233.0,3475.0,48088.78489433355
2021-01-27T00:00:00.000000,2517.0,438,2078,1623.0,47.0,270.0,865911.0,595436.0,2336691.0,1262447.0,88004.0,58966.0,483230.0,309798.0,408.0,5124.0,1159768.0,3450.0,49906.83240572034
2021-01-28T00:00:00.000000,2499.0,430,2069,1375.0,67.0,214.0,820361.0,548784.0,2216017.0,1135672.0,155500.0,97851.0,377951.0,254932.0,343.0,3190.0,818891.0,3643.0,55727.55067817974
2021-01-29T00:00:00.000000,2667.0,427,2238,1306.0,52.0,255.0,835005.0,567634.0,2519809.0,1338108.0,109048.0,73108.0,541186.0,383240.0,377.0,4232.0,762908.0,3822.0,57559.58611375005
2021-01-30T00:00:00.000000,1667.0,301,1363,932.0,41.0,192.0,644578.0,448246.0,1539614.0,815011.0,159807.0,125370.0,357311.0,236666.0,289.0,2284.0,481245.0,2272.0,36262.64604532883
2021-01-31T00:00:00.000000,1646.0,331,1315,943.0,42.0,193.0,594809.0,376112.0,1443087.0,769561.0,89020.0,56233.0,363215.0,237448.0,271.0,2206.0,533797.0,2119.0,37221.73550668368
2021-02-01T00:00:00.000000,2229.0,437,1792,1467.0,54.0,268.0,929741.0,649180.0,2158809.0,1213651.0,149416.0,113660.0,558817.0,384196.0,389.0,3093.0,821795.0,3345.0,46450.908676050785
2021-02-02T00:00:00.000000,2480.0,519,1961,1454.0,72.0,275.0,966917.0,628759.0,2244205.0,1203319.0,139048.0,88112.0,511538.0,329015.0,383.0,3592.0,698611.0,3629.0,39988.76217141116
2021-02-03T00:00:00.000000,2442.0,502,1940,1451.0,79.0,291.0,962890.0,643068.0,2077628.0,1098353.0,205971.0,147359.0,526688.0,344638.0,432.0,3036.0,622061.0,3273.0,51316.247877066315
2021-02-04T00:00:00.000000,2589.0,607,1980,1477.0,85.0,352.0,1339267.0,928666.0,2209319.0,1159680.0,190364.0,125377.0,770520.0,529065.0,502.0,3351.0,1034475.0,3594.0,50465.959012505875
2021-02-05T00:00:00.000000,2316.0,471,1844,1486.0,69.0,244.0,917948.0,614170.0,2077847.0,1140908.0,193177.0,146606.0,425180.0,274534.0,369.0,3191.0,677070.0,3354.0,49076.987575856816
2021-02-06T00:00:00.000000,1587.0,349,1238,930.0,47.0,203.0,709038.0,479420.0,1513244.0,817150.0,115517.0,81723.0,405624.0,277693.0,296.0,2060.0,475255.0,2166.0,34953.82190797972
2021-02-07T00:00:00.000000,1611.0,343,1268,951.0,44.0,205.0,636373.0,419006.0,1391497.0,724674.0,105247.0,74714.0,362707.0,233137.0,309.0,1894.0,368432.0,2220.0,37802.508852666324
2021-02-08T00:00:00.000000,2891.0,575,2314,1425.0,94.0,306.0,1165848.0,797608.0,2440934.0,1253667.0,207180.0,139089.0,599044.0,410923.0,429.0,3602.0,898576.0,4173.0,53992.31595514737
2021-02-09T00:00:00.000000,2624.0,562,2062,1499.0,86.0,322.0,1054184.0,704875.0,2191307.0,1165412.0,151992.0,101893.0,631786.0,422213.0,462.0,3453.0,1047319.0,3599.0,56707.690611405415
2021-02-10T00:00:00.000000,2466.0,598,1866,1618.0,85.0,329.0,1099432.0,728668.0,2016844.0,1056523.0,196266.0,139883.0,588022.0,379023.0,478.0,3132.0,1183769.0,3555.0,56289.153713240594
2021-02-11T00:00:00.000000,2482.0,570,1909,1461.0,77.0,324.0,974404.0,602135.0,2138794.0,1175576.0,153220.0,99704.0,563023.0,358791.0,466.0,3210.0,727780.0,3801.0,46015.27760245605
2021-02-12T00:00:00.000000,2359.0,584,1774,1405.0,74.0,321.0,1099626.0,727367.0,1960314.0,1048266.0,165453.0,115034.0,571172.0,368332.0,479.0,3353.0,978077.0,3294.0,46285.11654781257
2021-02-13T00:00:00.000000,1650.0,373,1273,995.0,47.0,218.0,750513.0,510304.0,1478650.0,806400.0,105570.0,73805.0,409102.0,276280.0,325.0,3027.0,588108.0,2135.0,30939.645197225618
2021-02-14T00:00:00.000000,1571.0,399,1171,937.0,54.0,225.0,792534.0,528239.0,1400231.0,789484.0,147312.0,102482.0,444592.0,300745.0,321.0,2047.0,615705.0,2166.0,30314.2148845973
2021-02-15T00:00:00.000000,2353.0,569,1783,1511.0,83.0,308.0,1093476.0,744552.0,2088556.0,1127144.0,171558.0,113406.0,604156.0,415694.0,442.0,3843.0,909218.0,3704.0,45931.43862969777
2021-02-16T00:00:00.000000,2535.0,625,1906,1572.0,98.0,348.0,1190697.0,807893.0,2130907.0,1172841.0,190143.0,125481.0,586712.0,384756.0,513.0,3395.0,1071928.0,3540.0,50456.85898547978
2021-02-17T00:00:00.000000,3022.0,706,2316,1608.0,114.0,383.0,1345511.0,901417.0,2440377.0,1259451.0,256137.0,175181.0,733923.0,490320.0,577.0,4691.0,1822758.0,4506.0,62217.7029104584
2021-02-18T00:00:00.000000,2833.0,685,2146,1661.0,84.0,423.0,1457321.0,1003998.0,2268367.0,1252574.0,192741.0,132397.0,886097.0,608881.0,587.0,3324.0,894841.0,4048.0,56931.58065684804
2021-02-19T00:00:00.000000,2565.0,668,1897,1713.0,93.0,386.0,1251753.0,821823.0,2075349.0,1123588.0,233216.0,151017.0,665831.0,445571.0,565.0,3190.0,1013068.0,3561.0,52545.503700084795
2021-02-20T00:00:00.000000,1674.0,418,1254,1043.0,58.0,239.0,902253.0,621806.0,1467887.0,790659.0,153872.0,104733.0,521887.0,362708.0,382.0,2324.0,851923.0,2204.0,42382.84427657922
2021-02-21T00:00:00.000000,1756.0,454,1302,1034.0,66.0,238.0,866702.0,566255.0,1414643.0,757097.0,130345.0,87419.0,436654.0,284147.0,355.0,2394.0,788513.0,2319.0,34153.181633452325
2021-02-22T00:00:00.000000,2527.0,690,1836,1597.0,95.0,390.0,1363649.0,910922.0,1979114.0,1031051.0,195108.0,134306.0,784798.0,531791.0,553.0,3156.0,856152.0,3657.0,47704.34847745352
2021-02-23T00:00:00.000000,2643.0,680,1961,1652.0,109.0,363.0,1342114.0,912416.0,2040172.0,1117696.0,197877.0,120448.0,789307.0,566018.0,525.0,3468.0,1214469.0,3805.0,53133.487701497266
2021-02-24T00:00:00.000000,2686.0,729,1955,1792.0,101.0,414.0,1313027.0,869396.0,2163993.0,1205517.0,251192.0,176529.0,712016.0,475695.0,566.0,3765.0,850031.0,3743.0,48477.853332331375
2021-02-25T00:00:00.000000,2665.0,701,1962,1657.0,103.0,397.0,1329178.0,878475.0,2046398.0,1032185.0,250405.0,173578.0,750369.0,503169.0,581.0,3914.0,1136226.0,3737.0,47694.42102350696
2021-02-26T00:00:00.000000,2771.0,690,2080,1617.0,100.0,395.0,1402160.0,948363.0,2196035.0,1147691.0,224914.0,143789.0,779953.0,532222.0,594.0,3757.0,1271347.0,4038.0,59338.66395819648
2021-02-27T00:00:00.000000,1643.0,413,1230,1026.0,64.0,227.0,894209.0,604618.0,1395813.0,732823.0,147535.0,96416.0,499305.0,349713.0,340.0,2915.0,712808.0,2241.0,30175.260261564992
2021-02-28T00:00:00.000000,1676.0,427,1249,1059.0,54.0,235.0,891130.0,624727.0,1347029.0,724266.0,124906.0,87958.0,452325.0,307558.0,338.0,2155.0,642216.0,2406.0,34004.257986878445
2021-03-01T00:00:00.000000,2498.0,677,1821,1565.0,93.0,374.0,1197644.0,799384.0,1764351.0,918897.0,174461.0,120288.0,670829.0,449297.0,540.0,2946.0,818584.0,3569.0,51916.36009170295
2021-03-02T00:00:00.000000,2696.0,781,1915,1663.0,106.0,421.0,1578464.0,1085817.0,2027251.0,1134568.0,267081.0,192299.0,844492.0,573726.0,579.0,3540.0,1360248.0,4024.0,48544.22426626948
2021-03-03T00:00:00.000000,2902.0,821,2076,1768.0,137.0,454.0,1486927.0,974232.0,2133652.0,1150659.0,265723.0,167454.0,838288.0,562291.0,646.0,3751.0,980227.0,4102.0,54276.11325653317
2021-03-04T00:00:00.000000,2857.0,859,1998,1736.0,120.0,495.0,1796307.0,1228051.0,2092021.0,1156438.0,292927.0,200882.0,963464.0,650389.0,741.0,4090.0,1241534.0,4157.0,61160.141578560586
2021-03-05T00:00:00.000000,2511.0,765,1746,1635.0,132.0,421.0,1551262.0,1010450.0,1936970.0,1046780.0,280884.0,182020.0,794442.0,515851.0,643.0,3822.0,1630086.0,3741.0,50831.18476775265
2021-03-06T00:00:00.000000,1836.0,522,1312,1116.0,73.0,268.0,1108404.0,795114.0,1485361.0,810421.0,106792.0,65850.0,618122.0,448061.0,373.0,2187.0,744044.0,2382.0,34672.616780367425
2021-03-07T00:00:00.000000,1747.0,487,1260,1081.0,74.0,240.0,917579.0,592605.0,1270965.0,645319.0,201379.0,138832.0,401004.0,249237.0,331.0,2826.0,700244.0,2513.0,34549.97082136899
2021-03-08T00:00:00.000000,2882.0,767,2115,1614.0,130.0,408.0,1367431.0,909813.0,2214463.0,1155059.0,263123.0,182530.0,714532.0,486699.0,584.0,4025.0,1148320.0,4037.0,59871.292826976074
2021-03-09T00:00:00.000000,2622.0,795,1827,1734.0,129.0,421.0,1606831.0,1095358.0,1891108.0,998944.0,345444.0,233855.0,747689.0,484381.0,603.0,3999.0,1320879.0,3847.0,54773.09988856998
2021-03-10T00:00:00.000000,2816.0,831,1983,1808.0,129.0,438.0,1618237.0,1103740.0,1976739.0,1063689.0,232413.0,152030.0,882911.0,612036.0,642.0,3803.0,1318362.0,3922.0,52478.89089320147
2021-03-11T00:00:00.000000,2822.0,860,1962,1782.0,137.0,463.0,1591981.0,1030594.0,2080114.0,1122970.0,273565.0,177169.0,834994.0,538429.0,680.0,3571.0,1395252.0,3783.0,59664.35971877336
2021-03-12T00:00:00.000000,2805.0,823,1980,1702.0,106.0,494.0,1546527.0,1003217.0,2091907.0,1140516.0,213806.0,133885.0,889878.0,584426.0,727.0,3973.0,1214533.0,3851.0,52796.18733257141
2021-03-13T00:00:00.000000,1838.0,556,1282,1134.0,94.0,287.0,1061055.0,698764.0,1381878.0,744839.0,187457.0,124815.0,507670.0,332500.0,414.0,2370.0,678468.0,2514.0,39852.28397614936
2021-03-14T00:00:00.000000,2034.0,561,1473,1310.0,87.0,318.0,993675.0,620749.0,1469679.0,789008.0,161275.0,98983.0,559397.0,343707.0,481.0,2763.0,1114280.0,2962.0,49171.84354201313
2021-03-15T00:00:00.000000,2693.0,829,1864,1700.0,127.0,459.0,1514783.0,998818.0,1981445.0,1097110.0,218051.0,134113.0,871287.0,588831.0,693.0,3516.0,1434183.0,3777.0,56254.72684506841
2021-03-16T00:00:00.000000,2886.0,888,1997,1829.0,122.0,514.0,1768178.0,1201878.0,2029733.0,1077800.0,233796.0,148068.0,1068257.0,736540.0,809.0,4252.0,1573551.0,4070.0,62168.77251343307
2021-03-17T00:00:00.000000,3143.0,963,2180,1805.0,141.0,528.0,1623838.0,1029068.0,2277678.0,1229635.0,227439.0,137786.0,918581.0,590042.0,745.0,3735.0,1120066.0,4536.0,64008.292447784384
2021-03-18T00:00:00.000000,2851.0,874,1973,1931.0,152.0,465.0,1668317.0,1108569.0,1975580.0,1017195.0,302247.0,200795.0,913268.0,601676.0,659.0,3415.0,1026896.0,4061.0,55789.42027262201
2021-03-19T00:00:00.000000,2582.0,844,1734,1663.0,127.0,469.0,1492470.0,971355.0,1825240.0,1035495.0,219242.0,137599.0,796042.0,506235.0,655.0,2978.0,1030956.0,3695.0,48400.49420958812
2021-03-20T00:00:00.000000,1694.0,499,1193,1066.0,74.0,292.0,966553.0,624437.0,1249960.0,656739.0,145699.0,93737.0,548776.0,346870.0,442.0,2195.0,929083.0,2346.0,37733.14686284336
2021-03-21T00:00:00.000000,1853.0,558,1295,1141.0,93.0,288.0,1091455.0,724646.0,1422679.0,789267.0,239969.0,184403.0,526042.0,339887.0,418.0,2321.0,871308.0,2692.0,38380.97399306616
2021-03-22T00:00:00.000000,2630.0,814,1816,1733.0,147.0,431.0,1694035.0,1184925.0,1822828.0,929932.0,311666.0,209551.0,829095.0,571496.0,598.0,3474.0,1244498.0,3950.0,42162.41264191344
2021-03-23T00:00:00.000000,2865.0,887,1978,1915.0,130.0,510.0,1710734.0,1124310.0,2025330.0,1082749.0,294699.0,201288.0,954744.0,615630.0,759.0,3879.0,1113771.0,3975.0,58361.273540788985
2021-03-24T00:00:00.000000,2969.0,974,1994,1914.0,161.0,524.0,1797821.0,1186406.0,2078803.0,1108754.0,286516.0,183592.0,950827.0,633506.0,765.0,3892.0,1374261.0,4499.0,57525.03080731828
2021-03-25T00:00:00.000000,3009.0,984,2023,1932.0,129.0,542.0,1808652.0,1194083.0,2041597.0,1087242.0,233249.0,150136.0,960135.0,623768.0,751.0,4210.0,1398592.0,4383.0,53215.22431883167
2021-03-26T00:00:00.000000,2864.0,878,1986,1697.0,128.0,493.0,1644229.0,1081319.0,2091600.0,1129407.0,215378.0,129635.0,892021.0,578577.0,737.0,3299.0,1321808.0,3878.0,58381.24663158863
2021-03-27T00:00:00.000000,1723.0,539,1184,1096.0,84.0,280.0,1071053.0,707454.0,1362973.0,755459.0,168375.0,113151.0,594095.0,405837.0,403.0,2292.0,777740.0,2518.0,32723.555909192586
2021-03-28T00:00:00.000000,1553.0,519,1034,1100.0,76.0,287.0,993599.0,639261.0,1152029.0,602195.0,155265.0,100432.0,556847.0,351512.0,437.0,2643.0,815942.0,2365.0,32788.35070702939
2021-03-29T00:00:00.000000,2519.0,879,1640,1654.0,132.0,469.0,1616419.0,1081124.0,1639924.0,906885.0,283019.0,194398.0,768134.0,492416.0,673.0,2949.0,1245212.0,4047.0,37234.58769564387
2021-03-30T00:00:00.000000,2596.0,853,1743,1737.0,144.0,459.0,1648689.0,1087845.0,1880449.0,972373.0,349592.0,235891.0,816770.0,530641.0,681.0,3250.0,1317596.0,3759.0,47890.70019846356
2021-03-31T00:00:00.000000,2658.0,874,1784,1793.0,131.0,444.0,1740214.0,1159045.0,1883680.0,1031241.0,238753.0,147720.0,848251.0,565083.0,640.0,3258.0,2489282.0,3699.0,49603.394598224266
2021-04-01T00:00:00.000000,2510.0,821,1689,1677.0,114.0,448.0,1637379.0,1090268.0,1767199.0,907952.0,258923.0,185586.0,917514.0,613252.0,659.0,2967.0,1184062.0,3385.0,44904.43159893878
2021-04-02T00:00:00.000000,2254.0,735,1519,1482.0,101.0,423.0,1359364.0,905729.0,1592781.0,859130.0,191479.0,123180.0,796782.0,537759.0,628.0,3242.0,1104284.0,3441.0,41645.73315838005
2021-04-03T00:00:00.000000,1702.0,534,1168,1098.0,82.0,301.0,1032836.0,687350.0,1215314.0,663532.0,150609.0,86450.0,617139.0,418880.0,434.0,2097.0,672213.0,2371.0,39123.95235459548
2021-04-04T00:00:00.000000,1716.0,570,1144,1077.0,94.0,309.0,1225872.0,828985.0,1259760.0,652435.0,237925.0,162372.0,612511.0,405434.0,460.0,2569.0,704405.0,2546.0,35727.33039694746
2021-04-05T00:00:00.000000,2266.0,767,1499,1493.0,138.0,412.0,1558194.0,1041436.0,1558719.0,819199.0,318355.0,207795.0,822489.0,559864.0,617.0,2334.0,909954.0,3074.0,43003.648227033154
2021-04-06T00:00:00.000000,3299.0,997,2302,1847.0,134.0,536.0,1879196.0,1247798.0,2408265.0,1282352.0,284207.0,180943.0,993222.0,669443.0,826.0,4861.0,1844401.0,4789.0,65516.833388194886
2021-04-07T00:00:00.000000,2820.0,935,1885,1979.0,140.0,530.0,1866431.0,1263199.0,1978473.0,1090994.0,337650.0,237506.0,1032528.0,694740.0,761.0,4073.0,1647315.0,4133.0,55228.60763724881
2021-04-08T00:00:00.000000,2862.0,972,1890,1844.0,157.0,509.0,1949591.0,1287663.0,1911666.0,1061759.0,345124.0,240815.0,935351.0,588812.0,745.0,3645.0,1365015.0,4505.0,49920.87579032024
2021-04-09T00:00:00.000000,2769.0,925,1844,1737.0,119.0,524.0,1837901.0,1233645.0,1890924.0,1030164.0,306322.0,219063.0,990844.0,660330.0,787.0,3322.0,1112310.0,3738.0,44388.16203306951
2021-04-10T00:00:00.000000,1775.0,564,1211,1173.0,87.0,329.0,1201119.0,841029.0,1347767.0,712416.0,201921.0,137990.0,687192.0,482989.0,478.0,2161.0,648153.0,2405.0,28463.274610001066
2021-04-11T00:00:00.000000,1875.0,634,1239,1193.0,88.0,363.0,1247046.0,846048.0,1191894.0,626403.0,193424.0,127194.0,698046.0,481891.0,542.0,2830.0,1089079.0,2691.0,32631.4042810422
2021-04-12T00:00:00.000000,2587.0,865,1720,1862.0,144.0,480.0,1631182.0,1085841.0,1778195.0,960452.0,304749.0,207733.0,898559.0,599703.0,708.0,3230.0,1227411.0,3598.0,49356.88527135884
2021-04-13T00:00:00.000000,2812.0,923,1885,1856.0,163.0,498.0,1752466.0,1180907.0,1929173.0,1043843.0,324848.0,215707.0,895677.0,595157.0,727.0,3843.0,1371448.0,3835.0,48896.34609784432
2021-04-14T00:00:00.000000,2772.0,984,1787,1820.0,152.0,535.0,1988603.0,1345313.0,1752914.0,939161.0,363277.0,251350.0,1053183.0,723696.0,741.0,3666.0,1267481.0,3989.0,47852.686390488496
2021-04-15T00:00:00.000000,2964.0,1002,1962,1863.0,158.0,537.0,1953807.0,1300535.0,2043323.0,1122012.0,324541.0,210994.0,1009158.0,654986.0,755.0,3292.0,1337705.0,4542.0,45245.53447909029
2021-04-16T00:00:00.000000,2636.0,903,1733,1861.0,126.0,496.0,1837912.0,1239907.0,1762038.0,974066.0,248829.0,166689.0,1006303.0,666121.0,742.0,3046.0,1419217.0,3753.0,44394.193365634055
2021-04-17T00:00:00.000000,1711.0,516,1191,1097.0,75.0,283.0,988962.0,614226.0,1247957.0,693136.0,154829.0,83804.0,541990.0,347317.0,435.0,2321.0,1072606.0,2490.0,32051.772170331005
2021-04-18T00:00:00.000000,1781.0,589,1191,1143.0,86.0,325.0,1207489.0,831522.0,1245154.0,691589.0,168431.0,111817.0,667227.0,464644.0,465.0,2231.0,580995.0,2405.0,30578.159611426756
2021-04-19T00:00:00.000000,2585.0,884,1697,1723.0,141.0,479.0,1939649.0,1357091.0,1742453.0,948193.0,360621.0,256398.0,1018475.0,707054.0,663.0,3224.0,1362049.0,3714.0,42955.58848811501
2021-04-20T00:00:00.000000,2850.0,995,1855,1899.0,152.0,516.0,1980314.0,1315839.0,1812449.0,986056.0,298912.0,189861.0,1031941.0,679984.0,733.0,3357.0,1452149.0,3884.0,49166.504651991185
2021-04-21T00:00:00.000000,2842.0,943,1899,1990.0,134.0,519.0,1694255.0,1110640.0,1838311.0,941677.0,259198.0,169372.0,922501.0,611095.0,748.0,3595.0,1227220.0,3983.0,48704.223131894636
2021-04-22T00:00:00.000000,2905.0,995,1910,1929.0,150.0,533.0,1957966.0,1353485.0,1906506.0,1041791.0,298662.0,200008.0,964405.0,637493.0,753.0,3324.0,1265194.0,3961.0,53858.763246871924
2021-04-23T00:00:00.000000,2820.0,974,1838,1835.0,140.0,529.0,1837277.0,1207075.0,1774155.0,931344.0,302286.0,199925.0,939014.0,620656.0,741.0,3287.0,1235073.0,3972.0,55261.778996979774
2021-04-24T00:00:00.000000,1747.0,584,1161,1123.0,92.0,291.0,1225903.0,847445.0,1160626.0,650406.0,239917.0,170276.0,573973.0,390702.0,444.0,2365.0,1009408.0,2583.0,36393.92492731565
2021-04-25T00:00:00.000000,1827.0,626,1201,1158.0,106.0,323.0,1279897.0,880289.0,1287583.0,712633.0,281588.0,197406.0,627720.0,429603.0,456.0,2130.0,889562.0,2773.0,35207.16073023777
2021-04-26T00:00:00.000000,3007.0,1003,2004,1831.0,165.0,508.0,1828884.0,1188722.0,1921551.0,1051595.0,309756.0,201552.0,908389.0,579791.0,738.0,3802.0,1280839.0,4391.0,60480.85519159683
2021-04-27T00:00:00.000000,2843.0,1009,1833,1888.0,156.0,540.0,1985541.0,1362836.0,1847206.0,989966.0,330529.0,230179.0,1054228.0,710320.0,846.0,3484.0,1576558.0,4076.0,52354.75107843873
2021-04-28T00:00:00.000000,2888.0,990,1898,1909.0,156.0,504.0,1949069.0,1322495.0,1899880.0,1025671.0,338921.0,231029.0,963345.0,646161.0,727.0,3725.0,1319956.0,4068.0,52282.52759697156
2021-04-29T00:00:00.000000,2925.0,1061,1864,1914.0,173.0,571.0,1958131.0,1272104.0,1797330.0,944312.0,344108.0,228508.0,1052544.0,678028.0,845.0,2913.0,1508884.0,4098.0,51955.61217026325
2021-04-30T00:00:00.000000,2595.0,829,1764,1701.0,124.0,454.0,1677257.0,1136204.0,1808517.0,1007179.0,334656.0,242717.0,838709.0,544687.0,673.0,2975.0,1051848.0,3673.0,53745.61931539869
2021-05-01T00:00:00.000000,1645.0,530,1115,1166.0,84.0,279.0,1105171.0,760252.0,1191189.0,675205.0,200245.0,136611.0,571593.0,402237.0,409.0,2227.0,687707.0,2116.0,25701.322450363747
2021-05-02T00:00:00.000000,1727.0,595,1132,1101.0,83.0,327.0,1328299.0,947217.0,1185228.0,645131.0,241360.0,186042.0,637050.0,427522.0,443.0,2411.0,794822.0,2113.0,30651.525030125893
2021-05-03T00:00:00.000000,2514.0,907,1605,1670.0,139.0,479.0,1834484.0,1246172.0,1475844.0,759386.0,363495.0,254386.0,953015.0,647242.0,682.0,3370.0,1263006.0,3689.0,43313.097226169004
2021-05-04T00:00:00.000000,2771.0,996,1775,1813.0,157.0,543.0,1932810.0,1288146.0,1833359.0,1054552.0,350788.0,226509.0,1047557.0,703400.0,807.0,3490.0,1457757.0,4161.0,49312.218007685224
2021-05-05T00:00:00.000000,2988.0,1069,1914,1888.0,167.0,578.0,2092895.0,1376597.0,1901855.0,1038567.0,331918.0,218202.0,1149211.0,746689.0,844.0,3400.0,1581557.0,4383.0,54946.25959325623
2021-05-06T00:00:00.000000,2872.0,1038,1834,2064.0,179.0,537.0,1899550.0,1219794.0,1801341.0,923903.0,361784.0,236552.0,934661.0,595223.0,819.0,4422.0,1615558.0,4146.0,53413.796596788954
2021-05-07T00:00:00.000000,2529.0,898,1627,1693.0,137.0,480.0,1639655.0,1068499.0,1654845.0,900957.0,263202.0,157116.0,929832.0,637470.0,689.0,3972.0,1341999.0,3413.0,43838.60182113624
2021-05-08T00:00:00.000000,1682.0,548,1134,1109.0,96.0,279.0,1240725.0,870944.0,1188677.0,673804.0,217281.0,152668.0,645901.0,451435.0,405.0,1863.0,641627.0,2394.0,35059.1768445125
2021-05-09T00:00:00.000000,1694.0,562,1132,1104.0,98.0,309.0,1155686.0,811385.0,1218317.0,703042.0,192826.0,130121.0,642928.0,455169.0,450.0,1926.0,856367.0,2386.0,19188.187406104575
2021-05-10T00:00:00.000000,2578.0,961,1615,1752.0,160.0,489.0,2004438.0,1391680.0,1536362.0,808024.0,285946.0,189481.0,1082981.0,761532.0,699.0,3397.0,1286855.0,3771.0,40802.08988310832
2021-05-11T00:00:00.000000,2817.0,1002,1815,2034.0,141.0,544.0,1953216.0,1311550.0,1932271.0,1049561.0,329501.0,225290.0,1032811.0,687631.0,772.0,3164.0,1340284.0,4220.0,36302.284117773284
2021-05-12T00:00:00.000000,2936.0,1050,1884,1901.0,157.0,560.0,1988126.0,1354544.0,1961935.0,1053062.0,274037.0,174182.0,1007970.0,675100.0,825.0,4168.0,2042669.0,4265.0,60329.19860068815
2021-05-13T00:00:00.000000,2728.0,1005,1719,1809.0,154.0,543.0,1844593.0,1241910.0,1707368.0,937199.0,345012.0,253988.0,971203.0,645119.0,790.0,3632.0,1617615.0,3766.0,51058.78252704111
2021-05-14T00:00:00.000000,2537.0,908,1629,1683.0,142.0,504.0,1634159.0,1052253.0,1625302.0,819092.0,273003.0,176111.0,909130.0,581766.0,721.0,3635.0,1348105.0,3533.0,50212.2062396695
2021-05-15T00:00:00.000000,1725.0,584,1141,1097.0,91.0,308.0,1203627.0,849965.0,1096110.0,575156.0,230200.0,172725.0,645958.0,458232.0,462.0,2217.0,941023.0,2394.0,32990.448726463634
2021-05-16T00:00:00.000000,1924.0,662,1262,1194.0,97.0,360.0,1244132.0,818987.0,1290671.0,723834.0,154231.0,86414.0,703645.0,486314.0,522.0,2590.0,744391.0,2748.0,33553.19707403889
2021-05-17T00:00:00.000000,2630.0,913,1717,1776.0,163.0,458.0,1796507.0,1197679.0,1599638.0,845790.0,415066.0,282042.0,837445.0,553310.0,715.0,3190.0,1303331.0,3835.0,42520.34485645924
2021-05-18T00:00:00.000000,2945.0,1088,1855,1984.0,157.0,564.0,1928854.0,1240146.0,1869251.0,1028658.0,277330.0,168247.0,971745.0,628579.0,810.0,3403.0,1460862.0,4175.0,57743.94892893186
2021-05-19T00:00:00.000000,2942.0,1093,1849,1990.0,188.0,587.0,2034002.0,1349105.0,1820236.0,963961.0,424906.0,302709.0,1056097.0,697718.0,929.0,4434.0,1766045.0,4280.0,52516.105026029756
2021-05-20T00:00:00.000000,2950.0,1065,1881,1963.0,171.0,566.0,2008470.0,1350666.0,1713056.0,897568.0,351026.0,247500.0,1088764.0,741148.0,823.0,3634.0,1373712.0,4255.0,51547.85059114568
2021-05-21T00:00:00.000000,2800.0,967,1831,1854.0,127.0,527.0,1981799.0,1342111.0,1783472.0,973817.0,281779.0,196428.0,1090965.0,747540.0,834.0,3655.0,1619287.0,3943.0,50852.26095094546
2021-05-22T00:00:00.000000,1720.0,609,1111,1119.0,67.0,340.0,1402240.0,992470.0,1264278.0,688751.0,180452.0,129220.0,778415.0,562320.0,501.0,2670.0,1355231.0,2323.0,32149.015882863947
2021-05-23T00:00:00.000000,1743.0,622,1121,1169.0,112.0,326.0,1229471.0,810906.0,1126737.0,607466.0,225682.0,149252.0,632697.0,418879.0,472.0,3134.0,1072217.0,2527.0,25146.295494264792
2021-05-24T00:00:00.000000,2463.0,898,1565,1698.0,118.0,515.0,1811642.0,1256167.0,1671275.0,948581.0,278040.0,201994.0,993888.0,674070.0,748.0,2963.0,1254549.0,3474.0,39049.91624691949
2021-05-25T00:00:00.000000,2840.0,1002,1838,1922.0,158.0,498.0,1959676.0,1308729.0,1782317.0,976229.0,345326.0,240367.0,898758.0,588822.0,711.0,3141.0,1329442.0,4121.0,44968.49358730629
2021-05-26T00:00:00.000000,3097.0,1040,2057,2065.0,141.0,546.0,2002040.0,1345237.0,2075124.0,1175428.0,286911.0,195117.0,1048615.0,692660.0,817.0,3596.0,1747584.0,4471.0,53430.53048920954
2021-05-27T00:00:00.000000,2934.0,1045,1889,1934.0,124.0,534.0,1941787.0,1271086.0,1826517.0,974414.0,287464.0,193864.0,962664.0,624828.0,827.0,3471.0,1638654.0,4225.0,54930.798665965696
2021-05-28T00:00:00.000000,2665.0,950,1715,1770.0,141.0,519.0,1911914.0,1288152.0,1699259.0,900212.0,335952.0,232777.0,1041369.0,719179.0,754.0,3180.0,1382693.0,3851.0,50318.835923637744
2021-05-29T00:00:00.000000,1759.0,586,1173,1095.0,85.0,314.0,1187843.0,820513.0,1275164.0,767103.0,160013.0,105796.0,597026.0,399371.0,462.0,2025.0,754126.0,2396.0,33590.37214469329
2021-05-30T00:00:00.000000,1781.0,603,1178,1124.0,113.0,298.0,1269468.0,871772.0,1227060.0,699105.0,234217.0,152477.0,595397.0,403302.0,411.0,2007.0,613438.0,2457.0,32122.725431144954
2021-05-31T00:00:00.000000,2506.0,890,1616,1780.0,145.0,447.0,1755958.0,1203218.0,1626468.0,911233.0,372184.0,265470.0,813468.0,552670.0,642.0,2989.0,1256476.0,3617.0,40614.13178645773
2021-06-01T00:00:00.000000,2818.0,1048,1770,1888.0,170.0,547.0,2071008.0,1386183.0,1724180.0,909383.0,399281.0,278048.0,1046466.0,698882.0,805.0,4115.0,2251172.0,4192.0,48056.284774672284
2021-06-02T00:00:00.000000,2880.0,1077,1803,1940.0,142.0,584.0,2073438.0,1394262.0,1844789.0,1047089.0,336550.0,235957.0,1115978.0,749087.0,908.0,3462.0,1782960.0,3908.0,43785.4067470669
2021-06-03T00:00:00.000000,2936.0,1060,1876,1949.0,172.0,533.0,2029125.0,1348686.0,1789134.0,953833.0,344182.0,233753.0,999787.0,661714.0,776.0,3542.0,1657912.0,4100.0,52903.37239603012
2021-06-04T00:00:00.000000,2781.0,954,1827,1799.0,156.0,516.0,1783895.0,1176846.0,1678810.0,890387.0,317279.0,210878.0,957723.0,630726.0,785.0,3272.0,1510421.0,3850.0,50525.41523333395
2021-06-05T00:00:00.000000,1656.0,582,1072,1104.0,73.0,323.0,1251381.0,879688.0,1078967.0,580161.0,185326.0,133881.0,658313.0,458533.0,496.0,2241.0,841351.0,2415.0,31799.770943000407
2021-06-06T00:00:00.000000,1675.0,589,1086,1095.0,85.0,338.0,1274202.0,910148.0,1069209.0,584575.0,215728.0,156948.0,649827.0,449503.0,475.0,1763.0,678991.0,2415.0,33958.48123095478
2021-06-07T00:00:00.000000,2726.0,1009,1717,1797.0,168.0,541.0,2010028.0,1379009.0,1628828.0,844635.0,354783.0,246975.0,1049587.0,715456.0,796.0,3795.0,1491198.0,4061.0,45020.57182733451
2021-06-08T00:00:00.000000,2775.0,1055,1718,1917.0,173.0,513.0,1929458.0,1203363.0,1668463.0,885386.0,304151.0,179468.0,929026.0,601766.0,764.0,3313.0,1412486.0,4017.0,52473.80942187635
2021-06-09T00:00:00.000000,2964.0,1156,1807,1995.0,165.0,622.0,2191556.0,1447141.0,1680946.0,882026.0,350039.0,236326.0,1166021.0,772117.0,967.0,4410.0,2023852.0,4432.0,54087.168162827955
2021-06-10T00:00:00.000000,2933.0,1113,1820,2068.0,175.0,584.0,2171268.0,1441466.0,1752507.0,946729.0,324312.0,211092.0,1057391.0,687824.0,833.0,5319.0,2201410.0,4056.0,53268.67435143246
2021-06-11T00:00:00.000000,2599.0,981,1618,1738.0,131.0,506.0,1932582.0,1288555.0,1621091.0,880466.0,286707.0,189168.0,936002.0,604779.0,770.0,3496.0,1453168.0,3772.0,43124.83137588656
2021-06-12T00:00:00.000000,1566.0,541,1025,1036.0,87.0,270.0,1144969.0,808727.0,1071379.0,611164.0,222312.0,163741.0,515346.0,348619.0,403.0,1705.0,767180.0,2333.0,24629.775178574448
2021-06-13T00:00:00.000000,1679.0,616,1063,1110.0,95.0,349.0,1126701.0,729865.0,1011568.0,525632.0,193951.0,119962.0,637189.0,422623.0,510.0,2278.0,993769.0,2364.0,30161.1755540846
2021-06-14T00:00:00.000000,2650.0,979,1671,1800.0,156.0,499.0,1833591.0,1207506.0,1665693.0,884984.0,296587.0,193306.0,939297.0,624298.0,744.0,3963.0,1645410.0,3634.0,45602.28270385306
2021-06-15T00:00:00.000000,3196.0,1120,2076,2123.0,193.0,572.0,2171339.0,1469226.0,2092334.0,1165543.0,510672.0,380650.0,1066569.0,704048.0,882.0,3637.0,1545410.0,4288.0,51852.709974619975
2021-06-16T00:00:00.000000,2919.0,1131,1788,1983.0,170.0,576.0,2204170.0,1505456.0,1776977.0,1005359.0,335133.0,218061.0,1106626.0,754605.0,810.0,3640.0,1901686.0,4013.0,53546.44626006754
2021-06-17T00:00:00.000000,2751.0,1057,1694,1887.0,169.0,548.0,2009750.0,1298888.0,1664746.0,931096.0,320940.0,197901.0,1037651.0,676971.0,801.0,3222.0,1401267.0,3757.0,44819.62958464516
2021-06-18T00:00:00.000000,2691.0,980,1709,1800.0,167.0,502.0,1785364.0,1141003.0,1633990.0,895481.0,313278.0,200787.0,975423.0,637551.0,776.0,2872.0,1413435.0,3968.0,38290.96005618176
2021-06-19T00:00:00.000000,1621.0,585,1036,1051.0,92.0,323.0,1142814.0,766798.0,1061918.0,610036.0,183913.0,119172.0,598336.0,393568.0,454.0,1631.0,802992.0,2447.0,22993.00841266882
2021-06-20T00:00:00.000000,1623.0,587,1036,1136.0,82.0,307.0,1213122.0,840287.0,1110126.0,597612.0,202092.0,134221.0,579342.0,392233.0,468.0,2586.0,885755.0,2132.0,24984.729299743944
2021-06-21T00:00:00.000000,2407.0,977,1430,1714.0,143.0,524.0,1925863.0,1288728.0,1360795.0,724643.0,259432.0,158898.0,1038197.0,693615.0,745.0,2833.0,1258152.0,3595.0,45090.02829086437
2021-06-22T00:00:00.000000,2825.0,1082,1743,1951.0,162.0,568.0,2106787.0,1429886.0,1751184.0,949618.0,340803.0,227446.0,1027351.0,687443.0,816.0,3436.0,1581886.0,4152.0,50445.92429809866
2021-06-23T00:00:00.000000,2940.0,1154,1786,2019.0,179.0,612.0,2154263.0,1409086.0,1707480.0,911266.0,337178.0,199666.0,1112618.0,728868.0,894.0,3493.0,1848098.0,4152.0,46397.16568223491
2021-06-24T00:00:00.000000,2670.0,1058,1611,1894.0,160.0,543.0,2039425.0,1326988.0,1622370.0,890140.0,363803.0,253857.0,978930.0,613764.0,749.0,3703.0,1486329.0,3756.0,45469.70211778133
2021-06-25T00:00:00.000000,2858.0,988,1860,1815.0,135.0,540.0,1921584.0,1310455.0,1761484.0,943209.0,295091.0,199278.0,1043103.0,717043.0,794.0,3305.0,1198288.0,3882.0,53152.57734682785
2021-06-26T00:00:00.000000,1543.0,606,932,1045.0,102.0,341.0,1095296.0,699165.0,1037668.0,590942.0,204463.0,128025.0,600293.0,385765.0,500.0,2442.0,925903.0,2047.0,29146.204884226732
2021-06-27T00:00:00.000000,1618.0,611,1006,1074.0,84.0,320.0,1288858.0,860742.0,954566.0,499292.0,219063.0,152523.0,636073.0,418205.0,488.0,2372.0,1050618.0,2235.0,32085.245249836982
2021-06-28T00:00:00.000000,2695.0,1038,1657,1830.0,168.0,501.0,1833327.0,1201525.0,1665576.0,887948.0,308552.0,195021.0,856740.0,553536.0,782.0,3680.0,2641616.0,3782.0,54062.20477700853
2021-06-29T00:00:00.000000,2845.0,1151,1694,1959.0,218.0,589.0,2295436.0,1535704.0,1632439.0,835666.0,484775.0,326864.0,1159318.0,782979.0,858.0,3245.0,1486571.0,3975.0,52459.91284083089
2021-06-30T00:00:00.000000,2993.0,1127,1866,2110.0,189.0,593.0,2165347.0,1415859.0,1820583.0,966229.0,435858.0,294230.0,1073465.0,687168.0,916.0,4593.0,2260236.0,4004.0,51139.571406050796
2021-07-01T00:00:00.000000,2821.0,1048,1773,1897.0,174.0,517.0,1964655.0,1287390.0,1744007.0,953334.0,366368.0,242567.0,958019.0,638299.0,735.0,3726.0,1703907.0,3920.0,47119.83767539154
2021-07-02T00:00:00.000000,2423.0,931,1492,1729.0,156.0,493.0,1811446.0,1217295.0,1440282.0,759132.0,333339.0,225813.0,953764.0,645836.0,741.0,3003.0,1220732.0,3812.0,43531.42287614584
2021-07-03T00:00:00.000000,1454.0,543,911,969.0,92.0,292.0,1067280.0,708174.0,929067.0,534136.0,177082.0,102331.0,493953.0,322571.0,388.0,1621.0,732354.0,2046.0,25570.365392932727
2021-07-04T00:00:00.000000,1583.0,580,1003,1089.0,92.0,295.0,1150934.0,778950.0,981526.0,540411.0,224813.0,153134.0,529674.0,345535.0,425.0,1859.0,748062.0,2149.0,30152.74968494654
2021-07-05T00:00:00.000000,2467.0,950,1515,1724.0,163.0,475.0,1806163.0,1204605.0,1552089.0,843773.0,386171.0,260879.0,837858.0,543751.0,756.0,4032.0,2333909.0,3468.0,36897.9133849379
2021-07-06T00:00:00.000000,2777.0,1058,1717,2045.0,153.0,572.0,1879671.0,1226538.0,1663903.0,872501.0,233715.0,131535.0,1033058.0,683157.0,841.0,3791.0,1779696.0,3980.0,45697.38760587944
2021-07-07T00:00:00.000000,2905.0,1124,1781,2004.0,181.0,569.0,2122970.0,1402846.0,1682269.0,832538.0,414302.0,288437.0,1050252.0,686703.0,788.0,3433.0,1437271.0,4087.0,45579.597248166145
2021-07-08T00:00:00.000000,2883.0,1148,1735,1978.0,192.0,584.0,2218972.0,1501104.0,1707821.0,888697.0,404197.0,276153.0,1089804.0,730850.0,831.0,3602.0,1717944.0,4332.0,52941.04781869722
2021-07-09T00:00:00.000000,2523.0,918,1605,1737.0,147.0,464.0,1883447.0,1267451.0,1573427.0,833311.0,356322.0,253492.0,900737.0,593676.0,692.0,3547.0,1229779.0,3414.0,38480.4463844916
2021-07-10T00:00:00.000000,1596.0,578,1018,1062.0,93.0,308.0,1141165.0,745749.0,1024282.0,547187.0,230479.0,158413.0,569176.0,359805.0,459.0,1759.0,808993.0,2223.0,30581.820571934903
2021-07-11T00:00:00.000000,1377.0,511,866,961.0,89.0,264.0,938375.0,608365.0,916048.0,509876.0,170922.0,100858.0,476148.0,320130.0,382.0,1570.0,579873.0,1873.0,23311.60322881973
2021-07-12T00:00:00.000000,2533.0,1006,1523,1820.0,159.0,539.0,1905932.0,1247135.0,1432296.0,760184.0,362743.0,253452.0,976082.0,628168.0,798.0,3091.0,1587978.0,3533.0,48120.594802691616
2021-07-13T00:00:00.000000,2823.0,1086,1737,1945.0,174.0,580.0,2216773.0,1507892.0,1779364.0,968776.0,339938.0,218927.0,1175189.0,799374.0,844.0,3002.0,1392554.0,4033.0,44748.17819259804
2021-07-14T00:00:00.000000,2818.0,1082,1736,1889.0,162.0,582.0,2004111.0,1297070.0,1675648.0,896571.0,313989.0,194230.0,1066452.0,689389.0,850.0,3526.0,1543627.0,3927.0,50098.75434802158
2021-07-15T00:00:00.000000,2930.0,1095,1834,1975.0,158.0,569.0,2065094.0,1322792.0,1816480.0,1003342.0,292434.0,185133.0,1006058.0,616249.0,841.0,3890.0,1619811.0,4094.0,49444.35070860148
2021-07-16T00:00:00.000000,2883.0,1019,1864,1979.0,161.0,547.0,1885185.0,1214633.0,1921620.0,1081585.0,297240.0,184894.0,1024357.0,665564.0,785.0,3827.0,1366996.0,3962.0,49884.482876601985
2021-07-17T00:00:00.000000,1814.0,641,1173,1013.0,86.0,344.0,1310876.0,895240.0,1049442.0,562710.0,207017.0,146608.0,686166.0,471403.0,504.0,2072.0,925287.0,2412.0,29023.883773336987
2021-07-18T00:00:00.000000,1606.0,573,1033,1065.0,93.0,289.0,1177037.0,794583.0,1123724.0,615628.0,205847.0,143634.0,558623.0,361510.0,427.0,1832.0,663096.0,2276.0,30005.6750603129
2021-07-19T00:00:00.000000,2533.0,972,1559,1802.0,163.0,508.0,1919447.0,1242499.0,1537566.0,827185.0,340021.0,214096.0,999184.0,656590.0,751.0,3049.0,1245431.0,4007.0,40498.13303701819
2021-07-20T00:00:00.000000,2694.0,1054,1638,1858.0,149.0,532.0,1936430.0,1245279.0,1621560.0,908511.0,304349.0,194968.0,931245.0,596342.0,773.0,2898.0,1471797.0,4047.0,45809.429945514705
2021-07-21T00:00:00.000000,2843.0,1133,1710,1974.0,175.0,615.0,2182475.0,1441246.0,1703736.0,913244.0,389464.0,263717.0,1099821.0,704072.0,928.0,3928.0,1791775.0,4126.0,46987.88755678171
2021-07-22T00:00:00.000000,2775.0,1033,1742,1975.0,161.0,535.0,2088179.0,1439507.0,1701176.0,895668.0,301226.0,191678.0,1161189.0,824323.0,791.0,3045.0,1843258.0,4036.0,48664.17141964834
2021-07-23T00:00:00.000000,2420.0,930,1490,1710.0,153.0,456.0,1776178.0,1147625.0,1528216.0,815235.0,328453.0,208688.0,864706.0,565502.0,662.0,2983.0,1113067.0,3458.0,45092.74693491143
2021-07-24T00:00:00.000000,1508.0,589,917,1030.0,93.0,294.0,1166586.0,768946.0,908090.0,474593.0,234633.0,164953.0,514498.0,322816.0,438.0,1782.0,683697.0,1982.0,28887.17874010372
2021-07-25T00:00:00.000000,1623.0,619,1004,1084.0,102.0,329.0,1347498.0,915027.0,1076398.0,590677.0,242653.0,164131.0,721637.0,491929.0,472.0,1914.0,830639.0,2119.0,28249.825633110075
2021-07-26T00:00:00.000000,2639.0,1065,1570,1860.0,178.0,547.0,2119088.0,1407685.0,1610947.0,913477.0,377036.0,251835.0,1082230.0,718047.0,804.0,2891.0,1339023.0,3701.0,44398.197157200695
2021-07-27T00:00:00.000000,2771.0,1081,1690,1917.0,196.0,543.0,1955619.0,1260534.0,1633252.0,871382.0,387630.0,255091.0,989947.0,651155.0,791.0,2985.0,1530283.0,3947.0,42562.7725291388
2021-07-28T00:00:00.000000,3000.0,1150,1850,2039.0,182.0,616.0,2243633.0,1500446.0,1816855.0,991125.0,379156.0,248283.0,1217372.0,823017.0,1003.0,3971.0,2291443.0,4164.0,56410.392077727425
2021-07-29T00:00:00.000000,2753.0,1115,1638,1886.0,177.0,583.0,2191256.0,1439533.0,1555288.0,851364.0,410738.0,274257.0,1099843.0,722408.0,825.0,4087.0,1978640.0,3880.0,45524.589587442395
2021-07-30T00:00:00.000000,2504.0,955,1548,1730.0,157.0,490.0,1724664.0,1091576.0,1531936.0,843609.0,297267.0,192398.0,864064.0,545816.0,774.0,2954.0,2055675.0,3674.0,39970.14264788576
2021-07-31T00:00:00.000000,1541.0,605,936,1024.0,90.0,326.0,1171099.0,774909.0,955792.0,522998.0,254644.0,190628.0,600561.0,389492.0,520.0,2230.0,1033183.0,2220.0,29901.343072193264
2021-08-01T00:00:00.000000,1480.0,567,913,1026.0,107.0,309.0,1096228.0,734931.0,959615.0,546037.0,253578.0,176811.0,565829.0,370612.0,477.0,1916.0,873108.0,2080.0,26745.632631182263
2021-08-02T00:00:00.000000,2596.0,1031,1561,1857.0,185.0,491.0,1925587.0,1260484.0,1426549.0,732406.0,333384.0,199640.0,874035.0,553405.0,718.0,3115.0,1432184.0,3846.0,45248.97998539309
2021-08-03T00:00:00.000000,2760.0,1130,1629,1914.0,184.0,569.0,2100712.0,1369141.0,1554783.0,832360.0,352082.0,220181.0,1031040.0,670448.0,873.0,2860.0,1348520.0,3931.0,45575.14929759799
2021-08-04T00:00:00.000000,2788.0,1076,1712,1932.0,179.0,549.0,2093732.0,1416003.0,1660357.0,876415.0,380683.0,255613.0,1051722.0,708561.0,794.0,3509.0,1560451.0,3957.0,39798.15856173193
2021-08-05T00:00:00.000000,2872.0,1071,1801,1951.0,169.0,564.0,2127528.0,1430221.0,1700644.0,921511.0,407584.0,287617.0,1107448.0,747361.0,850.0,3700.0,1371561.0,4094.0,51878.07224605491
2021-08-06T00:00:00.000000,2450.0,942,1508,1694.0,130.0,513.0,1749621.0,1116046.0,1523704.0,848330.0,268425.0,171828.0,996744.0,652562.0,749.0,2835.0,1476048.0,3238.0,39880.14964219313
2021-08-07T00:00:00.000000,1554.0,565,989,1106.0,73.0,294.0,1086646.0,687807.0,1031261.0,560887.0,178611.0,124615.0,533517.0,327770.0,450.0,1863.0,829970.0,2034.0,27672.779843456687
2021-08-08T00:00:00.000000,1463.0,522,939,1006.0,72.0,281.0,1041441.0,706702.0,1007001.0,549224.0,120758.0,72859.0,577331.0,392143.0,415.0,1932.0,795690.0,2005.0,21722.85377637069
2021-08-09T00:00:00.000000,2884.0,1080,1804,1799.0,157.0,563.0,2177921.0,1479928.0,1728095.0,911869.0,336136.0,228404.0,1114181.0,751191.0,813.0,3177.0,1307341.0,4605.0,54015.99900936338
2021-08-10T00:00:00.000000,2801.0,1084,1715,1954.0,186.0,568.0,2043187.0,1329889.0,1665011.0,898044.0,356788.0,229097.0,1058005.0,686053.0,833.0,3966.0,1959204.0,4113.0,48920.69131794876
2021-08-11T00:00:00.000000,2852.0,1107,1742,1998.0,171.0,559.0,2035525.0,1336578.0,1790200.0,985698.0,384164.0,261244.0,961827.0,629329.0,857.0,3602.0,1895234.0,4067.0,50015.58100969586
2021-08-12T00:00:00.000000,2810.0,1144,1666,1936.0,177.0,592.0,2021276.0,1256709.0,1667278.0,913696.0,355805.0,220741.0,1021984.0,641278.0,862.0,3112.0,1707290.0,3964.0,48719.43753676893
2021-08-13T00:00:00.000000,2608.0,1003,1605,1806.0,153.0,517.0,2038222.0,1351659.0,1515638.0,750449.0,351316.0,236877.0,989067.0,644210.0,819.0,5309.0,4573299.0,3449.0,49021.71750781226
2021-08-14T00:00:00.000000,1559.0,557,1002,1069.0,97.0,288.0,1068962.0,701102.0,1010766.0,545121.0,219315.0,148283.0,498454.0,312277.0,431.0,2044.0,669817.0,2212.0,26946.3692405888
2021-08-15T00:00:00.000000,1517.0,611,906,1042.0,94.0,318.0,1163339.0,781471.0,926238.0,501710.0,211829.0,150192.0,591948.0,399591.0,445.0,1494.0,721566.0,2299.0,29845.05125784547
2021-08-16T00:00:00.000000,2549.0,1003,1546,1793.0,134.0,519.0,2032964.0,1387049.0,1511441.0,818890.0,393339.0,294909.0,987046.0,656280.0,803.0,3319.0,1733068.0,3618.0,29770.980465550972
2021-08-17T00:00:00.000000,2692.0,1081,1611,1857.0,160.0,533.0,1990224.0,1297007.0,1473126.0,785686.0,317486.0,210670.0,977237.0,637916.0,817.0,3128.0,1496890.0,4203.0,48147.28983497491
2021-08-18T00:00:00.000000,2912.0,1164,1748,2045.0,190.0,596.0,2300182.0,1565228.0,1663425.0,837400.0,389947.0,262856.0,1095500.0,714054.0,895.0,3176.0,1517555.0,4339.0,46142.14108557839
2021-08-19T00:00:00.000000,2933.0,1154,1778,1963.0,199.0,576.0,2292090.0,1550248.0,1777042.0,980335.0,453243.0,310459.0,1120742.0,754757.0,890.0,3700.0,1508188.0,4194.0,40307.95278667045
2021-08-20T00:00:00.000000,2585.0,1007,1576,1787.0,168.0,495.0,1918254.0,1262437.0,1486993.0,779272.0,327109.0,216737.0,953575.0,627313.0,738.0,2695.0,1345858.0,3444.0,45530.82068616784
2021-08-21T00:00:00.000000,1548.0,572,976,1043.0,77.0,307.0,1056024.0,658012.0,965941.0,523225.0,191225.0,124209.0,562475.0,349782.0,446.0,1595.0,773595.0,2172.0,31857.41887294865
2021-08-22T00:00:00.000000,1540.0,639,901,1042.0,86.0,328.0,1265453.0,849014.0,898107.0,494198.0,210547.0,153494.0,580510.0,370939.0,475.0,2143.0,1122917.0,2233.0,28335.567373934588
2021-08-23T00:00:00.000000,2688.0,1112,1576,1839.0,180.0,568.0,2154303.0,1421020.0,1507018.0,800634.0,378885.0,248296.0,1117704.0,739479.0,859.0,3496.0,1878364.0,3856.0,36367.80133248812
2021-08-24T00:00:00.000000,2872.0,1109,1762,2110.0,184.0,598.0,2158309.0,1414200.0,1690714.0,918879.0,445224.0,317224.0,1058720.0,664937.0,871.0,3575.0,1498886.0,4038.0,47070.94738890675
2021-08-25T00:00:00.000000,2927.0,1144,1783,2046.0,155.0,611.0,2151251.0,1401859.0,1637588.0,849390.0,336247.0,218215.0,1049717.0,669308.0,895.0,3363.0,1498793.0,4193.0,51610.50945181664
2021-08-26T00:00:00.000000,2866.0,1121,1743,1978.0,166.0,561.0,2111525.0,1387943.0,1772183.0,982674.0,351764.0,238538.0,1055917.0,697011.0,824.0,3251.0,1603184.0,3796.0,52834.240256040255
2021-08-27T00:00:00.000000,2685.0,1049,1636,1847.0,183.0,528.0,2063428.0,1309149.0,1599306.0,889535.0,401377.0,257428.0,1000390.0,626846.0,816.0,2954.0,2215344.0,3630.0,45062.634067271414
2021-08-28T00:00:00.000000,1584.0,607,977,1027.0,85.0,338.0,1100661.0,714233.0,961006.0,540971.0,192729.0,135390.0,583173.0,362027.0,490.0,2003.0,924043.0,2287.0,29281.29057252026
2021-08-29T00:00:00.000000,1603.0,610,993,1067.0,103.0,310.0,1220166.0,848267.0,957513.0,499552.0,223669.0,151376.0,680668.0,499567.0,496.0,2067.0,749394.0,2286.0,28393.769855163373
2021-08-30T00:00:00.000000,2572.0,1017,1555,1785.0,160.0,518.0,2022568.0,1355107.0,1597671.0,856408.0,344634.0,235854.0,1000979.0,675827.0,776.0,3187.0,1748584.0,3619.0,44037.65378783617
2021-08-31T00:00:00.000000,3176.0,1193,1982,1955.0,178.0,609.0,2161080.0,1387948.0,2054321.0,1142389.0,373656.0,249303.0,1120985.0,725314.0,936.0,3886.0,2155246.0,4629.0,63802.32504733314
2021-09-01T00:00:00.000000,2981.0,1190,1791,2018.0,177.0,622.0,2402025.0,1617574.0,1679998.0,898212.0,351899.0,228705.0,1246971.0,829926.0,934.0,3619.0,1779888.0,4094.0,50157.70117072263
2021-09-02T00:00:00.000000,3088.0,1219,1868,2072.0,185.0,624.0,2413320.0,1612820.0,1801095.0,1000355.0,374747.0,247043.0,1213871.0,801854.0,966.0,3815.0,1982618.0,4372.0,45038.45754784447
2021-09-03T00:00:00.000000,2417.0,953,1464,1793.0,148.0,508.0,1904887.0,1264682.0,1446222.0,746746.0,362746.0,248479.0,906818.0,585022.0,720.0,3538.0,1423886.0,3420.0,41335.01514258733
2021-09-04T00:00:00.000000,1478.0,554,924,1040.0,67.0,291.0,1201677.0,831771.0,892015.0,483381.0,176076.0,130602.0,594320.0,398267.0,425.0,1844.0,1015904.0,2080.0,28416.791126648062
2021-09-05T00:00:00.000000,1505.0,564,941,1028.0,92.0,291.0,1156630.0,785664.0,946926.0,497343.0,210315.0,138300.0,572011.0,386783.0,446.0,2572.0,862092.0,2123.0,23577.269093971103
2021-09-06T00:00:00.000000,2446.0,985,1461,1725.0,147.0,518.0,1967182.0,1336950.0,1354407.0,728401.0,295565.0,192059.0,918577.0,600359.0,764.0,2863.0,1369053.0,3563.0,40617.0218957442
2021-09-07T00:00:00.000000,2540.0,965,1575,1815.0,171.0,503.0,1743249.0,1111709.0,1501290.0,789613.0,374673.0,252961.0,872062.0,557826.0,752.0,3274.0,1491232.0,3726.0,47327.137598472036
2021-09-08T00:00:00.000000,2895.0,1217,1678,2059.0,180.0,623.0,2304667.0,1489139.0,1624809.0,883628.0,383522.0,255032.0,1141502.0,737384.0,943.0,3627.0,1751685.0,4426.0,49354.51981779509
2021-09-09T00:00:00.000000,2806.0,1109,1697,2102.0,181.0,536.0,2011968.0,1306362.0,1667804.0,917949.0,334532.0,211509.0,986864.0,646118.0,805.0,2887.0,1569420.0,3699.0,49164.647502100706
2021-09-10T00:00:00.000000,2438.0,1012,1426,1696.0,164.0,520.0,1884879.0,1217656.0,1412633.0,756003.0,439319.0,308619.0,859526.0,535381.0,765.0,2438.0,1321013.0,3379.0,46235.97113559808
2021-09-11T00:00:00.000000,1634.0,674,960,1023.0,111.0,357.0,1237635.0,804355.0,988253.0,546720.0,212997.0,147410.0,652092.0,419427.0,534.0,2172.0,1219413.0,2346.0,29651.35710145221
2021-09-12T00:00:00.000000,1511.0,586,923,1045.0,80.0,316.0,1198502.0,824143.0,896127.0,498242.0,189560.0,133877.0,565246.0,373789.0,492.0,1684.0,821197.0,2115.0,26863.515024061446
2021-09-13T00:00:00.000000,2619.0,1046,1573,1871.0,172.0,511.0,2009325.0,1307567.0,1468191.0,777062.0,376079.0,257019.0,990391.0,635892.0,764.0,3132.0,1430941.0,3679.0,40424.59302053337
2021-09-14T00:00:00.000000,2800.0,1115,1685,1988.0,184.0,550.0,1978056.0,1235519.0,1572430.0,822914.0,336661.0,206899.0,1094708.0,705100.0,793.0,3617.0,1627698.0,3831.0,42288.52379020169
2021-09-15T00:00:00.000000,2817.0,1117,1698,2112.0,177.0,575.0,2195412.0,1458157.0,1658093.0,926840.0,397511.0,283585.0,1116166.0,724426.0,854.0,3080.0,1552245.0,3952.0,45739.227348254986
2021-09-16T00:00:00.000000,2863.0,1133,1730,1980.0,203.0,570.0,2055193.0,1308533.0,1632707.0,904342.0,462225.0,306500.0,1024373.0,663874.0,847.0,3401.0,1493481.0,4071.0,49239.605138185376
2021-09-17T00:00:00.000000,2768.0,1086,1682,1886.0,162.0,572.0,1972912.0,1294300.0,1536837.0,845481.0,332818.0,220117.0,996083.0,639426.0,891.0,3498.0,1699161.0,3947.0,47313.38388819033
2021-09-18T00:00:00.000000,1590.0,605,985,1115.0,79.0,340.0,1166253.0,775437.0,1041517.0,576117.0,160747.0,107635.0,634928.0,412386.0,545.0,2215.0,1062727.0,2268.0,26251.431733159912
2021-09-19T00:00:00.000000,1613.0,647,966,1096.0,84.0,341.0,1336963.0,905673.0,877725.0,469114.0,181697.0,127334.0,679404.0,456559.0,490.0,1849.0,1153973.0,2308.0,31794.94684511843
2021-09-20T00:00:00.000000,2619.0,1034,1583,1873.0,157.0,571.0,2015396.0,1352533.0,1505738.0,790150.0,438978.0,331437.0,996792.0,641486.0,894.0,3571.0,1740042.0,3710.0,48212.44785813203
2021-09-21T00:00:00.000000,2861.0,1107,1753,2022.0,196.0,568.0,2053623.0,1298991.0,1739914.0,959663.0,331074.0,196602.0,1032659.0,641135.0,821.0,3965.0,1576389.0,3993.0,52369.766088331126
2021-09-22T00:00:00.000000,3392.0,1284,2108,2095.0,198.0,645.0,2339888.0,1519811.0,2222865.0,1344111.0,424415.0,282400.0,1198693.0,774119.0,992.0,3703.0,1819299.0,4927.0,59631.2282635666
2021-09-23T00:00:00.000000,3115.0,1254,1861,2125.0,210.0,621.0,2416488.0,1609378.0,1833679.0,1024881.0,387088.0,245241.0,1226281.0,826751.0,959.0,4070.0,1931348.0,4400.0,49796.799560787564
2021-09-24T00:00:00.000000,2649.0,1089,1560,1880.0,175.0,562.0,2153058.0,1424122.0,1523105.0,823929.0,433532.0,302105.0,1037260.0,668475.0,847.0,3449.0,1648202.0,4015.0,49537.02519197495
2021-09-25T00:00:00.000000,1587.0,579,1008,1087.0,67.0,322.0,1150085.0,762541.0,1107196.0,634665.0,183236.0,118813.0,589017.0,387820.0,480.0,2240.0,911725.0,2051.0,30442.609821759488
2021-09-26T00:00:00.000000,1639.0,621,1017,1116.0,83.0,320.0,1137517.0,727827.0,981253.0,543587.0,160703.0,100045.0,541638.0,334664.0,457.0,2050.0,780085.0,2290.0,29847.085336717795
2021-09-27T00:00:00.000000,2649.0,1010,1638,1913.0,183.0,503.0,1857473.0,1211834.0,1676052.0,918196.0,380030.0,261235.0,956326.0,620566.0,746.0,3220.0,1726075.0,3865.0,36031.885767229935
2021-09-28T00:00:00.000000,2889.0,1159,1730,2085.0,182.0,602.0,2225978.0,1454130.0,1672226.0,922326.0,407409.0,263234.0,1147267.0,758067.0,893.0,3068.0,1360449.0,4143.0,51086.42770847822
2021-09-29T00:00:00.000000,2835.0,1164,1671,2019.0,187.0,585.0,2287268.0,1519737.0,1507491.0,770650.0,390426.0,259735.0,1132822.0,766614.0,848.0,3252.0,1412043.0,3924.0,46651.882601385005
2021-09-30T00:00:00.000000,3046.0,1162,1882,2071.0,196.0,541.0,2411599.0,1626856.0,1834256.0,1030509.0,467528.0,323906.0,1126407.0,785910.0,825.0,3763.0,1637567.0,4181.0,57243.21080117843
2021-10-01T00:00:00.000000,2445.0,958,1487,1831.0,167.0,467.0,1791897.0,1181210.0,1381022.0,725383.0,333563.0,221491.0,857116.0,573715.0,723.0,3071.0,1505670.0,3570.0,37641.853945344825
2021-10-02T00:00:00.000000,1464.0,535,928,1023.0,71.0,293.0,991300.0,640472.0,952452.0,521967.0,148763.0,100014.0,497103.0,304929.0,438.0,1888.0,906350.0,2072.0,29188.317874590797
2021-10-03T00:00:00.000000,1698.0,633,1061,1109.0,102.0,316.0,1308480.0,879903.0,1072903.0,592288.0,236110.0,162391.0,658831.0,442578.0,475.0,2174.0,993858.0,2464.0,32696.607304692418
2021-10-04T00:00:00.000000,2794.0,1188,1604,1974.0,197.0,579.0,2265905.0,1497661.0,1486784.0,791172.0,423040.0,279270.0,1084740.0,725066.0,822.0,3051.0,1435576.0,4070.0,40771.636050141366
2021-10-05T00:00:00.000000,2951.0,1187,1764,2042.0,212.0,569.0,2183093.0,1406091.0,1762433.0,967196.0,433764.0,280093.0,1005196.0,639692.0,890.0,3916.0,2090912.0,4307.0,51962.14114956902
2021-10-06T00:00:00.000000,3058.0,1251,1807,2124.0,183.0,657.0,2373098.0,1572401.0,1681513.0,918535.0,413160.0,283335.0,1143155.0,737377.0,956.0,3200.0,1535687.0,4113.0,52297.067074848936
2021-10-07T00:00:00.000000,2876.0,1160,1716,2058.0,194.0,589.0,2018845.0,1266948.0,1600662.0,837589.0,383922.0,246421.0,1018601.0,639068.0,868.0,3620.0,1790742.0,3990.0,48917.684115090124
2021-10-08T00:00:00.000000,2588.0,1058,1530,1827.0,157.0,548.0,1972818.0,1271398.0,1458649.0,807137.0,308077.0,186009.0,1034561.0,674726.0,815.0,2794.0,1598674.0,3656.0,45553.251988022086
2021-10-09T00:00:00.000000,1423.0,541,882,1034.0,80.0,271.0,979058.0,616854.0,918266.0,492261.0,159841.0,98465.0,470872.0,289501.0,400.0,1596.0,778335.0,1958.0,26935.725107976476
2021-10-10T00:00:00.000000,1615.0,618,997,1097.0,104.0,322.0,1360188.0,937486.0,1038243.0,577589.0,260261.0,176575.0,692736.0,489555.0,432.0,1971.0,762758.0,2144.0,29321.226024914293
2021-10-11T00:00:00.000000,2627.0,1108,1519,1902.0,191.0,535.0,1938917.0,1250628.0,1373843.0,728940.0,377216.0,251248.0,926883.0,598508.0,772.0,2815.0,1476777.0,3579.0,49269.86709459087
2021-10-12T00:00:00.000000,2757.0,1162,1595,2012.0,191.0,587.0,2147371.0,1388338.0,1496367.0,820775.0,395125.0,253350.0,1063415.0,692074.0,871.0,3280.0,1842446.0,3922.0,42804.90095593692
2021-10-13T00:00:00.000000,2887.0,1120,1765,2021.0,173.0,586.0,2206116.0,1481169.0,1694768.0,912542.0,346220.0,209931.0,1144439.0,776774.0,836.0,4061.0,1664085.0,4223.0,43923.7948649742
2021-10-14T00:00:00.000000,2964.0,1160,1804,1955.0,185.0,584.0,2160923.0,1384449.0,1661622.0,864612.0,405056.0,270246.0,1094572.0,699099.0,810.0,3673.0,1838228.0,4198.0,54963.60424258888
2021-10-15T00:00:00.000000,2693.0,1068,1625,1792.0,173.0,525.0,2061171.0,1361171.0,1586206.0,857906.0,389468.0,260343.0,985510.0,649568.0,777.0,3013.0,1394024.0,3810.0,52104.16338315719
2021-10-16T00:00:00.000000,1591.0,611,980,1095.0,94.0,316.0,1131239.0,723166.0,946610.0,541613.0,175095.0,112867.0,600555.0,392620.0,432.0,1476.0,669326.0,2158.0,30040.657407276365
2021-10-17T00:00:00.000000,1642.0,642,1000,1126.0,106.0,314.0,1268311.0,865502.0,1003955.0,545937.0,237798.0,162270.0,593135.0,403337.0,492.0,2029.0,1119162.0,2202.0,30478.80655642702
2021-10-18T00:00:00.000000,2653.0,1084,1569,2004.0,180.0,524.0,2042739.0,1343969.0,1526041.0,783823.0,313762.0,187576.0,934077.0,601755.0,760.0,3626.0,1588752.0,3611.0,44947.75086426953
2021-10-19T00:00:00.000000,2851.0,1178,1673,2050.0,195.0,586.0,2197576.0,1435648.0,1590427.0,847393.0,443734.0,301292.0,1044698.0,675600.0,845.0,3369.0,1683490.0,4146.0,46568.59642064869
2021-10-20T00:00:00.000000,2987.0,1223,1764,2116.0,195.0,607.0,2210491.0,1429449.0,1733823.0,911877.0,404659.0,277417.0,1105321.0,712098.0,935.0,3395.0,1917778.0,4352.0,47231.95439184841
2021-10-21T00:00:00.000000,3222.0,1266,1956,2189.0,185.0,640.0,2229550.0,1452436.0,1930190.0,1056329.0,367690.0,241474.0,1011287.0,627173.0,956.0,3839.0,1528508.0,4455.0,56739.35985238218
2021-10-22T00:00:00.000000,2685.0,1076,1607,1847.0,183.0,525.0,1940682.0,1238769.0,1614914.0,878830.0,382925.0,261365.0,948390.0,603308.0,760.0,2832.0,1235496.0,3752.0,50169.90040616754
2021-10-23T00:00:00.000000,1580.0,564,1016,1143.0,80.0,296.0,1133058.0,755456.0,1029199.0,560181.0,208098.0,152745.0,581132.0,385910.0,458.0,2113.0,895792.0,2089.0,36180.51654818862
2021-10-24T00:00:00.000000,1637.0,646,991,1127.0,99.0,332.0,1404567.0,945775.0,1011205.0,547580.0,253118.0,178194.0,708197.0,463611.0,499.0,1779.0,1142067.0,2141.0,29724.40552844286
2021-10-25T00:00:00.000000,2719.0,1129,1590,1908.0,185.0,572.0,2081399.0,1320257.0,1492685.0,793408.0,361068.0,238094.0,1016085.0,628878.0,822.0,2994.0,1650024.0,3842.0,47953.69431555749
2021-10-26T00:00:00.000000,3294.0,1254,2039,2055.0,202.0,607.0,2145953.0,1336490.0,2106792.0,1204498.0,378536.0,241967.0,987689.0,605654.0,932.0,3761.0,2053196.0,4936.0,56084.4114769723
2021-10-27T00:00:00.000000,3015.0,1232,1781,2074.0,205.0,634.0,2321337.0,1479910.0,1661106.0,906313.0,436984.0,294115.0,1124082.0,700243.0,882.0,3902.0,1657963.0,4396.0,57922.692246480765
2021-10-28T00:00:00.000000,3026.0,1225,1793,2174.0,227.0,596.0,2226673.0,1445555.0,1624451.0,877820.0,458522.0,310073.0,983276.0,615114.0,854.0,2920.0,1393136.0,4306.0,55409.03432257247
2021-10-29T00:00:00.000000,2631.0,1092,1539,1868.0,198.0,554.0,2105046.0,1365909.0,1662742.0,949271.0,484100.0,338690.0,1008926.0,639575.0,798.0,2767.0,1501015.0,3643.0,46077.209398021114
2021-10-30T00:00:00.000000,1249.0,479,769,929.0,68.0,270.0,961804.0,637117.0,804641.0,438937.0,169113.0,114040.0,558107.0,375813.0,380.0,1625.0,716354.0,1370.0,22250.032887564656
2021-10-31T00:00:00.000000,1592.0,659,932,1093.0,105.0,330.0,1342509.0,912214.0,891019.0,449414.0,251134.0,171324.0,680644.0,468237.0,471.0,1904.0,1101678.0,2158.0,33158.94666379903
2021-11-01T00:00:00.000000,2359.0,975,1384,1697.0,177.0,477.0,1863399.0,1242851.0,1391426.0,761008.0,341631.0,219807.0,918660.0,609084.0,647.0,3193.0,1368595.0,3628.0,39409.38253938233
2021-11-02T00:00:00.000000,2714.0,1170,1542,1947.0,189.0,626.0,2132579.0,1379571.0,1437526.0,804414.0,396774.0,274170.0,1102904.0,717464.0,942.0,3310.0,1964003.0,3938.0,46931.88176091844
2021-11-03T00:00:00.000000,2746.0,1123,1622,2033.0,203.0,539.0,2239680.0,1449329.0,1545915.0,831143.0,437363.0,282971.0,1041689.0,661647.0,818.0,3781.0,1560269.0,4019.0,43169.09035537375
2021-11-04T00:00:00.000000,2704.0,1147,1551,1896.0,202.0,565.0,2150306.0,1364622.0,1489114.0,797575.0,396175.0,251299.0,1095753.0,686469.0,824.0,3384.0,1772102.0,3732.0,48659.001399273846
2021-11-05T00:00:00.000000,2572.0,1042,1529,1803.0,171.0,556.0,2108110.0,1387494.0,1490937.0,798264.0,338240.0,220024.0,1172136.0,778016.0,842.0,3622.0,1785561.0,3533.0,47264.40835254601
2021-11-06T00:00:00.000000,1653.0,647,1006,1071.0,101.0,331.0,1275907.0,837456.0,1009557.0,528838.0,254516.0,181264.0,602333.0,386655.0,458.0,2819.0,920219.0,2203.0,36152.548612930346
2021-11-07T00:00:00.000000,1572.0,591,981,1063.0,93.0,318.0,1224080.0,804968.0,958828.0,541647.0,206386.0,130167.0,611024.0,396132.0,525.0,3014.0,2677496.0,1970.0,27648.53483190266
2021-11-08T00:00:00.000000,2525.0,1100,1425,1861.0,176.0,549.0,1913265.0,1200664.0,1328075.0,679574.0,324386.0,204503.0,892346.0,531850.0,829.0,3523.0,1701159.0,3554.0,47788.97800633129
2021-11-09T00:00:00.000000,2897.0,1205,1692,2135.0,202.0,611.0,2413842.0,1556917.0,1660094.0,891762.0,466661.0,309029.0,1128600.0,700326.0,925.0,3761.0,2153804.0,4133.0,51701.247869007966
2021-11-10T00:00:00.000000,2989.0,1264,1725,2093.0,212.0,647.0,2351292.0,1535016.0,1534206.0,778113.0,422048.0,288521.0,1267431.0,838696.0,978.0,5692.0,3648761.0,4085.0,57888.77830767919
2021-11-11T00:00:00.000000,2811.0,1165,1646,2009.0,210.0,578.0,2312718.0,1517777.0,1606965.0,870983.0,460260.0,291568.0,1138587.0,749617.0,861.0,4186.0,1947406.0,4029.0,51462.0152590069
2021-11-12T00:00:00.000000,2614.0,1100,1512,1826.0,177.0,528.0,1995986.0,1287616.0,1495219.0,833999.0,289488.0,165790.0,1027030.0,687666.0,769.0,3095.0,1545521.0,3815.0,50911.255990365345
2021-11-13T00:00:00.000000,1692.0,658,1034,1154.0,106.0,339.0,1402345.0,963131.0,1070336.0,610680.0,272225.0,198911.0,609200.0,392386.0,477.0,1942.0,1357099.0,2437.0,28616.38485592059
2021-11-14T00:00:00.000000,1670.0,659,1011,1133.0,115.0,326.0,1260989.0,826707.0,997687.0,536348.0,229859.0,158124.0,633708.0,427714.0,454.0,2134.0,963218.0,2252.0,31686.04336118302
2021-11-15T00:00:00.000000,2674.0,1142,1532,2032.0,190.0,570.0,2088607.0,1367957.0,1476180.0,794856.0,398032.0,263913.0,993368.0,651725.0,831.0,3533.0,1807614.0,3782.0,42474.142856554055
2021-11-16T00:00:00.000000,2922.0,1227,1693,2091.0,205.0,589.0,2219446.0,1425962.0,1569296.0,815760.0,396556.0,248711.0,1030652.0,651307.0,840.0,3792.0,1615851.0,4264.0,53294.14193003996
2021-11-17T00:00:00.000000,2998.0,1263,1735,2090.0,208.0,631.0,2515739.0,1661731.0,1636655.0,882017.0,474754.0,319622.0,1336322.0,896349.0,921.0,4328.0,2195325.0,4324.0,44739.50847530445
2021-11-18T00:00:00.000000,2722.0,1147,1575,2000.0,186.0,585.0,2116590.0,1335670.0,1595921.0,869808.0,368871.0,227994.0,1060433.0,668561.0,815.0,3560.0,1644096.0,4002.0,47583.254593451515
2021-11-19T00:00:00.000000,2603.0,1127,1476,1905.0,212.0,557.0,2082975.0,1319651.0,1422927.0,748686.0,426503.0,271187.0,1083608.0,713374.0,782.0,2826.0,1732363.0,3790.0,47440.79273134531
2021-11-20T00:00:00.000000,1458.0,581,877,1092.0,106.0,272.0,1030353.0,649359.0,871921.0,476189.0,212881.0,144577.0,470132.0,289823.0,394.0,1637.0,807454.0,1923.0,30407.057856016094
2021-11-21T00:00:00.000000,1520.0,654,866,1074.0,107.0,332.0,1201623.0,780063.0,880056.0,471977.0,209818.0,136332.0,582854.0,365218.0,475.0,1987.0,1056825.0,2184.0,33383.77074521174
2021-11-22T00:00:00.000000,2726.0,1162,1562,1947.0,201.0,602.0,2190140.0,1445646.0,1490541.0,756856.0,390972.0,256360.0,1115719.0,725832.0,860.0,3338.0,1820383.0,3672.0,44736.7740901137
2021-11-23T00:00:00.000000,3103.0,1306,1797,2183.0,226.0,632.0,2472970.0,1629707.0,1750953.0,955086.0,434447.0,273912.0,1194815.0,788657.0,932.0,3764.0,2034092.0,4315.0,43588.30575293091
2021-11-24T00:00:00.000000,2721.0,1141,1578,1905.0,175.0,571.0,2093207.0,1324536.0,1508500.0,810767.0,453060.0,312027.0,997808.0,624853.0,846.0,3044.0,1708739.0,3552.0,49887.9023013825
2021-11-25T00:00:00.000000,2702.0,1148,1554,1956.0,201.0,559.0,2054603.0,1320156.0,1446430.0,811277.0,374255.0,244019.0,1024565.0,679918.0,805.0,4259.0,1776883.0,3702.0,48502.9971392161
2021-11-26T00:00:00.000000,2387.0,949,1438,1621.0,137.0,463.0,2039264.0,1414294.0,1269866.0,676535.0,366569.0,270150.0,1013906.0,700457.0,660.0,2854.0,1450564.0,3209.0,36338.13677704309
2021-11-27T00:00:00.000000,1603.0,666,932,1084.0,89.0,337.0,1376078.0,898280.0,971363.0,552463.0,240142.0,166738.0,685813.0,450784.0,488.0,1770.0,942022.0,2139.0,35317.84991750674
2021-11-28T00:00:00.000000,1651.0,644,1007,1139.0,88.0,338.0,1248907.0,840933.0,999234.0,545340.0,224829.0,163238.0,671441.0,459097.0,497.0,2147.0,1075008.0,2123.0,31346.72149176288
2021-11-29T00:00:00.000000,2796.0,1201,1595,1946.0,192.0,610.0,2200823.0,1410371.0,1514834.0,814638.0,364023.0,234549.0,1171170.0,751481.0,912.0,3516.0,1783796.0,4010.0,51722.21719132767
2021-11-30T00:00:00.000000,2727.0,1191,1536,1976.0,198.0,591.0,2227845.0,1443606.0,1413556.0,725303.0,448007.0,289647.0,1090042.0,712770.0,931.0,3158.0,2541250.0,3722.0,55046.59484139382
2021-12-01T00:00:00.000000,2790.0,1173,1617,2077.0,188.0,566.0,2171454.0,1413840.0,1569555.0,823378.0,338046.0,204833.0,1008776.0,644885.0,796.0,3342.0,1729913.0,4023.0,45075.98095978198
2021-12-02T00:00:00.000000,2818.0,1228,1590,1979.0,196.0,598.0,2301711.0,1495652.0,1582591.0,912863.0,431303.0,290941.0,1025424.0,651622.0,889.0,3417.0,1651191.0,4116.0,53439.50562036438
2021-12-03T00:00:00.000000,2633.0,1113,1518,1889.0,182.0,548.0,2264610.0,1535590.0,1450350.0,776840.0,462548.0,332811.0,1076603.0,724781.0,800.0,3157.0,1649532.0,3763.0,47294.99067335799
2021-12-04T00:00:00.000000,1494.0,593,901,1054.0,83.0,305.0,1253821.0,865621.0,863774.0,467051.0,268600.0,207772.0,590294.0,404888.0,425.0,1580.0,757586.0,1967.0,24361.24315021552
2021-12-05T00:00:00.000000,1685.0,663,1022,1172.0,97.0,330.0,1234481.0,802752.0,939088.0,479804.0,173657.0,105935.0,646397.0,435246.0,497.0,2292.0,1219568.0,2178.0,36001.21126249603
2021-12-06T00:00:00.000000,2536.0,1079,1457,1856.0,164.0,556.0,2156981.0,1443963.0,1320731.0,687166.0,347154.0,239443.0,1113949.0,747163.0,777.0,3065.0,1652594.0,3802.0,41651.06740420489
2021-12-07T00:00:00.000000,2836.0,1193,1643,2181.0,194.0,586.0,2352468.0,1577354.0,1478345.0,773295.0,434817.0,291398.0,1209500.0,826346.0,887.0,3195.0,2217879.0,3971.0,51498.48594274324
2021-12-08T00:00:00.000000,2756.0,1156,1597,1958.0,232.0,524.0,2272541.0,1497204.0,1513515.0,793548.0,483321.0,295165.0,1021339.0,699315.0,753.0,3557.0,1836611.0,3880.0,46071.16792825855
2021-12-09T00:00:00.000000,2858.0,1208,1650,2050.0,227.0,544.0,2250063.0,1459500.0,1611167.0,871289.0,452257.0,277006.0,976638.0,623652.0,771.0,3695.0,1867731.0,4143.0,53116.629186983744
2021-12-10T00:00:00.000000,2582.0,1035,1544,1752.0,186.0,514.0,1936003.0,1278594.0,1465898.0,796997.0,364721.0,233108.0,935721.0,636034.0,749.0,3510.0,2071269.0,3564.0,49616.907717920025
2021-12-11T00:00:00.000000,1521.0,620,897,1082.0,96.0,316.0,1181646.0,777454.0,864525.0,453459.0,194215.0,124494.0,563987.0,373936.0,469.0,3010.0,1335126.0,2194.0,29959.576343932313
2021-12-12T00:00:00.000000,1487.0,591,894,1032.0,94.0,302.0,1234907.0,848968.0,823120.0,448296.0,187520.0,127856.0,666081.0,460943.0,469.0,2125.0,1094894.0,2040.0,28872.120558157614
2021-12-13T00:00:00.000000,2671.0,1129,1542,2028.0,173.0,584.0,1982458.0,1283058.0,1433099.0,756379.0,368942.0,265046.0,969953.0,599074.0,840.0,3555.0,1686955.0,3848.0,50196.91264917882
2021-12-14T00:00:00.000000,2718.0,1133,1585,1945.0,188.0,554.0,2043407.0,1314031.0,1415838.0,760328.0,372108.0,244247.0,975131.0,613670.0,806.0,3617.0,1591612.0,3662.0,50484.05328155808
2021-12-15T00:00:00.000000,2733.0,1184,1549,1987.0,217.0,555.0,2372353.0,1629531.0,1495418.0,824597.0,450530.0,306222.0,1130624.0,790232.0,839.0,4431.0,1838210.0,3869.0,39704.553835806975
2021-12-16T00:00:00.000000,2586.0,1103,1483,1887.0,185.0,554.0,1989194.0,1282963.0,1376119.0,729242.0,396816.0,278623.0,935998.0,591451.0,832.0,3482.0,1849101.0,3287.0,52016.87228602842
2021-12-17T00:00:00.000000,2572.0,1061,1511,1806.0,175.0,519.0,2062198.0,1336259.0,1441222.0,806439.0,441005.0,304803.0,986580.0,642113.0,770.0,3354.0,1678059.0,3673.0,46403.31203831063
2021-12-18T00:00:00.000000,1615.0,642,973,1130.0,126.0,308.0,1282498.0,846075.0,937413.0,487941.0,250934.0,155927.0,664874.0,454106.0,443.0,2349.0,1009780.0,2428.0,28834.32546011585
2021-12-19T00:00:00.000000,1420.0,608,810,1037.0,92.0,315.0,1202028.0,799312.0,809261.0,433783.0,200384.0,137891.0,578897.0,361196.0,441.0,1364.0,782840.0,2136.0,28092.76859234046
2021-12-20T00:00:00.000000,2554.0,1039,1515,1778.0,174.0,516.0,1977623.0,1304852.0,1398093.0,747565.0,345648.0,222246.0,1003642.0,666765.0,798.0,3552.0,1579122.0,3585.0,42455.548307755846
2021-12-21T00:00:00.000000,2672.0,1119,1552,1883.0,184.0,538.0,2034323.0,1326967.0,1558475.0,882530.0,393733.0,264715.0,988143.0,651142.0,769.0,4341.0,1914848.0,3939.0,44396.65370078767
2021-12-22T00:00:00.000000,3014.0,1143,1871,1928.0,176.0,586.0,2276668.0,1499414.0,1850381.0,1054125.0,339320.0,220573.0,1225714.0,823217.0,923.0,3930.0,1789956.0,4171.0,47196.12700469844
2021-12-23T00:00:00.000000,2383.0,969,1414,1702.0,156.0,460.0,1917402.0,1263745.0,1351062.0,722960.0,376347.0,251385.0,962737.0,655510.0,659.0,2716.0,1456431.0,3190.0,39253.18508306767
2021-12-24T00:00:00.000000,1659.0,631,1028,1254.0,102.0,329.0,1144513.0,745079.0,1046533.0,620617.0,213899.0,145627.0,580028.0,361913.0,496.0,1682.0,950969.0,2107.0,26373.61911498714
2021-12-25T00:00:00.000000,1193.0,461,732,826.0,67.0,232.0,865896.0,564569.0,786772.0,441088.0,122965.0,75506.0,475335.0,321273.0,328.0,1459.0,579452.0,1482.0,23704.266376780586
2021-12-26T00:00:00.000000,1368.0,548,820,951.0,94.0,268.0,965315.0,600346.0,871107.0,452366.0,155881.0,86820.0,449074.0,274535.0,394.0,1730.0,668323.0,1937.0,25762.700682164977
2021-12-27T00:00:00.000000,2036.0,817,1219,1465.0,130.0,421.0,1608484.0,1071129.0,1216543.0,665641.0,247750.0,168027.0,940405.0,647001.0,618.0,2414.0,1012534.0,2984.0,33328.29934883803
2021-12-28T00:00:00.000000,2437.0,998,1439,1653.0,185.0,487.0,1934994.0,1238580.0,1345858.0,740582.0,393059.0,256445.0,896077.0,560857.0,728.0,2717.0,1577720.0,3505.0,42559.29524430105
2021-12-29T00:00:00.000000,2413.0,939,1474,1711.0,175.0,420.0,1873264.0,1241504.0,1461590.0,808264.0,386857.0,265688.0,766772.0,485315.0,611.0,2755.0,1434329.0,3398.0,42913.727961029035
2021-12-30T00:00:00.000000,2294.0,898,1396,1608.0,115.0,484.0,1750136.0,1173698.0,1323920.0,707629.0,292053.0,218451.0,860830.0,545648.0,717.0,2833.0,1400455.0,3216.0,32699.557404947423
2021-12-31T00:00:00.000000,1681.0,662,1019,1192.0,95.0,326.0,1415304.0,970682.0,1004905.0,556466.0,163332.0,84631.0,737333.0,532102.0,501.0,2026.0,1023292.0,2567.0,23824.134551525327
2022-01-01T00:00:00.000000,1219.0,494,725,866.0,68.0,259.0,1001083.0,672143.0,712903.0,401305.0,149251.0,104570.0,487946.0,322553.0,368.0,1824.0,869322.0,1643.0,23193.980171526342
2022-01-02T00:00:00.000000,1521.0,616,905,1047.0,97.0,294.0,1160405.0,742636.0,885368.0,472784.0,194999.0,122204.0,533539.0,336430.0,426.0,2263.0,1063210.0,2129.0,30662.736503282027
2022-01-03T00:00:00.000000,2419.0,997,1422,1682.0,153.0,490.0,2122932.0,1434721.0,1361391.0,729244.0,330013.0,212195.0,1089651.0,745727.0,732.0,3295.0,1612632.0,3598.0,39163.642336250305
2022-01-04T00:00:00.000000,2643.0,1086,1556,1837.0,192.0,541.0,2134142.0,1408823.0,1595914.0,884068.0,403361.0,260062.0,1074924.0,715371.0,785.0,3603.0,1941790.0,4009.0,41954.758560121605
2022-01-05T00:00:00.000000,3035.0,1232,1803,2020.0,209.0,609.0,2516089.0,1694382.0,1702222.0,892508.0,494726.0,343693.0,1178566.0,787380.0,939.0,4072.0,2360157.0,4588.0,57542.80257452266
2022-01-06T00:00:00.000000,2790.0,1168,1622,1969.0,174.0,602.0,2240769.0,1485037.0,1570761.0,866807.0,404558.0,269687.0,1129055.0,742381.0,895.0,3649.0,1855290.0,3917.0,50301.02668432153
2022-01-07T00:00:00.000000,2594.0,1075,1519,1876.0,192.0,548.0,1996275.0,1298309.0,1461743.0,754928.0,361398.0,230754.0,980992.0,642823.0,807.0,3176.0,1514801.0,3795.0,46172.819056351895
2022-01-08T00:00:00.000000,1758.0,710,1048,1215.0,113.0,368.0,1442668.0,973312.0,1048145.0,567073.0,220459.0,140527.0,761073.0,519872.0,557.0,2063.0,940091.0,2306.0,33301.78258464571
2022-01-09T00:00:00.000000,1746.0,703,1042,1206.0,121.0,345.0,1484580.0,998546.0,1054963.0,576822.0,277624.0,192881.0,786073.0,539970.0,499.0,2162.0,1086726.0,2605.0,35183.630058920644
2022-01-10T00:00:00.000000,2722.0,1108,1614,1925.0,181.0,558.0,2120425.0,1376102.0,1580152.0,864497.0,395142.0,252857.0,1073392.0,704166.0,854.0,3738.0,1949326.0,4044.0,44303.73712961535
2022-01-11T00:00:00.000000,2990.0,1266,1724,2114.0,222.0,623.0,2435947.0,1591682.0,1706029.0,893583.0,480511.0,319676.0,1225093.0,816262.0,918.0,3587.0,2101910.0,4246.0,39500.67596908698
2022-01-12T00:00:00.000000,2974.0,1229,1745,2192.0,212.0,594.0,2268969.0,1469268.0,1723498.0,942131.0,425166.0,287947.0,1078507.0,688984.0,861.0,3417.0,1839414.0,4198.0,43898.64588201053
2022-01-13T00:00:00.000000,2915.0,1238,1677,2120.0,231.0,610.0,2251297.0,1472525.0,1583717.0,874076.0,482258.0,323855.0,1077512.0,702317.0,896.0,3938.0,2128388.0,4138.0,44344.60408769232
2022-01-14T00:00:00.000000,2600.0,1055,1544,1817.0,190.0,502.0,2096078.0,1424008.0,1474856.0,847472.0,511759.0,367726.0,933714.0,620637.0,747.0,3197.0,1766356.0,3576.0,37412.92926965735
2022-01-15T00:00:00.000000,1677.0,677,1000,1172.0,117.0,359.0,1199750.0,748822.0,1021673.0,565914.0,227473.0,145522.0,620208.0,392894.0,537.0,2672.0,1056493.0,2265.0,29826.149140205103
2022-01-16T00:00:00.000000,1760.0,727,1033,1206.0,108.0,376.0,1358847.0,894024.0,881514.0,476117.0,219078.0,144514.0,673733.0,429687.0,580.0,2137.0,1122358.0,2463.0,35815.91150808281
2022-01-17T00:00:00.000000,2839.0,1130,1709,1931.0,184.0,582.0,2075045.0,1319779.0,1542099.0,790704.0,359833.0,231321.0,962412.0,608945.0,847.0,3267.0,1880093.0,4079.0,46168.828437028365
2022-01-18T00:00:00.000000,2886.0,1234,1652,2201.0,201.0,599.0,2294290.0,1491093.0,1437448.0,769811.0,452201.0,300268.0,980146.0,602732.0,866.0,3430.0,2051156.0,4046.0,46491.57512186672
2022-01-19T00:00:00.000000,3030.0,1283,1747,2203.0,242.0,594.0,2407431.0,1561303.0,1600552.0,847005.0,506962.0,328593.0,1088918.0,702715.0,890.0,3741.0,1909322.0,4395.0,53645.656777414806
2022-01-20T00:00:00.000000,3042.0,1269,1773,2122.0,190.0,658.0,2553273.0,1687701.0,1727305.0,910316.0,529123.0,386035.0,1267242.0,822863.0,988.0,3839.0,2227191.0,4110.0,49515.62280981168
2022-01-21T00:00:00.000000,2715.0,1124,1591,1939.0,190.0,553.0,2223108.0,1465068.0,1493176.0,791363.0,409022.0,273209.0,1067381.0,714397.0,822.0,3524.0,1760933.0,3619.0,45641.784636237906
2022-01-22T00:00:00.000000,1739.0,717,1022,1229.0,121.0,370.0,1375077.0,879326.0,1033861.0,556282.0,257306.0,168985.0,704450.0,460079.0,530.0,2162.0,1344374.0,2498.0,33704.234159957115
2022-01-23T00:00:00.000000,1949.0,762,1187,1312.0,115.0,394.0,1598900.0,1096217.0,1210189.0,672629.0,292097.0,211132.0,778768.0,520696.0,566.0,2208.0,1268967.0,2520.0,30058.40495722807
2022-01-24T00:00:00.000000,2799.0,1193,1606,2030.0,229.0,547.0,2281054.0,1492492.0,1492833.0,783441.0,436698.0,278725.0,1059897.0,699619.0,803.0,3477.0,2039130.0,3959.0,48386.40476661774
2022-01-25T00:00:00.000000,3034.0,1251,1783,2128.0,196.0,612.0,2490165.0,1677410.0,1694508.0,932916.0,425518.0,285726.0,1095094.0,716864.0,872.0,3434.0,2107873.0,4266.0,44307.32524620402
2022-01-26T00:00:00.000000,2849.0,1177,1672,2066.0,182.0,561.0,2224797.0,1416805.0,1558679.0,830775.0,350897.0,228094.0,1009239.0,627823.0,834.0,3949.0,2090044.0,4059.0,50574.103357808264
2022-01-27T00:00:00.000000,3267.0,1345,1922,2175.0,213.0,607.0,2379160.0,1518801.0,1927997.0,1103971.0,437324.0,286440.0,1059659.0,676097.0,890.0,3555.0,2036444.0,4522.0,56873.31185151808
2022-01-28T00:00:00.000000,2841.0,1181,1660,2051.0,203.0,584.0,2237524.0,1413344.0,1466796.0,795866.0,496102.0,337810.0,1091079.0,677644.0,831.0,3041.0,1830438.0,3748.0,43237.981211017424
2022-01-29T00:00:00.000000,1855.0,708,1147,1283.0,100.0,363.0,1377565.0,920465.0,1073394.0,599129.0,206309.0,130605.0,691268.0,469514.0,530.0,2223.0,1112841.0,2521.0,31576.815435043012
2022-01-30T00:00:00.000000,1819.0,738,1081,1267.0,122.0,374.0,1405787.0,910970.0,1011738.0,544592.0,249298.0,154843.0,715915.0,470678.0,578.0,2418.0,1614995.0,2519.0,31319.390320760762
2022-01-31T00:00:00.000000,2848.0,1210,1638,2029.0,208.0,591.0,2466493.0,1627197.0,1552112.0,847033.0,515411.0,355764.0,1103606.0,717916.0,902.0,3526.0,1762616.0,3859.0,38717.75154378047
2022-02-01T00:00:00.000000,3014.0,1253,1761,2149.0,208.0,613.0,2457315.0,1620667.0,1680332.0,909177.0,444938.0,299776.0,1176613.0,767819.0,861.0,3563.0,2072931.0,4128.0,44108.325580463665
2022-02-02T00:00:00.000000,3053.0,1261,1792,2115.0,212.0,644.0,2187298.0,1369494.0,1650538.0,901553.0,362203.0,209085.0,1135486.0,723230.0,953.0,3818.0,2521102.0,4127.0,52118.34387738565
2022-02-03T00:00:00.000000,3003.0,1290,1713,2227.0,240.0,610.0,2317442.0,1441312.0,1466476.0,787184.0,467017.0,298177.0,1084639.0,668107.0,925.0,3435.0,2236550.0,4313.0,48467.557254021085
2022-02-04T00:00:00.000000,2778.0,1169,1609,1964.0,190.0,576.0,2195733.0,1415063.0,1574749.0,887126.0,377260.0,248511.0,1034890.0,644127.0,859.0,3294.0,1890388.0,3940.0,40562.99534317655
2022-02-05T00:00:00.000000,1663.0,706,957,1155.0,124.0,344.0,1439647.0,937897.0,878958.0,469047.0,242526.0,158344.0,783321.0,537835.0,513.0,2158.0,1442814.0,2071.0,31909.75124624344
2022-02-06T00:00:00.000000,1666.0,678,988,1191.0,109.0,345.0,1307994.0,834867.0,1029516.0,596083.0,236969.0,154280.0,664620.0,421759.0,501.0,2605.0,1358755.0,2294.0,33707.87661964725
2022-02-07T00:00:00.000000,3119.0,1319,1800,2066.0,241.0,622.0,2403388.0,1556706.0,1602069.0,884604.0,489181.0,318728.0,1160701.0,760562.0,892.0,3536.0,2069005.0,4653.0,54164.88371388092
2022-02-08T00:00:00.000000,2956.0,1311,1645,2187.0,231.0,612.0,2494521.0,1603568.0,1463221.0,780821.0,452224.0,285184.0,1163334.0,746836.0,892.0,3827.0,2463195.0,3967.0,41630.800464549684
2022-02-09T00:00:00.000000,3018.0,1326,1692,2183.0,227.0,652.0,2485083.0,1605466.0,1535277.0,813447.0,438137.0,275443.0,1180900.0,758844.0,935.0,3700.0,2207741.0,4088.0,52813.40341652704
2022-02-10T00:00:00.000000,3082.0,1356,1726,2156.0,249.0,651.0,2439506.0,1530706.0,1560551.0,826106.0,469129.0,299192.0,1192506.0,762757.0,969.0,3503.0,2230207.0,4339.0,49743.035364999545
2022-02-11T00:00:00.000000,2689.0,1172,1517,1953.0,196.0,592.0,2125682.0,1352377.0,1497665.0,805790.0,357025.0,225276.0,1049320.0,653930.0,904.0,3429.0,1959978.0,3555.0,47053.36275065142
2022-02-12T00:00:00.000000,1760.0,758,1002,1204.0,116.0,389.0,1511733.0,1023743.0,1030085.0,591715.0,287094.0,194294.0,682580.0,443176.0,549.0,2205.0,1088717.0,2331.0,34819.64656322208
2022-02-13T00:00:00.000000,1728.0,729,999,1200.0,118.0,373.0,1365620.0,906865.0,960859.0,534739.0,246523.0,166534.0,671243.0,439520.0,540.0,2588.0,1446862.0,2365.0,31947.78066251767
2022-02-14T00:00:00.000000,2626.0,1178,1448,1995.0,214.0,539.0,2095801.0,1319145.0,1298680.0,688199.0,462540.0,308007.0,902073.0,563516.0,770.0,2861.0,1779370.0,3729.0,43872.25937138329
2022-02-15T00:00:00.000000,2933.0,1339,1594,2151.0,204.0,664.0,2692647.0,1833796.0,1441628.0,782748.0,464803.0,323025.0,1305900.0,868731.0,960.0,2917.0,1896261.0,4040.0,42393.41786983975
2022-02-16T00:00:00.000000,3075.0,1365,1710,2224.0,230.0,651.0,2557238.0,1652778.0,1485751.0,789581.0,432313.0,275522.0,1201558.0,768866.0,932.0,3269.0,1948611.0,4054.0,59930.83698350064
2022-02-17T00:00:00.000000,3180.0,1348,1832,2205.0,228.0,640.0,2570463.0,1664242.0,1589954.0,867024.0,474420.0,316279.0,1208850.0,798588.0,932.0,3719.0,2034478.0,4510.0,51781.42598741117
2022-02-18T00:00:00.000000,2993.0,1254,1739,1938.0,207.0,571.0,2259571.0,1433419.0,1613307.0,884912.0,421627.0,273550.0,982480.0,623947.0,850.0,3175.0,1984745.0,3872.0,53479.08968366622
2022-02-19T00:00:00.000000,1738.0,705,1033,1224.0,116.0,357.0,1327664.0,885416.0,968052.0,528250.0,241817.0,156284.0,651696.0,429669.0,520.0,2947.0,1356658.0,2275.0,33497.60464832967
2022-02-20T00:00:00.000000,1859.0,771,1088,1263.0,129.0,394.0,1532342.0,1022471.0,991631.0,543095.0,286479.0,187680.0,697315.0,451552.0,577.0,2479.0,1312962.0,2389.0,37843.109258430035
2022-02-21T00:00:00.000000,2880.0,1242,1638,2017.0,207.0,554.0,2317504.0,1489647.0,1393536.0,729860.0,398608.0,245830.0,1046887.0,667787.0,833.0,2815.0,2003254.0,3787.0,53389.18179527515
2022-02-22T00:00:00.000000,3003.0,1310,1693,2181.0,244.0,597.0,2630258.0,1732506.0,1537603.0,826832.0,572011.0,393166.0,1202795.0,771622.0,903.0,4410.0,2188905.0,4219.0,48499.45041461575
2022-02-23T00:00:00.000000,3046.0,1289,1755,2121.0,201.0,611.0,2326717.0,1465203.0,1543632.0,796145.0,405357.0,261500.0,1088445.0,695682.0,890.0,3308.0,2138934.0,4131.0,52687.56034859045
2022-02-24T00:00:00.000000,2930.0,1253,1677,2128.0,199.0,592.0,2343884.0,1511285.0,1415694.0,748055.0,365839.0,230655.0,1169119.0,787423.0,807.0,2793.0,1744574.0,3775.0,47537.61936712183
2022-02-25T00:00:00.000000,2657.0,1175,1481,1903.0,202.0,559.0,2079256.0,1327847.0,1330382.0,698443.0,362768.0,227223.0,1017985.0,658875.0,810.0,2758.0,1842711.0,3515.0,48671.942380456676
2022-02-26T00:00:00.000000,1466.0,606,860,1017.0,104.0,282.0,1177929.0,789662.0,825909.0,451921.0,165864.0,91526.0,545306.0,369841.0,421.0,1542.0,907212.0,1814.0,23120.883064265967
2022-02-27T00:00:00.000000,1563.0,680,883,1067.0,115.0,331.0,1396581.0,951034.0,823599.0,467139.0,257279.0,173444.0,627856.0,413394.0,474.0,1661.0,919323.0,1956.0,23713.71089655053
2022-02-28T00:00:00.000000,2401.0,1079,1322,1781.0,195.0,494.0,1993106.0,1274140.0,1276025.0,741349.0,373853.0,240352.0,926282.0,605585.0,704.0,2638.0,1744637.0,3496.0,38998.12099188206
2022-03-01T00:00:00.000000,2668.0,1169,1499,1945.0,226.0,550.0,2227414.0,1473900.0,1432993.0,760219.0,466680.0,318720.0,1023182.0,675108.0,795.0,3132.0,1551681.0,3842.0,43369.038449252526
2022-03-02T00:00:00.000000,2769.0,1211,1557,2083.0,203.0,594.0,2432823.0,1661865.0,1442703.0,790791.0,541165.0,388511.0,1038976.0,671908.0,874.0,2924.0,1905710.0,3562.0,49709.189564908025
2022-03-03T00:00:00.000000,2793.0,1186,1607,1954.0,207.0,583.0,2309935.0,1524420.0,1440312.0,796126.0,429839.0,282492.0,1125040.0,752493.0,846.0,3226.0,1679816.0,3631.0,55926.287855950875
2022-03-04T00:00:00.000000,2522.0,1123,1399,1813.0,187.0,541.0,1988820.0,1249529.0,1275183.0,702273.0,337958.0,199752.0,996136.0,634329.0,762.0,2582.0,1835747.0,3312.0,43328.85227258305
2022-03-05T00:00:00.000000,1620.0,695,925,1138.0,128.0,360.0,1389527.0,929691.0,841611.0,469846.0,321474.0,228932.0,660869.0,431960.0,523.0,1726.0,854158.0,2103.0,28840.12066002375
2022-03-06T00:00:00.000000,1596.0,700,896,1165.0,123.0,342.0,1323485.0,860362.0,851535.0,488560.0,280337.0,180782.0,605948.0,391169.0,497.0,1903.0,985175.0,2043.0,29361.528130882238
2022-03-07T00:00:00.000000,2535.0,1076,1459,1841.0,190.0,517.0,1835946.0,1133639.0,1323476.0,715662.0,350456.0,223136.0,902994.0,562388.0,775.0,3192.0,1805512.0,3482.0,45007.74326232392
2022-03-08T00:00:00.000000,2826.0,1228,1598,2089.0,204.0,612.0,2226281.0,1425306.0,1436856.0,782869.0,400868.0,260158.0,1148861.0,746793.0,907.0,2880.0,1793855.0,3885.0,47166.98261772226
2022-03-09T00:00:00.000000,2830.0,1259,1571,2078.0,225.0,574.0,2343768.0,1520995.0,1381899.0,769799.0,427267.0,272126.0,1098389.0,719719.0,811.0,3484.0,1823999.0,3645.0,36441.195487597855
2022-03-10T00:00:00.000000,2726.0,1214,1512,1987.0,217.0,573.0,2302193.0,1499855.0,1414142.0,775924.0,498540.0,345638.0,1048542.0,667707.0,805.0,2811.0,1712471.0,3797.0,49093.63978248024
2022-03-11T00:00:00.000000,2675.0,1154,1521,1934.0,193.0,562.0,2164921.0,1416245.0,1392317.0,757928.0,366875.0,233413.0,1091982.0,724110.0,809.0,2715.0,1624641.0,3520.0,46297.61476879358
2022-03-12T00:00:00.000000,1374.0,621,753,1026.0,114.0,307.0,1186568.0,773162.0,769955.0,437459.0,277778.0,191565.0,584187.0,378917.0,422.0,1624.0,926374.0,1751.0,23970.39770625195
2022-03-13T00:00:00.000000,1455.0,631,824,1062.0,94.0,299.0,1186802.0,778954.0,860186.0,511580.0,176937.0,117227.0,547275.0,349110.0,395.0,1745.0,1130326.0,1885.0,26830.50968929355
2022-03-14T00:00:00.000000,2640.0,1196,1444,1993.0,227.0,573.0,2330637.0,1512440.0,1347680.0,751371.0,472073.0,298817.0,1121094.0,734916.0,823.0,2984.0,1768885.0,3704.0,42904.273665492314
2022-03-15T00:00:00.000000,2923.0,1208,1715,2035.0,235.0,575.0,2096094.0,1293848.0,1553349.0,834297.0,436859.0,273151.0,969006.0,600697.0,820.0,3078.0,1918504.0,3869.0,51670.63777829352
2022-03-16T00:00:00.000000,2874.0,1345,1529,2054.0,254.0,614.0,2605100.0,1706296.0,1407115.0,750151.0,520459.0,317960.0,1196852.0,796296.0,888.0,3276.0,2306672.0,3877.0,49045.98170528211
2022-03-17T00:00:00.000000,2928.0,1262,1666,2045.0,225.0,589.0,2309804.0,1464602.0,1399621.0,742169.0,474245.0,309348.0,1067064.0,670301.0,824.0,3356.0,1833231.0,3700.0,61287.79930648131
2022-03-18T00:00:00.000000,2511.0,1083,1428,1832.0,214.0,498.0,2038526.0,1310121.0,1370219.0,772825.0,421619.0,262906.0,962045.0,618143.0,761.0,2885.0,1891098.0,3358.0,41849.29389168414
2022-03-19T00:00:00.000000,1729.0,690,1037,1220.0,90.0,362.0,1385723.0,912203.0,982630.0,529681.0,228039.0,163231.0,721874.0,464813.0,491.0,2187.0,1045761.0,2367.0,35406.46142531394
2022-03-20T00:00:00.000000,1682.0,663,1019,1160.0,106.0,324.0,1311057.0,860593.0,1080974.0,631263.0,243495.0,167268.0,638375.0,409810.0,490.0,1558.0,863075.0,2172.0,33913.59161293758
2022-03-21T00:00:00.000000,2604.0,1142,1462,1906.0,206.0,528.0,2186801.0,1417520.0,1376251.0,721979.0,390358.0,240361.0,987005.0,644119.0,749.0,2592.0,1690181.0,3489.0,43456.97754989769
2022-03-22T00:00:00.000000,2921.0,1292,1629,2078.0,204.0,616.0,2526633.0,1673254.0,1568502.0,862982.0,501926.0,352989.0,1150678.0,741482.0,897.0,3092.0,1758331.0,3827.0,49219.81880291117
2022-03-23T00:00:00.000000,2945.0,1325,1620,2147.0,224.0,643.0,2388480.0,1505747.0,1444858.0,764544.0,445818.0,296597.0,1129507.0,688479.0,964.0,3204.0,1837552.0,4092.0,60540.020021357
2022-03-24T00:00:00.000000,3047.0,1296,1749,2085.0,234.0,623.0,2413365.0,1622643.0,1737901.0,977728.0,438385.0,300070.0,1268157.0,879168.0,882.0,3077.0,2049770.0,3929.0,60936.74969033706
2022-03-25T00:00:00.000000,2540.0,1128,1412,1904.0,186.0,500.0,2175578.0,1425781.0,1345924.0,732156.0,459059.0,331813.0,914409.0,583330.0,709.0,2568.0,1939064.0,3480.0,45790.312204427406
2022-03-26T00:00:00.000000,1593.0,626,967,1087.0,98.0,305.0,1161604.0,754475.0,977226.0,543646.0,203128.0,129464.0,529878.0,337776.0,450.0,1594.0,890096.0,2009.0,32472.760339460237
2022-03-27T00:00:00.000000,1565.0,640,925,1109.0,117.0,311.0,1250363.0,844267.0,839457.0,424153.0,287604.0,204519.0,604033.0,401634.0,442.0,1939.0,836942.0,2022.0,29384.69060778083
2022-03-28T00:00:00.000000,2764.0,1216,1548,1989.0,206.0,618.0,2266871.0,1471359.0,1418346.0,745499.0,418923.0,267065.0,1092839.0,695833.0,958.0,3154.0,2077918.0,3840.0,47588.02868822014
2022-03-29T00:00:00.000000,2979.0,1323,1656,2154.0,222.0,627.0,2443711.0,1560625.0,1478575.0,769616.0,492312.0,322054.0,1076189.0,674125.0,892.0,3544.0,2475255.0,4117.0,56997.12329201107
2022-03-30T00:00:00.000000,3006.0,1267,1739,2171.0,214.0,604.0,2415639.0,1567783.0,1624609.0,893900.0,441748.0,293029.0,1185474.0,791173.0,878.0,4218.0,1809434.0,3870.0,51374.50148614727
2022-03-31T00:00:00.000000,2885.0,1209,1676,2078.0,225.0,566.0,2372826.0,1576635.0,1539706.0,849138.0,462940.0,293864.0,1153630.0,792509.0,795.0,3048.0,1765918.0,3700.0,49229.69080013877
2022-04-01T00:00:00.000000,2628.0,1111,1517,1892.0,213.0,515.0,2079400.0,1361794.0,1500871.0,870193.0,490127.0,332696.0,941912.0,607687.0,760.0,2769.0,1581484.0,3370.0,46186.29714880017
2022-04-02T00:00:00.000000,1639.0,673,966,1159.0,131.0,302.0,1285688.0,815013.0,1006824.0,530148.0,246575.0,149207.0,558474.0,356207.0,426.0,1849.0,965043.0,2203.0,27849.65836757997
2022-04-03T00:00:00.000000,1647.0,669,978,1158.0,94.0,313.0,1208867.0,768943.0,889747.0,483745.0,213648.0,144795.0,517990.0,311205.0,456.0,1908.0,932347.0,2101.0,29724.393387252076
2022-04-04T00:00:00.000000,2652.0,1156,1496,1912.0,200.0,560.0,2217281.0,1415507.0,1431723.0,742209.0,339769.0,207474.0,1112978.0,726793.0,783.0,2655.0,1696827.0,3928.0,43747.2094768098
2022-04-05T00:00:00.000000,3176.0,1301,1875,2139.0,228.0,630.0,2381870.0,1519396.0,1727068.0,915382.0,460971.0,298914.0,1114445.0,707564.0,926.0,2940.0,1811878.0,4089.0,55330.47910632983
2022-04-06T00:00:00.000000,2874.0,1240,1632,2092.0,212.0,598.0,2247835.0,1432344.0,1422729.0,746631.0,405316.0,252822.0,1097799.0,694709.0,855.0,3246.0,2062624.0,3830.0,51718.01059992885
2022-04-07T00:00:00.000000,2944.0,1301,1643,2083.0,241.0,606.0,2353633.0,1488430.0,1527493.0,844658.0,497371.0,323326.0,1080133.0,676291.0,889.0,3201.0,1929644.0,3874.0,55461.710532612706
2022-04-08T00:00:00.000000,2702.0,1137,1565,1928.0,210.0,533.0,2047159.0,1292913.0,1435319.0,792937.0,387388.0,249346.0,1068121.0,692158.0,797.0,3122.0,1706532.0,3579.0,46477.370282352094
2022-04-09T00:00:00.000000,1593.0,643,950,1114.0,103.0,313.0,1293946.0,842174.0,956826.0,530087.0,198138.0,121114.0,605501.0,396013.0,439.0,1509.0,1030910.0,1887.0,31178.317648898807
2022-04-10T00:00:00.000000,1676.0,692,984,1146.0,106.0,366.0,1317076.0,858570.0,989364.0,538377.0,143031.0,77473.0,720441.0,468632.0,529.0,1959.0,1000706.0,2123.0,35104.79345524192
2022-04-11T00:00:00.000000,2747.0,1184,1562,2073.0,217.0,578.0,2384332.0,1591545.0,1384486.0,726608.0,493570.0,326755.0,1164070.0,794812.0,819.0,2578.0,1504796.0,3654.0,46693.13210116851
2022-04-12T00:00:00.000000,2755.0,1252,1501,1977.0,240.0,564.0,2365649.0,1561446.0,1369452.0,752690.0,524328.0,351206.0,1043892.0,689141.0,818.0,3219.0,1903931.0,3909.0,41316.58335911411
2022-04-13T00:00:00.000000,2805.0,1214,1591,2053.0,231.0,578.0,2290143.0,1484480.0,1405872.0,722883.0,429724.0,271178.0,1110353.0,724188.0,809.0,2642.0,1711418.0,3838.0,49669.29328495852
2022-04-14T00:00:00.000000,2672.0,1149,1523,1867.0,192.0,558.0,2070369.0,1328862.0,1403402.0,766122.0,390112.0,254352.0,971126.0,628180.0,824.0,2924.0,1581474.0,3500.0,48604.91428349681
2022-04-15T00:00:00.000000,2264.0,960,1304,1534.0,168.0,509.0,1881775.0,1241396.0,1282862.0,706238.0,332505.0,215861.0,898410.0,579737.0,774.0,2574.0,1770064.0,3063.0,38320.09805293583
2022-04-16T00:00:00.000000,1630.0,658,968,1121.0,110.0,317.0,1190257.0,728090.0,909291.0,502168.0,196798.0,120720.0,544154.0,324919.0,472.0,1744.0,796650.0,2033.0,32794.230105342576
2022-04-17T00:00:00.000000,1466.0,594,872,1045.0,89.0,304.0,1163092.0,745930.0,851706.0,438049.0,200710.0,129696.0,515489.0,317721.0,430.0,1632.0,933859.0,1848.0,28280.484537786884
2022-04-18T00:00:00.000000,2173.0,903,1270,1563.0,180.0,378.0,1593784.0,976717.0,1121729.0,620963.0,291013.0,157495.0,739738.0,466937.0,530.0,1853.0,1019433.0,2788.0,43746.02732338863
2022-04-19T00:00:00.000000,2729.0,1193,1536,1988.0,220.0,558.0,2293804.0,1505229.0,1391659.0,754986.0,502099.0,344402.0,1025551.0,663046.0,835.0,3424.0,1604074.0,3820.0,47599.08873566686
2022-04-20T00:00:00.000000,2864.0,1163,1701,2067.0,211.0,565.0,2195584.0,1413868.0,1541997.0,805102.0,452575.0,299181.0,1041249.0,658232.0,828.0,3549.0,1647729.0,4042.0,43561.62427642052
2022-04-21T00:00:00.000000,2731.0,1162,1569,1959.0,208.0,520.0,2103940.0,1322101.0,1550062.0,899653.0,349796.0,205504.0,992314.0,650102.0,748.0,2812.0,1762063.0,3805.0,48284.10289333625
2022-04-22T00:00:00.000000,2643.0,1089,1554,1944.0,185.0,531.0,1987797.0,1268692.0,1365040.0,738777.0,392705.0,257699.0,974367.0,625983.0,743.0,2511.0,1424045.0,3348.0,47061.0853007094
2022-04-23T00:00:00.000000,1575.0,633,940,1081.0,122.0,313.0,1245234.0,786763.0,881026.0,477340.0,260680.0,161494.0,625861.0,409964.0,442.0,1900.0,884085.0,2272.0,30193.758619153392
2022-04-24T00:00:00.000000,1732.0,629,1103,1167.0,106.0,284.0,1260936.0,833093.0,993418.0,541277.0,255740.0,175051.0,514016.0,333022.0,429.0,1949.0,967652.0,2187.0,28462.03295486171
2022-04-25T00:00:00.000000,2633.0,1133,1500,1915.0,214.0,546.0,2112012.0,1347514.0,1344179.0,737758.0,453476.0,295454.0,935880.0,574041.0,748.0,2703.0,1576549.0,3445.0,39995.804704780945
2022-04-26T00:00:00.000000,2961.0,1254,1707,2103.0,204.0,585.0,2342637.0,1524084.0,1598087.0,934702.0,384996.0,229251.0,1161674.0,787623.0,813.0,3812.0,1824095.0,3661.0,48468.28034573732
2022-04-27T00:00:00.000000,2694.0,1173,1521,2010.0,207.0,537.0,2145847.0,1358826.0,1336106.0,705303.0,447604.0,305011.0,907893.0,557791.0,760.0,3209.0,2006500.0,3578.0,51783.516169686474
2022-04-28T00:00:00.000000,3081.0,1254,1827,2201.0,217.0,603.0,2334126.0,1520761.0,1679625.0,914779.0,408192.0,255757.0,1181738.0,783515.0,878.0,3705.0,1698846.0,3959.0,54890.8304552517
2022-04-29T00:00:00.000000,2519.0,1071,1446,1835.0,178.0,521.0,1885238.0,1163929.0,1343625.0,750696.0,339997.0,208652.0,900768.0,555796.0,746.0,2676.0,1566345.0,3255.0,50585.574479567294
2022-04-30T00:00:00.000000,1658.0,723,935,1140.0,122.0,356.0,1542290.0,1049962.0,887677.0,469881.0,359346.0,270408.0,723804.0,486350.0,496.0,1795.0,937104.0,2090.0,30456.121503744016
2022-05-01T00:00:00.000000,1579.0,623,954,1076.0,108.0,306.0,1146244.0,754459.0,864589.0,495025.0,182316.0,110573.0,566182.0,377873.0,420.0,1384.0,747184.0,2201.0,33162.97460025133
2022-05-02T00:00:00.000000,2323.0,1016,1304,1647.0,174.0,477.0,1935834.0,1267934.0,1205297.0,643211.0,345790.0,224704.0,903688.0,591854.0,703.0,2134.0,1450076.0,3098.0,41406.40799084367
2022-05-03T00:00:00.000000,2538.0,1104,1434,1766.0,190.0,509.0,2075995.0,1342334.0,1328049.0,726607.0,432880.0,287357.0,949841.0,628991.0,710.0,2214.0,1474884.0,3355.0,50586.14736420925
2022-05-04T00:00:00.000000,2637.0,1173,1464,2010.0,217.0,555.0,2144534.0,1357327.0,1270462.0,657411.0,395106.0,243981.0,963326.0,600535.0,769.0,2710.0,1578190.0,3505.0,50307.20211542749
2022-05-05T00:00:00.000000,2663.0,1152,1508,1896.0,217.0,487.0,2285845.0,1520242.0,1349890.0,767812.0,511957.0,355645.0,924413.0,604901.0,705.0,2313.0,1463271.0,3543.0,44978.447346934154
2022-05-06T00:00:00.000000,2646.0,1161,1485,1885.0,204.0,523.0,2133264.0,1366292.0,1335432.0,725239.0,389290.0,268981.0,1008474.0,646483.0,756.0,2440.0,1345997.0,3607.0,49912.90854420424
2022-05-07T00:00:00.000000,1656.0,661,995,1120.0,103.0,317.0,1244928.0,801225.0,994445.0,548082.0,193072.0,119857.0,550128.0,343006.0,443.0,1580.0,887872.0,2106.0,32008.947782821808
2022-05-08T00:00:00.000000,1576.0,615,961,1058.0,93.0,283.0,1025187.0,646054.0,916548.0,503604.0,164668.0,106717.0,496047.0,310803.0,408.0,1550.0,697529.0,1920.0,34510.42572295618
2022-05-09T00:00:00.000000,2590.0,1150,1440,1870.0,206.0,553.0,2181107.0,1398492.0,1343828.0,713217.0,427244.0,283204.0,1027289.0,641646.0,803.0,2382.0,1330349.0,3557.0,45506.15697312088
2022-05-10T00:00:00.000000,2957.0,1298,1659,2105.0,248.0,576.0,2396195.0,1552670.0,1569153.0,876147.0,447233.0,282585.0,1021637.0,661887.0,831.0,3178.0,1497205.0,3958.0,49564.86992126038
2022-05-11T00:00:00.000000,2765.0,1217,1548,1993.0,202.0,591.0,2412389.0,1607634.0,1420797.0,781783.0,462359.0,313951.0,1210590.0,821730.0,861.0,3069.0,1715986.0,3553.0,46416.84640015233
2022-05-12T00:00:00.000000,2709.0,1192,1517,1961.0,204.0,579.0,2135658.0,1356815.0,1356680.0,724278.0,392490.0,251760.0,1031790.0,657183.0,939.0,2887.0,1977198.0,3703.0,47820.61902954804
2022-05-13T00:00:00.000000,2553.0,1100,1449,1812.0,200.0,541.0,2055157.0,1320342.0,1361336.0,719450.0,401748.0,264541.0,972497.0,613179.0,812.0,3074.0,1889281.0,3186.0,47903.84514400659
2022-05-14T00:00:00.000000,1539.0,649,890,1064.0,130.0,307.0,1146932.0,699697.0,837410.0,457699.0,295872.0,201878.0,501967.0,299649.0,472.0,2089.0,1095763.0,2085.0,30625.21253547138
2022-05-15T00:00:00.000000,1647.0,690,957,1110.0,109.0,358.0,1304374.0,842581.0,966838.0,537395.0,192883.0,117113.0,654338.0,412577.0,519.0,1770.0,804636.0,2138.0,29829.90549334931
2022-05-16T00:00:00.000000,2645.0,1141,1504,1995.0,208.0,504.0,2156098.0,1396440.0,1305708.0,719304.0,384912.0,235752.0,977794.0,639492.0,722.0,2858.0,1365597.0,3361.0,44707.796356003644
2022-05-17T00:00:00.000000,2943.0,1276,1667,2094.0,244.0,593.0,2304652.0,1447301.0,1588617.0,867109.0,433932.0,269747.0,1091503.0,705137.0,868.0,3139.0,1690809.0,4043.0,50336.255441516165
2022-05-18T00:00:00.000000,2871.0,1258,1613,2033.0,226.0,598.0,2443078.0,1602329.0,1494216.0,795268.0,491721.0,334583.0,1182455.0,796396.0,923.0,2727.0,1413378.0,3745.0,55669.99080311599
2022-05-19T00:00:00.000000,2928.0,1243,1685,2075.0,229.0,569.0,2346834.0,1508801.0,1608306.0,863251.0,455679.0,301328.0,1020944.0,635293.0,818.0,3538.0,1859798.0,3676.0,46681.3432283761
2022-05-20T00:00:00.000000,2773.0,1196,1576,1962.0,215.0,544.0,2264915.0,1406353.0,1571807.0,848351.0,403004.0,251404.0,1100024.0,669830.0,740.0,2668.0,1426364.0,3665.0,46522.2770265311
2022-05-21T00:00:00.000000,1588.0,619,969,1103.0,101.0,305.0,1298270.0,882982.0,859175.0,450220.0,237112.0,158603.0,655917.0,445823.0,438.0,1712.0,819753.0,2035.0,32328.61645318762
2022-05-22T00:00:00.000000,1729.0,727,1002,1128.0,122.0,358.0,1515765.0,997966.0,1005044.0,532992.0,268518.0,175408.0,705431.0,462385.0,530.0,2033.0,980576.0,2473.0,30198.75900703391
2022-05-23T00:00:00.000000,2668.0,1188,1480,1906.0,206.0,555.0,2172131.0,1403583.0,1346227.0,749325.0,418976.0,271128.0,1024035.0,656868.0,814.0,2373.0,1338857.0,3725.0,45142.61126192895
2022-05-24T00:00:00.000000,2989.0,1319,1670,2144.0,242.0,604.0,2513095.0,1616228.0,1577011.0,885107.0,557400.0,381920.0,1076983.0,676637.0,896.0,3081.0,1649129.0,4184.0,51861.85626251055
2022-05-25T00:00:00.000000,2817.0,1230,1587,2050.0,222.0,583.0,2470686.0,1652342.0,1510392.0,834555.0,440472.0,274525.0,1189911.0,806572.0,845.0,2792.0,1616185.0,4005.0,46339.8848648017
2022-05-26T00:00:00.000000,2607.0,1127,1480,1834.0,181.0,506.0,1981340.0,1239089.0,1351488.0,746012.0,321785.0,188803.0,845052.0,517956.0,766.0,2561.0,1528720.0,3503.0,34857.06757222288
2022-05-27T00:00:00.000000,2459.0,1048,1411,1883.0,173.0,513.0,2111747.0,1382113.0,1304758.0,684230.0,384060.0,251052.0,1040237.0,681183.0,752.0,2821.0,1344451.0,3102.0,45125.274558925616
2022-05-28T00:00:00.000000,1559.0,619,939,1088.0,114.0,270.0,1266161.0,852215.0,900433.0,509499.0,264073.0,174417.0,556309.0,377797.0,396.0,2069.0,829568.0,2182.0,28687.26664820739
2022-05-29T00:00:00.000000,1580.0,714,866,1138.0,127.0,346.0,1495671.0,1004093.0,819698.0,455683.0,298320.0,212910.0,682801.0,451684.0,506.0,1576.0,892239.0,2173.0,32768.53951021518
2022-05-30T00:00:00.000000,2513.0,1063,1450,1777.0,215.0,482.0,2097109.0,1390098.0,1277260.0,695537.0,509212.0,348310.0,899566.0,593765.0,698.0,2527.0,1443438.0,3409.0,43682.98458802684
2022-05-31T00:00:00.000000,2751.0,1179,1571,1969.0,222.0,552.0,2170537.0,1388619.0,1447196.0,755725.0,465689.0,300469.0,1015441.0,662092.0,800.0,2849.0,1489281.0,3690.0,46183.586873729924
2022-06-01T00:00:00.000000,2752.0,1190,1562,2001.0,207.0,555.0,2205225.0,1402374.0,1450095.0,759495.0,421181.0,270498.0,997273.0,631705.0,802.0,2960.0,1614777.0,3528.0,46541.78799166721
2022-06-02T00:00:00.000000,2794.0,1193,1600,2067.0,207.0,592.0,2184830.0,1413939.0,1418894.0,761577.0,393540.0,263299.0,1013855.0,643273.0,866.0,2912.0,1388552.0,3852.0,54618.827475932914
2022-06-03T00:00:00.000000,2637.0,1106,1530,1817.0,201.0,496.0,2161118.0,1427235.0,1399842.0,758693.0,434073.0,281126.0,979313.0,659972.0,727.0,3523.0,1513257.0,3412.0,48753.87320310637
2022-06-04T00:00:00.000000,1442.0,579,862,986.0,85.0,296.0,1215507.0,837122.0,896926.0,502241.0,218543.0,149521.0,557975.0,374567.0,416.0,1456.0,716401.0,1982.0,22372.040789684008
2022-06-05T00:00:00.000000,1421.0,577,844,976.0,89.0,285.0,1164089.0,750461.0,889906.0,515337.0,179212.0,108505.0,599120.0,393334.0,468.0,1833.0,911471.0,1931.0,25236.389797376807
2022-06-06T00:00:00.000000,2375.0,1045,1327,1713.0,184.0,467.0,2018924.0,1300258.0,1153714.0,585545.0,430618.0,293884.0,844979.0,525473.0,658.0,2094.0,1258011.0,3137.0,44205.433259158424
2022-06-07T00:00:00.000000,2838.0,1260,1578,2023.0,204.0,607.0,2361668.0,1543585.0,1395199.0,770593.0,354693.0,212170.0,1212322.0,818950.0,884.0,2837.0,1593326.0,3735.0,39741.14512398658
2022-06-08T00:00:00.000000,2864.0,1283,1581,2101.0,224.0,588.0,2262321.0,1414960.0,1467372.0,816256.0,415772.0,264508.0,1056021.0,676276.0,851.0,3251.0,1746031.0,3936.0,44199.42941407862
2022-06-09T00:00:00.000000,2673.0,1203,1467,2021.0,226.0,554.0,2272153.0,1443649.0,1404281.0,783093.0,460784.0,294431.0,1076911.0,690131.0,815.0,2791.0,1559539.0,3525.0,50093.903907234904
2022-06-10T00:00:00.000000,2496.0,1088,1407,1825.0,189.0,542.0,1940892.0,1239510.0,1387695.0,767735.0,366794.0,240619.0,993457.0,642654.0,787.0,2795.0,1610972.0,3232.0,42586.65018874964
2022-06-11T00:00:00.000000,1494.0,625,869,1057.0,92.0,292.0,1267295.0,836480.0,851288.0,469681.0,198604.0,122598.0,623016.0,431662.0,415.0,1508.0,688164.0,1875.0,26916.039496342848
2022-06-12T00:00:00.000000,1521.0,636,885,1076.0,115.0,311.0,1287506.0,879423.0,836754.0,484112.0,255968.0,171613.0,548562.0,351533.0,443.0,1531.0,718106.0,2189.0,30083.826107109384
2022-06-13T00:00:00.000000,2636.0,1109,1527,1921.0,203.0,523.0,2135593.0,1375045.0,1387413.0,751162.0,431292.0,292749.0,1003030.0,649453.0,738.0,2760.0,1384853.0,3621.0,47219.42120338576
2022-06-14T00:00:00.000000,2755.0,1169,1586,2095.0,205.0,554.0,2157490.0,1362608.0,1451821.0,771063.0,412904.0,258403.0,976013.0,607037.0,759.0,2649.0,1448438.0,3615.0,47191.055435092945
2022-06-15T00:00:00.000000,3140.0,1272,1868,2080.0,239.0,591.0,2496727.0,1621071.0,1833009.0,1032377.0,602997.0,425076.0,1108884.0,706005.0,873.0,2950.0,1809728.0,4130.0,59404.819817942036
2022-06-16T00:00:00.000000,2660.0,1172,1488,1927.0,237.0,532.0,2121816.0,1326974.0,1425855.0,766274.0,513698.0,349624.0,947549.0,587072.0,729.0,2762.0,1210963.0,3369.0,47741.529225639446
2022-06-17T00:00:00.000000,2461.0,1044,1415,1719.0,178.0,485.0,2007469.0,1315435.0,1318068.0,708970.0,411295.0,293846.0,890695.0,567387.0,692.0,2513.0,1520891.0,3226.0,45859.638556674945
2022-06-18T00:00:00.000000,1472.0,586,886,1001.0,88.0,303.0,1287196.0,903450.0,887447.0,495975.0,166621.0,108903.0,751384.0,545354.0,447.0,1300.0,706753.0,1671.0,23524.633698750815
2022-06-19T00:00:00.000000,1421.0,595,826,1014.0,120.0,303.0,1251543.0,861599.0,800676.0,444381.0,263796.0,178134.0,661593.0,466249.0,407.0,1656.0,697356.0,1839.0,20567.579277826168
2022-06-20T00:00:00.000000,2474.0,1098,1375,1863.0,199.0,495.0,2110236.0,1356341.0,1227145.0,676257.0,397532.0,237173.0,984218.0,666139.0,694.0,2292.0,1248077.0,3431.0,42747.19963436003
2022-06-21T00:00:00.000000,2773.0,1171,1602,1971.0,201.0,552.0,2200144.0,1431910.0,1572127.0,881067.0,386049.0,252286.0,1039913.0,678743.0,803.0,2611.0,1809590.0,3486.0,46072.80636575144
2022-06-22T00:00:00.000000,2874.0,1246,1628,2049.0,217.0,569.0,2312797.0,1510884.0,1433348.0,758679.0,474813.0,312767.0,1054117.0,694997.0,800.0,2770.0,1203164.0,3704.0,48049.98260457006
2022-06-23T00:00:00.000000,2929.0,1280,1649,2047.0,191.0,620.0,2373414.0,1515307.0,1557108.0,835784.0,405600.0,264287.0,1078091.0,678611.0,901.0,3026.0,1376451.0,3624.0,45961.65514003807
2022-06-24T00:00:00.000000,2378.0,1021,1355,1716.0,213.0,461.0,2116444.0,1390908.0,1203189.0,637449.0,453581.0,295063.0,963048.0,635354.0,645.0,2311.0,1176202.0,3197.0,40257.70365189205
2022-06-25T00:00:00.000000,1513.0,625,888,1047.0,105.0,302.0,1119293.0,710809.0,865672.0,468870.0,215764.0,132530.0,530315.0,337105.0,436.0,1406.0,533343.0,1959.0,30642.75179891469
2022-06-26T00:00:00.000000,1495.0,578,917,1071.0,99.0,290.0,1129054.0,740937.0,862167.0,509535.0,214543.0,150267.0,555290.0,371378.0,406.0,1394.0,563239.0,1830.0,28431.90772188708
2022-06-27T00:00:00.000000,2814.0,1179,1635,1919.0,221.0,533.0,2263860.0,1495140.0,1495885.0,841669.0,460557.0,310268.0,1017340.0,667883.0,774.0,2784.0,1276060.0,3971.0,45382.255459745655
2022-06-28T00:00:00.000000,2890.0,1225,1665,2078.0,227.0,531.0,2228237.0,1402584.0,1547143.0,818265.0,471411.0,295782.0,1007545.0,653254.0,760.0,3132.0,1568942.0,3942.0,46090.31496281418
2022-06-29T00:00:00.000000,2920.0,1251,1669,2060.0,228.0,580.0,2470342.0,1654134.0,1495462.0,806424.0,538917.0,381042.0,1072845.0,705787.0,860.0,2461.0,1398835.0,3870.0,47399.63478560255
2022-06-30T00:00:00.000000,2683.0,1140,1543,1927.0,177.0,541.0,2110747.0,1334013.0,1390650.0,737530.0,405827.0,277063.0,929222.0,577792.0,791.0,2789.0,1233724.0,3371.0,49011.194371469515
2022-07-01T00:00:00.000000,2340.0,1032,1308,1733.0,169.0,499.0,1946939.0,1268416.0,1279381.0,704713.0,352610.0,229021.0,941911.0,612376.0,711.0,2290.0,1146980.0,3133.0,37720.168185276416
2022-07-02T00:00:00.000000,1432.0,598,833,994.0,108.0,283.0,1275847.0,866689.0,733460.0,384746.0,260181.0,165023.0,597168.0,414771.0,407.0,1344.0,649844.0,1858.0,22037.08337072286
2022-07-03T00:00:00.000000,1326.0,579,747,970.0,108.0,281.0,1184338.0,803862.0,681813.0,368996.0,214049.0,139437.0,548668.0,365578.0,395.0,1041.0,689988.0,1826.0,26935.36688309134
2022-07-04T00:00:00.000000,2357.0,997,1360,1738.0,173.0,463.0,1819503.0,1144170.0,1284553.0,693712.0,441786.0,303437.0,844363.0,530782.0,651.0,2181.0,1007417.0,3204.0,32453.838623909785
2022-07-05T00:00:00.000000,2717.0,1235,1482,1940.0,229.0,575.0,2468296.0,1681420.0,1425091.0,780348.0,524935.0,364678.0,1165993.0,795317.0,803.0,2395.0,1460848.0,3817.0,41268.11057421638
2022-07-06T00:00:00.000000,2901.0,1221,1680,2002.0,228.0,548.0,2356967.0,1502906.0,1625097.0,895345.0,500246.0,342454.0,988881.0,596300.0,811.0,3075.0,1362099.0,3991.0,40875.34892742136
2022-07-07T00:00:00.000000,2912.0,1261,1651,2068.0,201.0,593.0,2349061.0,1526000.0,1505049.0,802607.0,363074.0,238820.0,1104062.0,702250.0,873.0,2755.0,1500013.0,3842.0,44670.72438801771
2022-07-08T00:00:00.000000,2544.0,1085,1459,1855.0,192.0,540.0,2012105.0,1255333.0,1318807.0,693320.0,365164.0,225167.0,980933.0,623101.0,758.0,2316.0,1202532.0,3442.0,44629.68825026702
2022-07-09T00:00:00.000000,1627.0,659,968,1045.0,116.0,324.0,1352224.0,898546.0,886182.0,473803.0,244033.0,162493.0,654334.0,419594.0,467.0,1595.0,1228232.0,2056.0,32302.285526162264
2022-07-10T00:00:00.000000,1467.0,640,827,1012.0,112.0,300.0,1387646.0,949312.0,831390.0,468107.0,300961.0,219807.0,604931.0,407028.0,423.0,1458.0,801115.0,1890.0,28198.29230662418
2022-07-11T00:00:00.000000,2585.0,1112,1473,1819.0,204.0,533.0,2196729.0,1463637.0,1362263.0,753001.0,444984.0,308296.0,1028039.0,681568.0,785.0,2186.0,1164486.0,3749.0,39057.93185886614
2022-07-12T00:00:00.000000,2873.0,1257,1616,2018.0,221.0,585.0,2430579.0,1624269.0,1379353.0,712699.0,423066.0,278066.0,1215678.0,839011.0,855.0,3101.0,1480321.0,4079.0,48872.93105972
2022-07-13T00:00:00.000000,2890.0,1191,1699,2028.0,207.0,528.0,2370859.0,1535568.0,1518989.0,847981.0,454499.0,297903.0,1126676.0,747245.0,755.0,2609.0,1466735.0,3786.0,50033.96712265962
2022-07-14T00:00:00.000000,2668.0,1183,1485,2016.0,211.0,535.0,2296149.0,1487974.0,1339393.0,727949.0,463330.0,293464.0,1009696.0,655422.0,773.0,2487.0,1332252.0,3641.0,44458.635950467826
2022-07-15T00:00:00.000000,2600.0,1094,1506,1782.0,182.0,523.0,1991789.0,1230449.0,1354305.0,711831.0,365998.0,225217.0,942039.0,581994.0,725.0,2466.0,1169545.0,3399.0,47165.835669958324
2022-07-16T00:00:00.000000,1513.0,603,909,1093.0,98.0,296.0,1243295.0,833658.0,874114.0,487820.0,199524.0,129394.0,618270.0,420277.0,412.0,1243.0,545320.0,1903.0,24922.559043569298
2022-07-17T00:00:00.000000,1513.0,629,884,1086.0,107.0,310.0,1258574.0,828490.0,890943.0,464514.0,210540.0,137701.0,585613.0,377462.0,456.0,1480.0,696341.0,1987.0,28748.881333119534
2022-07-18T00:00:00.000000,2771.0,1237,1534,1943.0,226.0,564.0,2442686.0,1609180.0,1352370.0,688806.0,556083.0,387413.0,1065867.0,681308.0,796.0,2435.0,1426212.0,3850.0,42366.49781696458
2022-07-19T00:00:00.000000,2986.0,1283,1703,2121.0,242.0,602.0,2584996.0,1760134.0,1511086.0,818483.0,534576.0,371615.0,1224974.0,841725.0,889.0,2508.0,1627760.0,3938.0,35938.10642770304
2022-07-20T00:00:00.000000,2869.0,1279,1590,2230.0,240.0,593.0,2451259.0,1538622.0,1402705.0,752114.0,588766.0,384776.0,1087081.0,683637.0,871.0,2598.0,1611221.0,3827.0,53078.06913680051
2022-07-21T00:00:00.000000,2971.0,1289,1682,2047.0,231.0,598.0,2359084.0,1503307.0,1534997.0,807332.0,528013.0,358219.0,1089560.0,712751.0,880.0,2721.0,1476399.0,4062.0,47717.30418017259
2022-07-22T00:00:00.000000,2540.0,1096,1444,1823.0,192.0,520.0,2241964.0,1482900.0,1340084.0,708931.0,381526.0,236475.0,1100776.0,729166.0,739.0,2192.0,1173256.0,3556.0,40501.11598371652
2022-07-23T00:00:00.000000,1485.0,618,867,1053.0,103.0,292.0,1199053.0,803528.0,819704.0,441293.0,189879.0,122051.0,602207.0,413285.0,428.0,1333.0,603127.0,2136.0,24868.691070583107
2022-07-24T00:00:00.000000,1454.0,648,806,1067.0,111.0,311.0,1282010.0,844044.0,709504.0,366576.0,250950.0,158485.0,598690.0,398365.0,438.0,1435.0,741654.0,1732.0,27773.052292851466
2022-07-25T00:00:00.000000,2497.0,1152,1345,1897.0,184.0,549.0,2206007.0,1434981.0,1301354.0,738005.0,404695.0,271279.0,962283.0,595696.0,829.0,2556.0,1378069.0,3487.0,39157.551880404855
2022-07-26T00:00:00.000000,2734.0,1220,1514,2072.0,200.0,581.0,2269989.0,1448386.0,1267796.0,674034.0,426731.0,288754.0,1067960.0,669245.0,823.0,2398.0,1310087.0,3555.0,43429.17703328036
2022-07-27T00:00:00.000000,2881.0,1246,1633,2107.0,218.0,585.0,2477065.0,1662657.0,1454600.0,778822.0,548890.0,402753.0,1046898.0,660094.0,887.0,2746.0,1449414.0,3594.0,50953.1145081297
2022-07-28T00:00:00.000000,2855.0,1257,1598,2080.0,222.0,603.0,2278809.0,1470593.0,1432602.0,757175.0,424462.0,267345.0,1054473.0,669971.0,869.0,3035.0,1316683.0,3658.0,45959.56794536287
2022-07-29T00:00:00.000000,2285.0,950,1335,1706.0,173.0,437.0,2036110.0,1362793.0,1194220.0,637578.0,423122.0,281339.0,961526.0,659733.0,640.0,2019.0,984257.0,2906.0,40165.71661044004
2022-07-30T00:00:00.000000,1465.0,615,850,1031.0,101.0,294.0,1186456.0,773851.0,837951.0,459946.0,212157.0,140764.0,559054.0,361452.0,395.0,1221.0,543587.0,1872.0,25247.121854290603
2022-07-31T00:00:00.000000,1494.0,619,875,1048.0,106.0,294.0,1314809.0,857023.0,817963.0,438193.0,200712.0,122132.0,577267.0,371388.0,437.0,1271.0,778377.0,1941.0,22406.203628835297
2022-08-01T00:00:00.000000,2486.0,1095,1391,1898.0,204.0,508.0,2180855.0,1435826.0,1267190.0,698211.0,460015.0,304037.0,919919.0,568049.0,740.0,2431.0,1639775.0,3099.0,44400.14855651929
2022-08-02T00:00:00.000000,2911.0,1244,1667,2047.0,224.0,610.0,2267726.0,1450341.0,1559702.0,858951.0,418172.0,268818.0,1104520.0,711982.0,927.0,3279.0,1876434.0,4004.0,42050.4850510889
2022-08-03T00:00:00.000000,2820.0,1203,1617,2017.0,204.0,555.0,2309364.0,1494991.0,1434875.0,753862.0,462197.0,308322.0,1026790.0,656176.0,838.0,2305.0,1159473.0,3665.0,43545.9749358265
2022-08-04T00:00:00.000000,2805.0,1208,1597,2051.0,194.0,556.0,2187076.0,1356794.0,1503942.0,818460.0,408439.0,261985.0,1041086.0,653122.0,813.0,2656.0,1401370.0,3775.0,50873.03883932187
2022-08-05T00:00:00.000000,2496.0,1105,1391,1827.0,208.0,523.0,2038478.0,1305545.0,1179173.0,625163.0,388276.0,232325.0,985900.0,659519.0,750.0,2682.0,1300607.0,3336.0,46792.269875111204
2022-08-06T00:00:00.000000,1562.0,647,914,1106.0,104.0,323.0,1342026.0,922340.0,898293.0,520682.0,243425.0,168670.0,665276.0,447284.0,464.0,1654.0,658498.0,2085.0,24119.718775703317
2022-08-07T00:00:00.000000,1538.0,631,907,1063.0,107.0,302.0,1353321.0,954622.0,839596.0,460739.0,301555.0,226267.0,559789.0,379996.0,440.0,1589.0,657581.0,1930.0,23991.90255605993
2022-08-08T00:00:00.000000,2685.0,1182,1503,1942.0,228.0,520.0,2194532.0,1392131.0,1380737.0,728484.0,423954.0,262263.0,996157.0,645015.0,728.0,2208.0,1122266.0,3836.0,47360.75831349069
2022-08-09T00:00:00.000000,2766.0,1203,1563,2036.0,204.0,568.0,2268258.0,1458575.0,1509291.0,840568.0,419422.0,281762.0,1045365.0,668937.0,813.0,2322.0,1252269.0,3713.0,43940.73119497233
2022-08-10T00:00:00.000000,2971.0,1318,1651,2081.0,204.0,605.0,2369860.0,1515818.0,1446168.0,771191.0,460010.0,305588.0,962136.0,581255.0,874.0,3013.0,1603579.0,3731.0,46904.07163989851
2022-08-11T00:00:00.000000,2765.0,1230,1535,1978.0,232.0,573.0,2427939.0,1582884.0,1440626.0,791477.0,521621.0,346212.0,1091093.0,715853.0,784.0,2559.0,1229138.0,3672.0,48007.72003328835
2022-08-12T00:00:00.000000,2641.0,1105,1532,1960.0,172.0,545.0,2093043.0,1371840.0,1343046.0,698653.0,354226.0,229641.0,1002115.0,645523.0,802.0,2585.0,1254631.0,3554.0,45359.536025792826
2022-08-13T00:00:00.000000,1336.0,532,804,960.0,87.0,289.0,1084478.0,744122.0,824777.0,449268.0,192839.0,138889.0,594268.0,403804.0,417.0,1293.0,601938.0,1737.0,21363.935779572428
2022-08-14T00:00:00.000000,1448.0,652,796,1032.0,107.0,319.0,1475874.0,1025265.0,752164.0,393332.0,258224.0,180502.0,730400.0,523640.0,443.0,1380.0,604652.0,2050.0,22780.285948710258
2022-08-15T00:00:00.000000,2468.0,1041,1427,1592.0,175.0,482.0,1946095.0,1221226.0,1372617.0,777743.0,346586.0,222012.0,873547.0,536545.0,692.0,2344.0,1296872.0,3359.0,37000.73043789822
2022-08-16T00:00:00.000000,2825.0,1275,1549,2004.0,216.0,590.0,2434329.0,1556335.0,1422936.0,758498.0,430129.0,258038.0,1116129.0,729296.0,782.0,2462.0,1195867.0,3596.0,43547.53792131233
2022-08-17T00:00:00.000000,2811.0,1195,1614,2041.0,213.0,553.0,2244673.0,1450071.0,1514966.0,808297.0,438911.0,284917.0,1025098.0,657734.0,792.0,2676.0,1128942.0,3729.0,45066.24463117477
2022-08-18T00:00:00.000000,2864.0,1225,1635,2090.0,202.0,583.0,2256679.0,1436585.0,1431320.0,709562.0,406281.0,257375.0,1077126.0,686190.0,859.0,3060.0,1413569.0,3794.0,51934.387331604215
2022-08-19T00:00:00.000000,2479.0,1110,1368,1780.0,207.0,508.0,2198949.0,1445208.0,1223848.0,637820.0,454936.0,300395.0,1052739.0,700328.0,718.0,2326.0,987639.0,3131.0,45037.79887712177
2022-08-20T00:00:00.000000,1467.0,615,852,1022.0,93.0,291.0,1276377.0,857921.0,841351.0,440998.0,194679.0,126715.0,613505.0,409814.0,425.0,1560.0,812645.0,1954.0,24306.630931533855
2022-08-21T00:00:00.000000,1547.0,652,895,1056.0,110.0,324.0,1283628.0,838213.0,804098.0,435787.0,239247.0,158937.0,643015.0,422045.0,474.0,1311.0,616133.0,2006.0,28926.33206837668
2022-08-22T00:00:00.000000,2666.0,1112,1554,1903.0,180.0,545.0,2168497.0,1428014.0,1428890.0,765663.0,424311.0,291369.0,1092159.0,723837.0,802.0,2230.0,992552.0,3363.0,42375.77400385135
2022-08-23T00:00:00.000000,2759.0,1219,1540,2010.0,228.0,552.0,2404420.0,1564835.0,1362884.0,716412.0,477995.0,308367.0,1130313.0,750565.0,759.0,2167.0,1127214.0,3833.0,42928.051550646516
2022-08-24T00:00:00.000000,3003.0,1283,1720,2119.0,233.0,600.0,2447260.0,1601841.0,1519814.0,813811.0,559248.0,371885.0,1116552.0,725500.0,857.0,2587.0,1266560.0,4100.0,46317.295346269246
2022-08-25T00:00:00.000000,2910.0,1264,1646,2056.0,214.0,599.0,2329308.0,1514508.0,1436459.0,762372.0,425777.0,259863.0,1135356.0,752325.0,821.0,2580.0,1412539.0,3803.0,49517.01620834202
2022-08-26T00:00:00.000000,2814.0,1149,1665,1889.0,214.0,534.0,2135865.0,1336959.0,1568244.0,864281.0,418424.0,241627.0,1008672.0,657306.0,783.0,2644.0,1052157.0,3620.0,49468.22662345402
2022-08-27T00:00:00.000000,1502.0,639,863,1048.0,94.0,328.0,1336811.0,894317.0,833994.0,476534.0,207911.0,140395.0,716601.0,485641.0,461.0,1195.0,625359.0,1775.0,26257.86064040303
2022-08-28T00:00:00.000000,1467.0,611,856,1059.0,106.0,310.0,1303400.0,887369.0,875605.0,492018.0,239524.0,156064.0,669525.0,462706.0,446.0,1420.0,664726.0,1791.0,23426.532454913522
2022-08-29T00:00:00.000000,2420.0,1048,1372,1773.0,176.0,504.0,2023034.0,1317216.0,1254290.0,690569.0,336660.0,211559.0,992240.0,649666.0,716.0,2642.0,1190715.0,3154.0,34638.35487003331
2022-08-30T00:00:00.000000,2759.0,1176,1583,1978.0,195.0,545.0,2164937.0,1389714.0,1470508.0,806904.0,413044.0,268708.0,977767.0,612398.0,764.0,2214.0,1234430.0,3658.0,47429.16306764792
2022-08-31T00:00:00.000000,2624.0,1167,1455,1987.0,221.0,555.0,2303881.0,1468343.0,1378559.0,757106.0,451146.0,285382.0,1083392.0,675098.0,774.0,2270.0,1074928.0,3519.0,43012.58554845506
2022-09-01T00:00:00.000000,2567.0,1076,1491,1888.0,188.0,535.0,2048061.0,1331862.0,1407452.0,776325.0,354961.0,226731.0,1036376.0,680193.0,762.0,2331.0,1116444.0,3136.0,36835.94232348707
2022-09-02T00:00:00.000000,2370.0,1009,1361,1733.0,174.0,451.0,1903311.0,1230955.0,1219076.0,651271.0,366924.0,232374.0,836999.0,535546.0,629.0,1833.0,1088979.0,3083.0,38081.07028241041
2022-09-03T00:00:00.000000,1361.0,564,797,965.0,74.0,298.0,1205648.0,815251.0,770324.0,422729.0,113036.0,66940.0,683555.0,473149.0,409.0,1179.0,549735.0,1665.0,28916.76784034672
2022-09-04T00:00:00.000000,1477.0,624,852,1019.0,95.0,300.0,1262047.0,845940.0,762570.0,399203.0,208141.0,143606.0,579474.0,369550.0,405.0,1349.0,628240.0,1881.0,24473.932880476284
2022-09-05T00:00:00.000000,2350.0,1016,1334,1717.0,153.0,480.0,1943017.0,1282794.0,1193333.0,624171.0,339376.0,234603.0,886632.0,579482.0,679.0,2090.0,1010700.0,3131.0,39661.861594763526
2022-09-06T00:00:00.000000,2654.0,1148,1502,1977.0,196.0,532.0,2252207.0,1476822.0,1560654.0,882579.0,383086.0,249962.0,1145962.0,788197.0,749.0,2051.0,935459.0,3582.0,37987.19984566471
2022-09-07T00:00:00.000000,2658.0,1210,1448,1968.0,211.0,563.0,2278199.0,1456746.0,1368593.0,737656.0,471166.0,324312.0,1056089.0,688741.0,801.0,2207.0,1042889.0,3556.0,46454.15961210556
2022-09-08T00:00:00.000000,2897.0,1256,1639,1926.0,217.0,592.0,2381569.0,1541406.0,1648165.0,915081.0,393043.0,242682.0,1112615.0,714127.0,830.0,2641.0,1227837.0,3797.0,37836.5244422442
2022-09-09T00:00:00.000000,2391.0,1047,1344,1721.0,185.0,492.0,1995208.0,1321493.0,1296658.0,744850.0,366547.0,232082.0,955540.0,651819.0,723.0,2063.0,1035363.0,2996.0,34985.39615305163
2022-09-10T00:00:00.000000,1385.0,611,774,1004.0,95.0,293.0,1295492.0,913978.0,755705.0,417149.0,238639.0,168255.0,611591.0,437038.0,402.0,1172.0,613144.0,1718.0,19916.36597735826
2022-09-11T00:00:00.000000,1324.0,570,754,947.0,86.0,271.0,1137994.0,765619.0,713287.0,386025.0,158818.0,100575.0,592343.0,416486.0,364.0,987.0,566307.0,1555.0,24028.45513361384
2022-09-12T00:00:00.000000,2327.0,1048,1279,1745.0,185.0,481.0,2128613.0,1400951.0,1062706.0,549843.0,396828.0,258510.0,975185.0,665370.0,674.0,2046.0,960151.0,2977.0,35132.91022750052
2022-09-13T00:00:00.000000,2627.0,1165,1462,1941.0,183.0,566.0,2151029.0,1383668.0,1296145.0,710675.0,394351.0,264074.0,1101284.0,741784.0,810.0,2371.0,1218796.0,3542.0,48054.196809448666
2022-09-14T00:00:00.000000,2726.0,1154,1570,1968.0,184.0,545.0,2213093.0,1440761.0,1319623.0,694482.0,435186.0,297845.0,1064737.0,700943.0,781.0,2126.0,1044179.0,3390.0,46117.6344653445
2022-09-15T00:00:00.000000,2721.0,1176,1544,1952.0,214.0,558.0,2255536.0,1451268.0,1365369.0,737535.0,400435.0,252210.0,1078876.0,692873.0,827.0,2501.0,1398898.0,3533.0,47284.378056164474
2022-09-16T00:00:00.000000,2369.0,1051,1318,1786.0,174.0,509.0,2034207.0,1309862.0,1138783.0,599960.0,324359.0,207146.0,1020636.0,665038.0,718.0,2117.0,1062277.0,3065.0,42606.76392629462
2022-09-17T00:00:00.000000,1460.0,611,849,981.0,89.0,298.0,1082383.0,690611.0,798780.0,429101.0,181637.0,119955.0,524384.0,337929.0,434.0,1298.0,570887.0,1708.0,29197.169566700177
2022-09-18T00:00:00.000000,1360.0,549,811,965.0,97.0,267.0,1080507.0,722925.0,783585.0,433479.0,189045.0,119730.0,542933.0,367296.0,364.0,1367.0,485849.0,1793.0,26320.889364937106
2022-09-19T00:00:00.000000,2399.0,1066,1333,1824.0,189.0,475.0,1863104.0,1151135.0,1283245.0,744900.0,334272.0,193486.0,858088.0,550806.0,630.0,2172.0,903081.0,3157.0,38902.204521517524
2022-09-20T00:00:00.000000,2640.0,1131,1509,1943.0,180.0,507.0,2012914.0,1286356.0,1352215.0,752573.0,340216.0,219474.0,881323.0,553123.0,726.0,2130.0,1056480.0,3339.0,42311.80136776935
2022-09-21T00:00:00.000000,2847.0,1228,1619,1946.0,196.0,544.0,2349211.0,1493954.0,1472406.0,791989.0,398883.0,261340.0,1085310.0,688748.0,794.0,2222.0,1242524.0,3744.0,44124.19583749045
2022-09-22T00:00:00.000000,2693.0,1203,1490,1927.0,221.0,539.0,2217708.0,1428402.0,1330149.0,740462.0,472705.0,328138.0,975621.0,632277.0,790.0,2018.0,1173937.0,3646.0,44188.04276537449
2022-09-23T00:00:00.000000,2349.0,1006,1338,1724.0,188.0,473.0,1844232.0,1178148.0,1288021.0,688818.0,389484.0,255311.0,818189.0,507558.0,678.0,1973.0,1046617.0,3136.0,38838.00974167003
2022-09-24T00:00:00.000000,1348.0,608,740,989.0,89.0,318.0,1262809.0,819373.0,740585.0,421962.0,209879.0,144825.0,620288.0,403824.0,458.0,970.0,539482.0,1771.0,23557.83330105478
2022-09-25T00:00:00.000000,1287.0,573,714,969.0,108.0,273.0,1174161.0,793208.0,630110.0,350409.0,275698.0,203307.0,541293.0,354957.0,382.0,1032.0,546882.0,1780.0,24431.1617528641
2022-09-26T00:00:00.000000,2243.0,1053,1189,1698.0,177.0,485.0,1859303.0,1191963.0,1099027.0,601499.0,309489.0,198021.0,864022.0,552245.0,681.0,1786.0,997014.0,2864.0,37966.79738657164
2022-09-27T00:00:00.000000,2600.0,1180,1420,1963.0,220.0,498.0,2183830.0,1393258.0,1266679.0,653359.0,423033.0,262321.0,861620.0,542004.0,718.0,2257.0,1059626.0,3163.0,42216.87437237184
2022-09-28T00:00:00.000000,2690.0,1195,1495,2005.0,228.0,549.0,2339248.0,1528244.0,1337144.0,708608.0,453729.0,291747.0,1073204.0,696169.0,782.0,2285.0,1059378.0,3289.0,43872.75777912853
2022-09-29T00:00:00.000000,2651.0,1190,1461,1962.0,191.0,611.0,2280211.0,1475339.0,1318098.0,727879.0,407087.0,269332.0,1097873.0,694418.0,875.0,2720.0,1228894.0,3073.0,34631.44391783811
2022-09-30T00:00:00.000000,2194.0,940,1254,1701.0,189.0,453.0,1799225.0,1138393.0,1202375.0,652063.0,415904.0,263317.0,839642.0,525586.0,603.0,1911.0,874722.0,2883.0,36101.98614272177
2022-10-01T00:00:00.000000,1321.0,584,737,932.0,97.0,278.0,1210762.0,817541.0,688339.0,379493.0,210027.0,137656.0,559042.0,376359.0,376.0,1117.0,468844.0,1639.0,24274.23681111335
2022-10-02T00:00:00.000000,1359.0,584,775,968.0,93.0,284.0,1101581.0,680988.0,745117.0,412606.0,190587.0,114280.0,508110.0,316982.0,390.0,1064.0,439201.0,1771.0,32385.12507498796
2022-10-03T00:00:00.000000,2181.0,967,1214,1615.0,183.0,423.0,1828492.0,1137018.0,1210628.0,653213.0,345971.0,207447.0,777524.0,476905.0,601.0,1875.0,913188.0,2996.0,36617.8195452469
2022-10-04T00:00:00.000000,2639.0,1135,1504,1846.0,215.0,541.0,2167497.0,1373702.0,1388099.0,745809.0,437245.0,272752.0,1061308.0,688424.0,769.0,1952.0,1093663.0,3274.0,39850.799580636856
2022-10-05T00:00:00.000000,2453.0,1077,1376,1802.0,206.0,493.0,2098158.0,1369014.0,1153392.0,596930.0,421659.0,283832.0,984356.0,653363.0,658.0,2173.0,1107803.0,3032.0,39667.215393920655
2022-10-06T00:00:00.000000,2714.0,1210,1504,1920.0,200.0,564.0,2320046.0,1500712.0,1346915.0,692739.0,435854.0,289555.0,1109515.0,712195.0,820.0,2503.0,1332212.0,3436.0,45741.09484774563
2022-10-07T00:00:00.000000,2462.0,1109,1353,1853.0,180.0,535.0,2083504.0,1352942.0,1261841.0,695376.0,396907.0,256280.0,929325.0,591552.0,771.0,1990.0,1033959.0,3138.0,36363.6945978276
2022-10-08T00:00:00.000000,1351.0,567,782,983.0,103.0,262.0,1033445.0,640188.0,745703.0,399853.0,216712.0,139444.0,471124.0,284043.0,387.0,970.0,523167.0,1792.0,23635.991902624213
2022-10-09T00:00:00.000000,1383.0,599,784,983.0,109.0,264.0,1285809.0,876460.0,861340.0,495757.0,324552.0,243581.0,523724.0,341424.0,360.0,1102.0,572186.0,2003.0,23141.91928164665
2022-10-10T00:00:00.000000,2392.0,1082,1310,1764.0,189.0,492.0,1986705.0,1297147.0,1140134.0,625353.0,383030.0,247113.0,891977.0,581718.0,700.0,2255.0,1175082.0,3198.0,39177.49304821642
2022-10-11T00:00:00.000000,2635.0,1114,1521,1912.0,223.0,483.0,2098920.0,1342636.0,1339095.0,724548.0,420659.0,266621.0,909555.0,573519.0,649.0,2020.0,1028940.0,3325.0,38556.83420820984
2022-10-12T00:00:00.000000,2695.0,1175,1518,1969.0,203.0,564.0,2199368.0,1418949.0,1405047.0,765696.0,411613.0,266527.0,1030411.0,662967.0,809.0,2289.0,1084342.0,3413.0,32720.54486487504
2022-10-13T00:00:00.000000,2646.0,1183,1463,2006.0,208.0,567.0,2288866.0,1527844.0,1324062.0,735597.0,445158.0,303253.0,1046233.0,656854.0,820.0,2313.0,1050265.0,3160.0,42674.519301076834
2022-10-14T00:00:00.000000,2509.0,1073,1436,1838.0,215.0,553.0,1936453.0,1241004.0,1289762.0,704614.0,383839.0,231558.0,978228.0,623925.0,749.0,2140.0,867743.0,2913.0,41514.20485435213
2022-10-15T00:00:00.000000,1411.0,599,812,999.0,100.0,308.0,1090455.0,703550.0,727462.0,398839.0,180549.0,117162.0,556287.0,355961.0,430.0,1207.0,496832.0,1847.0,29700.00684043896
2022-10-16T00:00:00.000000,1456.0,643,813,1022.0,147.0,295.0,1310911.0,869671.0,819179.0,474176.0,397696.0,284121.0,535831.0,333414.0,423.0,1019.0,457386.0,2167.0,24843.66670865132
2022-10-17T00:00:00.000000,2418.0,1089,1329,1834.0,192.0,512.0,2048422.0,1304512.0,1232294.0,647082.0,436488.0,293178.0,889330.0,560605.0,721.0,2049.0,874022.0,3378.0,41017.49230499426
2022-10-18T00:00:00.000000,2720.0,1213,1507,1970.0,214.0,576.0,2250726.0,1405700.0,1399195.0,744394.0,442006.0,268948.0,1007447.0,625801.0,831.0,2152.0,1164874.0,3639.0,50431.41596977628
2022-10-19T00:00:00.000000,2800.0,1250,1550,2067.0,194.0,577.0,2419100.0,1565487.0,1482685.0,834358.0,390112.0,247265.0,1112202.0,710552.0,841.0,2131.0,1072352.0,3643.0,44057.28636814382
2022-10-20T00:00:00.000000,2669.0,1161,1507,1986.0,213.0,525.0,2014318.0,1227040.0,1398259.0,745250.0,399659.0,242885.0,934915.0,576736.0,742.0,2640.0,989192.0,3515.0,47263.34368933222
2022-10-21T00:00:00.000000,2440.0,1066,1374,1746.0,213.0,509.0,1907801.0,1186229.0,1238129.0,683665.0,412434.0,270487.0,923666.0,572966.0,712.0,2066.0,928683.0,3178.0,39195.760265214776
2022-10-22T00:00:00.000000,1428.0,561,867,975.0,98.0,261.0,1100152.0,734121.0,811741.0,431678.0,225812.0,155604.0,493755.0,327646.0,395.0,1281.0,682231.0,1731.0,23800.610386098393
2022-10-23T00:00:00.000000,1440.0,589,851,1000.0,84.0,294.0,1099487.0,702480.0,782755.0,429613.0,136575.0,82987.0,525660.0,325947.0,394.0,1224.0,740320.0,1762.0,25189.64134378128
2022-10-24T00:00:00.000000,2384.0,1086,1296,1710.0,219.0,504.0,2049822.0,1304573.0,1163161.0,601963.0,477301.0,323256.0,938163.0,581555.0,692.0,1963.0,893033.0,3359.0,42519.35889458004
2022-10-25T00:00:00.000000,2561.0,1130,1431,1862.0,219.0,547.0,2142642.0,1395955.0,1351638.0,756298.0,421716.0,275585.0,1057057.0,678358.0,751.0,2290.0,1037738.0,3482.0,41767.49215076826
2022-10-26T00:00:00.000000,2713.0,1191,1522,2044.0,218.0,529.0,2448559.0,1636448.0,1357461.0,724560.0,509344.0,357784.0,1085040.0,721276.0,767.0,2421.0,1059248.0,3527.0,48587.87027107505
2022-10-27T00:00:00.000000,2705.0,1110,1593,1904.0,180.0,490.0,2092884.0,1317032.0,1477488.0,787921.0,407720.0,254185.0,926119.0,592161.0,703.0,2041.0,900424.0,3387.0,36876.967790484065
2022-10-28T00:00:00.000000,2505.0,1033,1472,1719.0,196.0,450.0,1917773.0,1241343.0,1482153.0,825858.0,383976.0,249941.0,859675.0,559815.0,629.0,2429.0,914338.0,3180.0,47700.73857419848
2022-10-29T00:00:00.000000,1462.0,604,858,1007.0,111.0,271.0,1173893.0,766229.0,949569.0,551421.0,227929.0,149397.0,530203.0,339953.0,367.0,1606.0,519425.0,1837.0,30076.89211696926
2022-10-30T00:00:00.000000,1331.0,550,781,933.0,98.0,236.0,1109026.0,736815.0,752984.0,418938.0,202547.0,126089.0,441728.0,290914.0,340.0,1189.0,719588.0,1631.0,24815.741898654807
2022-10-31T00:00:00.000000,2402.0,1054,1346,1781.0,195.0,504.0,2036091.0,1309205.0,1207290.0,644166.0,418049.0,275073.0,936636.0,590509.0,686.0,2079.0,958964.0,3092.0,35625.77013901953
2022-11-01T00:00:00.000000,2410.0,1023,1387,1821.0,182.0,481.0,1916603.0,1212736.0,1262465.0,709634.0,326066.0,208879.0,864559.0,516910.0,644.0,1962.0,832683.0,3129.0,35489.60509110968
2022-11-02T00:00:00.000000,2548.0,1114,1434,1845.0,202.0,534.0,2102296.0,1340961.0,1394190.0,740146.0,494093.0,338757.0,976214.0,605689.0,729.0,2397.0,1091677.0,3319.0,48695.97711284923
2022-11-03T00:00:00.000000,2677.0,1138,1539,1975.0,191.0,534.0,2113675.0,1314926.0,1388667.0,763439.0,419806.0,268454.0,1016211.0,637718.0,766.0,2026.0,1097542.0,3222.0,44487.91838408764
2022-11-04T00:00:00.000000,2503.0,1084,1419,1849.0,186.0,542.0,2069279.0,1341064.0,1258332.0,669128.0,378921.0,252139.0,1053011.0,689361.0,748.0,2126.0,1173092.0,3128.0,44294.81081466229
2022-11-05T00:00:00.000000,1530.0,636,894,1069.0,102.0,277.0,1266165.0,819741.0,792122.0,438279.0,222438.0,147687.0,573931.0,369538.0,387.0,1367.0,656609.0,1760.0,24824.517765744655
2022-11-06T00:00:00.000000,1516.0,640,876,1043.0,116.0,274.0,1246513.0,815172.0,827699.0,453044.0,244115.0,151776.0,538058.0,367327.0,377.0,1332.0,509462.0,1880.0,26147.398289416404
2022-11-07T00:00:00.000000,2654.0,1117,1537,1972.0,208.0,521.0,2060529.0,1332434.0,1376433.0,732806.0,422720.0,286866.0,912269.0,565162.0,726.0,2064.0,986157.0,3544.0,43523.69038658758
2022-11-08T00:00:00.000000,2843.0,1241,1602,2065.0,238.0,550.0,2487472.0,1654464.0,1397923.0,737344.0,516439.0,350447.0,979434.0,614480.0,756.0,2385.0,1264291.0,3899.0,46623.62799128271
2022-11-09T00:00:00.000000,2678.0,1201,1477,1938.0,230.0,509.0,2248731.0,1426870.0,1286819.0,678239.0,451604.0,272480.0,919653.0,585504.0,720.0,2424.0,1094342.0,3571.0,50522.62823432334
2022-11-10T00:00:00.000000,2975.0,1228,1747,2027.0,216.0,574.0,2241690.0,1451438.0,1701287.0,955733.0,428730.0,276612.0,1085580.0,724919.0,799.0,2410.0,1049747.0,3776.0,51549.21397684789
2022-11-11T00:00:00.000000,2415.0,1040,1374,1717.0,161.0,477.0,1931227.0,1214654.0,1424179.0,815154.0,366903.0,237580.0,861595.0,546902.0,668.0,1736.0,920660.0,3084.0,37078.42659399904
2022-11-12T00:00:00.000000,1620.0,648,972,1124.0,125.0,299.0,1375256.0,930222.0,920908.0,506189.0,290459.0,200805.0,584239.0,383006.0,409.0,1830.0,688557.0,2039.0,31393.421921240628
2022-11-13T00:00:00.000000,1466.0,641,825,1072.0,97.0,312.0,1246097.0,820117.0,832528.0,483655.0,190454.0,120923.0,627369.0,421291.0,435.0,1535.0,518846.0,1759.0,30658.45911640955
2022-11-14T00:00:00.000000,2596.0,1163,1433,1921.0,235.0,513.0,2114749.0,1325772.0,1311335.0,719850.0,505069.0,340828.0,867700.0,511232.0,732.0,2122.0,1144950.0,3466.0,41080.6797361863
2022-11-15T00:00:00.000000,2710.0,1162,1548,1987.0,234.0,501.0,2239350.0,1439966.0,1382547.0,758553.0,538810.0,358354.0,877159.0,542889.0,722.0,2290.0,985676.0,3620.0,44526.18088123003
2022-11-16T00:00:00.000000,2947.0,1256,1691,2149.0,244.0,533.0,2286611.0,1448440.0,1572440.0,833821.0,538295.0,363616.0,890809.0,550254.0,769.0,2391.0,1055281.0,3771.0,56765.03186819508
2022-11-17T00:00:00.000000,2942.0,1261,1679,2113.0,257.0,567.0,2180528.0,1327189.0,1537384.0,850777.0,485127.0,300981.0,1007034.0,622364.0,791.0,2686.0,966168.0,3786.0,56186.641658466295
2022-11-18T00:00:00.000000,2408.0,1045,1363,1787.0,184.0,513.0,2055339.0,1348185.0,1299283.0,715678.0,471737.0,332752.0,967555.0,623422.0,708.0,1784.0,829634.0,3033.0,38731.94369898619
2022-11-19T00:00:00.000000,1416.0,617,799,1020.0,115.0,280.0,1225301.0,811880.0,733036.0,393935.0,232997.0,153607.0,550234.0,363779.0,421.0,1178.0,497972.0,1951.0,31341.216977214317
2022-11-20T00:00:00.000000,1488.0,606,882,1070.0,110.0,272.0,1195931.0,779907.0,822269.0,453986.0,288518.0,190592.0,545982.0,367412.0,376.0,1132.0,447324.0,1828.0,28642.931839358218
2022-11-21T00:00:00.000000,2430.0,1103,1326,1817.0,216.0,500.0,2023682.0,1265675.0,1157011.0,637556.0,441643.0,283477.0,911949.0,569804.0,708.0,2056.0,984668.0,3219.0,39704.10801780613
2022-11-22T00:00:00.000000,2961.0,1210,1751,1984.0,233.0,551.0,2298527.0,1450104.0,1547228.0,834094.0,528685.0,309536.0,982438.0,625547.0,775.0,2303.0,912568.0,3717.0,50707.67062335265
2022-11-23T00:00:00.000000,2757.0,1216,1541,2018.0,230.0,560.0,2338591.0,1531483.0,1443862.0,763551.0,471021.0,323411.0,1099793.0,730679.0,785.0,2639.0,1466470.0,3493.0,44869.568119957075
2022-11-24T00:00:00.000000,2563.0,1078,1485,1821.0,201.0,501.0,2000949.0,1282426.0,1331061.0,762729.0,449772.0,310516.0,914171.0,576116.0,723.0,2226.0,1110245.0,3412.0,41799.3219881216
2022-11-25T00:00:00.000000,2152.0,974,1178,1643.0,157.0,456.0,1918028.0,1255118.0,1115100.0,592748.0,304810.0,191864.0,872957.0,578328.0,606.0,1957.0,893733.0,2634.0,35661.560735977415
2022-11-26T00:00:00.000000,1322.0,567,755,958.0,105.0,281.0,1222737.0,832600.0,734256.0,412760.0,195156.0,123405.0,606148.0,422835.0,408.0,1198.0,589483.0,1466.0,20678.10962250389
2022-11-27T00:00:00.000000,1330.0,554,776,1008.0,100.0,264.0,1040620.0,676810.0,722391.0,388073.0,217237.0,146884.0,506035.0,333489.0,340.0,1175.0,457350.0,1731.0,26582.627620711184
2022-11-28T00:00:00.000000,2394.0,1047,1347,1767.0,184.0,506.0,2134790.0,1403879.0,1184459.0,583804.0,393909.0,262204.0,1070322.0,705698.0,716.0,1884.0,1069371.0,3070.0,37089.22289619756
2022-11-29T00:00:00.000000,2526.0,1129,1397,1868.0,210.0,512.0,2210633.0,1433253.0,1275434.0,706186.0,452652.0,300538.0,1029786.0,664291.0,696.0,2197.0,1315435.0,3209.0,42093.49264675687
2022-11-30T00:00:00.000000,2561.0,1117,1444,1894.0,224.0,512.0,2125531.0,1334821.0,1324699.0,733265.0,398888.0,220734.0,945293.0,602142.0,685.0,1888.0,868113.0,3198.0,43167.96546697227
2022-12-01T00:00:00.000000,2605.0,1182,1423,1996.0,241.0,510.0,2353187.0,1495081.0,1255865.0,634036.0,552142.0,355861.0,955629.0,594691.0,720.0,2125.0,1270556.0,3325.0,37280.99059883616
2022-12-02T00:00:00.000000,2329.0,1020,1309,1731.0,183.0,507.0,2034490.0,1366661.0,1268760.0,660757.0,394521.0,261723.0,1091297.0,760260.0,695.0,1998.0,873156.0,2986.0,45041.78218667592
2022-12-03T00:00:00.000000,1318.0,554,763,968.0,109.0,242.0,1101660.0,732624.0,787822.0,452488.0,231836.0,153518.0,463747.0,302499.0,346.0,1023.0,482485.0,1633.0,24338.301708975603
2022-12-04T00:00:00.000000,1437.0,590,847,1026.0,95.0,266.0,1171692.0,764626.0,790129.0,405253.0,190131.0,119185.0,529404.0,337286.0,375.0,1108.0,580150.0,1644.0,27200.51752772055
2022-12-05T00:00:00.000000,2487.0,1083,1404,1773.0,220.0,483.0,2264643.0,1502727.0,1244730.0,650916.0,470908.0,298391.0,935398.0,589809.0,677.0,1755.0,856737.0,3250.0,36049.23753596449
2022-12-06T00:00:00.000000,2482.0,1110,1372,1877.0,206.0,510.0,2061954.0,1309876.0,1266738.0,674964.0,398314.0,237656.0,934530.0,602978.0,701.0,2306.0,1132812.0,3272.0,43687.584686271905
2022-12-07T00:00:00.000000,2430.0,1132,1298,1833.0,208.0,509.0,2175119.0,1426498.0,1141914.0,626596.0,413149.0,261453.0,897809.0,569610.0,724.0,1956.0,1028848.0,3080.0,35251.11959364717
2022-12-08T00:00:00.000000,2538.0,1228,1310,1932.0,234.0,546.0,2298038.0,1485482.0,1262318.0,706713.0,491627.0,317016.0,1013977.0,668332.0,742.0,1947.0,958734.0,3232.0,41987.1639082898
2022-12-09T00:00:00.000000,2172.0,1019,1153,1683.0,189.0,479.0,1934186.0,1246701.0,1096059.0,586111.0,424706.0,294047.0,856998.0,548488.0,657.0,1995.0,947196.0,2802.0,38461.154888757155
2022-12-10T00:00:00.000000,1261.0,542,719,912.0,108.0,258.0,1003710.0,648733.0,686432.0,367844.0,243760.0,162980.0,485867.0,321846.0,335.0,1042.0,512886.0,1620.0,22116.48845518819
2022-12-11T00:00:00.000000,1316.0,607,709,941.0,121.0,284.0,1195977.0,766579.0,717058.0,390558.0,271155.0,181874.0,509415.0,323868.0,375.0,1162.0,538235.0,1779.0,23062.302165702804
2022-12-12T00:00:00.000000,2383.0,1124,1259,1795.0,205.0,518.0,1966302.0,1237512.0,1222239.0,703648.0,393709.0,245636.0,862897.0,528113.0,719.0,2261.0,1068557.0,3214.0,40511.993875247106
2022-12-13T00:00:00.000000,2411.0,1091,1320,1782.0,208.0,490.0,1940353.0,1230049.0,1237862.0,681330.0,432907.0,292720.0,842948.0,522754.0,690.0,1989.0,903235.0,2919.0,45002.74875301803
2022-12-14T00:00:00.000000,2464.0,1152,1311,1886.0,207.0,540.0,2124504.0,1352535.0,1194378.0,629233.0,402003.0,252852.0,973744.0,616334.0,721.0,2075.0,1171743.0,3378.0,43045.62433326713
2022-12-15T00:00:00.000000,2479.0,1061,1418,1832.0,191.0,473.0,1996132.0,1265298.0,1294353.0,703984.0,368255.0,214599.0,864721.0,562174.0,653.0,1791.0,833496.0,3112.0,43433.97119583489
2022-12-16T00:00:00.000000,2198.0,978,1218,1655.0,172.0,474.0,1863662.0,1200347.0,1167738.0,587166.0,420178.0,306189.0,937875.0,599679.0,676.0,1905.0,822210.0,2830.0,37634.677662439426
2022-12-17T00:00:00.000000,1373.0,620,753,981.0,101.0,310.0,1195351.0,774407.0,720046.0,390075.0,206182.0,144247.0,586479.0,381588.0,448.0,983.0,510652.0,1826.0,18291.56443714194
2022-12-18T00:00:00.000000,1260.0,553,707,840.0,112.0,221.0,1087675.0,708851.0,736050.0,413564.0,233778.0,153563.0,432541.0,289918.0,293.0,1172.0,664602.0,1721.0,19260.772871268982
2022-12-19T00:00:00.000000,2201.0,1001,1200,1690.0,190.0,478.0,1853996.0,1193604.0,1073124.0,560602.0,384452.0,246763.0,899433.0,590068.0,662.0,1970.0,977242.0,3010.0,33141.26151840781
2022-12-20T00:00:00.000000,2369.0,1078,1291,1806.0,197.0,474.0,2207101.0,1479389.0,1259196.0,675444.0,393849.0,250874.0,993594.0,670740.0,680.0,2196.0,1046428.0,2982.0,38582.36634982483
2022-12-21T00:00:00.000000,2420.0,1067,1353,1845.0,190.0,482.0,2135723.0,1397574.0,1331859.0,708806.0,423118.0,295469.0,965988.0,636965.0,656.0,1863.0,887207.0,3160.0,37199.69924589236
2022-12-22T00:00:00.000000,2167.0,937,1230,1633.0,159.0,414.0,1733410.0,1094432.0,1139979.0,579739.0,359764.0,243752.0,765439.0,473464.0,585.0,2413.0,1159802.0,2804.0,36265.293440943584
2022-12-23T00:00:00.000000,1898.0,813,1085,1418.0,143.0,360.0,1539021.0,952952.0,1010232.0,544413.0,327441.0,220596.0,714998.0,454099.0,524.0,1702.0,773867.0,2531.0,32796.043961503434
2022-12-24T00:00:00.000000,1086.0,456,630,826.0,106.0,195.0,1018236.0,705284.0,590613.0,319845.0,255187.0,178710.0,473833.0,343406.0,265.0,784.0,352297.0,1345.0,18136.373611709718
2022-12-25T00:00:00.000000,1052.0,442,610,771.0,60.0,215.0,878504.0,589560.0,658399.0,371334.0,106790.0,67180.0,474208.0,334485.0,282.0,809.0,415058.0,1296.0,14507.677181492238
2022-12-26T00:00:00.000000,1525.0,651,874,1140.0,123.0,267.0,1409794.0,966550.0,813993.0,468185.0,288808.0,197032.0,608519.0,433573.0,375.0,1467.0,548374.0,1918.0,16426.958575209905
2022-12-27T00:00:00.000000,1824.0,787,1037,1344.0,133.0,356.0,1662516.0,1120355.0,986805.0,544217.0,305142.0,204113.0,751406.0,494488.0,533.0,1443.0,671063.0,2369.0,30374.8175294943
2022-12-28T00:00:00.000000,1985.0,859,1126,1464.0,150.0,373.0,1843524.0,1252950.0,1113986.0,631536.0,380617.0,269431.0,721085.0,476556.0,533.0,1540.0,783451.0,2812.0,28324.44958174629
2022-12-29T00:00:00.000000,2040.0,885,1155,1593.0,156.0,409.0,1799502.0,1194565.0,1145282.0,635509.0,316211.0,198223.0,891131.0,602598.0,576.0,1598.0,791772.0,2661.0,32147.261225906877
2022-12-30T00:00:00.000000,1800.0,779,1021,1303.0,123.0,356.0,1557718.0,1022831.0,1042419.0,584925.0,283774.0,193355.0,668346.0,428781.0,509.0,1469.0,674982.0,2201.0,23249.211003189135
2022-12-31T00:00:00.000000,1073.0,473,600,807.0,83.0,252.0,983501.0,651268.0,550058.0,283291.0,188793.0,120861.0,488606.0,316610.0,341.0,1079.0,599621.0,1407.0,18632.750349521986
2023-01-01T00:00:00.000000,1022.0,449,573,744.0,79.0,218.0,1001648.0,687642.0,573132.0,311720.0,185864.0,119924.0,466729.0,317652.0,304.0,1253.0,448441.0,1399.0,16840.14438060798
2023-01-02T00:00:00.000000,1691.0,745,946,1320.0,146.0,345.0,1566779.0,1022445.0,908597.0,489086.0,336429.0,230268.0,694587.0,454626.0,523.0,1523.0,655493.0,2324.0,25923.494746199667
2023-01-03T00:00:00.000000,2274.0,994,1280,1626.0,183.0,475.0,1941264.0,1209658.0,1274547.0,688568.0,337443.0,195970.0,965816.0,614527.0,646.0,1900.0,796573.0,2764.0,32735.061678569404
2023-01-04T00:00:00.000000,2324.0,1058,1266,1748.0,181.0,466.0,2074952.0,1340794.0,1134467.0,569243.0,407579.0,280090.0,855996.0,532255.0,646.0,1765.0,902502.0,2984.0,37650.2564483446
2023-01-05T00:00:00.000000,2394.0,1089,1304,1792.0,231.0,478.0,2106512.0,1340650.0,1284622.0,696682.0,458505.0,293036.0,952232.0,608554.0,656.0,1794.0,843945.0,3180.0,26654.96241894546
2023-01-06T00:00:00.000000,2147.0,954,1191,1613.0,183.0,436.0,1920983.0,1220323.0,1173565.0,632407.0,446360.0,310599.0,810442.0,501404.0,589.0,1891.0,787523.0,2835.0,33309.335585282606
2023-01-07T00:00:00.000000,1357.0,613,744,983.0,91.0,297.0,1289196.0,832983.0,756235.0,411920.0,208536.0,122370.0,648090.0,435794.0,407.0,1174.0,529987.0,1928.0,22711.342902976045
2023-01-08T00:00:00.000000,1399.0,600,799,1016.0,107.0,282.0,1258292.0,839588.0,810340.0,452540.0,232716.0,155530.0,617716.0,413018.0,400.0,1168.0,446729.0,1809.0,19935.444441273503
2023-01-09T00:00:00.000000,2265.0,1053,1212,1687.0,196.0,495.0,2050277.0,1309471.0,1206743.0,683594.0,455357.0,293824.0,959793.0,633082.0,711.0,1830.0,833132.0,3211.0,36421.60151123375
2023-01-10T00:00:00.000000,2384.0,1086,1298,1820.0,185.0,512.0,2118288.0,1342491.0,1179574.0,624925.0,398670.0,260612.0,969015.0,618193.0,717.0,1909.0,804875.0,3257.0,39140.50764142261
2023-01-11T00:00:00.000000,2480.0,1142,1338,1875.0,219.0,496.0,2224647.0,1428874.0,1373724.0,732801.0,470149.0,313152.0,970410.0,611828.0,697.0,2249.0,944504.0,3391.0,39438.274744777795
2023-01-12T00:00:00.000000,2460.0,1119,1341,1882.0,230.0,495.0,2266362.0,1456882.0,1315983.0,732778.0,518526.0,348706.0,996943.0,633359.0,704.0,2063.0,822844.0,3210.0,38088.104284939276
2023-01-13T00:00:00.000000,2142.0,979,1163,1601.0,184.0,456.0,1729289.0,1075660.0,1061063.0,575412.0,344055.0,209976.0,811836.0,514100.0,659.0,2760.0,1000970.0,2727.0,33246.89623668199
2023-01-14T00:00:00.000000,1228.0,541,687,910.0,83.0,246.0,1019456.0,656764.0,752267.0,433601.0,161595.0,112555.0,422753.0,256635.0,349.0,1625.0,481844.0,1514.0,17975.518677398166
2023-01-15T00:00:00.000000,1251.0,565,686,915.0,105.0,265.0,1135925.0,718977.0,709145.0,375514.0,242702.0,167124.0,473961.0,277881.0,371.0,1330.0,556124.0,1678.0,22414.4038734589
2023-01-16T00:00:00.000000,2085.0,949,1136,1634.0,207.0,423.0,1752802.0,1117660.0,1080236.0,551296.0,463251.0,301893.0,699697.0,428396.0,566.0,1611.0,769213.0,2746.0,36565.84535919336
2023-01-17T00:00:00.000000,2420.0,1115,1305,1791.0,202.0,526.0,2032855.0,1266995.0,1213834.0,636484.0,384342.0,238826.0,1015497.0,637999.0,757.0,2878.0,1042252.0,3045.0,44215.078714164294
2023-01-18T00:00:00.000000,2317.0,1054,1263,1790.0,194.0,445.0,2107466.0,1363562.0,1258637.0,696576.0,465964.0,320207.0,826604.0,518587.0,620.0,1956.0,959778.0,3075.0,34261.07223171491
2023-01-19T00:00:00.000000,2378.0,1080,1298,1925.0,218.0,462.0,2200487.0,1441634.0,1203575.0,671802.0,480927.0,319061.0,947447.0,613333.0,647.0,1930.0,755588.0,3212.0,37450.47532000423
2023-01-20T00:00:00.000000,2100.0,980,1120,1612.0,194.0,457.0,1910004.0,1226793.0,1079748.0,585184.0,347791.0,212216.0,958926.0,627087.0,668.0,1854.0,824110.0,2676.0,37083.4393208239
2023-01-21T00:00:00.000000,1276.0,583,693,943.0,98.0,290.0,1155198.0,736947.0,695645.0,372516.0,190905.0,105806.0,609531.0,403428.0,384.0,1190.0,392689.0,1681.0,22674.81120665384
2023-01-22T00:00:00.000000,1251.0,566,685,944.0,97.0,254.0,1156271.0,747109.0,693490.0,381417.0,222494.0,141509.0,510922.0,328249.0,349.0,1068.0,452586.0,1530.0,18583.73312501012
2023-01-23T00:00:00.000000,2117.0,970,1147,1643.0,198.0,416.0,1921461.0,1236872.0,1113822.0,585938.0,481573.0,326379.0,777701.0,484381.0,574.0,1648.0,737877.0,2668.0,31536.630626617083
2023-01-24T00:00:00.000000,2179.0,986,1191,1696.0,171.0,449.0,1808684.0,1117276.0,1118576.0,547320.0,376884.0,245163.0,792424.0,475996.0,625.0,1807.0,880569.0,2878.0,37743.284503492505
2023-01-25T00:00:00.000000,2307.0,1098,1209,1794.0,209.0,504.0,2044431.0,1257023.0,1184825.0,615456.0,395911.0,239434.0,927220.0,583242.0,699.0,1935.0,802717.0,3123.0,38617.85842351042
2023-01-26T00:00:00.000000,2182.0,987,1195,1692.0,183.0,457.0,2033592.0,1365005.0,1133991.0,634445.0,391571.0,260077.0,880938.0,575365.0,620.0,1793.0,725518.0,2677.0,29364.90993739188
2023-01-27T00:00:00.000000,2124.0,965,1159,1618.0,168.0,466.0,2087299.0,1379821.0,1102143.0,578362.0,479219.0,340121.0,983267.0,636025.0,644.0,1759.0,842364.0,2797.0,22881.01085719817
2023-01-28T00:00:00.000000,1162.0,497,665,900.0,97.0,229.0,1070628.0,708519.0,637039.0,323521.0,253373.0,176177.0,462430.0,289937.0,318.0,1284.0,533168.0,1366.0,21759.63003429974
2023-01-29T00:00:00.000000,1237.0,561,676,936.0,98.0,248.0,1175095.0,781775.0,708765.0,393839.0,221997.0,132527.0,521645.0,358698.0,358.0,905.0,444731.0,1604.0,18346.69872580887
2023-01-30T00:00:00.000000,2219.0,1007,1212,1696.0,184.0,465.0,2032630.0,1331752.0,1142289.0,623122.0,363747.0,235589.0,900014.0,575450.0,653.0,1524.0,695602.0,2974.0,27424.596486002894
2023-01-31T00:00:00.000000,2524.0,1120,1404,1814.0,199.0,506.0,2237945.0,1496522.0,1345620.0,742580.0,478849.0,345313.0,1018373.0,679178.0,767.0,2448.0,966028.0,3368.0,33789.78453384755
2023-02-01T00:00:00.000000,2381.0,1087,1294,1808.0,198.0,499.0,2043623.0,1289755.0,1119656.0,578437.0,409994.0,262862.0,934462.0,607817.0,720.0,2010.0,913849.0,2939.0,42415.8461868254
2023-02-02T00:00:00.000000,2257.0,1051,1206,1806.0,201.0,449.0,1940056.0,1225607.0,1096460.0,581590.0,393024.0,247647.0,840774.0,538266.0,629.0,1832.0,803864.0,2756.0,40388.048438809616
2023-02-03T00:00:00.000000,2201.0,955,1246,1635.0,175.0,432.0,1774754.0,1125563.0,1051863.0,546914.0,324727.0,201879.0,786037.0,492925.0,591.0,1669.0,710546.0,2953.0,32391.414250554728
2023-02-04T00:00:00.000000,1177.0,541,636,869.0,80.0,261.0,1048199.0,666030.0,663710.0,355283.0,201993.0,140609.0,474996.0,293802.0,359.0,858.0,391679.0,1568.0,19705.40369806402
2023-02-05T00:00:00.000000,1210.0,533,677,917.0,96.0,222.0,1137401.0,758802.0,706369.0,407039.0,246960.0,168912.0,502097.0,339813.0,302.0,1369.0,422124.0,1486.0,17820.519747930215
2023-02-06T00:00:00.000000,2069.0,958,1111,1606.0,178.0,415.0,1898430.0,1218947.0,966564.0,494265.0,384636.0,262847.0,807677.0,503472.0,554.0,1601.0,700931.0,2708.0,26252.887994243127
2023-02-07T00:00:00.000000,2276.0,1063,1213,1750.0,181.0,473.0,1922641.0,1168192.0,1139077.0,611625.0,372050.0,229761.0,841994.0,523000.0,630.0,1613.0,828753.0,2732.0,34951.43213488575
2023-02-08T00:00:00.000000,2407.0,1114,1293,1803.0,217.0,489.0,2073947.0,1268807.0,1163287.0,626334.0,453965.0,291068.0,867655.0,527451.0,687.0,1757.0,879471.0,3147.0,35266.23135690818
2023-02-09T00:00:00.000000,2265.0,1083,1182,1785.0,207.0,463.0,2048474.0,1278758.0,1083629.0,548644.0,459261.0,301535.0,831305.0,519937.0,646.0,1796.0,909643.0,2991.0,35906.392561741115
2023-02-10T00:00:00.000000,2090.0,994,1096,1585.0,196.0,454.0,1853184.0,1127100.0,1047505.0,567314.0,409947.0,253626.0,864659.0,531872.0,601.0,1762.0,809445.0,2701.0,29449.0549778257
2023-02-11T00:00:00.000000,1173.0,514,659,870.0,91.0,261.0,1028342.0,676425.0,645596.0,352155.0,196958.0,131286.0,531663.0,359371.0,356.0,948.0,358538.0,1451.0,18915.43105267643
2023-02-12T00:00:00.000000,1125.0,520,605,872.0,95.0,230.0,1096687.0,737680.0,573169.0,313499.0,243004.0,176473.0,427773.0,274959.0,311.0,925.0,397053.0,1390.0,14812.103489580919
2023-02-13T00:00:00.000000,1945.0,911,1034,1517.0,181.0,388.0,1699222.0,1081674.0,958017.0,518996.0,312371.0,184846.0,752026.0,481391.0,527.0,1605.0,566522.0,2480.0,33334.030959208794
2023-02-14T00:00:00.000000,2343.0,1065,1274,1666.0,193.0,475.0,1996188.0,1242317.0,1287055.0,738182.0,403725.0,244954.0,919362.0,609016.0,626.0,2151.0,1068962.0,3154.0,37393.3536050811
2023-02-15T00:00:00.000000,2212.0,1044,1167,1672.0,195.0,480.0,2033015.0,1305467.0,1154504.0,641380.0,349695.0,204780.0,985844.0,649550.0,656.0,1801.0,972316.0,2718.0,27981.371420608073
2023-02-16T00:00:00.000000,2291.0,1090,1201,1809.0,200.0,513.0,2111891.0,1364738.0,1079288.0,587251.0,386515.0,241720.0,1015439.0,688807.0,699.0,2120.0,829361.0,2881.0,32123.82234208131
2023-02-17T00:00:00.000000,2068.0,966,1102,1580.0,182.0,446.0,1977052.0,1304527.0,1069904.0,577949.0,405779.0,269766.0,877660.0,570859.0,588.0,1942.0,997961.0,2704.0,27536.370618776516
2023-02-18T00:00:00.000000,1206.0,508,694,874.0,91.0,248.0,1097428.0,729888.0,679089.0,362979.0,260070.0,180907.0,497082.0,322733.0,319.0,1225.0,419288.0,1401.0,17058.568591149666
2023-02-19T00:00:00.000000,1200.0,529,671,898.0,118.0,239.0,1096905.0,710226.0,627508.0,316454.0,249029.0,154615.0,473759.0,291065.0,311.0,987.0,425170.0,1537.0,18756.769698111977
2023-02-20T00:00:00.000000,1978.0,909,1069,1494.0,186.0,399.0,1782112.0,1155418.0,1021936.0,553641.0,405461.0,264034.0,757596.0,493088.0,531.0,1903.0,624047.0,2623.0,30039.11479113617
2023-02-21T00:00:00.000000,2137.0,1020,1117,1651.0,195.0,430.0,2019467.0,1277378.0,1034280.0,536388.0,435794.0,280733.0,818038.0,511379.0,616.0,1659.0,776341.0,2760.0,33466.83811551988
2023-02-22T00:00:00.000000,2316.0,1037,1279,1747.0,196.0,480.0,1968969.0,1243330.0,1206282.0,648771.0,399369.0,252799.0,924919.0,592065.0,678.0,1961.0,857229.0,2905.0,35210.972409230264
2023-02-23T00:00:00.000000,2218.0,1038,1180,1753.0,178.0,489.0,2043710.0,1303670.0,1118805.0,597441.0,379978.0,239035.0,998431.0,655923.0,672.0,1709.0,814565.0,2811.0,34942.45749156084
2023-02-24T00:00:00.000000,2056.0,912,1144,1525.0,168.0,417.0,1746110.0,1108353.0,1092840.0,581373.0,329962.0,201085.0,826611.0,540906.0,608.0,1679.0,764660.0,2497.0,32300.466151647728
2023-02-25T00:00:00.000000,1197.0,536,661,923.0,105.0,220.0,1085121.0,721815.0,654045.0,335145.0,244060.0,165201.0,446450.0,290099.0,296.0,1003.0,417490.0,1526.0,17393.79679358323
2023-02-26T00:00:00.000000,1122.0,521,601,854.0,100.0,225.0,1110471.0,740355.0,615082.0,323625.0,237192.0,164526.0,416809.0,262020.0,279.0,1618.0,1038490.0,1375.0,17869.542650015363
2023-02-27T00:00:00.000000,2014.0,975,1039,1552.0,175.0,435.0,1864654.0,1173653.0,1006004.0,540365.0,345965.0,206381.0,886855.0,586133.0,581.0,1458.0,786058.0,2653.0,34322.53864460826
2023-02-28T00:00:00.000000,2264.0,1041,1221,1674.0,213.0,454.0,1947925.0,1236578.0,1164055.0,610320.0,402433.0,244425.0,824378.0,517593.0,607.0,1853.0,926627.0,2857.0,40018.84678112386
2023-03-01T00:00:00.000000,2108.0,970,1138,1658.0,177.0,424.0,1744372.0,1049941.0,1093381.0,590953.0,341466.0,202076.0,765150.0,467752.0,563.0,1705.0,744391.0,2766.0,31136.409303088913
2023-03-02T00:00:00.000000,2199.0,1012,1187,1714.0,210.0,443.0,2083600.0,1350736.0,1126648.0,593264.0,578511.0,420882.0,837620.0,518056.0,621.0,1958.0,1284553.0,2929.0,29576.509243823915
2023-03-03T00:00:00.000000,2095.0,950,1145,1593.0,178.0,441.0,1888316.0,1206070.0,1142487.0,637489.0,424710.0,285620.0,899562.0,589405.0,618.0,1608.0,823716.0,2600.0,32936.41655606515
2023-03-04T00:00:00.000000,1172.0,516,656,867.0,101.0,242.0,1205155.0,836917.0,712617.0,403003.0,282320.0,203869.0,541094.0,365472.0,317.0,925.0,360860.0,1341.0,16675.568936369247
2023-03-05T00:00:00.000000,1184.0,525,659,872.0,110.0,232.0,1076865.0,712977.0,619722.0,318417.0,230068.0,153255.0,465854.0,311464.0,328.0,1092.0,639952.0,1511.0,19183.692922013845
2023-03-06T00:00:00.000000,1994.0,914,1080,1521.0,173.0,384.0,1783742.0,1145233.0,1081724.0,564560.0,426528.0,299149.0,732838.0,473137.0,539.0,1698.0,898386.0,2511.0,32948.171849823506
2023-03-07T00:00:00.000000,2115.0,1008,1107,1605.0,168.0,470.0,1985123.0,1295684.0,1177145.0,683461.0,375303.0,262520.0,922683.0,592523.0,646.0,1831.0,829278.0,2583.0,32149.832362371173
2023-03-08T00:00:00.000000,1923.0,936,987,1513.0,192.0,412.0,1920171.0,1216946.0,1017074.0,589611.0,407105.0,259098.0,902631.0,586608.0,549.0,1494.0,705322.0,2557.0,33822.81143829675
2023-03-09T00:00:00.000000,2214.0,1021,1193,1660.0,188.0,466.0,2079692.0,1359749.0,1218107.0,676813.0,393697.0,258150.0,864295.0,540101.0,684.0,2199.0,1086681.0,2898.0,37919.23786862719
2023-03-10T00:00:00.000000,2007.0,929,1078,1592.0,182.0,443.0,1977853.0,1263349.0,1023831.0,535519.0,378930.0,244311.0,1010964.0,654166.0,623.0,1794.0,866124.0,2461.0,31687.45565660346
2023-03-11T00:00:00.000000,1053.0,463,590,812.0,86.0,216.0,914926.0,589113.0,618609.0,338541.0,179850.0,115317.0,425317.0,268862.0,308.0,861.0,488152.0,1279.0,15194.713629036407
2023-03-12T00:00:00.000000,1134.0,498,636,862.0,116.0,214.0,1054084.0,690320.0,692448.0,389003.0,265264.0,178836.0,473554.0,314318.0,297.0,900.0,375344.0,1527.0,19654.911375333002
2023-03-13T00:00:00.000000,2016.0,859,1156,1526.0,165.0,372.0,1735228.0,1145813.0,1150531.0,652143.0,302563.0,190067.0,768961.0,515178.0,513.0,1515.0,806513.0,2627.0,23078.17802647322
2023-03-14T00:00:00.000000,2054.0,919,1133,1578.0,178.0,398.0,1690679.0,1046094.0,1106851.0,577447.0,346810.0,209569.0,709308.0,437484.0,554.0,1687.0,749798.0,2696.0,27064.941767967306
2023-03-15T00:00:00.000000,2304.0,1041,1263,1704.0,203.0,470.0,2088124.0,1362149.0,1219906.0,640243.0,425448.0,273669.0,1007143.0,683090.0,650.0,1976.0,924752.0,2887.0,35813.97167847126
2023-03-16T00:00:00.000000,2138.0,968,1170,1645.0,181.0,411.0,1892728.0,1227598.0,1251506.0,691841.0,438347.0,304679.0,767176.0,482940.0,566.0,1609.0,706171.0,2611.0,32132.173186812026
2023-03-17T00:00:00.000000,1869.0,842,1026,1500.0,166.0,366.0,1668129.0,1067114.0,1048573.0,573443.0,395107.0,267373.0,709554.0,443789.0,537.0,1553.0,715852.0,2289.0,27789.945787798213
2023-03-18T00:00:00.000000,1119.0,470,647,823.0,68.0,225.0,1025354.0,694169.0,732365.0,403289.0,172890.0,121066.0,472970.0,316618.0,331.0,992.0,434399.0,1312.0,16907.123294598547
2023-03-19T00:00:00.000000,1080.0,474,606,792.0,82.0,223.0,1038687.0,687506.0,628410.0,345288.0,156303.0,93596.0,462066.0,288523.0,324.0,875.0,438702.0,1210.0,14393.491319712377
2023-03-20T00:00:00.000000,1876.0,880,995,1482.0,184.0,370.0,1902862.0,1261725.0,997782.0,529689.0,418925.0,290541.0,824982.0,556750.0,520.0,1485.0,673525.0,2413.0,24677.6471081538
2023-03-21T00:00:00.000000,1918.0,887,1031,1505.0,177.0,405.0,1679044.0,1031698.0,975923.0,500477.0,341045.0,210570.0,734950.0,442882.0,549.0,1566.0,755672.0,2493.0,29825.28968486826
2023-03-22T00:00:00.000000,1912.0,900,1012,1516.0,170.0,388.0,1753092.0,1120098.0,944261.0,503135.0,341298.0,221622.0,730136.0,456599.0,533.0,1437.0,670028.0,2292.0,31459.967743555062
2023-03-23T00:00:00.000000,1960.0,943,1017,1500.0,188.0,415.0,1997957.0,1305146.0,1012836.0,570205.0,444765.0,304393.0,860970.0,557142.0,567.0,1460.0,744884.0,2599.0,26222.112267893386
2023-03-24T00:00:00.000000,1798.0,811,987,1381.0,150.0,359.0,1565647.0,998172.0,980962.0,551241.0,371357.0,256375.0,658680.0,397211.0,513.0,1382.0,740149.0,1989.0,25945.0800796998
2023-03-25T00:00:00.000000,1034.0,488,546,793.0,97.0,220.0,1032810.0,666837.0,534362.0,291946.0,230818.0,143263.0,468279.0,309440.0,302.0,856.0,394272.0,1334.0,17017.44058881898
2023-03-26T00:00:00.000000,1049.0,486,563,817.0,106.0,202.0,977597.0,622081.0,514807.0,256215.0,262265.0,182132.0,370401.0,227204.0,275.0,839.0,420902.0,1412.0,18825.743062176705
2023-03-27T00:00:00.000000,1857.0,849,1008,1468.0,157.0,375.0,1726806.0,1122625.0,931435.0,463316.0,367244.0,236459.0,769409.0,508068.0,510.0,1540.0,692420.0,2378.0,26184.62957877567
2023-03-28T00:00:00.000000,1977.0,930,1047,1567.0,180.0,402.0,1848303.0,1182911.0,1090352.0,569391.0,411184.0,270199.0,826260.0,530220.0,555.0,1377.0,772646.0,2421.0,28956.377390450296
2023-03-29T00:00:00.000000,2020.0,904,1116,1522.0,190.0,371.0,1879065.0,1219559.0,1035407.0,551049.0,409162.0,265581.0,760718.0,484682.0,545.0,1904.0,766050.0,2520.0,29587.699190490028
2023-03-30T00:00:00.000000,1911.0,873,1038,1457.0,176.0,394.0,1759508.0,1155399.0,990955.0,522556.0,399239.0,259249.0,745691.0,481866.0,537.0,2032.0,1020847.0,2497.0,26387.042470317494
2023-03-31T00:00:00.000000,1818.0,803,1015,1346.0,160.0,364.0,1647898.0,1057380.0,1014138.0,577475.0,311432.0,197884.0,738590.0,474207.0,539.0,1819.0,1302837.0,2323.0,25357.226052582544
2023-04-01T00:00:00.000000,1022.0,445,577,768.0,86.0,184.0,939661.0,628361.0,606712.0,342205.0,222124.0,158067.0,360952.0,230880.0,266.0,1087.0,486482.0,1243.0,16392.52903212744
2023-04-02T00:00:00.000000,930.0,432,498,730.0,86.0,200.0,964650.0,651885.0,529578.0,298565.0,209781.0,141743.0,462682.0,307810.0,283.0,749.0,311121.0,1183.0,14642.98729739832
2023-04-03T00:00:00.000000,1696.0,775,921,1277.0,146.0,365.0,1539598.0,996915.0,928797.0,522085.0,295522.0,188808.0,712562.0,467229.0,475.0,1698.0,657645.0,2346.0,24078.767025340643
2023-04-04T00:00:00.000000,1813.0,843,970,1380.0,155.0,378.0,1611793.0,1007942.0,944039.0,505506.0,295357.0,178223.0,761036.0,476414.0,519.0,1764.0,787740.0,2237.0,24975.875449638108
2023-04-05T00:00:00.000000,1850.0,871,979,1412.0,174.0,377.0,1783548.0,1148498.0,944473.0,508187.0,384775.0,262911.0,788685.0,508325.0,518.0,1749.0,767631.0,2415.0,21188.954972438227
2023-04-06T00:00:00.000000,1707.0,785,921,1362.0,150.0,342.0,1645904.0,1073410.0,859477.0,448541.0,304927.0,172400.0,693830.0,465179.0,505.0,1711.0,789807.0,2017.0,26425.10598801145
2023-04-07T00:00:00.000000,1402.0,615,787,1092.0,119.0,287.0,1338875.0,884914.0,772244.0,434205.0,266282.0,168276.0,594924.0,381234.0,410.0,1200.0,464280.0,1700.0,18900.959196063122
2023-04-08T00:00:00.000000,932.0,405,527,705.0,65.0,183.0,890668.0,603522.0,607374.0,360745.0,176523.0,116095.0,384956.0,260754.0,258.0,800.0,392523.0,1150.0,14346.886308420551
2023-04-09T00:00:00.000000,906.0,428,478,689.0,80.0,203.0,941455.0,641577.0,434519.0,232306.0,201425.0,146640.0,456399.0,309848.0,280.0,828.0,360919.0,1136.0,10941.788432036035
2023-04-10T00:00:00.000000,1284.0,604,680,1019.0,111.0,270.0,1254423.0,818092.0,685779.0,362991.0,302254.0,210226.0,555305.0,364498.0,371.0,1142.0,598253.0,1636.0,19206.29773406594
2023-04-11T00:00:00.000000,1607.0,739,868,1298.0,154.0,309.0,1555779.0,1028296.0,889495.0,475334.0,359481.0,242115.0,686153.0,460932.0,438.0,1260.0,649981.0,2172.0,20974.11623188788
2023-04-12T00:00:00.000000,1818.0,826,990,1440.0,193.0,357.0,1719207.0,1126436.0,924703.0,474376.0,484974.0,336619.0,662805.0,405729.0,496.0,1500.0,637280.0,2325.0,27802.825359180406
2023-04-13T00:00:00.000000,1789.0,880,909,1400.0,176.0,407.0,1683572.0,1066252.0,873627.0,452690.0,374144.0,238403.0,792843.0,507384.0,543.0,1389.0,731854.0,2439.0,32098.83467495725
2023-04-14T00:00:00.000000,1640.0,761,879,1255.0,152.0,347.0,1556403.0,1026077.0,894465.0,490047.0,309300.0,200588.0,738087.0,499774.0,465.0,1402.0,590719.0,2046.0,22019.80927198151
2023-04-15T00:00:00.000000,928.0,442,486,712.0,88.0,186.0,952463.0,621482.0,462083.0,239925.0,216223.0,138360.0,408789.0,282934.0,259.0,628.0,331982.0,1044.0,15650.341765685389
2023-04-16T00:00:00.000000,952.0,419,533,734.0,72.0,180.0,952642.0,656626.0,538969.0,273212.0,173935.0,116487.0,367628.0,243526.0,233.0,912.0,333987.0,1087.0,12322.87341815707
2023-04-17T00:00:00.000000,1632.0,778,854,1288.0,156.0,345.0,1596562.0,996358.0,852927.0,458279.0,385591.0,272663.0,685611.0,422510.0,469.0,1561.0,648250.0,2254.0,25345.562275374436
2023-04-18T00:00:00.000000,1816.0,809,1007,1405.0,162.0,359.0,1745826.0,1147387.0,969769.0,509610.0,429109.0,285355.0,772894.0,511488.0,483.0,1700.0,765567.0,2282.0,28156.60600497447
2023-04-19T00:00:00.000000,1881.0,863,1018,1390.0,151.0,392.0,1691218.0,1089530.0,1004084.0,533002.0,349476.0,230528.0,700523.0,434496.0,532.0,1591.0,769124.0,2253.0,25152.321307553146
2023-04-20T00:00:00.000000,1638.0,777,861,1316.0,167.0,335.0,1510571.0,965878.0,867115.0,484699.0,334468.0,204634.0,667174.0,442128.0,437.0,1601.0,654289.0,2060.0,22682.33992514257
2023-04-21T00:00:00.000000,1469.0,708,761,1153.0,149.0,285.0,1416804.0,894403.0,740171.0,416133.0,388178.0,267201.0,537160.0,328899.0,420.0,1339.0,772331.0,1873.0,20400.634933456746
2023-04-22T00:00:00.000000,806.0,372,434,619.0,72.0,161.0,820974.0,528801.0,478476.0,271416.0,170512.0,108816.0,339469.0,215040.0,212.0,564.0,268611.0,1015.0,10783.464341261417
2023-04-23T00:00:00.000000,809.0,390,419,638.0,72.0,162.0,899474.0,607706.0,367217.0,201523.0,190787.0,124153.0,354420.0,235345.0,214.0,699.0,411355.0,1032.0,12612.57677546593
2023-04-24T00:00:00.000000,1666.0,798,868,1277.0,180.0,325.0,1726087.0,1124220.0,840299.0,430953.0,441059.0,300515.0,681680.0,444210.0,457.0,1436.0,719643.0,2140.0,22349.706822529522
2023-04-25T00:00:00.000000,1675.0,821,852,1308.0,151.0,344.0,1616906.0,1006103.0,925354.0,515561.0,314046.0,208870.0,690292.0,429786.0,457.0,1424.0,794525.0,2338.0,11524.023454970174
2023-04-26T00:00:00.000000,1683.0,822,861,1317.0,154.0,363.0,1631836.0,1028174.0,807435.0,419080.0,352288.0,233577.0,708566.0,434350.0,482.0,1462.0,753968.0,2163.0,21912.76030360633
2023-04-27T00:00:00.000000,1651.0,770,877,1296.0,150.0,334.0,1615838.0,1027546.0,889146.0,454801.0,454315.0,331470.0,593808.0,340330.0,469.0,1237.0,591629.0,2054.0,20961.351136723522
2023-04-28T00:00:00.000000,1481.0,652,829,1149.0,129.0,294.0,1315810.0,827923.0,853468.0,452375.0,242018.0,150180.0,644253.0,410145.0,381.0,1370.0,478848.0,1937.0,22924.095084599598
2023-04-29T00:00:00.000000,853.0,379,474,623.0,67.0,179.0,858674.0,576150.0,524528.0,304610.0,159497.0,108946.0,403335.0,259130.0,226.0,639.0,269686.0,1118.0,12523.665656572975
2023-04-30T00:00:00.000000,908.0,365,542,640.0,50.0,164.0,904024.0,630822.0,632417.0,362866.0,158025.0,117186.0,375396.0,249372.0,229.0,790.0,340355.0,1028.0,11021.727978128978
2023-05-01T00:00:00.000000,1183.0,558,624,939.0,129.0,240.0,1256973.0,812366.0,607805.0,310299.0,282745.0,170595.0,598320.0,403314.0,305.0,1178.0,460298.0,1639.0,20422.459952028676
2023-05-02T00:00:00.000000,1641.0,771,870,1309.0,153.0,350.0,1532497.0,993305.0,870942.0,468905.0,339348.0,229349.0,741055.0,496877.0,475.0,1439.0,704218.0,2121.0,25654.145680881265
2023-05-03T00:00:00.000000,1663.0,793,870,1306.0,162.0,348.0,1499787.0,912971.0,894333.0,508355.0,326752.0,188952.0,675846.0,421636.0,485.0,1450.0,697341.0,2319.0,27284.33575870101
2023-05-04T00:00:00.000000,1682.0,769,913,1274.0,143.0,292.0,1646895.0,1031941.0,942687.0,512981.0,360528.0,216768.0,589409.0,365836.0,415.0,1584.0,729716.0,2233.0,20368.77285058902
2023-05-05T00:00:00.000000,1560.0,729,831,1166.0,145.0,325.0,1506795.0,952355.0,888924.0,446296.0,318963.0,209455.0,679735.0,427208.0,445.0,1404.0,604229.0,2120.0,22130.709227604344
2023-05-06T00:00:00.000000,814.0,358,456,625.0,60.0,169.0,740631.0,477378.0,455165.0,240438.0,155377.0,102190.0,321719.0,212260.0,237.0,952.0,300548.0,993.0,15028.989356198997
2023-05-07T00:00:00.000000,840.0,383,455,650.0,75.0,177.0,902234.0,615515.0,495018.0,280058.0,234101.0,174484.0,393112.0,261593.0,245.0,825.0,390601.0,1114.0,9524.068056001443
2023-05-08T00:00:00.000000,1444.0,656,788,1151.0,155.0,277.0,1363021.0,876931.0,794229.0,404486.0,356438.0,236368.0,534163.0,344021.0,393.0,1436.0,699485.0,2002.0,22688.270675995318
2023-05-09T00:00:00.000000,1690.0,796,892,1249.0,174.0,321.0,1778577.0,1172893.0,1008607.0,563789.0,393834.0,265797.0,729973.0,478349.0,451.0,1431.0,635465.0,2134.0,8090.033959827688
2023-05-10T00:00:00.000000,1673.0,756,917,1292.0,160.0,311.0,1716609.0,1173288.0,962978.0,539593.0,399230.0,271838.0,671259.0,455043.0,436.0,1347.0,499198.0,2050.0,21229.737925449623
2023-05-11T00:00:00.000000,1673.0,752,920,1337.0,164.0,325.0,1489518.0,927547.0,968669.0,524801.0,330346.0,204789.0,587423.0,349471.0,471.0,1632.0,707717.0,2135.0,23229.078597050244
2023-05-12T00:00:00.000000,1497.0,722,775,1192.0,142.0,304.0,1648369.0,1071425.0,770216.0,426381.0,397073.0,285936.0,656050.0,403733.0,424.0,1532.0,635599.0,2093.0,17495.48954620035
2023-05-13T00:00:00.000000,758.0,346,412,606.0,71.0,153.0,713087.0,444822.0,449411.0,242384.0,159020.0,98349.0,311900.0,192784.0,202.0,650.0,344812.0,941.0,9410.234525828337
2023-05-14T00:00:00.000000,843.0,401,442,654.0,79.0,177.0,864002.0,564679.0,447270.0,245747.0,199324.0,130213.0,382504.0,254285.0,239.0,689.0,423958.0,1220.0,16825.470619166383
2023-05-15T00:00:00.000000,1507.0,685,822,1175.0,149.0,285.0,1257036.0,791379.0,792945.0,408154.0,314757.0,200427.0,465315.0,277056.0,425.0,1502.0,651898.0,2116.0,20156.52613962453
2023-05-16T00:00:00.000000,1625.0,739,884,1293.0,165.0,301.0,1651318.0,1120757.0,940483.0,518361.0,477735.0,334775.0,677454.0,469852.0,414.0,1459.0,723282.0,2129.0,14046.494110588334
2023-05-17T00:00:00.000000,1705.0,767,938,1312.0,151.0,356.0,1526321.0,977691.0,909884.0,490090.0,338945.0,236068.0,698719.0,434361.0,505.0,1563.0,596202.0,2063.0,24927.521913910652
2023-05-18T00:00:00.000000,1512.0,722,790,1202.0,132.0,294.0,1458117.0,929005.0,769548.0,412599.0,287005.0,175587.0,573631.0,367205.0,412.0,1251.0,521498.0,1967.0,18173.509972053234
2023-05-19T00:00:00.000000,1353.0,637,716,1080.0,152.0,270.0,1271064.0,818510.0,698842.0,339731.0,352056.0,237372.0,503078.0,325866.0,361.0,1310.0,641879.0,1776.0,21557.268440620952
2023-05-20T00:00:00.000000,805.0,351,454,628.0,72.0,139.0,762707.0,498661.0,533099.0,321005.0,194774.0,130416.0,265542.0,174348.0,186.0,723.0,261224.0,963.0,11972.618984989293
2023-05-21T00:00:00.000000,792.0,342,450,571.0,59.0,151.0,782210.0,539870.0,464549.0,227270.0,173222.0,132673.0,317015.0,201222.0,202.0,557.0,247279.0,1025.0,11822.612526197981
2023-05-22T00:00:00.000000,1507.0,703,804,1236.0,130.0,317.0,1433860.0,906150.0,796970.0,402736.0,297873.0,202246.0,661321.0,423096.0,440.0,1309.0,921762.0,2007.0,19269.45167218509
2023-05-23T00:00:00.000000,1595.0,734,861,1269.0,137.0,326.0,1521005.0,989246.0,905704.0,454291.0,314566.0,220770.0,666543.0,424096.0,480.0,1237.0,623036.0,2089.0,21725.870311817172
2023-05-24T00:00:00.000000,1640.0,751,889,1287.0,148.0,318.0,1592289.0,1042829.0,852094.0,436714.0,411679.0,293040.0,630162.0,401598.0,437.0,1512.0,578993.0,2074.0,23938.0105225977
2023-05-25T00:00:00.000000,1582.0,712,870,1253.0,149.0,304.0,1390309.0,861236.0,858666.0,443658.0,308805.0,196631.0,583756.0,358493.0,426.0,1189.0,535966.0,1974.0,21104.93216800838
2023-05-26T00:00:00.000000,1500.0,653,847,1126.0,137.0,288.0,1452023.0,975408.0,852982.0,448582.0,391302.0,289380.0,660908.0,449258.0,389.0,1152.0,556354.0,1929.0,15163.063369184938
2023-05-27T00:00:00.000000,832.0,376,456,647.0,75.0,154.0,707989.0,436084.0,438865.0,226788.0,207732.0,150030.0,264959.0,161449.0,213.0,599.0,322271.0,1014.0,14473.492165199892
2023-05-28T00:00:00.000000,785.0,351,434,600.0,82.0,158.0,765284.0,482165.0,437131.0,234892.0,183386.0,117086.0,324830.0,207990.0,204.0,506.0,314255.0,958.0,12808.407238357298
2023-05-29T00:00:00.000000,1212.0,568,644,958.0,106.0,248.0,1161024.0,752737.0,671503.0,356369.0,254146.0,174813.0,506865.0,319357.0,338.0,862.0,417557.0,1589.0,15209.734034081725
2023-05-30T00:00:00.000000,1471.0,663,808,1157.0,136.0,273.0,1363062.0,836578.0,896739.0,477290.0,270289.0,166570.0,558127.0,332467.0,357.0,1099.0,470311.0,1971.0,20602.357995265796
2023-05-31T00:00:00.000000,1626.0,708,918,1265.0,162.0,313.0,1419737.0,916575.0,926618.0,513053.0,354078.0,239624.0,595418.0,368934.0,428.0,1098.0,456343.0,2150.0,21028.863597422584
2023-06-01T00:00:00.000000,1539.0,675,864,1227.0,131.0,290.0,1391908.0,895998.0,830466.0,418725.0,263931.0,156765.0,651237.0,435171.0,406.0,1139.0,546252.0,1846.0,22744.447358853213
2023-06-02T00:00:00.000000,1282.0,611,671,1067.0,127.0,272.0,1155754.0,718831.0,648427.0,331938.0,245134.0,149732.0,524960.0,334200.0,358.0,1005.0,452960.0,1663.0,17001.386292765666
2023-06-03T00:00:00.000000,648.0,276,372,513.0,61.0,113.0,663493.0,431255.0,435536.0,233017.0,168367.0,113253.0,260188.0,163612.0,147.0,496.0,238080.0,780.0,7633.960338099344
2023-06-04T00:00:00.000000,709.0,347,362,539.0,72.0,155.0,802447.0,542210.0,361048.0,176004.0,189980.0,125713.0,375878.0,258675.0,206.0,547.0,336966.0,984.0,14279.662747488048
2023-06-05T00:00:00.000000,1328.0,623,705,1070.0,129.0,256.0,1265859.0,792635.0,696181.0,351817.0,280087.0,171548.0,508179.0,321435.0,354.0,974.0,460872.0,1784.0,25041.60425522077
2023-06-06T00:00:00.000000,1533.0,711,822,1236.0,164.0,285.0,1538410.0,982665.0,830262.0,419860.0,412314.0,260161.0,635537.0,423639.0,405.0,1325.0,625128.0,2027.0,18553.028477206655
2023-06-07T00:00:00.000000,1645.0,724,921,1275.0,143.0,290.0,1547957.0,1034366.0,897988.0,474943.0,387910.0,280759.0,564205.0,359810.0,390.0,1070.0,654580.0,2114.0,23640.476404104837
2023-06-08T00:00:00.000000,1534.0,676,858,1211.0,147.0,286.0,1391988.0,914259.0,850780.0,468966.0,323360.0,222245.0,580679.0,371183.0,397.0,1242.0,577453.0,1902.0,19379.862117790697
2023-06-09T00:00:00.000000,1321.0,629,692,1075.0,139.0,272.0,1287036.0,818260.0,675092.0,354283.0,309288.0,209291.0,517116.0,309332.0,354.0,1167.0,439446.0,1850.0,19119.175347505785
2023-06-10T00:00:00.000000,798.0,374,424,600.0,68.0,164.0,759318.0,495614.0,472603.0,273070.0,163834.0,119131.0,324710.0,203852.0,244.0,663.0,385036.0,1018.0,10933.520371528048
2023-06-11T00:00:00.000000,789.0,360,429,613.0,77.0,155.0,630132.0,376036.0,456515.0,234802.0,127963.0,73660.0,270830.0,161752.0,219.0,626.0,265033.0,1047.0,15648.248364365738
2023-06-12T00:00:00.000000,1395.0,673,720,1154.0,169.0,248.0,1392373.0,895099.0,771161.0,386863.0,376864.0,246015.0,476756.0,302399.0,356.0,1333.0,545957.0,1916.0,19337.46542669012
2023-06-13T00:00:00.000000,1498.0,687,811,1178.0,131.0,297.0,1446412.0,924698.0,804797.0,438758.0,360257.0,255843.0,613232.0,384725.0,406.0,1162.0,574111.0,1968.0,26158.633233413566
2023-06-14T00:00:00.000000,1591.0,764,825,1266.0,182.0,323.0,1557036.0,983641.0,823531.0,430126.0,424513.0,281743.0,619847.0,395031.0,411.0,1308.0,502866.0,2073.0,20769.532356764823
2023-06-15T00:00:00.000000,1446.0,655,791,1112.0,144.0,242.0,1276565.0,820279.0,785570.0,421496.0,321191.0,219651.0,455176.0,290177.0,343.0,1234.0,496587.0,1796.0,16153.672931411424
2023-06-16T00:00:00.000000,1430.0,653,777,1117.0,134.0,282.0,1248193.0,788716.0,772809.0,414657.0,239462.0,151060.0,595156.0,393445.0,403.0,1071.0,446515.0,1878.0,22458.14837175379
2023-06-17T00:00:00.000000,712.0,298,414,554.0,40.0,129.0,657774.0,426520.0,478921.0,268154.0,93196.0,63350.0,266356.0,157316.0,188.0,540.0,238307.0,970.0,11060.338427125314
2023-06-18T00:00:00.000000,788.0,342,446,604.0,78.0,144.0,740379.0,500749.0,458544.0,233801.0,205172.0,136249.0,280079.0,191241.0,201.0,725.0,333309.0,1024.0,12771.09658770131
2023-06-19T00:00:00.000000,1396.0,649,747,1067.0,134.0,279.0,1471518.0,973367.0,752862.0,412556.0,319111.0,216955.0,668925.0,451304.0,380.0,1003.0,433357.0,1936.0,18887.399081139065
2023-06-20T00:00:00.000000,1555.0,680,875,1188.0,166.0,290.0,1578751.0,1086626.0,798698.0,390106.0,450865.0,313940.0,654090.0,453210.0,394.0,1131.0,518227.0,1999.0,24172.79544103938
2023-06-21T00:00:00.000000,1578.0,734,844,1222.0,153.0,321.0,1655654.0,1117567.0,781810.0,414167.0,368505.0,241987.0,697065.0,454001.0,442.0,1249.0,474098.0,2042.0,19121.284488434812
2023-06-22T00:00:00.000000,1629.0,735,894,1302.0,161.0,323.0,1441217.0,887740.0,936045.0,503111.0,339308.0,210945.0,636248.0,402568.0,469.0,1309.0,686241.0,2115.0,28064.10307118474
2023-06-23T00:00:00.000000,1455.0,664,791,1092.0,134.0,282.0,1351675.0,853985.0,804877.0,442544.0,293087.0,192205.0,610510.0,388507.0,398.0,1038.0,742549.0,1744.0,18552.213945230596
2023-06-24T00:00:00.000000,716.0,321,394,545.0,74.0,136.0,727968.0,509253.0,402341.0,230695.0,207216.0,150828.0,285512.0,195053.0,201.0,537.0,302548.0,939.0,9221.419615476452
2023-06-25T00:00:00.000000,721.0,317,404,557.0,69.0,141.0,658675.0,425919.0,392209.0,208299.0,149079.0,103753.0,278639.0,169662.0,200.0,587.0,269676.0,924.0,12046.242188782455
2023-06-26T00:00:00.000000,1434.0,680,754,1109.0,152.0,295.0,1377484.0,886955.0,663078.0,336731.0,292578.0,177343.0,618517.0,410599.0,397.0,1208.0,539184.0,2162.0,18068.38264284145
2023-06-27T00:00:00.000000,1552.0,694,858,1204.0,151.0,313.0,1636129.0,1142640.0,844873.0,462494.0,340031.0,231194.0,792495.0,562902.0,430.0,1162.0,525105.0,2138.0,15222.157695619053
2023-06-28T00:00:00.000000,1560.0,727,833,1207.0,153.0,295.0,1650456.0,1104175.0,820652.0,426453.0,350695.0,234841.0,654073.0,423531.0,432.0,1394.0,714149.0,2095.0,21516.825541775597
2023-06-29T00:00:00.000000,1557.0,708,849,1189.0,143.0,298.0,1482812.0,949161.0,754690.0,382883.0,321806.0,212860.0,649254.0,422496.0,411.0,1481.0,596431.0,2110.0,22744.847864148196
2023-06-30T00:00:00.000000,1348.0,612,736,1033.0,131.0,268.0,1211410.0,771526.0,734316.0,366620.0,292049.0,191803.0,549236.0,366003.0,382.0,901.0,473517.0,1708.0,19561.508207569772
2023-07-01T00:00:00.000000,732.0,311,421,547.0,63.0,134.0,693933.0,457077.0,404357.0,224134.0,131771.0,85609.0,320822.0,218999.0,177.0,648.0,266882.0,939.0,13267.33496930652
2023-07-02T00:00:00.000000,749.0,317,431,563.0,86.0,119.0,736416.0,482263.0,474145.0,270910.0,177726.0,107320.0,286260.0,186473.0,148.0,570.0,200360.0,1017.0,10830.446466435234
2023-07-03T00:00:00.000000,1376.0,626,749,1115.0,142.0,268.0,1275274.0,805844.0,771044.0,430851.0,312419.0,198666.0,486793.0,290064.0,358.0,1043.0,434305.0,1803.0,19948.753362415384
2023-07-04T00:00:00.000000,1399.0,651,748,1101.0,142.0,273.0,1388717.0,896137.0,712507.0,354969.0,348165.0,230673.0,512029.0,327066.0,385.0,976.0,510015.0,1848.0,20782.681239343718
2023-07-05T00:00:00.000000,1524.0,689,835,1182.0,145.0,293.0,1365310.0,887802.0,891790.0,496985.0,337522.0,230349.0,589919.0,388916.0,384.0,1230.0,540629.0,2113.0,24110.2509324794
2023-07-06T00:00:00.000000,1500.0,718,782,1199.0,166.0,292.0,1463000.0,931425.0,811364.0,446535.0,378960.0,238985.0,579073.0,368360.0,401.0,1347.0,574310.0,2033.0,23306.904097789626
2023-07-07T00:00:00.000000,1389.0,654,735,1080.0,134.0,278.0,1386021.0,914418.0,700229.0,360310.0,289667.0,196381.0,634976.0,425630.0,383.0,1020.0,397636.0,1756.0,20912.497524361035
2023-07-08T00:00:00.000000,828.0,366,462,627.0,68.0,139.0,810526.0,543224.0,496398.0,265437.0,185680.0,125614.0,304421.0,204404.0,182.0,866.0,247282.0,1048.0,14999.455761434156
2023-07-09T00:00:00.000000,826.0,372,454,633.0,74.0,159.0,952089.0,693985.0,526430.0,317322.0,182167.0,128272.0,430563.0,311172.0,225.0,735.0,254909.0,1105.0,11027.684561717822
2023-07-10T00:00:00.000000,1478.0,661,813,1104.0,143.0,273.0,1531434.0,1049997.0,755237.0,399064.0,396663.0,284524.0,601882.0,405534.0,378.0,1011.0,476694.0,1989.0,5814.863800041573
2023-07-11T00:00:00.000000,1624.0,696,923,1215.0,155.0,303.0,1515405.0,993703.0,904090.0,471147.0,396595.0,261494.0,577800.0,346483.0,419.0,1194.0,412849.0,2086.0,21489.412266504565
2023-07-12T00:00:00.000000,1543.0,725,818,1200.0,148.0,323.0,1596750.0,1060340.0,822824.0,472794.0,332505.0,213109.0,751460.0,515714.0,439.0,1204.0,523107.0,2182.0,17450.545553070722
2023-07-13T00:00:00.000000,1568.0,725,843,1267.0,147.0,298.0,1554887.0,1008921.0,872563.0,463962.0,287092.0,185892.0,666055.0,427724.0,399.0,1255.0,584231.0,2117.0,26015.847179434793
2023-07-14T00:00:00.000000,1435.0,662,773,1100.0,157.0,266.0,1341432.0,840222.0,768564.0,408309.0,340703.0,218401.0,489081.0,288672.0,355.0,1041.0,514999.0,1823.0,23892.858935839577
2023-07-15T00:00:00.000000,802.0,353,447,612.0,74.0,153.0,758638.0,494770.0,448251.0,225124.0,169801.0,105633.0,309227.0,203491.0,208.0,594.0,240747.0,1031.0,12250.251126555491
2023-07-16T00:00:00.000000,765.0,357,407,616.0,76.0,159.0,878315.0,619829.0,431000.0,243552.0,146586.0,94193.0,351954.0,234988.0,214.0,709.0,251992.0,952.0,11864.724305307282
2023-07-17T00:00:00.000000,1373.0,643,730,1101.0,126.0,265.0,1312653.0,838760.0,678294.0,335181.0,286530.0,174821.0,519439.0,333255.0,361.0,1145.0,484266.0,1826.0,17621.35900677385
2023-07-18T00:00:00.000000,1569.0,749,820,1217.0,157.0,306.0,1528394.0,993606.0,839271.0,484962.0,375704.0,249494.0,669012.0,442533.0,404.0,1021.0,470969.0,2121.0,22756.116502828918
2023-07-19T00:00:00.000000,1641.0,757,884,1286.0,186.0,306.0,1608840.0,1054899.0,906706.0,469701.0,397412.0,254969.0,688874.0,461784.0,416.0,1470.0,640828.0,2115.0,21539.98429279342
2023-07-20T00:00:00.000000,1501.0,708,791,1154.0,143.0,325.0,1466149.0,942001.0,755411.0,413074.0,287348.0,180106.0,693977.0,449587.0,486.0,1475.0,710270.0,2018.0,19997.14373348094
2023-07-21T00:00:00.000000,1315.0,582,733,1034.0,126.0,261.0,1276964.0,845480.0,685496.0,346423.0,360733.0,258853.0,531328.0,339510.0,343.0,1062.0,385941.0,1824.0,16326.128465714115
2023-07-22T00:00:00.000000,718.0,310,408,555.0,67.0,127.0,723759.0,480577.0,417645.0,240147.0,210305.0,146025.0,287439.0,193625.0,177.0,670.0,249055.0,932.0,7572.308614174617
2023-07-23T00:00:00.000000,790.0,360,430,585.0,65.0,152.0,792109.0,497044.0,427570.0,239101.0,177044.0,97731.0,311013.0,202021.0,202.0,695.0,309287.0,980.0,10255.260194019229
2023-07-24T00:00:00.000000,1393.0,662,731,1105.0,153.0,269.0,1526018.0,1017225.0,723268.0,394998.0,341346.0,212482.0,570558.0,376400.0,360.0,995.0,388212.0,1864.0,17813.798440912826
2023-07-25T00:00:00.000000,1610.0,755,853,1232.0,164.0,338.0,1552636.0,1000363.0,860373.0,472524.0,335435.0,208855.0,754472.0,508283.0,466.0,1338.0,570145.0,2244.0,26577.297021308463
2023-07-26T00:00:00.000000,1634.0,721,911,1268.0,151.0,301.0,1631084.0,1097934.0,914538.0,487768.0,365238.0,247779.0,635655.0,419103.0,399.0,1264.0,594834.0,2142.0,20435.003867417163
2023-07-27T00:00:00.000000,1506.0,705,801,1156.0,143.0,308.0,1424021.0,900439.0,768295.0,389311.0,296411.0,184231.0,652369.0,418924.0,413.0,1242.0,547489.0,1992.0,18731.5035822695
2023-07-28T00:00:00.000000,1353.0,615,738,1041.0,126.0,289.0,1272385.0,799006.0,757218.0,404691.0,317271.0,215420.0,564515.0,347104.0,397.0,919.0,359707.0,1665.0,20541.269557618354
2023-07-29T00:00:00.000000,750.0,324,426,570.0,72.0,137.0,729045.0,498999.0,433966.0,228675.0,185174.0,137890.0,263158.0,158959.0,188.0,587.0,209223.0,858.0,9839.116973636845
2023-07-30T00:00:00.000000,694.0,292,402,555.0,52.0,140.0,663661.0,441198.0,435923.0,228020.0,141770.0,95606.0,284387.0,180122.0,190.0,581.0,260467.0,877.0,11479.05187300176
2023-07-31T00:00:00.000000,1379.0,639,740,1110.0,131.0,255.0,1425311.0,926427.0,675777.0,310467.0,296515.0,190418.0,530050.0,327141.0,341.0,963.0,431668.0,1824.0,13000.156450717604
2023-08-01T00:00:00.000000,1502.0,681,821,1178.0,144.0,292.0,1451172.0,917104.0,875361.0,455974.0,309537.0,196148.0,625204.0,380035.0,396.0,1338.0,517119.0,2056.0,19252.933430829795
2023-08-02T00:00:00.000000,1542.0,670,872,1183.0,152.0,260.0,1482212.0,953987.0,946776.0,518663.0,381432.0,258019.0,524665.0,328225.0,378.0,1166.0,433082.0,2114.0,15277.19465685723
2023-08-03T00:00:00.000000,1471.0,666,803,1171.0,135.0,283.0,1486497.0,974884.0,805321.0,429742.0,296554.0,184483.0,633824.0,428190.0,369.0,1157.0,504010.0,2026.0,19533.206745178013
2023-08-04T00:00:00.000000,1383.0,618,765,1049.0,122.0,268.0,1311419.0,850927.0,770055.0,373719.0,315097.0,209747.0,524365.0,323569.0,356.0,1098.0,429028.0,1929.0,20675.426480649126
2023-08-05T00:00:00.000000,661.0,307,354,529.0,75.0,129.0,693289.0,448678.0,415555.0,229242.0,202300.0,140049.0,289959.0,183995.0,237.0,743.0,805283.0,820.0,9231.647044497418
2023-08-06T00:00:00.000000,692.0,325,367,534.0,66.0,133.0,706741.0,470856.0,398563.0,210517.0,167398.0,116026.0,281741.0,184224.0,179.0,491.0,182106.0,837.0,11358.458622718119
2023-08-07T00:00:00.000000,1380.0,649,731,1072.0,131.0,281.0,1383955.0,910854.0,702815.0,359907.0,328809.0,225865.0,527000.0,316355.0,383.0,1031.0,498882.0,2021.0,17732.60716479308
2023-08-08T00:00:00.000000,1497.0,686,810,1172.0,141.0,302.0,1527809.0,1014504.0,798028.0,413474.0,348237.0,240307.0,634550.0,398050.0,404.0,1003.0,540638.0,1888.0,21179.314963141343
2023-08-09T00:00:00.000000,1455.0,645,810,1147.0,128.0,276.0,1331306.0,846621.0,805882.0,398879.0,234350.0,136151.0,578612.0,388812.0,393.0,1123.0,504749.0,1804.0,20799.36095403923
2023-08-10T00:00:00.000000,1485.0,678,807,1142.0,142.0,295.0,1511438.0,1001920.0,796677.0,415862.0,391365.0,277310.0,647608.0,427815.0,417.0,999.0,442447.0,1772.0,16157.965507743325
2023-08-11T00:00:00.000000,1254.0,584,670,1006.0,113.0,272.0,1297276.0,858098.0,743982.0,401347.0,250388.0,161076.0,613778.0,393378.0,392.0,841.0,421136.0,1592.0,13261.888842441524
2023-08-12T00:00:00.000000,703.0,311,392,542.0,62.0,143.0,671135.0,435225.0,408727.0,217438.0,146719.0,93766.0,326494.0,221219.0,187.0,665.0,165989.0,883.0,9144.728000604488
2023-08-13T00:00:00.000000,713.0,305,408,555.0,68.0,139.0,655541.0,419453.0,387970.0,211719.0,197938.0,141346.0,290609.0,178387.0,193.0,626.0,184203.0,885.0,8865.076833942794
2023-08-14T00:00:00.000000,1281.0,573,708,1009.0,109.0,236.0,1146805.0,720782.0,663290.0,350110.0,214882.0,134430.0,512965.0,333249.0,344.0,1143.0,443516.0,1516.0,16122.997433688459
2023-08-15T00:00:00.000000,1242.0,583,659,996.0,129.0,248.0,1334830.0,876635.0,663852.0,352274.0,326320.0,227237.0,549890.0,338902.0,353.0,911.0,441785.0,1700.0,17702.32460992188
2023-08-16T00:00:00.000000,1321.0,597,724,1056.0,112.0,247.0,1199776.0,776066.0,699631.0,382472.0,224594.0,142796.0,515665.0,333074.0,360.0,906.0,394623.0,1671.0,15780.2970807281
2023-08-17T00:00:00.000000,1608.0,736,872,1182.0,135.0,340.0,1528405.0,954844.0,862588.0,466171.0,274560.0,167100.0,720078.0,458079.0,476.0,1164.0,507685.0,2057.0,22360.945855126385
2023-08-18T00:00:00.000000,1324.0,613,711,977.0,134.0,240.0,1177778.0,720973.0,719781.0,356170.0,233261.0,124455.0,420200.0,247790.0,313.0,941.0,459383.0,1772.0,19804.792566245902
2023-08-19T00:00:00.000000,717.0,312,404,562.0,55.0,143.0,686036.0,434124.0,362691.0,163783.0,144390.0,103608.0,292168.0,189305.0,188.0,499.0,255755.0,860.0,11657.503065655914
2023-08-20T00:00:00.000000,710.0,323,387,558.0,62.0,143.0,692357.0,435233.0,383939.0,202422.0,156147.0,103902.0,291906.0,194645.0,199.0,556.0,280811.0,985.0,11459.486775958487
2023-08-21T00:00:00.000000,1304.0,643,661,1040.0,133.0,274.0,1366821.0,859452.0,735271.0,406602.0,328237.0,220329.0,529622.0,324747.0,378.0,1295.0,562503.0,1743.0,12631.925247757465
2023-08-22T00:00:00.000000,1413.0,637,776,1127.0,152.0,237.0,1374746.0,893698.0,757544.0,400187.0,348863.0,226141.0,502385.0,322172.0,355.0,1454.0,492961.0,1978.0,17573.866335726758
2023-08-23T00:00:00.000000,1464.0,650,814,1156.0,128.0,262.0,1416042.0,909776.0,851466.0,453821.0,374414.0,257319.0,499281.0,308530.0,378.0,1276.0,658488.0,1945.0,16565.17593917599
2023-08-24T00:00:00.000000,1441.0,608,831,1059.0,111.0,267.0,1179860.0,759177.0,815962.0,449732.0,239972.0,163865.0,496295.0,317494.0,411.0,988.0,519527.0,1887.0,16553.957830470314
2023-08-25T00:00:00.000000,1362.0,588,774,1054.0,137.0,240.0,1193342.0,752607.0,749581.0,406882.0,260786.0,155249.0,532620.0,343912.0,335.0,995.0,358932.0,1915.0,16792.948404557512
2023-08-26T00:00:00.000000,714.0,295,419,537.0,60.0,130.0,688498.0,454445.0,409831.0,219462.0,140385.0,86464.0,312287.0,213416.0,196.0,437.0,218141.0,843.0,12010.240223448345
2023-08-27T00:00:00.000000,691.0,317,371,561.0,63.0,135.0,686870.0,452397.0,416485.0,237441.0,137617.0,83700.0,300504.0,200680.0,183.0,592.0,192877.0,807.0,9047.438001312274
2023-08-28T00:00:00.000000,1279.0,589,687,1004.0,135.0,246.0,1211913.0,794163.0,674007.0,360825.0,261945.0,149779.0,511484.0,353455.0,334.0,1021.0,378407.0,1778.0,11398.401241656311
2023-08-29T00:00:00.000000,1396.0,640,756,1093.0,136.0,269.0,1348890.0,888328.0,716220.0,367600.0,399840.0,291946.0,535024.0,352245.0,382.0,1086.0,495209.0,1725.0,19087.920594592975
2023-08-30T00:00:00.000000,1385.0,641,744,1106.0,148.0,262.0,1274560.0,814010.0,822184.0,476044.0,307745.0,191649.0,475783.0,305692.0,344.0,1057.0,426172.0,1788.0,17537.036922642546
2023-08-31T00:00:00.000000,1388.0,630,758,1068.0,119.0,287.0,1388014.0,876139.0,783042.0,409400.0,308047.0,203652.0,619157.0,390824.0,386.0,1023.0,404216.0,1846.0,22164.555112078586
2023-09-01T00:00:00.000000,1225.0,538,687,961.0,105.0,235.0,1073129.0,684132.0,716606.0,368729.0,246978.0,165752.0,433310.0,257935.0,339.0,995.0,495329.0,1492.0,16310.689368113075
2023-09-02T00:00:00.000000,740.0,322,418,562.0,59.0,149.0,780336.0,539857.0,449206.0,241207.0,128384.0,87878.0,398346.0,280836.0,199.0,709.0,264138.0,861.0,7825.366596800441
2023-09-03T00:00:00.000000,701.0,286,415,509.0,66.0,118.0,683395.0,463900.0,428477.0,217775.0,157529.0,105953.0,312229.0,218662.0,170.0,465.0,233103.0,923.0,12653.854766126025
2023-09-04T00:00:00.000000,1155.0,526,629,903.0,111.0,221.0,1066833.0,677762.0,579519.0,292839.0,266678.0,171175.0,422805.0,266353.0,304.0,735.0,308483.0,1503.0,17588.63637327123
2023-09-05T00:00:00.000000,1244.0,593,650,1020.0,151.0,234.0,1304537.0,853208.0,708387.0,410673.0,313797.0,194927.0,504072.0,332573.0,321.0,984.0,432906.0,1792.0,16054.922153904867
2023-09-06T00:00:00.000000,1401.0,656,745,1084.0,128.0,297.0,1418293.0,902252.0,760609.0,395688.0,295051.0,194247.0,664734.0,422766.0,411.0,1402.0,528238.0,1913.0,17783.94150294993
2023-09-07T00:00:00.000000,1320.0,618,702,1103.0,131.0,262.0,1279370.0,825124.0,729934.0,388302.0,342596.0,235327.0,506322.0,318592.0,359.0,998.0,410252.0,1688.0,16583.61451209221
2023-09-08T00:00:00.000000,1212.0,557,655,967.0,112.0,248.0,1038272.0,636185.0,653218.0,335585.0,208901.0,127795.0,455899.0,277243.0,323.0,841.0,333505.0,1618.0,20108.076324371876
2023-09-09T00:00:00.000000,657.0,282,375,509.0,47.0,124.0,653378.0,442144.0,406045.0,223785.0,156755.0,117835.0,284084.0,184313.0,171.0,428.0,180757.0,789.0,10247.531093235275
2023-09-10T00:00:00.000000,645.0,306,339,514.0,59.0,127.0,717745.0,467528.0,404223.0,218050.0,135257.0,82114.0,327887.0,227029.0,152.0,471.0,165493.0,796.0,9692.093255791733
2023-09-11T00:00:00.000000,1159.0,531,628,946.0,105.0,227.0,1044690.0,637812.0,666208.0,345240.0,216813.0,127059.0,420609.0,250625.0,301.0,814.0,314438.0,1576.0,12533.501321291762
2023-09-12T00:00:00.000000,1347.0,548,798,1078.0,132.0,229.0,1189019.0,788305.0,734921.0,374912.0,282040.0,188205.0,465541.0,288729.0,303.0,927.0,400033.0,1575.0,19164.22626672102
2023-09-13T00:00:00.000000,1335.0,624,709,1063.0,120.0,291.0,1389366.0,914417.0,668437.0,356224.0,261401.0,164648.0,596843.0,371176.0,401.0,1039.0,499400.0,1887.0,18727.14364433044
2023-09-14T00:00:00.000000,1354.0,624,730,1069.0,127.0,259.0,1379437.0,885626.0,699503.0,377917.0,312457.0,193658.0,543519.0,338767.0,353.0,845.0,564647.0,1786.0,18688.20380755933
2023-09-15T00:00:00.000000,1240.0,571,668,965.0,115.0,233.0,1177007.0,745573.0,618389.0,300762.0,273043.0,185071.0,455724.0,279088.0,300.0,1041.0,336467.0,1634.0,14941.175469581398
2023-09-16T00:00:00.000000,680.0,284,396,530.0,69.0,122.0,586199.0,362263.0,415126.0,208795.0,150103.0,87243.0,254927.0,162634.0,165.0,495.0,133172.0,922.0,9686.62584842609
2023-09-17T00:00:00.000000,639.0,289,350,493.0,60.0,124.0,566305.0,359304.0,397782.0,224016.0,115702.0,69611.0,250345.0,162500.0,176.0,413.0,248409.0,898.0,10649.393793648544
2023-09-18T00:00:00.000000,1237.0,570,667,969.0,120.0,236.0,1199873.0,756653.0,556220.0,276567.0,285390.0,183336.0,503389.0,327327.0,324.0,850.0,373776.0,1612.0,18090.62710545116
2023-09-19T00:00:00.000000,1371.0,635,736,1126.0,127.0,251.0,1340505.0,862224.0,696904.0,345267.0,368451.0,271866.0,454373.0,275251.0,348.0,1163.0,500465.0,1897.0,18899.419967464968
2023-09-20T00:00:00.000000,1424.0,607,817,1125.0,138.0,245.0,1265969.0,818413.0,768057.0,379122.0,319381.0,202564.0,492837.0,322860.0,366.0,1398.0,681367.0,1844.0,19362.86713379471
2023-09-21T00:00:00.000000,1338.0,603,735,1051.0,126.0,242.0,1149544.0,710943.0,744329.0,412344.0,308368.0,209755.0,443107.0,263872.0,353.0,1131.0,392811.0,1874.0,16512.22532434486
2023-09-22T00:00:00.000000,1265.0,585,680,990.0,148.0,233.0,1174231.0,723875.0,656947.0,343315.0,304053.0,176245.0,456372.0,286520.0,314.0,1012.0,537720.0,1856.0,23962.405380844702
2023-09-23T00:00:00.000000,655.0,300,355,532.0,69.0,110.0,805054.0,544376.0,315105.0,151472.0,195957.0,128188.0,274796.0,180164.0,159.0,640.0,369955.0,848.0,7466.973315949119
2023-09-24T00:00:00.000000,655.0,299,356,516.0,65.0,122.0,611174.0,383139.0,343742.0,170024.0,157607.0,96024.0,233281.0,144801.0,168.0,462.0,187641.0,1005.0,10514.471410675947
2023-09-25T00:00:00.000000,1228.0,539,689,993.0,127.0,215.0,1151975.0,737324.0,720071.0,398772.0,286103.0,180640.0,411374.0,250225.0,287.0,823.0,287729.0,1602.0,17964.70585630151
2023-09-26T00:00:00.000000,1370.0,614,756,1087.0,123.0,283.0,1162194.0,711688.0,744520.0,383477.0,270974.0,187157.0,525237.0,322628.0,389.0,1163.0,367210.0,1798.0,21442.51469745409
2023-09-27T00:00:00.000000,1360.0,623,737,1065.0,129.0,257.0,1391525.0,908811.0,714326.0,374613.0,326438.0,222365.0,555647.0,346237.0,336.0,876.0,404171.0,1739.0,11519.666122943776
2023-09-28T00:00:00.000000,1344.0,593,751,1044.0,128.0,246.0,1295003.0,813633.0,760734.0,413829.0,360055.0,230115.0,477101.0,305355.0,336.0,974.0,380895.0,1712.0,18575.744376705916
2023-09-29T00:00:00.000000,1161.0,534,627,901.0,129.0,218.0,1139523.0,745306.0,646470.0,343254.0,223308.0,126478.0,559384.0,388538.0,278.0,987.0,373263.0,1591.0,16399.79580773117
2023-09-30T00:00:00.000000,562.0,252,310,459.0,66.0,107.0,557067.0,365869.0,358986.0,196192.0,170845.0,112610.0,219532.0,148418.0,136.0,465.0,238886.0,776.0,7385.8393964073575
2023-10-01T00:00:00.000000,691.0,309,382,554.0,56.0,151.0,635619.0,397526.0,393292.0,214319.0,110407.0,64505.0,323883.0,206842.0,210.0,537.0,211682.0,935.0,8579.376452870067
2023-10-02T00:00:00.000000,1024.0,485,539,818.0,96.0,213.0,962932.0,605649.0,547235.0,291411.0,212654.0,136062.0,417247.0,251594.0,291.0,856.0,537365.0,1443.0,14685.846529755365
2023-10-03T00:00:00.000000,1199.0,542,657,967.0,116.0,226.0,1122165.0,722252.0,671266.0,372051.0,256638.0,162583.0,465765.0,302348.0,289.0,783.0,414698.0,1578.0,13324.661220653441
2023-10-04T00:00:00.000000,1292.0,633,659,1039.0,141.0,267.0,1333398.0,834772.0,632879.0,327329.0,308885.0,196623.0,590300.0,373189.0,346.0,998.0,486922.0,1817.0,14718.110834718978
2023-10-05T00:00:00.000000,1383.0,626,757,1060.0,129.0,246.0,1265620.0,790155.0,801121.0,445361.0,249829.0,147799.0,480277.0,284263.0,318.0,1161.0,589775.0,1767.0,19771.34966216005
2023-10-06T00:00:00.000000,1171.0,530,641,919.0,118.0,219.0,1184678.0,769850.0,663472.0,364266.0,298457.0,204364.0,552152.0,372003.0,284.0,718.0,273999.0,1636.0,16436.57111689619
2023-10-07T00:00:00.000000,613.0,259,354,469.0,44.0,126.0,521121.0,332826.0,359941.0,190887.0,94971.0,62564.0,224769.0,138435.0,196.0,1174.0,441216.0,865.0,9900.748007217493
2023-10-08T00:00:00.000000,655.0,305,350,511.0,59.0,144.0,681551.0,458757.0,403810.0,208938.0,134332.0,88333.0,341768.0,234183.0,204.0,601.0,276577.0,791.0,11758.387961416202
2023-10-09T00:00:00.000000,1205.0,560,645,957.0,128.0,227.0,1108825.0,699317.0,625472.0,300737.0,227839.0,133942.0,433782.0,267633.0,309.0,1076.0,337136.0,1542.0,19254.845598388198
2023-10-10T00:00:00.000000,1234.0,587,647,1039.0,116.0,257.0,1239524.0,789156.0,658330.0,358552.0,281919.0,183606.0,526762.0,331175.0,350.0,913.0,415092.0,1635.0,17306.488722446018
2023-10-11T00:00:00.000000,1250.0,538,712,1004.0,109.0,229.0,1195156.0,791228.0,713549.0,374766.0,239547.0,152434.0,522108.0,354784.0,303.0,1034.0,345663.0,1464.0,16902.381585015533
2023-10-12T00:00:00.000000,1338.0,592,746,1002.0,112.0,252.0,1273904.0,810081.0,806884.0,440908.0,264324.0,174970.0,562331.0,354097.0,326.0,933.0,496932.0,1697.0,17547.758252906922
2023-10-13T00:00:00.000000,1216.0,529,687,998.0,117.0,232.0,1203858.0,793434.0,692390.0,377495.0,249882.0,154429.0,556608.0,383650.0,317.0,1026.0,425694.0,1656.0,18334.381134550862
2023-10-14T00:00:00.000000,581.0,264,317,470.0,56.0,129.0,589594.0,376753.0,289878.0,154277.0,118159.0,75681.0,309284.0,197810.0,190.0,536.0,164380.0,763.0,7142.572994487859
2023-10-15T00:00:00.000000,651.0,291,360,522.0,71.0,115.0,620836.0,398694.0,333648.0,152991.0,146932.0,89413.0,251203.0,165918.0,142.0,569.0,172520.0,797.0,10671.680759261326
2023-10-16T00:00:00.000000,1178.0,508,670,929.0,102.0,210.0,1040457.0,650814.0,618246.0,299750.0,227172.0,143958.0,410474.0,247198.0,281.0,1031.0,426423.0,1610.0,16967.39284669741
2023-10-17T00:00:00.000000,1241.0,535,706,997.0,107.0,229.0,1108483.0,707308.0,675839.0,349480.0,243231.0,160555.0,518447.0,331948.0,295.0,798.0,268964.0,1553.0,20595.584557949456
2023-10-18T00:00:00.000000,1299.0,600,699,1023.0,104.0,281.0,1241813.0,797327.0,695351.0,361314.0,242216.0,162140.0,566538.0,368656.0,386.0,850.0,370823.0,1609.0,15508.012597057834
2023-10-19T00:00:00.000000,1317.0,592,725,1046.0,106.0,273.0,1241036.0,802945.0,724816.0,368230.0,218881.0,132275.0,504097.0,298980.0,361.0,883.0,374594.0,1565.0,13137.572784264577
2023-10-20T00:00:00.000000,1118.0,493,625,908.0,102.0,205.0,1200925.0,820950.0,666230.0,368313.0,309223.0,208942.0,539440.0,386475.0,290.0,764.0,370827.0,1547.0,12528.254934389604
2023-10-21T00:00:00.000000,678.0,283,395,545.0,55.0,125.0,608498.0,393412.0,397128.0,212994.0,131985.0,84103.0,233986.0,144486.0,171.0,521.0,198021.0,861.0,10695.51975426949
2023-10-22T00:00:00.000000,610.0,267,341,473.0,50.0,115.0,527736.0,318450.0,343366.0,171390.0,105177.0,62877.0,217171.0,130256.0,149.0,496.0,238450.0,726.0,10018.425199771706
2023-10-23T00:00:00.000000,1106.0,504,602,876.0,113.0,230.0,1052109.0,680939.0,595667.0,300956.0,269876.0,181303.0,503168.0,340457.0,298.0,750.0,301207.0,1435.0,15041.558357991178
2023-10-24T00:00:00.000000,1257.0,588,669,992.0,124.0,259.0,1224839.0,780632.0,627768.0,325041.0,304552.0,208195.0,534284.0,330957.0,337.0,838.0,304775.0,1584.0,16774.347489675696
2023-10-25T00:00:00.000000,1291.0,571,720,1025.0,113.0,247.0,1171484.0,737852.0,786663.0,448507.0,272617.0,187473.0,487130.0,293520.0,340.0,872.0,391591.0,1747.0,19864.672262236538
2023-10-26T00:00:00.000000,1370.0,624,746,1118.0,137.0,266.0,1307123.0,821999.0,702155.0,347042.0,257209.0,148299.0,557694.0,367166.0,337.0,930.0,399855.0,1840.0,20254.614961386207
2023-10-27T00:00:00.000000,1040.0,489,551,854.0,104.0,195.0,1093614.0,711820.0,575892.0,311513.0,267410.0,176265.0,405077.0,255498.0,267.0,771.0,271126.0,1428.0,14648.063417010093
2023-10-28T00:00:00.000000,696.0,307,389,523.0,58.0,153.0,628670.0,396143.0,353427.0,175540.0,108599.0,66343.0,311300.0,195556.0,196.0,419.0,136786.0,860.0,12621.407515702178
2023-10-29T00:00:00.000000,685.0,286,399,535.0,50.0,135.0,634022.0,421502.0,454885.0,258982.0,112204.0,75612.0,300084.0,196292.0,180.0,430.0,141016.0,805.0,8186.907078491345
2023-10-30T00:00:00.000000,1138.0,508,630,911.0,109.0,212.0,1059084.0,624604.0,623365.0,335285.0,212716.0,114869.0,432727.0,263151.0,266.0,674.0,304389.0,1546.0,16235.398444149767
2023-10-31T00:00:00.000000,1268.0,573,695,990.0,119.0,238.0,1258808.0,833869.0,636334.0,328087.0,322295.0,227637.0,524244.0,355444.0,308.0,805.0,380657.0,1664.0,14089.641846723778
2023-11-01T00:00:00.000000,1173.0,525,647,929.0,101.0,213.0,1082181.0,672407.0,676917.0,350215.0,210873.0,129503.0,431449.0,272594.0,273.0,732.0,414597.0,1615.0,18046.303083312156
2023-11-02T00:00:00.000000,1255.0,586,669,1007.0,107.0,266.0,1302869.0,826181.0,641706.0,322330.0,271564.0,175557.0,633670.0,424635.0,353.0,958.0,444064.0,1465.0,18989.226903877297
2023-11-03T00:00:00.000000,1158.0,493,665,951.0,118.0,200.0,1003202.0,639009.0,640014.0,317807.0,280503.0,184326.0,377360.0,230111.0,272.0,923.0,314848.0,1559.0,16213.83603545551
2023-11-04T00:00:00.000000,635.0,267,368,489.0,60.0,97.0,616292.0,404642.0,396391.0,203541.0,175613.0,122172.0,207699.0,134479.0,130.0,397.0,148301.0,667.0,7871.252918152701
2023-11-05T00:00:00.000000,593.0,271,322,498.0,67.0,112.0,578895.0,373537.0,341314.0,169622.0,182284.0,120172.0,224752.0,148059.0,172.0,628.0,294488.0,786.0,8012.938854504233
2023-11-06T00:00:00.000000,1060.0,478,582,849.0,103.0,195.0,973091.0,590650.0,594389.0,326290.0,224985.0,145924.0,407690.0,256113.0,255.0,723.0,302783.0,1274.0,15808.638654565435
2023-11-07T00:00:00.000000,1357.0,628,728,1011.0,139.0,263.0,1277670.0,795137.0,757777.0,383990.0,312577.0,193992.0,524271.0,323552.0,341.0,935.0,360441.0,1665.0,19427.46404548482
2023-11-08T00:00:00.000000,1318.0,652,666,1067.0,131.0,273.0,1296034.0,810393.0,680304.0,360723.0,244252.0,135156.0,523160.0,329045.0,374.0,1200.0,630751.0,1653.0,18664.643357106746
2023-11-09T00:00:00.000000,1295.0,614,681,1026.0,151.0,244.0,1154281.0,697795.0,671691.0,358929.0,337343.0,208954.0,468713.0,299700.0,303.0,1028.0,358982.0,1716.0,17536.738911806726
2023-11-10T00:00:00.000000,1044.0,474,570,845.0,125.0,196.0,1043398.0,683006.0,575644.0,290263.0,270298.0,164285.0,471045.0,326012.0,251.0,804.0,211673.0,1477.0,11360.725301143913
2023-11-11T00:00:00.000000,680.0,310,370,511.0,53.0,160.0,731249.0,499218.0,392790.0,217055.0,155460.0,106628.0,388517.0,270268.0,213.0,483.0,317741.0,812.0,10625.86628226185
2023-11-12T00:00:00.000000,641.0,261,380,492.0,52.0,120.0,632256.0,407600.0,389636.0,211012.0,140207.0,91810.0,285624.0,185998.0,174.0,446.0,202031.0,724.0,7486.864851399119
2023-11-13T00:00:00.000000,1069.0,480,589,864.0,106.0,210.0,1082859.0,728500.0,603236.0,313839.0,235655.0,147183.0,442297.0,289903.0,285.0,723.0,206999.0,1452.0,13191.044971213696
2023-11-14T00:00:00.000000,1100.0,501,599,911.0,116.0,196.0,1075702.0,666840.0,621023.0,352663.0,265018.0,174918.0,397346.0,241079.0,260.0,839.0,261917.0,1389.0,12002.673220596154
2023-11-15T00:00:00.000000,1285.0,594,691,980.0,125.0,241.0,1189858.0,759976.0,776726.0,441361.0,318331.0,208347.0,422455.0,260780.0,315.0,915.0,324202.0,1587.0,15804.470590020863
2023-11-16T00:00:00.000000,1267.0,587,680,990.0,132.0,235.0,1151300.0,720990.0,661446.0,330290.0,319174.0,218264.0,445703.0,268480.0,341.0,917.0,401934.0,1535.0,15594.71752069573
2023-11-17T00:00:00.000000,1119.0,501,618,895.0,110.0,204.0,1003305.0,627440.0,645460.0,346906.0,203031.0,122002.0,441334.0,285377.0,287.0,945.0,424424.0,1500.0,15236.609154875749
2023-11-18T00:00:00.000000,597.0,286,311,490.0,58.0,134.0,633209.0,420695.0,270832.0,127687.0,179415.0,126683.0,265209.0,169482.0,190.0,541.0,219366.0,827.0,7333.68547789143
2023-11-19T00:00:00.000000,603.0,278,325,497.0,61.0,123.0,689239.0,479745.0,354828.0,184142.0,177620.0,124691.0,259074.0,171646.0,165.0,471.0,219364.0,944.0,7931.116068667255
2023-11-20T00:00:00.000000,1163.0,536,627,934.0,139.0,216.0,1192953.0,776404.0,666621.0,358516.0,311243.0,201971.0,452897.0,301187.0,305.0,821.0,336659.0,1549.0,17466.703579021418
2023-11-21T00:00:00.000000,1174.0,534,640,974.0,122.0,223.0,1140773.0,733353.0,584940.0,304026.0,243662.0,138004.0,456753.0,302267.0,308.0,843.0,283750.0,1400.0,10999.4212294332
2023-11-22T00:00:00.000000,1205.0,542,663,945.0,122.0,226.0,1150757.0,742229.0,632694.0,327175.0,299838.0,202940.0,491918.0,320311.0,321.0,1040.0,441888.0,1486.0,14523.497661429277
2023-11-23T00:00:00.000000,1139.0,542,597,896.0,120.0,211.0,1204993.0,802018.0,561232.0,280338.0,324355.0,235220.0,402655.0,237930.0,289.0,911.0,378037.0,1516.0,15213.09330241207
2023-11-24T00:00:00.000000,995.0,457,538,779.0,97.0,186.0,1056764.0,694490.0,616079.0,342944.0,246583.0,165135.0,414530.0,271906.0,253.0,717.0,343909.0,1364.0,12434.632846174118
2023-11-25T00:00:00.000000,599.0,259,340,453.0,43.0,109.0,565238.0,385676.0,377173.0,202516.0,105426.0,73277.0,242958.0,164061.0,147.0,454.0,175903.0,732.0,7676.095511895125
2023-11-26T00:00:00.000000,642.0,282,360,489.0,60.0,103.0,572218.0,333972.0,357753.0,167323.0,136143.0,79238.0,201754.0,111683.0,125.0,492.0,225159.0,809.0,9885.156604393986
2023-11-27T00:00:00.000000,1091.0,505,586,886.0,98.0,213.0,1056114.0,672667.0,604709.0,311585.0,241498.0,159435.0,420911.0,254804.0,284.0,775.0,296069.0,1496.0,17495.677630326903
2023-11-28T00:00:00.000000,1196.0,540,656,950.0,122.0,232.0,1121639.0,687271.0,674934.0,384254.0,276599.0,173742.0,460152.0,285436.0,308.0,1021.0,402493.0,1594.0,17011.580787255793
2023-11-29T00:00:00.000000,1218.0,577,641,982.0,142.0,218.0,1255387.0,805149.0,705293.0,384912.0,320385.0,201158.0,506994.0,335451.0,289.0,934.0,323444.0,1672.0,19934.947324568846
2023-11-30T00:00:00.000000,1170.0,504,664,934.0,121.0,204.0,987634.0,592717.0,710820.0,409774.0,243098.0,148580.0,383263.0,220426.0,286.0,904.0,288029.0,1674.0,16575.514788202545
2023-12-01T00:00:00.000000,1073.0,466,607,862.0,99.0,194.0,1016922.0,647437.0,641461.0,330108.0,261706.0,176492.0,413526.0,260809.0,281.0,978.0,333332.0,1403.0,12858.890634451904
2023-12-02T00:00:00.000000,638.0,261,377,512.0,59.0,115.0,585975.0,386492.0,414840.0,219111.0,162971.0,119375.0,220648.0,132820.0,146.0,469.0,128985.0,690.0,9260.686929925667
2023-12-03T00:00:00.000000,662.0,290,372,498.0,59.0,110.0,563017.0,331936.0,379626.0,212150.0,130374.0,76336.0,206079.0,122207.0,167.0,555.0,212195.0,777.0,10938.357210539396
2023-12-04T00:00:00.000000,1075.0,501,574,858.0,101.0,203.0,1144015.0,762992.0,568340.0,297213.0,219995.0,135688.0,474705.0,311727.0,290.0,772.0,278696.0,1516.0,13079.938617751402
2023-12-05T00:00:00.000000,1179.0,535,644,947.0,118.0,228.0,1263080.0,811796.0,704558.0,400762.0,318420.0,209763.0,510592.0,330023.0,307.0,856.0,295969.0,1718.0,13226.559475670032
2023-12-06T00:00:00.000000,1136.0,514,622,915.0,119.0,226.0,1121994.0,720266.0,629901.0,322141.0,254597.0,152362.0,490119.0,310670.0,319.0,775.0,350530.0,1407.0,14871.726148748794
2023-12-07T00:00:00.000000,1069.0,498,569,859.0,129.0,190.0,1090926.0,693477.0,651427.0,370876.0,277580.0,161830.0,430946.0,278792.0,259.0,775.0,361202.0,1366.0,15053.383458047183
2023-12-08T00:00:00.000000,965.0,444,521,756.0,79.0,194.0,919335.0,564859.0,562213.0,327029.0,208106.0,134848.0,385109.0,230874.0,281.0,710.0,247965.0,1141.0,11438.762163468326
2023-12-09T00:00:00.000000,545.0,231,314,428.0,51.0,88.0,497545.0,317399.0,364817.0,197739.0,121223.0,82104.0,197346.0,126879.0,123.0,340.0,113948.0,624.0,7181.260039159817
2023-12-10T00:00:00.000000,627.0,271,356,480.0,62.0,111.0,648737.0,425279.0,376388.0,199281.0,187791.0,130089.0,242708.0,151970.0,133.0,451.0,103539.0,892.0,9098.702946488129
2023-12-11T00:00:00.000000,1051.0,487,564,845.0,110.0,200.0,1175623.0,797715.0,643581.0,350100.0,301087.0,214481.0,467937.0,309688.0,280.0,1294.0,408053.0,1464.0,9872.101590146724
2023-12-12T00:00:00.000000,1178.0,545,633,913.0,134.0,207.0,1171983.0,738546.0,694287.0,422336.0,295606.0,176705.0,385786.0,224112.0,258.0,918.0,293553.0,1550.0,15706.853310228114
2023-12-13T00:00:00.000000,1115.0,511,604,890.0,132.0,205.0,1047565.0,671340.0,616795.0,313928.0,316610.0,215573.0,379004.0,228446.0,282.0,798.0,254268.0,1450.0,15052.324188908342
2023-12-14T00:00:00.000000,1107.0,496,611,873.0,100.0,202.0,1106512.0,712215.0,604340.0,307368.0,299910.0,217896.0,439402.0,284242.0,265.0,761.0,328384.0,1532.0,12799.38774031195
2023-12-15T00:00:00.000000,909.0,421,488,727.0,102.0,172.0,1016879.0,671658.0,536415.0,304049.0,264400.0,189834.0,428546.0,281431.0,228.0,564.0,266815.0,1174.0,9934.455819876584
2023-12-16T00:00:00.000000,599.0,275,324,489.0,62.0,115.0,630105.0,431785.0,372083.0,221581.0,168764.0,120636.0,262459.0,181930.0,165.0,413.0,143074.0,661.0,8218.970583921153
2023-12-17T00:00:00.000000,559.0,253,305,438.0,46.0,113.0,617508.0,415829.0,331735.0,177437.0,128437.0,97383.0,285029.0,185384.0,149.0,360.0,144693.0,725.0,8318.789116662163
2023-12-18T00:00:00.000000,1014.0,482,532,824.0,102.0,196.0,1000968.0,607058.0,521123.0,290717.0,241648.0,151056.0,375228.0,214807.0,280.0,864.0,313994.0,1351.0,13449.64772825004
2023-12-19T00:00:00.000000,1129.0,551,578,879.0,126.0,240.0,1255618.0,854273.0,594727.0,331838.0,290965.0,189142.0,541962.0,360647.0,344.0,734.0,272836.0,1429.0,8748.221171350942
2023-12-20T00:00:00.000000,1082.0,499,583,862.0,112.0,200.0,1005093.0,627761.0,666235.0,349403.0,255982.0,168673.0,392234.0,233499.0,266.0,798.0,291103.0,1305.0,16366.573740335014
2023-12-21T00:00:00.000000,1001.0,453,548,801.0,89.0,192.0,941748.0,576626.0,574417.0,297232.0,186172.0,106388.0,415389.0,255502.0,260.0,590.0,258932.0,1262.0,10458.680113375372
2023-12-22T00:00:00.000000,869.0,385,484,684.0,78.0,176.0,866391.0,565568.0,502498.0,260372.0,171283.0,107971.0,421186.0,279692.0,257.0,686.0,208874.0,1130.0,13978.167607279975
2023-12-23T00:00:00.000000,448.0,182,266,367.0,40.0,71.0,402067.0,273406.0,324543.0,182393.0,82437.0,54989.0,159424.0,101887.0,95.0,338.0,105397.0,516.0,8454.113617396035
2023-12-24T00:00:00.000000,486.0,218,268,377.0,48.0,100.0,466676.0,308806.0,268996.0,139872.0,116468.0,79528.0,233576.0,158596.0,140.0,348.0,102560.0,576.0,4910.917183195387
2023-12-25T00:00:00.000000,528.0,213,315,409.0,31.0,106.0,469166.0,315217.0,340381.0,194547.0,73227.0,44986.0,261363.0,189287.0,136.0,354.0,107677.0,563.0,7116.218195008183
2023-12-26T00:00:00.000000,759.0,320,437,593.0,64.0,139.0,716474.0,473455.0,434509.0,226196.0,139681.0,79565.0,275973.0,173975.0,187.0,457.0,172437.0,855.0,10292.330375643282
2023-12-27T00:00:00.000000,744.0,320,424,594.0,72.0,139.0,654823.0,402187.0,382847.0,190124.0,169491.0,102496.0,255859.0,163846.0,182.0,524.0,163945.0,1081.0,9600.312264967519
2023-12-28T00:00:00.000000,783.0,334,449,626.0,70.0,153.0,794790.0,552468.0,461195.0,239925.0,174419.0,127007.0,390014.0,269118.0,216.0,619.0,233484.0,980.0,10763.27745678133
2023-12-29T00:00:00.000000,765.0,362,403,617.0,83.0,166.0,804605.0,517398.0,443587.0,239061.0,193559.0,118147.0,374168.0,251427.0,219.0,569.0,204285.0,1069.0,10292.856413945354
2023-12-30T00:00:00.000000,606.0,277,329,441.0,54.0,106.0,706365.0,483612.0,341408.0,184406.0,145464.0,87390.0,189379.0,109809.0,143.0,510.0,132801.0,676.0,8334.109380043401
2023-12-31T00:00:00.000000,493.0,199,294,372.0,45.0,79.0,568292.0,412328.0,346584.0,211926.0,117687.0,81220.0,213950.0,150471.0,110.0,678.0,103859.0,582.0,4730.606204020994
2024-01-01T00:00:00.000000,478.0,217,261,372.0,34.0,93.0,552593.0,379839.0,316333.0,196163.0,93006.0,63867.0,206150.0,134954.0,117.0,349.0,134126.0,731.0,5757.7787262977145
2024-01-02T00:00:00.000000,886.0,428,458,727.0,102.0,177.0,938942.0,603964.0,501045.0,264154.0,223472.0,147200.0,352229.0,213418.0,235.0,543.0,175915.0,1250.0,9960.838622690457
2024-01-03T00:00:00.000000,988.0,457,531,782.0,99.0,181.0,1053545.0,690343.0,537919.0,289713.0,257496.0,176414.0,453741.0,302132.0,243.0,728.0,271377.0,1339.0,10655.402018178205
2024-01-04T00:00:00.000000,1140.0,514,624,938.0,107.0,225.0,1126515.0,734647.0,668892.0,345928.0,299616.0,211314.0,457137.0,280329.0,308.0,891.0,399964.0,1533.0,13013.289160101102
2024-01-05T00:00:00.000000,1026.0,453,573,821.0,99.0,197.0,1056594.0,704239.0,593765.0,315440.0,320770.0,239670.0,433319.0,277053.0,251.0,681.0,207269.0,1325.0,11539.975238290019
2024-01-06T00:00:00.000000,603.0,248,355,489.0,49.0,111.0,635101.0,440206.0,362390.0,182607.0,167364.0,127701.0,279207.0,189925.0,146.0,464.0,181258.0,716.0,7853.825656723923
2024-01-07T00:00:00.000000,635.0,287,348,481.0,51.0,131.0,659446.0,418873.0,354578.0,195262.0,119773.0,74697.0,304114.0,199507.0,181.0,411.0,164967.0,826.0,8857.630868956214
2024-01-08T00:00:00.000000,1012.0,439,573,797.0,98.0,183.0,1007627.0,675878.0,579417.0,318067.0,282398.0,209159.0,404983.0,252418.0,273.0,701.0,415326.0,1155.0,10725.295178036926
2024-01-09T00:00:00.000000,1151.0,507,644,902.0,91.0,204.0,1102564.0,699769.0,686120.0,360339.0,185805.0,111524.0,459864.0,299469.0,274.0,950.0,342020.0,1453.0,15648.938968981152
2024-01-10T00:00:00.000000,1143.0,487,656,891.0,95.0,200.0,961168.0,596578.0,679731.0,351553.0,173580.0,95911.0,417923.0,273891.0,252.0,759.0,225453.0,1517.0,15185.897324462707
2024-01-11T00:00:00.000000,1121.0,513,608,930.0,115.0,214.0,1019681.0,627615.0,617839.0,335291.0,241843.0,146477.0,459329.0,289240.0,279.0,817.0,305057.0,1417.0,13149.423687747709
2024-01-12T00:00:00.000000,1067.0,499,568,856.0,89.0,215.0,1132878.0,728444.0,573265.0,295345.0,230133.0,136149.0,506149.0,337149.0,276.0,678.0,285395.0,1343.0,14114.162351720217
2024-01-13T00:00:00.000000,596.0,251,345,467.0,39.0,123.0,535072.0,334101.0,349817.0,181431.0,98933.0,58572.0,272569.0,178648.0,162.0,355.0,92058.0,650.0,9924.296094207997
2024-01-14T00:00:00.000000,577.0,257,320,445.0,52.0,107.0,657903.0,441901.0,360455.0,187805.0,107550.0,62194.0,355832.0,262156.0,143.0,548.0,110807.0,692.0,5703.252623045598
2024-01-15T00:00:00.000000,939.0,450,489,752.0,99.0,218.0,1079341.0,721708.0,504843.0,258120.0,245410.0,162395.0,495284.0,326567.0,316.0,724.0,236157.0,1334.0,7939.913295111001
2024-01-16T00:00:00.000000,1096.0,478,618,891.0,104.0,192.0,986326.0,608328.0,630977.0,341353.0,224462.0,143214.0,406325.0,255328.0,261.0,740.0,237656.0,1499.0,17034.643991326477
2024-01-17T00:00:00.000000,1210.0,546,662,976.0,104.0,226.0,1071056.0,654941.0,700220.0,378916.0,210630.0,128256.0,435522.0,263153.0,279.0,787.0,299983.0,1546.0,16368.331334059854
2024-01-18T00:00:00.000000,1175.0,553,622,975.0,134.0,218.0,1167351.0,737158.0,684489.0,391020.0,252351.0,152843.0,506167.0,318452.0,293.0,932.0,360824.0,1628.0,12518.148772296672
2024-01-19T00:00:00.000000,1135.0,495,640,875.0,110.0,199.0,1065617.0,640235.0,622056.0,319098.0,272962.0,171135.0,414808.0,230026.0,276.0,805.0,276902.0,1433.0,14308.229201221578
2024-01-20T00:00:00.000000,646.0,285,358,498.0,46.0,122.0,613335.0,385191.0,378328.0,197637.0,96983.0,60749.0,244777.0,151147.0,186.0,519.0,168921.0,800.0,6707.429154355736
2024-01-21T00:00:00.000000,648.0,294,354,513.0,62.0,125.0,626302.0,383550.0,409320.0,237215.0,139326.0,83945.0,283017.0,170958.0,177.0,463.0,228789.0,901.0,8114.034824724318
2024-01-22T00:00:00.000000,1032.0,453,579,855.0,90.0,208.0,923548.0,569334.0,638353.0,320893.0,205840.0,132249.0,379374.0,212560.0,285.0,648.0,214909.0,1284.0,13891.520805039678
2024-01-23T00:00:00.000000,1078.0,491,587,870.0,122.0,192.0,1069363.0,696112.0,576849.0,304698.0,286811.0,195719.0,440954.0,294515.0,252.0,754.0,236123.0,1460.0,14737.501250629359
2024-01-24T00:00:00.000000,1227.0,572,655,964.0,117.0,265.0,1332196.0,856836.0,601121.0,306030.0,287063.0,190746.0,657750.0,423443.0,364.0,858.0,329832.0,1537.0,15781.935918230763
2024-01-25T00:00:00.000000,1172.0,535,637,939.0,122.0,227.0,1081151.0,670906.0,618075.0,318153.0,291377.0,194889.0,479394.0,306106.0,296.0,838.0,248002.0,1519.0,18063.76871630222
2024-01-26T00:00:00.000000,1005.0,465,540,772.0,105.0,196.0,934453.0,584353.0,538058.0,286485.0,237834.0,147871.0,360431.0,222431.0,283.0,590.0,265402.0,1428.0,11650.88448133531
2024-01-27T00:00:00.000000,545.0,230,315,423.0,52.0,90.0,589312.0,404256.0,424733.0,244178.0,142833.0,91907.0,242729.0,174820.0,121.0,333.0,115666.0,745.0,6637.466577114691
2024-01-28T00:00:00.000000,628.0,291,337,473.0,47.0,118.0,637497.0,399069.0,377326.0,193685.0,114692.0,81568.0,253072.0,151646.0,151.0,559.0,180945.0,843.0,8033.387689514888
2024-01-29T00:00:00.000000,1114.0,533,581,900.0,117.0,235.0,1162035.0,744648.0,569048.0,284463.0,272862.0,170069.0,536348.0,356408.0,308.0,791.0,346387.0,1509.0,13109.5996426412
2024-01-30T00:00:00.000000,1202.0,552,650,969.0,116.0,237.0,1140491.0,726336.0,620739.0,334418.0,273827.0,180013.0,463793.0,291207.0,298.0,616.0,236754.0,1503.0,14782.309993632292
2024-01-31T00:00:00.000000,1370.0,592,778,976.0,119.0,238.0,1222040.0,791419.0,903815.0,519778.0,264758.0,169329.0,443195.0,281557.0,346.0,838.0,285990.0,1679.0,13624.617676130374
2024-02-01T00:00:00.000000,1215.0,571,644,955.0,133.0,215.0,1218186.0,786749.0,696591.0,377408.0,330729.0,218143.0,439697.0,285538.0,295.0,714.0,249691.0,1695.0,16094.684938553368
2024-02-02T00:00:00.000000,1099.0,473,626,862.0,78.0,215.0,888744.0,536874.0,758473.0,446777.0,174811.0,108779.0,409442.0,262338.0,306.0,774.0,297822.0,1354.0,13058.307962459545
2024-02-03T00:00:00.000000,542.0,234,308,432.0,57.0,103.0,570883.0,383418.0,330549.0,184094.0,153872.0,107901.0,244672.0,163587.0,132.0,355.0,105164.0,632.0,4933.892300470492
2024-02-04T00:00:00.000000,627.0,285,342,491.0,56.0,116.0,732196.0,480715.0,373997.0,209939.0,144384.0,95221.0,310420.0,200141.0,158.0,418.0,114478.0,768.0,7961.506160461295
2024-02-05T00:00:00.000000,1135.0,501,634,815.0,108.0,216.0,1155386.0,768718.0,631997.0,324658.0,308911.0,219223.0,452460.0,291214.0,285.0,710.0,248751.0,1399.0,12718.904037857035
2024-02-06T00:00:00.000000,1181.0,533,648,930.0,117.0,223.0,1004404.0,604529.0,622117.0,333373.0,222147.0,129307.0,422834.0,252492.0,292.0,869.0,391162.0,1584.0,16802.073599532974
2024-02-07T00:00:00.000000,1209.0,548,661,959.0,124.0,243.0,1120504.0,704811.0,705451.0,396644.0,277501.0,177951.0,459097.0,285102.0,342.0,1060.0,355906.0,1506.0,7306.764094788157
2024-02-08T00:00:00.000000,1195.0,576,619,945.0,121.0,242.0,1208102.0,756995.0,634641.0,320022.0,308318.0,205369.0,456362.0,276110.0,316.0,786.0,281387.0,1545.0,15684.469977722909
2024-02-09T00:00:00.000000,1068.0,479,589,843.0,113.0,196.0,1071973.0,693847.0,637567.0,352521.0,261909.0,178261.0,430019.0,269125.0,279.0,768.0,273775.0,1465.0,13961.351791373138
2024-02-10T00:00:00.000000,622.0,267,355,475.0,46.0,114.0,563732.0,353238.0,438532.0,240416.0,105451.0,67148.0,254087.0,156243.0,155.0,413.0,136549.0,770.0,10608.082079469948
2024-02-11T00:00:00.000000,581.0,258,323,463.0,66.0,103.0,639402.0,434891.0,330765.0,165645.0,168616.0,110634.0,228990.0,149505.0,149.0,516.0,148502.0,790.0,10269.747724693576
2024-02-12T00:00:00.000000,973.0,445,526,789.0,112.0,199.0,805460.0,474682.0,523763.0,271933.0,228122.0,139456.0,380280.0,225379.0,268.0,583.0,217766.0,1300.0,18059.085390640077
2024-02-13T00:00:00.000000,1079.0,508,571,853.0,126.0,206.0,1144841.0,738718.0,605992.0,325702.0,315708.0,200373.0,476947.0,317539.0,282.0,711.0,244909.0,1423.0,12095.038072307856
2024-02-14T00:00:00.000000,1123.0,527,596,909.0,127.0,200.0,1010733.0,604612.0,594691.0,328069.0,228227.0,121893.0,381387.0,224618.0,268.0,761.0,220866.0,1534.0,14850.255210586827
2024-02-15T00:00:00.000000,1079.0,511,568,884.0,104.0,221.0,1034620.0,636278.0,604986.0,333106.0,201228.0,111829.0,385030.0,225956.0,310.0,669.0,292358.0,1354.0,13499.267279700485
2024-02-16T00:00:00.000000,957.0,425,532,772.0,102.0,159.0,915374.0,534549.0,552085.0,290767.0,284838.0,148082.0,288490.0,167126.0,212.0,606.0,273572.0,1222.0,12866.787302588775
2024-02-17T00:00:00.000000,597.0,270,327,442.0,66.0,101.0,640199.0,431234.0,363765.0,200379.0,172575.0,119296.0,230266.0,150124.0,126.0,359.0,131074.0,695.0,8777.164101401131
2024-02-18T00:00:00.000000,661.0,305,356,494.0,68.0,129.0,678464.0,454293.0,367961.0,185614.0,184384.0,126608.0,285515.0,191686.0,156.0,463.0,191719.0,807.0,9133.66608577299
2024-02-19T00:00:00.000000,1056.0,498,558,817.0,120.0,184.0,1091737.0,713924.0,543159.0,282293.0,296307.0,201979.0,397836.0,252634.0,231.0,666.0,245071.0,1361.0,10099.763131704018
2024-02-20T00:00:00.000000,1176.0,531,643,919.0,101.0,220.0,1155671.0,764074.0,614935.0,313379.0,286115.0,204861.0,418984.0,256110.0,313.0,755.0,293016.0,1429.0,11684.734336830395
2024-02-21T00:00:00.000000,1145.0,537,608,916.0,106.0,234.0,1082533.0,656397.0,621005.0,340172.0,236593.0,153943.0,496925.0,292896.0,318.0,698.0,253508.0,1543.0,12898.308962434352
2024-02-22T00:00:00.000000,1166.0,510,654,947.0,102.0,232.0,1044957.0,644625.0,721186.0,361549.0,227040.0,128736.0,470771.0,295574.0,312.0,689.0,264655.0,1570.0,15647.740947177708
2024-02-23T00:00:00.000000,1049.0,496,553,833.0,92.0,199.0,978829.0,601900.0,525166.0,260187.0,202937.0,130004.0,387109.0,226281.0,273.0,627.0,220829.0,1214.0,13768.287076915194
2024-02-24T00:00:00.000000,601.0,267,334,472.0,62.0,100.0,595855.0,367463.0,352306.0,185419.0,141431.0,84339.0,195412.0,117372.0,124.0,352.0,152523.0,813.0,8163.870787064414
2024-02-25T00:00:00.000000,649.0,283,366,493.0,58.0,113.0,654334.0,447348.0,397255.0,207560.0,140142.0,95133.0,256732.0,171831.0,145.0,455.0,203359.0,684.0,8114.595664787898
2024-02-26T00:00:00.000000,1061.0,471,590,856.0,96.0,203.0,1121109.0,746750.0,638043.0,327083.0,260113.0,170625.0,426911.0,269306.0,255.0,679.0,217782.0,1380.0,11958.997679777201
2024-02-27T00:00:00.000000,1210.0,536,674,936.0,113.0,234.0,1248536.0,821171.0,709320.0,374007.0,274494.0,183820.0,515350.0,325371.0,292.0,791.0,263053.0,1450.0,7654.699112723052
2024-02-28T00:00:00.000000,1177.0,540,637,945.0,112.0,220.0,1157925.0,722703.0,704399.0,370860.0,272608.0,182314.0,451135.0,288461.0,300.0,813.0,263751.0,1405.0,14881.17314380096
2024-02-29T00:00:00.000000,1148.0,523,625,906.0,107.0,234.0,1127775.0,719732.0,626529.0,332901.0,273874.0,171055.0,498909.0,327593.0,326.0,673.0,270984.0,1444.0,12559.878646122645
2024-03-01T00:00:00.000000,1038.0,446,592,827.0,106.0,178.0,999774.0,647621.0,622260.0,319863.0,267706.0,188325.0,394252.0,252805.0,241.0,875.0,198725.0,1176.0,12021.754730464654
2024-03-02T00:00:00.000000,620.0,243,375,489.0,56.0,91.0,533119.0,347761.0,408254.0,215763.0,130746.0,89873.0,193619.0,132161.0,113.0,363.0,103174.0,627.0,6973.271399985681
2024-03-03T00:00:00.000000,588.0,257,331,462.0,54.0,105.0,581591.0,363702.0,352824.0,185290.0,104650.0,56004.0,245994.0,152212.0,127.0,390.0,143267.0,705.0,8128.546518302235
2024-03-04T00:00:00.000000,1012.0,457,553,815.0,78.0,190.0,1000046.0,661998.0,555932.0,306411.0,200769.0,137311.0,438559.0,290250.0,242.0,503.0,216681.0,1235.0,8939.388298838263
2024-03-05T00:00:00.000000,1020.0,442,578,836.0,107.0,174.0,918409.0,592901.0,573343.0,289960.0,249829.0,167168.0,354822.0,216473.0,244.0,593.0,216619.0,1331.0,7966.755039469888
2024-03-06T00:00:00.000000,1168.0,504,664,940.0,106.0,234.0,1071318.0,674401.0,698965.0,389083.0,195719.0,109308.0,479965.0,296705.0,311.0,793.0,290046.0,1546.0,18292.818594134373
2024-03-07T00:00:00.000000,1201.0,536,663,995.0,129.0,222.0,1197650.0,768523.0,698530.0,368602.0,317228.0,202709.0,530177.0,350907.0,303.0,886.0,322286.0,1509.0,10489.997486732822
2024-03-08T00:00:00.000000,996.0,430,566,799.0,89.0,194.0,958196.0,596506.0,573672.0,276771.0,236700.0,154691.0,404382.0,241375.0,262.0,760.0,212814.0,1368.0,15484.01927644115
2024-03-09T00:00:00.000000,515.0,237,278,415.0,47.0,88.0,528793.0,315134.0,322630.0,183521.0,105131.0,66854.0,227061.0,121827.0,120.0,542.0,101258.0,718.0,-38.666894596165065
2024-03-10T00:00:00.000000,575.0,239,336,471.0,52.0,86.0,585423.0,382077.0,367745.0,196630.0,129180.0,83276.0,214361.0,141081.0,99.0,387.0,79406.0,644.0,7225.9035113926975
2024-03-11T00:00:00.000000,972.0,410,560,785.0,86.0,147.0,924234.0,604581.0,516992.0,262617.0,234013.0,162072.0,377853.0,256150.0,189.0,509.0,203849.0,1265.0,14775.560734660023
2024-03-12T00:00:00.000000,1136.0,494,642,913.0,111.0,200.0,1081562.0,707752.0,615163.0,318367.0,306181.0,207154.0,416006.0,274955.0,282.0,780.0,235193.0,1427.0,13716.733565499035
2024-03-13T00:00:00.000000,1107.0,471,636,898.0,101.0,213.0,1029492.0,679297.0,673457.0,402213.0,241479.0,163360.0,415301.0,256403.0,280.0,704.0,233671.0,1364.0,11809.849673093691
2024-03-14T00:00:00.000000,1039.0,454,585,846.0,100.0,198.0,1011122.0,648589.0,609948.0,313081.0,254234.0,169505.0,425674.0,258332.0,270.0,724.0,269000.0,1342.0,11875.717941770323
2024-03-15T00:00:00.000000,1090.0,493,597,873.0,102.0,194.0,1068688.0,688665.0,592970.0,306502.0,243896.0,170988.0,407383.0,250238.0,270.0,822.0,241528.0,1329.0,17610.56352304673
2024-03-16T00:00:00.000000,580.0,258,322,462.0,52.0,117.0,630815.0,422077.0,382874.0,186816.0,138977.0,89095.0,275768.0,193174.0,157.0,376.0,142811.0,710.0,4980.3346340544995
2024-03-17T00:00:00.000000,616.0,266,350,490.0,47.0,112.0,638472.0,431327.0,392245.0,201981.0,123735.0,81947.0,263877.0,177164.0,135.0,405.0,94900.0,697.0,9652.071648421459
2024-03-18T00:00:00.000000,1012.0,443,569,806.0,82.0,188.0,919882.0,579663.0,579381.0,304100.0,157796.0,98444.0,372904.0,231807.0,262.0,630.0,137451.0,1279.0,15988.60419542935
2024-03-19T00:00:00.000000,1074.0,471,603,838.0,103.0,188.0,966139.0,597485.0,648570.0,355094.0,215087.0,129749.0,427072.0,261980.0,245.0,667.0,193438.0,1397.0,11399.250025209698
2024-03-20T00:00:00.000000,1125.0,466,659,903.0,103.0,182.0,1056032.0,682072.0,762302.0,418692.0,252078.0,163090.0,396270.0,239596.0,229.0,558.0,170062.0,1299.0,12835.452734165103
2024-03-21T00:00:00.000000,1070.0,481,589,875.0,107.0,186.0,1002864.0,624788.0,597438.0,326920.0,235843.0,134459.0,377314.0,238886.0,240.0,555.0,207594.0,1392.0,14043.699806216495
2024-03-22T00:00:00.000000,991.0,430,557,785.0,94.0,184.0,1001538.0,626257.0,602022.0,321582.0,184251.0,95017.0,448296.0,294620.0,244.0,689.0,225520.0,1241.0,9520.845569140545
2024-03-23T00:00:00.000000,575.0,244,331,433.0,53.0,101.0,521349.0,340455.0,381526.0,204694.0,144432.0,103375.0,237816.0,162387.0,144.0,388.0,105679.0,763.0,9526.642491372233
2024-03-24T00:00:00.000000,555.0,241,314,433.0,53.0,107.0,598644.0,406315.0,382854.0,220657.0,167360.0,123307.0,243616.0,162153.0,140.0,399.0,113134.0,708.0,3866.70355546096
2024-03-25T00:00:00.000000,938.0,436,502,763.0,97.0,200.0,1021447.0,681711.0,485489.0,232035.0,247140.0,168708.0,439350.0,284667.0,267.0,514.0,165275.0,1283.0,11824.067232115676
2024-03-26T00:00:00.000000,995.0,451,544,816.0,100.0,177.0,1045806.0,654385.0,538633.0,267611.0,245362.0,154682.0,398303.0,244486.0,233.0,521.0,203330.0,1306.0,11851.182902084343
2024-03-27T00:00:00.000000,1131.0,489,642,910.0,109.0,193.0,1010412.0,626055.0,634387.0,321050.0,213253.0,120224.0,451508.0,302558.0,269.0,851.0,240108.0,1414.0,15654.907196583377
2024-03-28T00:00:00.000000,1068.0,456,612,817.0,93.0,194.0,1005804.0,640995.0,657178.0,342100.0,214439.0,146092.0,439696.0,267255.0,255.0,548.0,193205.0,1383.0,14222.233552175063
2024-03-29T00:00:00.000000,808.0,369,439,657.0,95.0,134.0,815029.0,522736.0,471047.0,262635.0,222366.0,135656.0,280939.0,184042.0,187.0,505.0,142547.0,975.0,11177.064533273873
2024-03-30T00:00:00.000000,559.0,233,326,426.0,47.0,98.0,603307.0,415301.0,355179.0,182204.0,130386.0,91918.0,264820.0,185881.0,129.0,322.0,116520.0,661.0,6655.099890735138
2024-03-31T00:00:00.000000,532.0,212,320,399.0,39.0,95.0,544780.0,367028.0,369087.0,201551.0,106583.0,73420.0,249889.0,170440.0,116.0,446.0,85811.0,685.0,6192.798357357951
2024-04-01T00:00:00.000000,816.0,375,441,667.0,84.0,134.0,836449.0,551857.0,483904.0,248915.0,244944.0,178876.0,265161.0,167913.0,179.0,499.0,190739.0,1148.0,7720.725248934523
2024-04-02T00:00:00.000000,1029.0,455,574,822.0,91.0,190.0,1064874.0,711902.0,604154.0,312291.0,240403.0,167458.0,412468.0,268688.0,249.0,537.0,183442.0,1341.0,9209.708087056299
2024-04-03T00:00:00.000000,1126.0,505,621,881.0,118.0,202.0,1045196.0,652037.0,671636.0,357280.0,279589.0,179227.0,419095.0,262748.0,276.0,724.0,179944.0,1424.0,14517.302742294878
2024-04-04T00:00:00.000000,1042.0,489,553,839.0,110.0,204.0,1118662.0,729703.0,556589.0,292273.0,244220.0,149268.0,533970.0,376661.0,269.0,656.0,206558.0,1440.0,8405.932434121545
2024-04-05T00:00:00.000000,955.0,425,530,770.0,84.0,187.0,913241.0,578489.0,541534.0,297925.0,216135.0,148262.0,401495.0,245930.0,251.0,872.0,546671.0,1187.0,8820.005530278871
2024-04-06T00:00:00.000000,513.0,233,280,411.0,39.0,96.0,527497.0,348018.0,248960.0,113560.0,114533.0,80928.0,188786.0,118973.0,126.0,251.0,59680.0,687.0,8819.822655631444
2024-04-07T00:00:00.000000,545.0,238,307,425.0,32.0,105.0,552645.0,367315.0,273500.0,135758.0,61088.0,33430.0,238981.0,151495.0,137.0,275.0,153738.0,697.0,6260.905196283629
2024-04-08T00:00:00.000000,942.0,405,537,775.0,94.0,162.0,913271.0,553615.0,527318.0,278456.0,194815.0,123247.0,398124.0,231623.0,197.0,511.0,148391.0,1164.0,11110.357848298201
2024-04-09T00:00:00.000000,1013.0,459,554,823.0,102.0,176.0,925341.0,562260.0,582997.0,296811.0,210823.0,119518.0,371839.0,230787.0,226.0,639.0,187827.0,1458.0,11217.370990743333
2024-04-10T00:00:00.000000,972.0,434,538,776.0,87.0,180.0,1019188.0,656152.0,559876.0,292359.0,251722.0,177880.0,416280.0,268065.0,252.0,542.0,228040.0,1128.0,15986.030586246456
2024-04-11T00:00:00.000000,1038.0,469,569,850.0,102.0,210.0,1116488.0,725584.0,634256.0,327507.0,248412.0,166017.0,530791.0,346503.0,274.0,583.0,188341.0,1394.0,14946.00773063443
2024-04-12T00:00:00.000000,902.0,419,483,741.0,89.0,197.0,919769.0,576108.0,543098.0,307083.0,224485.0,147008.0,442539.0,276095.0,260.0,556.0,190385.0,1067.0,10353.711961084298
2024-04-13T00:00:00.000000,443.0,194,249,358.0,46.0,82.0,439439.0,281541.0,254329.0,127031.0,132052.0,93657.0,163549.0,100263.0,112.0,337.0,103174.0,543.0,5591.809458973934
2024-04-14T00:00:00.000000,500.0,229,271,387.0,62.0,80.0,555162.0,364517.0,234625.0,115656.0,130247.0,81065.0,203634.0,135894.0,106.0,280.0,93227.0,651.0,5715.278359022374
2024-04-15T00:00:00.000000,941.0,411,530,764.0,87.0,179.0,884872.0,555824.0,521894.0,251399.0,182622.0,116446.0,409389.0,254142.0,234.0,522.0,228532.0,1114.0,11701.732960959902
2024-04-16T00:00:00.000000,1019.0,458,561,839.0,118.0,171.0,968428.0,635279.0,579335.0,312870.0,277274.0,173268.0,326944.0,206383.0,215.0,515.0,158567.0,1235.0,9544.133369500665
2024-04-17T00:00:00.000000,1054.0,491,563,864.0,104.0,207.0,1082176.0,676829.0,605356.0,316680.0,266516.0,162329.0,447402.0,295709.0,286.0,595.0,216124.0,1392.0,11242.056454909249
2024-04-18T00:00:00.000000,1056.0,488,568,851.0,115.0,194.0,1155598.0,771777.0,627793.0,329464.0,285578.0,188431.0,463125.0,307070.0,249.0,619.0,228177.0,1439.0,14399.410500725573
2024-04-19T00:00:00.000000,1009.0,437,572,773.0,85.0,190.0,968827.0,623866.0,646734.0,361237.0,209334.0,131779.0,412641.0,282843.0,253.0,571.0,220071.0,1342.0,13592.499148789757
2024-04-20T00:00:00.000000,560.0,253,307,458.0,43.0,128.0,591254.0,382571.0,332553.0,184671.0,136926.0,102367.0,291537.0,178999.0,174.0,350.0,110074.0,641.0,8469.097232368176
2024-04-21T00:00:00.000000,522.0,222,300,397.0,57.0,88.0,447680.0,261793.0,292312.0,149122.0,147226.0,91241.0,168764.0,101049.0,112.0,296.0,99011.0,594.0,7352.781498268469
2024-04-22T00:00:00.000000,938.0,418,520,751.0,99.0,164.0,995604.0,664138.0,521910.0,248132.0,231348.0,147661.0,418442.0,287153.0,209.0,476.0,187813.0,1223.0,8848.75882651124
2024-04-23T00:00:00.000000,915.0,433,482,744.0,108.0,164.0,1070193.0,703985.0,560012.0,343478.0,312432.0,218609.0,335335.0,214708.0,223.0,614.0,157003.0,1253.0,8161.843658370701
2024-04-24T00:00:00.000000,1012.0,459,553,815.0,93.0,179.0,976724.0,627871.0,551630.0,295138.0,190553.0,110267.0,389763.0,264073.0,245.0,669.0,214685.0,1178.0,11626.447433489395
2024-04-25T00:00:00.000000,1005.0,442,563,815.0,114.0,178.0,985565.0,607870.0,577404.0,298186.0,290115.0,179973.0,376157.0,226746.0,242.0,462.0,176266.0,1413.0,14639.803357432622
2024-04-26T00:00:00.000000,947.0,407,540,771.0,93.0,153.0,880891.0,526374.0,578366.0,310513.0,236434.0,150800.0,297591.0,156697.0,207.0,509.0,142002.0,1231.0,12579.651404155993
2024-04-27T00:00:00.000000,519.0,228,291,432.0,53.0,111.0,497265.0,317044.0,303640.0,161794.0,119885.0,72711.0,245309.0,164762.0,135.0,362.0,94962.0,638.0,7048.83322592415
2024-04-28T00:00:00.000000,531.0,213,318,425.0,33.0,87.0,469340.0,277801.0,337418.0,183367.0,65916.0,38660.0,189048.0,105950.0,103.0,300.0,76714.0,562.0,6518.876577035015
2024-04-29T00:00:00.000000,892.0,410,482,723.0,83.0,189.0,928055.0,602854.0,534601.0,299819.0,264613.0,193491.0,411094.0,256091.0,240.0,518.0,312123.0,1161.0,9229.602847150318
2024-04-30T00:00:00.000000,984.0,442,542,803.0,99.0,181.0,938730.0,595263.0,576121.0,298906.0,238871.0,152977.0,384172.0,244940.0,228.0,583.0,157162.0,1191.0,12103.438343605529
2024-05-01T00:00:00.000000,844.0,355,489,639.0,74.0,138.0,762765.0,475734.0,555967.0,319409.0,188570.0,126759.0,273058.0,154151.0,169.0,466.0,119677.0,986.0,13601.933486729242
2024-05-02T00:00:00.000000,943.0,402,541,757.0,94.0,160.0,855137.0,531779.0,610997.0,341839.0,172683.0,99196.0,342976.0,214127.0,204.0,684.0,170261.0,1167.0,6608.124571776599
2024-05-03T00:00:00.000000,851.0,379,472,704.0,77.0,171.0,782838.0,482183.0,579124.0,323425.0,163329.0,99979.0,362779.0,233385.0,226.0,537.0,160900.0,978.0,16112.537122224447
2024-05-04T00:00:00.000000,477.0,212,265,384.0,41.0,92.0,466385.0,296936.0,296461.0,169544.0,90745.0,55606.0,217989.0,139889.0,125.0,218.0,389282.0,612.0,6125.626909010957
2024-05-05T00:00:00.000000,486.0,209,277,391.0,46.0,87.0,484177.0,328898.0,266368.0,124410.0,102245.0,64598.0,238102.0,178961.0,115.0,286.0,65050.0,609.0,7070.642273761534
2024-05-06T00:00:00.000000,893.0,386,507,725.0,103.0,132.0,827488.0,525328.0,489720.0,248921.0,251867.0,161129.0,276915.0,179455.0,179.0,442.0,159359.0,1272.0,11589.686552522362
2024-05-07T00:00:00.000000,923.0,442,481,759.0,104.0,173.0,950405.0,610606.0,521014.0,271684.0,227593.0,140474.0,378448.0,258829.0,223.0,521.0,170997.0,1224.0,12406.460253167932
2024-05-08T00:00:00.000000,1026.0,458,564,787.0,88.0,186.0,955834.0,613069.0,548926.0,278190.0,208390.0,134753.0,321460.0,188830.0,245.0,645.0,164384.0,1324.0,14945.032575561941
2024-05-09T00:00:00.000000,918.0,411,507,735.0,90.0,174.0,902778.0,571852.0,555576.0,280029.0,210679.0,140665.0,401742.0,257108.0,225.0,514.0,126024.0,1145.0,14954.700650092942
2024-05-10T00:00:00.000000,928.0,398,530,740.0,79.0,164.0,888556.0,556874.0,580828.0,332529.0,215788.0,142490.0,342846.0,208799.0,230.0,498.0,138375.0,1076.0,10301.110315792896
2024-05-11T00:00:00.000000,480.0,219,261,390.0,56.0,88.0,557025.0,391890.0,330112.0,193744.0,143388.0,98430.0,201070.0,132268.0,119.0,355.0,99895.0,689.0,8282.979934182167
2024-05-12T00:00:00.000000,476.0,189,287,396.0,44.0,65.0,470393.0,315511.0,296439.0,154473.0,92570.0,59752.0,194461.0,130457.0,89.0,312.0,58838.0,634.0,6680.205913595093
2024-05-13T00:00:00.000000,924.0,428,494,749.0,100.0,172.0,916185.0,596566.0,522055.0,302443.0,240920.0,159168.0,402515.0,269702.0,225.0,536.0,156335.0,1301.0,12624.949540488573
2024-05-14T00:00:00.000000,949.0,398,551,768.0,82.0,173.0,898690.0,585520.0,572878.0,303856.0,194647.0,137897.0,385422.0,237385.0,237.0,639.0,121136.0,1264.0,11640.999862640041
2024-05-15T00:00:00.000000,1010.0,434,576,806.0,89.0,192.0,1038435.0,709078.0,645372.0,354289.0,206748.0,145040.0,471687.0,325851.0,256.0,578.0,168116.0,1272.0,11770.91552571996
2024-05-16T00:00:00.000000,1034.0,450,584,844.0,97.0,195.0,1018008.0,661493.0,602638.0,326959.0,236599.0,150107.0,456956.0,303662.0,255.0,806.0,199508.0,1348.0,9468.114448155387
2024-05-17T00:00:00.000000,953.0,413,540,746.0,94.0,164.0,887441.0,546876.0,560214.0,299326.0,201262.0,110653.0,327961.0,196833.0,236.0,665.0,188353.0,1103.0,10704.08870356421
2024-05-18T00:00:00.000000,446.0,187,259,333.0,33.0,73.0,437112.0,294549.0,268469.0,138246.0,100509.0,70880.0,185914.0,128811.0,101.0,270.0,77636.0,558.0,7256.615192346831
2024-05-19T00:00:00.000000,469.0,179,290,380.0,40.0,71.0,436503.0,291478.0,350251.0,201318.0,104070.0,69734.0,200898.0,143159.0,92.0,332.0,61431.0,567.0,5216.837294062199
2024-05-20T00:00:00.000000,765.0,331,434,623.0,74.0,138.0,903352.0,638407.0,545295.0,340642.0,194035.0,135561.0,349785.0,242722.0,174.0,408.0,99053.0,1018.0,4611.07494532617
2024-05-21T00:00:00.000000,893.0,379,514,748.0,84.0,158.0,849216.0,532387.0,576568.0,312310.0,232084.0,150263.0,323110.0,204942.0,204.0,581.0,144346.0,1234.0,11590.78985841938
2024-05-22T00:00:00.000000,934.0,415,519,746.0,104.0,171.0,950625.0,610099.0,504386.0,256437.0,340699.0,239827.0,340371.0,205754.0,229.0,550.0,142875.0,1273.0,14363.598141592416
2024-05-23T00:00:00.000000,937.0,432,505,734.0,90.0,172.0,974016.0,626048.0,497462.0,273980.0,201473.0,115561.0,393039.0,259376.0,231.0,710.0,171737.0,1263.0,15253.290582942338
2024-05-24T00:00:00.000000,809.0,359,448,668.0,83.0,166.0,863742.0,548938.0,451568.0,260374.0,207531.0,134329.0,361811.0,219804.0,213.0,524.0,168153.0,978.0,6022.204602637062
2024-05-25T00:00:00.000000,451.0,202,249,374.0,45.0,76.0,432858.0,273700.0,270696.0,156891.0,128460.0,83316.0,144008.0,93658.0,108.0,330.0,51326.0,551.0,7939.440346846923
2024-05-26T00:00:00.000000,416.0,192,224,341.0,42.0,71.0,380016.0,235926.0,241568.0,126870.0,75949.0,39213.0,151517.0,97908.0,88.0,294.0,116036.0,531.0,4320.238511592849
2024-05-27T00:00:00.000000,787.0,355,432,645.0,73.0,146.0,903848.0,596948.0,557786.0,324564.0,197470.0,127653.0,347418.0,228214.0,204.0,496.0,146191.0,1006.0,7303.8522833797315
2024-05-28T00:00:00.000000,874.0,383,491,714.0,96.0,151.0,802287.0,531754.0,503458.0,263335.0,233548.0,165940.0,272741.0,169274.0,205.0,616.0,130504.0,1156.0,10341.628965797549
2024-05-29T00:00:00.000000,927.0,401,526,756.0,85.0,164.0,884293.0,561200.0,523975.0,274852.0,203945.0,125433.0,350036.0,216715.0,218.0,511.0,131692.0,1231.0,11667.124005092099
2024-05-30T00:00:00.000000,819.0,359,459,673.0,93.0,152.0,788311.0,497821.0,491738.0,253235.0,177046.0,107621.0,344892.0,216551.0,217.0,482.0,130126.0,1097.0,10526.282282260614
2024-05-31T00:00:00.000000,797.0,379,418,646.0,79.0,156.0,898591.0,602560.0,529572.0,334401.0,188843.0,120565.0,351780.0,239358.0,206.0,423.0,127091.0,981.0,7754.507125688232
2024-06-01T00:00:00.000000,400.0,181,219,326.0,40.0,76.0,533069.0,375080.0,230487.0,116446.0,150271.0,116059.0,187629.0,129030.0,92.0,237.0,74353.0,471.0,2311.6055972306385
2024-06-02T00:00:00.000000,457.0,210,247,350.0,43.0,90.0,500907.0,331045.0,255795.0,126415.0,77174.0,46099.0,218800.0,152585.0,131.0,298.0,62610.0,518.0,5036.80909768769
2024-06-03T00:00:00.000000,775.0,347,428,646.0,71.0,150.0,704134.0,419511.0,448285.0,232843.0,141150.0,83853.0,306918.0,173058.0,196.0,559.0,130313.0,1009.0,7321.15845555102
2024-06-04T00:00:00.000000,780.0,360,420,653.0,77.0,154.0,791363.0,503355.0,438298.0,233796.0,193434.0,124758.0,314996.0,201497.0,188.0,433.0,99808.0,956.0,5956.5321285371665
2024-06-05T00:00:00.000000,922.0,421,501,753.0,72.0,166.0,995544.0,647215.0,528947.0,290633.0,209151.0,136055.0,370576.0,238599.0,223.0,536.0,140556.0,1372.0,10716.23689304533
2024-06-06T00:00:00.000000,853.0,374,479,698.0,76.0,155.0,849526.0,534933.0,518735.0,290546.0,264086.0,190487.0,321598.0,190447.0,202.0,545.0,137063.0,1241.0,11296.325902979272
2024-06-07T00:00:00.000000,772.0,373,399,637.0,70.0,172.0,826159.0,527141.0,419262.0,226132.0,136244.0,81095.0,410008.0,273926.0,231.0,483.0,152838.0,1002.0,6065.534870254691
2024-06-08T00:00:00.000000,456.0,177,279,359.0,33.0,76.0,385998.0,254508.0,311237.0,187755.0,89393.0,62183.0,167305.0,114534.0,89.0,245.0,58799.0,550.0,4833.384524936891
2024-06-09T00:00:00.000000,427.0,188,239,358.0,42.0,76.0,533978.0,386458.0,264356.0,143978.0,99005.0,66894.0,225886.0,170888.0,100.0,221.0,58832.0,558.0,4188.159075489984
2024-06-10T00:00:00.000000,714.0,330,382,583.0,67.0,129.0,803745.0,525141.0,409565.0,225323.0,163508.0,94078.0,292383.0,188258.0,167.0,414.0,123883.0,976.0,5684.166464465234
2024-06-11T00:00:00.000000,849.0,377,472,706.0,87.0,157.0,1036938.0,703943.0,468596.0,254320.0,208492.0,130847.0,469488.0,342052.0,207.0,460.0,94133.0,1267.0,2105.710955991439
2024-06-12T00:00:00.000000,883.0,367,516,720.0,65.0,150.0,798179.0,493332.0,547878.0,277137.0,127030.0,78107.0,316804.0,188185.0,189.0,666.0,160818.0,1202.0,9170.371044947098
2024-06-13T00:00:00.000000,756.0,355,401,649.0,90.0,157.0,798424.0,520015.0,396380.0,216532.0,165778.0,93827.0,368924.0,239080.0,208.0,474.0,110379.0,1006.0,6214.782797817988
2024-06-14T00:00:00.000000,733.0,335,398,617.0,72.0,147.0,721917.0,423732.0,423366.0,220983.0,125002.0,59694.0,324829.0,198051.0,199.0,436.0,122088.0,1008.0,10738.17406929057
2024-06-15T00:00:00.000000,419.0,181,238,339.0,45.0,72.0,474221.0,326268.0,269778.0,138982.0,118794.0,83640.0,190012.0,127064.0,96.0,258.0,105933.0,682.0,7617.206269575296
2024-06-16T00:00:00.000000,383.0,159,224,310.0,29.0,69.0,353907.0,222016.0,252579.0,140394.0,70990.0,50681.0,146549.0,84168.0,86.0,212.0,51502.0,617.0,5924.984808204292
2024-06-17T00:00:00.000000,760.0,326,434,623.0,87.0,125.0,711794.0,451871.0,418223.0,224039.0,211620.0,145285.0,247315.0,145966.0,188.0,534.0,132305.0,966.0,7166.975251297937
2024-06-18T00:00:00.000000,814.0,367,447,673.0,72.0,157.0,821205.0,499991.0,504516.0,268766.0,195352.0,116641.0,322523.0,209592.0,210.0,641.0,128893.0,1040.0,9252.052589515726
2024-06-19T00:00:00.000000,833.0,360,473,685.0,73.0,147.0,836884.0,535811.0,485828.0,260933.0,168977.0,106129.0,348555.0,226009.0,191.0,835.0,106370.0,1189.0,9269.919685236433
2024-06-20T00:00:00.000000,800.0,354,446,655.0,81.0,144.0,820056.0,545103.0,471996.0,268594.0,206188.0,142478.0,318819.0,202819.0,204.0,412.0,129452.0,968.0,5630.884069071435
2024-06-21T00:00:00.000000,720.0,312,408,595.0,77.0,122.0,722325.0,479507.0,487244.0,262133.0,184462.0,127787.0,332230.0,237500.0,169.0,418.0,100173.0,1013.0,8486.442460989472
2024-06-22T00:00:00.000000,345.0,134,211,296.0,24.0,60.0,350175.0,235838.0,230471.0,122977.0,70245.0,50319.0,166238.0,112749.0,82.0,212.0,56429.0,473.0,3217.700931043699
2024-06-23T00:00:00.000000,388.0,173,215,321.0,46.0,65.0,384755.0,253303.0,238041.0,134055.0,103337.0,68448.0,138090.0,92175.0,88.0,152.0,57401.0,454.0,5702.162799319663
2024-06-24T00:00:00.000000,846.0,342,504,647.0,83.0,128.0,789431.0,501016.0,513409.0,276032.0,229951.0,151152.0,235334.0,140603.0,154.0,517.0,92321.0,1091.0,10610.206954252628
2024-06-25T00:00:00.000000,781.0,348,433,659.0,72.0,144.0,793933.0,516339.0,459024.0,242519.0,165149.0,104716.0,305938.0,192821.0,199.0,472.0,172446.0,1109.0,6333.306739427088
2024-06-26T00:00:00.000000,797.0,363,434,673.0,98.0,147.0,792180.0,489760.0,461613.0,237888.0,214414.0,126676.0,308439.0,188542.0,203.0,392.0,84905.0,1127.0,9708.224937582308
2024-06-27T00:00:00.000000,855.0,367,488,663.0,78.0,141.0,774921.0,468470.0,490376.0,253882.0,219059.0,141656.0,283072.0,163768.0,199.0,492.0,118309.0,1212.0,11832.787607516371
2024-06-28T00:00:00.000000,767.0,343,424,623.0,79.0,135.0,882227.0,605085.0,465047.0,232589.0,253538.0,187433.0,298258.0,193942.0,183.0,522.0,121409.0,934.0,7802.029788941564
2024-06-29T00:00:00.000000,376.0,157,219,287.0,41.0,65.0,404035.0,274558.0,249905.0,126066.0,120869.0,78129.0,162918.0,110432.0,79.0,262.0,52694.0,375.0,2350.944609064157
2024-06-30T00:00:00.000000,380.0,163,217,308.0,34.0,71.0,495913.0,380013.0,242204.0,129596.0,121631.0,92841.0,245266.0,193632.0,88.0,162.0,44302.0,402.0,2791.12658294333
2024-07-01T00:00:00.000000,789.0,329,458,606.0,72.0,150.0,787716.0,520775.0,449299.0,232075.0,168245.0,106601.0,348917.0,221649.0,215.0,469.0,122199.0,1108.0,8671.102202092276
2024-07-02T00:00:00.000000,847.0,365,482,683.0,71.0,147.0,758089.0,475076.0,526509.0,278252.0,167942.0,107402.0,305925.0,188352.0,207.0,419.0,311288.0,1113.0,12250.549078747103
2024-07-03T00:00:00.000000,779.0,339,439,642.0,67.0,158.0,793859.0,532361.0,495675.0,261256.0,184612.0,134438.0,370762.0,242498.0,220.0,450.0,134062.0,936.0,9659.016872724775
2024-07-04T00:00:00.000000,817.0,367,450,654.0,79.0,149.0,901353.0,601574.0,452573.0,230797.0,164567.0,97169.0,420886.0,288569.0,205.0,469.0,110424.0,1058.0,7104.352771825153
2024-07-05T00:00:00.000000,692.0,299,391,540.0,66.0,113.0,742721.0,480035.0,464442.0,234366.0,137652.0,85536.0,285969.0,177551.0,157.0,456.0,116308.0,758.0,4960.879338492859
2024-07-06T00:00:00.000000,401.0,178,223,318.0,34.0,77.0,461558.0,308691.0,236411.0,111089.0,115610.0,83527.0,196020.0,128346.0,124.0,228.0,52447.0,490.0,4997.6779240747655
2024-07-07T00:00:00.000000,373.0,157,216,289.0,34.0,60.0,410067.0,285639.0,241583.0,123357.0,108995.0,78760.0,145456.0,101491.0,81.0,171.0,72444.0,563.0,3356.828224368475
2024-07-08T00:00:00.000000,696.0,319,377,566.0,80.0,137.0,707751.0,445184.0,387746.0,197738.0,211280.0,144864.0,260945.0,148461.0,174.0,383.0,102086.0,1024.0,10523.791910233087
2024-07-09T00:00:00.000000,734.0,330,404,590.0,67.0,127.0,741449.0,471716.0,437773.0,240556.0,144320.0,85605.0,266707.0,161748.0,160.0,364.0,195263.0,912.0,9432.681500149172
2024-07-10T00:00:00.000000,742.0,340,402,642.0,83.0,141.0,811471.0,536363.0,505399.0,297804.0,181238.0,113216.0,330805.0,215476.0,194.0,407.0,120519.0,1091.0,5732.639084988864
2024-07-11T00:00:00.000000,751.0,336,415,637.0,78.0,148.0,819640.0,545232.0,446591.0,231340.0,218413.0,147417.0,297382.0,180194.0,185.0,401.0,88692.0,889.0,10075.2216851539
2024-07-12T00:00:00.000000,696.0,309,387,584.0,58.0,136.0,687640.0,440678.0,403085.0,210595.0,134548.0,84083.0,304871.0,195324.0,181.0,443.0,94772.0,810.0,7908.1743356930665
2024-07-13T00:00:00.000000,394.0,152,242,311.0,32.0,57.0,330909.0,210359.0,267739.0,139374.0,86748.0,60700.0,126252.0,78615.0,71.0,240.0,181437.0,419.0,7876.774319651061
2024-07-14T00:00:00.000000,328.0,153,175,273.0,30.0,68.0,368247.0,247306.0,172818.0,90409.0,74236.0,48830.0,186923.0,134307.0,94.0,187.0,49235.0,427.0,6180.418545288287
2024-07-15T00:00:00.000000,726.0,320,405,607.0,69.0,115.0,753623.0,478342.0,438005.0,238977.0,181651.0,115017.0,262414.0,177364.0,155.0,359.0,99020.0,836.0,5534.43968542043
2024-07-16T00:00:00.000000,784.0,353,431,655.0,90.0,133.0,908843.0,611702.0,454739.0,237876.0,311009.0,234383.0,302122.0,191409.0,178.0,362.0,99078.0,1118.0,8531.68070889359
2024-07-17T00:00:00.000000,766.0,336,429,638.0,69.0,156.0,838031.0,570019.0,448492.0,239161.0,167124.0,113206.0,432575.0,296725.0,203.0,511.0,134782.0,1069.0,8544.913169259871
2024-07-18T00:00:00.000000,868.0,356,512,715.0,73.0,135.0,788351.0,485517.0,571098.0,317834.0,203893.0,129467.0,296068.0,179312.0,159.0,413.0,93635.0,904.0,8502.175369230941
2024-07-19T00:00:00.000000,769.0,343,426,597.0,68.0,140.0,711237.0,441909.0,423713.0,202114.0,158990.0,104361.0,302028.0,193778.0,174.0,384.0,100097.0,906.0,9445.583248982082
2024-07-20T00:00:00.000000,394.0,162,232,316.0,28.0,66.0,402731.0,261691.0,260652.0,148143.0,108770.0,84442.0,156817.0,92598.0,82.0,166.0,43992.0,420.0,4211.128395635515
2024-07-21T00:00:00.000000,387.0,161,224,303.0,33.0,59.0,403317.0,280675.0,259233.0,131312.0,87797.0,66563.0,152175.0,103943.0,78.0,222.0,40127.0,461.0,3876.677339011333
2024-07-22T00:00:00.000000,688.0,325,363,575.0,69.0,135.0,727341.0,472823.0,411066.0,233723.0,181676.0,131181.0,293723.0,183492.0,175.0,361.0,78917.0,882.0,10287.601854393426
2024-07-23T00:00:00.000000,750.0,329,421,609.0,59.0,149.0,858522.0,572150.0,428722.0,224322.0,146331.0,88407.0,412657.0,282342.0,199.0,377.0,85645.0,747.0,10587.791344028998
2024-07-24T00:00:00.000000,821.0,376,445,662.0,55.0,170.0,934129.0,632281.0,423809.0,220443.0,148116.0,102545.0,382937.0,256745.0,243.0,420.0,125729.0,1026.0,10406.237249182896
2024-07-25T00:00:00.000000,805.0,367,438,654.0,79.0,159.0,811775.0,493653.0,481325.0,270252.0,178738.0,110670.0,377054.0,235730.0,223.0,412.0,112319.0,999.0,12408.701808067892
2024-07-26T00:00:00.000000,736.0,325,411,587.0,64.0,136.0,753464.0,475288.0,493929.0,276740.0,201967.0,134062.0,271607.0,165394.0,205.0,376.0,91296.0,924.0,9242.89193194941
2024-07-27T00:00:00.000000,398.0,154,244,319.0,36.0,57.0,355926.0,238393.0,266275.0,135957.0,85826.0,49278.0,110985.0,74700.0,76.0,214.0,31136.0,426.0,5194.0728898072875
2024-07-28T00:00:00.000000,335.0,144,191,298.0,35.0,63.0,376995.0,262895.0,250141.0,130435.0,84075.0,56715.0,183413.0,134217.0,91.0,170.0,33204.0,360.0,2015.4384627446225
2024-07-29T00:00:00.000000,631.0,255,376,532.0,56.0,105.0,588674.0,387171.0,388732.0,204874.0,131445.0,72835.0,280290.0,200043.0,122.0,329.0,74113.0,681.0,363.98831529205245
2024-07-30T00:00:00.000000,805.0,338,467,628.0,70.0,138.0,812681.0,540997.0,452582.0,247982.0,214077.0,150705.0,289520.0,178350.0,207.0,465.0,96278.0,955.0,7331.358520210366
2024-07-31T00:00:00.000000,704.0,329,375,586.0,74.0,140.0,678083.0,414395.0,396550.0,207919.0,156714.0,91742.0,278074.0,165861.0,177.0,405.0,97661.0,879.0,8651.38636804161
2024-08-01T00:00:00.000000,744.0,295,448,599.0,49.0,113.0,730882.0,492641.0,496516.0,267980.0,136516.0,87817.0,303043.0,211303.0,160.0,432.0,84753.0,832.0,7540.434355213121
2024-08-02T00:00:00.000000,687.0,283,404,553.0,52.0,107.0,677240.0,438188.0,444579.0,224647.0,184637.0,141438.0,216588.0,119285.0,141.0,312.0,82279.0,817.0,6336.595246681511
2024-08-03T00:00:00.000000,395.0,174,221,306.0,28.0,87.0,442272.0,289636.0,258149.0,143150.0,64787.0,34413.0,183860.0,113113.0,130.0,248.0,54308.0,509.0,4746.159870009375
2024-08-04T00:00:00.000000,378.0,158,220,302.0,28.0,62.0,455022.0,323556.0,270435.0,151207.0,83083.0,61932.0,183885.0,128399.0,83.0,260.0,85121.0,492.0,3254.637739451663
2024-08-05T00:00:00.000000,684.0,310,374,572.0,74.0,130.0,763891.0,521478.0,495355.0,287125.0,206228.0,144262.0,299420.0,195591.0,177.0,316.0,84978.0,951.0,5505.999681367644
2024-08-06T00:00:00.000000,750.0,298,452,604.0,56.0,121.0,706644.0,481453.0,508646.0,279989.0,154186.0,101101.0,235121.0,154254.0,152.0,407.0,80739.0,965.0,9835.094272142496
2024-08-07T00:00:00.000000,785.0,350,435,628.0,75.0,133.0,911047.0,600592.0,451692.0,231349.0,196974.0,126607.0,385648.0,269923.0,173.0,440.0,100380.0,1128.0,8089.216127331946
2024-08-08T00:00:00.000000,764.0,337,427,631.0,74.0,128.0,750613.0,464709.0,506820.0,289734.0,172669.0,98612.0,268480.0,162738.0,150.0,296.0,378455.0,1032.0,10282.475852680895
2024-08-09T00:00:00.000000,651.0,302,349,531.0,65.0,120.0,751264.0,497769.0,369758.0,193777.0,202486.0,151762.0,320849.0,212757.0,162.0,374.0,95630.0,708.0,6311.474489323786
2024-08-10T00:00:00.000000,356.0,139,217,294.0,31.0,66.0,368363.0,259436.0,257456.0,155145.0,76017.0,56182.0,173074.0,113923.0,96.0,210.0,33362.0,448.0,3290.0731056037916
2024-08-11T00:00:00.000000,368.0,180,188,280.0,45.0,67.0,484083.0,332751.0,208135.0,115886.0,173773.0,135253.0,155278.0,101655.0,89.0,366.0,79961.0,614.0,3186.2386187906486
2024-08-12T00:00:00.000000,679.0,286,393,545.0,44.0,127.0,619779.0,387793.0,366873.0,195843.0,103870.0,64442.0,245659.0,144406.0,168.0,379.0,68225.0,918.0,9133.336827488762
2024-08-13T00:00:00.000000,716.0,305,411,610.0,74.0,122.0,702932.0,448903.0,428604.0,241174.0,201487.0,123377.0,256446.0,163472.0,155.0,363.0,75409.0,943.0,4923.477786745549
2024-08-14T00:00:00.000000,742.0,337,405,584.0,68.0,136.0,759393.0,498978.0,452381.0,253903.0,213763.0,149019.0,291227.0,189713.0,167.0,308.0,87357.0,902.0,8834.760180436364
2024-08-15T00:00:00.000000,700.0,287,413,547.0,46.0,141.0,587807.0,350987.0,415523.0,199371.0,94298.0,53916.0,277521.0,166459.0,179.0,746.0,132538.0,728.0,10827.213265642926
2024-08-16T00:00:00.000000,651.0,276,375,501.0,55.0,147.0,564161.0,333683.0,386273.0,200793.0,137979.0,86047.0,311482.0,182628.0,181.0,355.0,134976.0,837.0,8402.602576967432
2024-08-17T00:00:00.000000,355.0,126,229,269.0,30.0,53.0,325245.0,205774.0,260025.0,130860.0,73959.0,37967.0,137756.0,81661.0,67.0,205.0,33426.0,524.0,5631.710305137932
2024-08-18T00:00:00.000000,406.0,186,220,315.0,27.0,75.0,369692.0,221774.0,235015.0,119802.0,63611.0,39457.0,130550.0,76271.0,94.0,189.0,41490.0,689.0,5182.006180265481
2024-08-19T00:00:00.000000,632.0,253,379,520.0,39.0,109.0,525830.0,325472.0,361553.0,166479.0,115949.0,81086.0,200716.0,111901.0,143.0,304.0,82210.0,766.0,9692.33768527783
2024-08-20T00:00:00.000000,696.0,301,395,575.0,60.0,118.0,829218.0,574805.0,439286.0,239804.0,232745.0,182027.0,301783.0,202210.0,163.0,367.0,75363.0,958.0,8279.66315945399
2024-08-21T00:00:00.000000,675.0,292,383,562.0,68.0,118.0,617165.0,370680.0,377852.0,199205.0,164663.0,96178.0,228845.0,141966.0,153.0,282.0,69395.0,871.0,9802.837408143025
2024-08-22T00:00:00.000000,697.0,300,397,576.0,63.0,141.0,759654.0,513974.0,405951.0,206445.0,189062.0,131061.0,320771.0,204720.0,203.0,401.0,73261.0,866.0,11562.651947113369
2024-08-23T00:00:00.000000,656.0,284,372,554.0,73.0,105.0,652610.0,424308.0,435373.0,234119.0,170283.0,112784.0,255732.0,172644.0,151.0,362.0,80781.0,858.0,9033.677254730366
2024-08-24T00:00:00.000000,308.0,124,183,277.0,30.0,49.0,257617.0,157772.0,220523.0,120599.0,66651.0,41466.0,100563.0,61515.0,77.0,221.0,26534.0,409.0,4046.5431593833846
2024-08-25T00:00:00.000000,333.0,133,200,265.0,28.0,62.0,324177.0,208306.0,232938.0,124732.0,81736.0,58650.0,166058.0,106015.0,86.0,167.0,27176.0,504.0,5750.903912172391
2024-08-26T00:00:00.000000,675.0,292,383,558.0,66.0,102.0,685007.0,438688.0,424424.0,224058.0,191815.0,128108.0,207276.0,120623.0,138.0,284.0,70100.0,1022.0,4701.96964024831
2024-08-27T00:00:00.000000,728.0,294,434,589.0,63.0,114.0,702501.0,428280.0,477814.0,270197.0,187960.0,124923.0,285687.0,177786.0,148.0,335.0,81250.0,885.0,8046.132596607227
2024-08-28T00:00:00.000000,714.0,301,413,580.0,63.0,128.0,704727.0,460545.0,425637.0,229687.0,173046.0,114743.0,303994.0,200583.0,179.0,348.0,64406.0,970.0,5777.984163241676
2024-08-29T00:00:00.000000,715.0,302,411,594.0,76.0,112.0,651934.0,410939.0,410740.0,203316.0,177767.0,108410.0,217012.0,135152.0,158.0,324.0,351167.0,855.0,9177.33820840294
2024-08-30T00:00:00.000000,702.0,296,406,575.0,61.0,101.0,808411.0,550051.0,441365.0,235234.0,239375.0,183085.0,235651.0,149153.0,138.0,349.0,70634.0,854.0,5537.881844070863
2024-08-31T00:00:00.000000,345.0,138,207,286.0,26.0,57.0,388165.0,261627.0,223367.0,119512.0,111872.0,84766.0,121960.0,71660.0,67.0,152.0,48583.0,412.0,2281.3270289441557
2024-09-01T00:00:00.000000,332.0,147,185,274.0,38.0,53.0,339161.0,199080.0,204559.0,96710.0,127029.0,82162.0,125390.0,70536.0,67.0,145.0,27975.0,378.0,4963.226260121868
2024-09-02T00:00:00.000000,574.0,255,319,488.0,67.0,113.0,627890.0,380986.0,358284.0,183711.0,198978.0,117575.0,268638.0,166981.0,155.0,294.0,92235.0,866.0,6549.7791468984715
2024-09-03T00:00:00.000000,659.0,267,392,541.0,53.0,125.0,560238.0,336402.0,408356.0,217898.0,123432.0,77081.0,261493.0,153971.0,159.0,380.0,72549.0,701.0,11175.659591387848
2024-09-04T00:00:00.000000,711.0,322,389,578.0,74.0,128.0,784484.0,512500.0,410482.0,230633.0,189611.0,128306.0,298374.0,197808.0,175.0,307.0,94614.0,838.0,9276.121703947887
2024-09-05T00:00:00.000000,600.0,274,326,517.0,59.0,114.0,569803.0,363534.0,329267.0,190613.0,173195.0,124457.0,215684.0,130452.0,145.0,238.0,63697.0,890.0,7729.325611760548
2024-09-06T00:00:00.000000,594.0,274,320,512.0,59.0,122.0,676773.0,427685.0,372018.0,192104.0,163270.0,107773.0,290186.0,192595.0,180.0,311.0,121262.0,798.0,11197.086574382198
2024-09-07T00:00:00.000000,319.0,119,200,255.0,20.0,51.0,333746.0,217741.0,208257.0,119480.0,43893.0,25319.0,132124.0,86622.0,62.0,129.0,22226.0,380.0,3192.9229098487085
2024-09-08T00:00:00.000000,307.0,136,171,258.0,31.0,63.0,358894.0,241181.0,208547.0,121643.0,84945.0,58542.0,170173.0,112859.0,80.0,161.0,31574.0,420.0,3960.8848410125047
2024-09-09T00:00:00.000000,650.0,283,367,553.0,56.0,124.0,757512.0,514628.0,362662.0,174363.0,125818.0,79586.0,324603.0,207368.0,158.0,290.0,68961.0,842.0,2865.449322110608
2024-09-10T00:00:00.000000,677.0,286,391,547.0,49.0,132.0,607173.0,383329.0,429000.0,248788.0,152161.0,108367.0,263662.0,167911.0,175.0,334.0,67091.0,881.0,7611.134712821254
2024-09-11T00:00:00.000000,671.0,290,381,593.0,70.0,117.0,697896.0,464692.0,414022.0,222490.0,187028.0,128090.0,263567.0,166644.0,148.0,410.0,61865.0,881.0,8190.828175340834
2024-09-12T00:00:00.000000,708.0,344,364,584.0,52.0,144.0,660951.0,393476.0,387826.0,198275.0,94830.0,49194.0,277199.0,161009.0,210.0,505.0,115591.0,915.0,10883.070552558518
2024-09-13T00:00:00.000000,614.0,279,335,522.0,57.0,118.0,693150.0,441863.0,337117.0,170890.0,186497.0,133892.0,270308.0,162290.0,187.0,272.0,68043.0,770.0,8637.78129632601
2024-09-14T00:00:00.000000,359.0,156,203,308.0,27.0,73.0,435739.0,304055.0,263108.0,150669.0,124267.0,99385.0,185495.0,123638.0,105.0,162.0,36879.0,475.0,4384.455013896107
2024-09-15T00:00:00.000000,324.0,132,192,277.0,25.0,57.0,337378.0,209187.0,236295.0,129434.0,95546.0,68093.0,127007.0,73310.0,81.0,194.0,23322.0,402.0,6043.899718114194
2024-09-16T00:00:00.000000,619.0,279,340,499.0,59.0,103.0,652230.0,424612.0,368966.0,201658.0,177321.0,127655.0,183848.0,108555.0,125.0,278.0,78643.0,898.0,7136.499793452332
2024-09-17T00:00:00.000000,686.0,300,386,553.0,56.0,122.0,705778.0,441753.0,425640.0,223858.0,166215.0,115391.0,249931.0,145993.0,183.0,646.0,192962.0,960.0,8881.76170437527
2024-09-18T00:00:00.000000,707.0,322,385,568.0,77.0,125.0,710896.0,450894.0,373436.0,187211.0,199018.0,122013.0,295295.0,192462.0,191.0,938.0,365968.0,896.0,9103.560429219136
2024-09-19T00:00:00.000000,708.0,321,387,559.0,68.0,115.0,663450.0,412646.0,386548.0,198277.0,161760.0,103193.0,240884.0,144846.0,145.0,468.0,79383.0,806.0,10239.268111618658
2024-09-20T00:00:00.000000,589.0,264,325,487.0,49.0,108.0,571108.0,345473.0,358976.0,202756.0,128881.0,77922.0,242671.0,148930.0,136.0,464.0,78056.0,787.0,6259.190515358552
2024-09-21T00:00:00.000000,340.0,144,196,277.0,22.0,66.0,364514.0,247789.0,190830.0,99394.0,74478.0,55793.0,145151.0,94159.0,91.0,202.0,30203.0,399.0,3008.001534041979
2024-09-22T00:00:00.000000,342.0,141,201,272.0,23.0,60.0,319327.0,186820.0,221056.0,127615.0,43826.0,23136.0,142309.0,93450.0,74.0,227.0,30740.0,347.0,1646.5761357769052
2024-09-23T00:00:00.000000,602.0,278,324,513.0,70.0,114.0,633347.0,403393.0,351407.0,189757.0,179236.0,115037.0,242729.0,147592.0,164.0,462.0,123824.0,880.0,8800.7265688605
2024-09-24T00:00:00.000000,758.0,320,438,617.0,61.0,126.0,768406.0,511695.0,439873.0,217027.0,171657.0,112478.0,308513.0,204620.0,172.0,497.0,119879.0,911.0,9650.827562115415
2024-09-25T00:00:00.000000,735.0,296,439,560.0,60.0,105.0,621378.0,374940.0,445453.0,222618.0,166616.0,102997.0,203848.0,122970.0,165.0,471.0,76593.0,954.0,9468.732822240127
2024-09-26T00:00:00.000000,694.0,331,363,564.0,53.0,133.0,748938.0,491929.0,426925.0,225393.0,133503.0,91254.0,299248.0,189706.0,177.0,372.0,71666.0,995.0,6191.452173588498
2024-09-27T00:00:00.000000,659.0,328,331,548.0,117.0,102.0,823835.0,544263.0,347564.0,185923.0,273437.0,172283.0,274810.0,186043.0,134.0,369.0,88194.0,806.0,5270.915961162233
2024-09-28T00:00:00.000000,348.0,172,176,284.0,58.0,63.0,508007.0,372611.0,205519.0,109943.0,181475.0,137052.0,176403.0,128595.0,82.0,182.0,37853.0,374.0,1254.0205608814376
2024-09-29T00:00:00.000000,397.0,188,209,328.0,63.0,59.0,457012.0,309849.0,300748.0,180276.0,180803.0,128442.0,142462.0,101915.0,87.0,183.0,50490.0,493.0,5527.307418698391
2024-09-30T00:00:00.000000,651.0,316,335,558.0,94.0,129.0,697105.0,448831.0,384335.0,229989.0,197242.0,125681.0,317253.0,212310.0,169.0,289.0,77554.0,794.0,7725.303747847285
2024-10-01T00:00:00.000000,695.0,350,345,561.0,134.0,121.0,817338.0,512072.0,447021.0,276643.0,310343.0,195585.0,299423.0,194769.0,169.0,513.0,92708.0,971.0,8924.780036697952
2024-10-02T00:00:00.000000,620.0,302,318,522.0,103.0,100.0,701663.0,456488.0,344051.0,175435.0,268177.0,181896.0,187952.0,113182.0,133.0,381.0,59675.0,809.0,6112.2919144834605
2024-10-03T00:00:00.000000,688.0,313,375,577.0,96.0,114.0,673175.0,420745.0,396085.0,218627.0,230261.0,147066.0,226390.0,133905.0,143.0,800.0,180300.0,715.0,5739.109242221877
2024-10-04T00:00:00.000000,622.0,294,328,510.0,100.0,91.0,675616.0,440125.0,331897.0,164778.0,262688.0,178634.0,207645.0,136240.0,122.0,350.0,85865.0,664.0,7804.220738619535
2024-10-05T00:00:00.000000,340.0,148,192,269.0,58.0,48.0,395384.0,275258.0,181506.0,88102.0,164491.0,111232.0,91992.0,59019.0,63.0,195.0,47180.0,368.0,2920.10878008505
2024-10-06T00:00:00.000000,358.0,166,192,289.0,59.0,43.0,409488.0,278713.0,207245.0,112509.0,164772.0,109689.0,111621.0,80357.0,54.0,136.0,32286.0,472.0,3190.6659888108397
2024-10-07T00:00:00.000000,626.0,294,332,519.0,97.0,90.0,668732.0,430523.0,333935.0,159533.0,210313.0,130588.0,195447.0,117146.0,127.0,348.0,104516.0,790.0,6209.529706844737
2024-10-08T00:00:00.000000,669.0,328,341,561.0,111.0,116.0,789858.0,503334.0,383752.0,201830.0,244686.0,149123.0,265959.0,175167.0,143.0,274.0,82512.0,857.0,5448.822348420264
2024-10-09T00:00:00.000000,712.0,359,351,601.0,108.0,123.0,968419.0,639403.0,388300.0,222214.0,331592.0,231682.0,338518.0,223102.0,168.0,549.0,86749.0,825.0,7187.79339487884
2024-10-10T00:00:00.000000,684.0,318,366,579.0,112.0,107.0,682770.0,413467.0,395992.0,201599.0,251300.0,159429.0,212916.0,107578.0,154.0,398.0,58101.0,901.0,7633.796074665199
2024-10-11T00:00:00.000000,540.0,257,283,457.0,102.0,88.0,678633.0,463451.0,306487.0,153932.0,244351.0,163537.0,239202.0,171662.0,123.0,246.0,54593.0,590.0,4956.13519991403
2024-10-12T00:00:00.000000,352.0,145,207,300.0,50.0,39.0,403348.0,276934.0,296261.0,183682.0,161132.0,122864.0,108946.0,70278.0,44.0,157.0,26006.0,388.0,6538.281560425907
2024-10-13T00:00:00.000000,383.0,196,187,307.0,66.0,70.0,497247.0,334987.0,224667.0,124337.0,133534.0,85692.0,181503.0,127073.0,108.0,171.0,38705.0,530.0,4481.524232309855
2024-10-14T00:00:00.000000,652.0,317,335,551.0,105.0,113.0,732597.0,463455.0,370788.0,225449.0,303016.0,209658.0,234585.0,142150.0,148.0,260.0,68261.0,837.0,4215.908016388613
2024-10-15T00:00:00.000000,734.0,358,376,595.0,109.0,104.0,844251.0,550777.0,370285.0,182767.0,218922.0,128417.0,319702.0,225667.0,153.0,288.0,96911.0,926.0,10532.268496887276
2024-10-16T00:00:00.000000,718.0,327,391,588.0,101.0,117.0,760598.0,480972.0,353778.0,191532.0,222148.0,136658.0,295300.0,198562.0,155.0,328.0,64056.0,839.0,8617.464207086456
2024-10-17T00:00:00.000000,683.0,341,342,598.0,125.0,123.0,808843.0,531933.0,371509.0,194883.0,345006.0,243171.0,249570.0,147059.0,166.0,282.0,99303.0,904.0,6204.505522169239
2024-10-18T00:00:00.000000,644.0,315,329,526.0,107.0,105.0,666497.0,424631.0,360221.0,189143.0,240322.0,161155.0,223387.0,136179.0,134.0,307.0,75258.0,683.0,5519.497402226889
2024-10-19T00:00:00.000000,368.0,177,191,286.0,59.0,57.0,478231.0,323238.0,248698.0,139084.0,149377.0,98108.0,178474.0,118674.0,75.0,184.0,44972.0,468.0,5913.885265364184
2024-10-20T00:00:00.000000,339.0,152,187,275.0,42.0,54.0,421327.0,304571.0,236914.0,141999.0,94662.0,64355.0,177689.0,133755.0,71.0,146.0,23872.0,402.0,4678.735623787486
2024-10-21T00:00:00.000000,659.0,309,350,567.0,111.0,93.0,622785.0,373519.0,374735.0,196558.0,235238.0,138447.0,192306.0,114037.0,123.0,361.0,111321.0,903.0,10400.193024504064
2024-10-22T00:00:00.000000,699.0,331,368,567.0,114.0,100.0,777751.0,493836.0,395420.0,210531.0,274517.0,177727.0,216300.0,131887.0,151.0,366.0,62476.0,726.0,7933.123046862436
2024-10-23T00:00:00.000000,701.0,353,348,586.0,111.0,125.0,849422.0,568062.0,323412.0,156241.0,337349.0,239189.0,258966.0,162145.0,160.0,447.0,154625.0,800.0,7165.845272706534
2024-10-24T00:00:00.000000,722.0,333,389,578.0,95.0,115.0,728870.0,442229.0,421309.0,224192.0,227576.0,141954.0,241766.0,148727.0,150.0,454.0,72396.0,865.0,7932.960324553498
2024-10-25T00:00:00.000000,628.0,323,305,502.0,108.0,103.0,809658.0,541507.0,336876.0,188802.0,289293.0,197782.0,218598.0,133232.0,132.0,410.0,66748.0,728.0,4793.36173522776
2024-10-26T00:00:00.000000,355.0,160,195,275.0,54.0,52.0,475037.0,324658.0,239474.0,146347.0,140391.0,89782.0,127503.0,78114.0,81.0,168.0,28401.0,416.0,2706.6359043933103
2024-10-27T00:00:00.000000,330.0,160,170,261.0,45.0,63.0,444912.0,312559.0,224418.0,135143.0,142894.0,109539.0,141648.0,88880.0,79.0,160.0,30289.0,327.0,5013.22692049595
2024-10-28T00:00:00.000000,679.0,328,351,571.0,104.0,110.0,746752.0,466423.0,360519.0,179739.0,285612.0,198122.0,210659.0,116957.0,159.0,352.0,88205.0,851.0,7417.684923230334
2024-10-29T00:00:00.000000,725.0,363,362,605.0,115.0,119.0,828349.0,523097.0,358120.0,179832.0,252745.0,150711.0,265096.0,166362.0,170.0,408.0,96985.0,944.0,6806.612874657602
2024-10-30T00:00:00.000000,685.0,335,350,563.0,122.0,105.0,857901.0,587137.0,349924.0,183375.0,369574.0,268167.0,216450.0,130440.0,148.0,310.0,57119.0,876.0,8912.807716799647
2024-10-31T00:00:00.000000,643.0,286,357,547.0,94.0,109.0,611265.0,393458.0,359585.0,160020.0,194188.0,125195.0,255075.0,169552.0,152.0,413.0,63391.0,733.0,10444.113315898261
2024-11-01T00:00:00.000000,595.0,288,307,458.0,94.0,101.0,629149.0,376359.0,350620.0,196601.0,216396.0,128331.0,181493.0,96578.0,120.0,393.0,63145.0,707.0,8987.76157358169
2024-11-02T00:00:00.000000,330.0,167,163,277.0,59.0,53.0,408313.0,266767.0,174442.0,81926.0,138563.0,83826.0,145554.0,103607.0,74.0,184.0,36361.0,411.0,3760.616109671786
2024-11-03T00:00:00.000000,338.0,159,179,269.0,50.0,57.0,384905.0,230836.0,227240.0,140027.0,125118.0,67260.0,159657.0,113399.0,73.0,128.0,37806.0,465.0,4049.132059983619
2024-11-04T00:00:00.000000,609.0,304,305,486.0,100.0,106.0,765167.0,492730.0,288398.0,136962.0,255298.0,158034.0,291130.0,194826.0,146.0,308.0,56954.0,853.0,5711.360483886649
2024-11-05T00:00:00.000000,663.0,299,364,543.0,106.0,106.0,692823.0,435737.0,376380.0,191948.0,248823.0,147571.0,213944.0,131468.0,144.0,334.0,63549.0,663.0,8570.99282772141
2024-11-06T00:00:00.000000,590.0,279,311,474.0,98.0,99.0,592879.0,356835.0,319053.0,172977.0,243747.0,156359.0,191493.0,107258.0,131.0,328.0,60774.0,749.0,6184.611342901781
2024-11-07T00:00:00.000000,652.0,326,326,538.0,103.0,103.0,760082.0,481754.0,383433.0,215897.0,239414.0,145003.0,233491.0,150302.0,128.0,317.0,64583.0,845.0,5609.351896005586
2024-11-08T00:00:00.000000,628.0,288,340,505.0,87.0,113.0,692471.0,434530.0,374507.0,172842.0,223700.0,139364.0,245740.0,138127.0,151.0,357.0,59423.0,791.0,6067.253429338538
2024-11-09T00:00:00.000000,335.0,148,187,260.0,45.0,52.0,377082.0,255532.0,209268.0,101829.0,93538.0,54144.0,143660.0,103406.0,71.0,160.0,25434.0,394.0,4436.147305997583
2024-11-10T00:00:00.000000,339.0,152,187,261.0,53.0,61.0,388374.0,245417.0,186118.0,89227.0,119864.0,60656.0,183988.0,131370.0,82.0,135.0,25378.0,429.0,2280.8612272520663
2024-11-11T00:00:00.000000,564.0,267,297,478.0,87.0,74.0,767371.0,527456.0,314205.0,181098.0,294788.0,198519.0,217048.0,153630.0,102.0,241.0,49795.0,670.0,3988.3301827310843
2024-11-12T00:00:00.000000,595.0,272,323,509.0,84.0,86.0,626128.0,399933.0,362812.0,205926.0,184659.0,120490.0,244290.0,166902.0,127.0,298.0,47663.0,628.0,7673.400658375163
2024-11-13T00:00:00.000000,658.0,303,355,555.0,93.0,116.0,678075.0,441677.0,382645.0,204855.0,202891.0,128816.0,274244.0,182240.0,147.0,296.0,79604.0,759.0,7338.919680565618
2024-11-14T00:00:00.000000,688.0,340,348,555.0,111.0,119.0,900657.0,602701.0,364905.0,202457.0,390961.0,284044.0,253322.0,165269.0,158.0,311.0,74565.0,775.0,6380.781474380556
2024-11-15T00:00:00.000000,611.0,278,333,494.0,101.0,100.0,641987.0,416288.0,356167.0,177412.0,239763.0,159855.0,208370.0,123239.0,128.0,284.0,42654.0,778.0,5477.983172951685
2024-11-16T00:00:00.000000,332.0,150,182,264.0,49.0,59.0,378075.0,250063.0,236266.0,135111.0,96628.0,59406.0,148940.0,105401.0,76.0,122.0,24384.0,428.0,3881.419940323785
2024-11-17T00:00:00.000000,361.0,155,206,297.0,57.0,59.0,395098.0,269198.0,266870.0,147872.0,157277.0,109472.0,131704.0,86832.0,75.0,228.0,22285.0,443.0,4504.6440090238575
2024-11-18T00:00:00.000000,639.0,312,327,498.0,99.0,115.0,755850.0,486466.0,355864.0,196864.0,271353.0,184980.0,258038.0,162151.0,161.0,322.0,67996.0,744.0,4043.2074749086432
2024-11-19T00:00:00.000000,657.0,286,371,538.0,105.0,94.0,740666.0,518509.0,420112.0,219898.0,292141.0,211035.0,173166.0,108201.0,138.0,323.0,57511.0,672.0,4156.789683535901
2024-11-20T00:00:00.000000,678.0,313,365,535.0,103.0,105.0,702131.0,465790.0,434482.0,243789.0,269848.0,189859.0,226787.0,148040.0,151.0,331.0,85530.0,813.0,6624.374672660912
2024-11-21T00:00:00.000000,607.0,281,326,508.0,88.0,93.0,664397.0,427909.0,319339.0,160729.0,187376.0,115475.0,228269.0,150445.0,119.0,288.0,59415.0,615.0,6760.612522446179
2024-11-22T00:00:00.000000,585.0,284,301,483.0,109.0,78.0,670917.0,410626.0,297830.0,142054.0,263232.0,165135.0,202766.0,134419.0,110.0,271.0,55800.0,734.0,5550.217521943934
2024-11-23T00:00:00.000000,282.0,132,150,252.0,51.0,42.0,314371.0,217870.0,162814.0,92675.0,111636.0,75246.0,138154.0,106629.0,61.0,139.0,22169.0,375.0,1284.850536507884
2024-11-24T00:00:00.000000,344.0,174,170,284.0,60.0,58.0,483640.0,346735.0,194561.0,98588.0,162525.0,116866.0,171664.0,119612.0,86.0,189.0,33916.0,436.0,4227.677411366681
2024-11-25T00:00:00.000000,585.0,267,318,505.0,103.0,85.0,667874.0,446429.0,322788.0,170655.0,263611.0,175719.0,215064.0,144691.0,114.0,651.0,83706.0,754.0,1344.5900095188192
2024-11-26T00:00:00.000000,621.0,312,309,522.0,116.0,96.0,768252.0,503046.0,344345.0,197372.0,240525.0,143726.0,286262.0,199382.0,126.0,334.0,46981.0,693.0,4815.672433223519
2024-11-27T00:00:00.000000,652.0,298,354,523.0,103.0,102.0,673240.0,427364.0,378701.0,196089.0,251357.0,166981.0,185149.0,103437.0,134.0,389.0,81821.0,767.0,7487.657460396928
2024-11-28T00:00:00.000000,550.0,257,293,472.0,94.0,83.0,555988.0,325377.0,357855.0,186041.0,243633.0,152747.0,156670.0,87046.0,104.0,229.0,35493.0,687.0,6234.216342414797
2024-11-29T00:00:00.000000,549.0,242,307,457.0,95.0,78.0,533772.0,326401.0,318658.0,152856.0,172729.0,92985.0,172420.0,102689.0,102.0,250.0,37774.0,478.0,4331.4061247447435
2024-11-30T00:00:00.000000,282.0,137,145,242.0,42.0,52.0,396666.0,277386.0,178543.0,84464.0,139826.0,104093.0,138222.0,99087.0,74.0,168.0,27115.0,393.0,3599.5464621137517
2024-12-01T00:00:00.000000,282.0,147,135,238.0,45.0,58.0,328694.0,208666.0,135239.0,69287.0,92119.0,56519.0,137409.0,93762.0,84.0,138.0,72727.0,287.0,1680.4796188531286
2024-12-02T00:00:00.000000,581.0,306,275,501.0,117.0,107.0,642735.0,408427.0,277626.0,159529.0,270276.0,173872.0,202444.0,127141.0,132.0,277.0,132789.0,746.0,3675.1496807875947
2024-12-03T00:00:00.000000,672.0,328,344,545.0,115.0,113.0,794000.0,505966.0,407818.0,213326.0,300627.0,192497.0,246192.0,147254.0,135.0,349.0,58870.0,771.0,6899.743082688703
2024-12-04T00:00:00.000000,574.0,273,301,477.0,114.0,73.0,589988.0,350858.0,399975.0,200180.0,237545.0,132366.0,148263.0,91851.0,90.0,247.0,46787.0,590.0,8291.352769999641
2024-12-05T00:00:00.000000,580.0,286,294,502.0,94.0,92.0,644226.0,387975.0,393768.0,204343.0,196223.0,108489.0,222536.0,133774.0,124.0,320.0,50233.0,683.0,8660.619679421681
2024-12-06T00:00:00.000000,546.0,260,286,456.0,98.0,86.0,649122.0,439956.0,350805.0,212881.0,222417.0,142041.0,270302.0,198310.0,112.0,242.0,48970.0,583.0,5120.34494889941
2024-12-07T00:00:00.000000,293.0,149,144,246.0,61.0,49.0,428211.0,282159.0,222905.0,129170.0,172099.0,119741.0,124500.0,76051.0,68.0,157.0,22914.0,355.0,4089.742969113509
2024-12-08T00:00:00.000000,339.0,166,173,266.0,55.0,54.0,387078.0,243041.0,252024.0,133878.0,135732.0,86588.0,146127.0,93362.0,66.0,162.0,48184.0,443.0,6137.47644145444
2024-12-09T00:00:00.000000,560.0,266,294,460.0,94.0,79.0,595701.0,375701.0,329784.0,178298.0,225719.0,142497.0,145461.0,88274.0,102.0,272.0,56557.0,622.0,5237.820789110414
2024-12-10T00:00:00.000000,601.0,302,299,526.0,104.0,106.0,800994.0,546148.0,266446.0,139497.0,277110.0,197446.0,285309.0,181803.0,138.0,236.0,51890.0,694.0,4976.5770646814935
2024-12-11T00:00:00.000000,603.0,294,309,500.0,118.0,82.0,711927.0,457279.0,305284.0,158781.0,296835.0,193783.0,220013.0,143600.0,106.0,370.0,53860.0,690.0,9201.746344975185
2024-12-12T00:00:00.000000,604.0,303,301,509.0,127.0,92.0,712675.0,458662.0,346116.0,191235.0,273242.0,170631.0,240642.0,163874.0,131.0,290.0,70510.0,667.0,5651.200452679572
2024-12-13T00:00:00.000000,524.0,252,272,423.0,100.0,76.0,556221.0,353852.0,306740.0,164063.0,198121.0,124874.0,168777.0,98027.0,119.0,347.0,81935.0,659.0,6282.80721312481
2024-12-14T00:00:00.000000,271.0,117,154,238.0,43.0,40.0,307592.0,205759.0,173329.0,100212.0,129084.0,91546.0,93905.0,60736.0,52.0,130.0,15724.0,348.0,4144.81785292442
2024-12-15T00:00:00.000000,274.0,134,140,239.0,43.0,49.0,293910.0,183284.0,217623.0,133066.0,116376.0,67358.0,87443.0,54662.0,69.0,97.0,18118.0,272.0,3592.9614835843586
2024-12-16T00:00:00.000000,516.0,290,226,445.0,101.0,96.0,683657.0,439198.0,275850.0,166282.0,262121.0,179499.0,212085.0,131265.0,147.0,308.0,89396.0,664.0,5077.55948782898
2024-12-17T00:00:00.000000,602.0,284,318,494.0,105.0,95.0,703131.0,473476.0,315056.0,161933.0,278305.0,193657.0,219290.0,139868.0,142.0,284.0,41280.0,664.0,5925.633870517926
2024-12-18T00:00:00.000000,587.0,279,308,485.0,117.0,69.0,617719.0,391791.0,335573.0,171865.0,303848.0,198206.0,163996.0,114888.0,92.0,366.0,56821.0,698.0,7743.20676428524
2024-12-19T00:00:00.000000,605.0,290,315,515.0,108.0,90.0,671564.0,426318.0,358880.0,183968.0,310323.0,215023.0,177841.0,106332.0,130.0,304.0,48941.0,716.0,2943.323022133821
2024-12-20T00:00:00.000000,497.0,235,262,420.0,84.0,76.0,550032.0,347791.0,327275.0,194786.0,274670.0,189517.0,150083.0,91415.0,94.0,230.0,35693.0,482.0,4455.2579533824155
2024-12-21T00:00:00.000000,284.0,139,145,238.0,38.0,57.0,392653.0,276195.0,226359.0,140196.0,102532.0,69932.0,175664.0,128684.0,73.0,180.0,29044.0,318.0,2319.107126201715
2024-12-22T00:00:00.000000,225.0,111,114,195.0,41.0,37.0,265928.0,176178.0,136063.0,81645.0,105735.0,76775.0,87005.0,53944.0,45.0,125.0,28602.0,286.0,1621.5843085221773
2024-12-23T00:00:00.000000,404.0,213,191,343.0,76.0,63.0,588880.0,410231.0,209459.0,107590.0,225031.0,158920.0,168215.0,115486.0,88.0,209.0,30752.0,471.0,2695.1939281676414
2024-12-24T00:00:00.000000,350.0,175,175,295.0,60.0,70.0,357826.0,221629.0,182979.0,97309.0,129114.0,82011.0,131906.0,77671.0,95.0,292.0,31134.0,384.0,2685.095024704893
2024-12-25T00:00:00.000000,267.0,119,148,224.0,36.0,42.0,332265.0,220237.0,145446.0,68966.0,146070.0,104254.0,92299.0,51008.0,54.0,108.0,29191.0,306.0,4760.129635386704
2024-12-26T00:00:00.000000,327.0,149,178,275.0,48.0,48.0,381109.0,259355.0,247044.0,142989.0,125002.0,86480.0,112837.0,71484.0,62.0,138.0,36552.0,338.0,1736.0475936777798
2024-12-27T00:00:00.000000,379.0,180,199,319.0,57.0,57.0,413770.0,268919.0,233922.0,129217.0,130478.0,83758.0,151452.0,99048.0,73.0,184.0,31654.0,458.0,3583.833933650746
2024-12-28T00:00:00.000000,271.0,116,155,223.0,29.0,48.0,304208.0,207441.0,184821.0,99207.0,56329.0,29352.0,129510.0,92493.0,64.0,113.0,24127.0,343.0,2550.6955434716683
2024-12-29T00:00:00.000000,247.0,120,127,216.0,36.0,42.0,321606.0,220892.0,114806.0,56244.0,110537.0,78807.0,95868.0,61225.0,50.0,190.0,29170.0,285.0,2864.290394079457
2024-12-30T00:00:00.000000,406.0,197,209,331.0,68.0,59.0,547388.0,358796.0,232164.0,118182.0,148575.0,81161.0,164934.0,106954.0,84.0,184.0,29285.0,564.0,5780.9651878853365
2024-12-31T00:00:00.000000,376.0,165,211,305.0,45.0,64.0,457077.0,295732.0,232088.0,112608.0,162129.0,118494.0,140692.0,80986.0,88.0,233.0,24251.0,445.0,1862.4191315167168
2025-01-01T00:00:00.000000,241.0,101,140,205.0,32.0,32.0,270033.0,178390.0,151917.0,73826.0,125572.0,96146.0,80420.0,50500.0,45.0,96.0,21754.0,280.0,2064.616618633514
2025-01-02T00:00:00.000000,451.0,216,235,373.0,65.0,74.0,559684.0,351380.0,259893.0,127578.0,146519.0,91908.0,168959.0,84157.0,100.0,245.0,31532.0,509.0,3570.4851529011758
2025-01-03T00:00:00.000000,426.0,202,224,362.0,78.0,60.0,484014.0,307186.0,280486.0,146124.0,207366.0,139482.0,154566.0,93633.0,94.0,345.0,56959.0,497.0,-2802.9775443705
2025-01-04T00:00:00.000000,292.0,142,150,246.0,50.0,48.0,330123.0,198719.0,173652.0,88168.0,122292.0,78334.0,106408.0,55009.0,59.0,150.0,20338.0,342.0,2614.714158465851
2025-01-05T00:00:00.000000,309.0,144,165,239.0,40.0,51.0,343158.0,214198.0,153208.0,77345.0,123183.0,81111.0,97499.0,62677.0,73.0,192.0,40210.0,368.0,4185.446544848012
2025-01-06T00:00:00.000000,420.0,203,217,341.0,66.0,69.0,486112.0,305218.0,270513.0,145107.0,183793.0,123564.0,133504.0,76062.0,102.0,170.0,30940.0,565.0,3505.4686131848102
2025-01-07T00:00:00.000000,520.0,243,277,437.0,85.0,83.0,512515.0,312399.0,311626.0,152889.0,175621.0,108016.0,169637.0,98791.0,107.0,270.0,34739.0,685.0,5976.433712772682
2025-01-08T00:00:00.000000,606.0,259,347,503.0,94.0,92.0,628279.0,398386.0,368604.0,164609.0,232487.0,145718.0,240266.0,154809.0,126.0,708.0,220403.0,665.0,5773.684193771563
2025-01-09T00:00:00.000000,568.0,256,312,479.0,101.0,91.0,666000.0,414827.0,396303.0,209218.0,312941.0,196482.0,209290.0,127730.0,127.0,560.0,219177.0,782.0,4964.677161136313
2025-01-10T00:00:00.000000,505.0,225,280,417.0,80.0,78.0,564740.0,352762.0,309664.0,167836.0,185219.0,115045.0,212655.0,136763.0,106.0,151.0,31185.0,575.0,4489.6727442176825
2025-01-11T00:00:00.000000,286.0,128,158,234.0,41.0,49.0,299320.0,184651.0,186931.0,101359.0,93239.0,57697.0,117916.0,70866.0,63.0,122.0,22009.0,283.0,4823.768293638706
2025-01-12T00:00:00.000000,289.0,133,156,244.0,57.0,47.0,385999.0,256331.0,186160.0,92260.0,172924.0,118825.0,127361.0,79113.0,62.0,135.0,16059.0,307.0,4312.958736062732
2025-01-13T00:00:00.000000,473.0,246,227,397.0,88.0,97.0,669191.0,454515.0,248132.0,121379.0,322950.0,239962.0,198996.0,119187.0,122.0,204.0,35869.0,629.0,2525.3895856698286
2025-01-14T00:00:00.000000,516.0,257,259,443.0,91.0,74.0,578759.0,360977.0,285340.0,133391.0,212224.0,135473.0,164732.0,95549.0,90.0,203.0,32752.0,632.0,425.61706542743906
2025-01-15T00:00:00.000000,553.0,280,273,442.0,85.0,95.0,738601.0,488880.0,293373.0,156635.0,239786.0,167604.0,222707.0,131454.0,131.0,167.0,39705.0,589.0,4931.088776337323
2025-01-16T00:00:00.000000,557.0,263,294,480.0,98.0,71.0,632276.0,400679.0,347133.0,176541.0,274342.0,184811.0,175024.0,108136.0,88.0,231.0,38102.0,660.0,3530.5488200962677
2025-01-17T00:00:00.000000,563.0,256,307,460.0,82.0,91.0,589373.0,365366.0,349631.0,192325.0,180335.0,112031.0,222810.0,139740.0,117.0,259.0,34607.0,671.0,8218.232202768666
2025-01-18T00:00:00.000000,285.0,128,157,244.0,45.0,39.0,334451.0,230903.0,162795.0,88089.0,134524.0,100347.0,93827.0,59079.0,53.0,135.0,15592.0,294.0,2812.129668216735
2025-01-19T00:00:00.000000,320.0,136,184,267.0,53.0,50.0,337112.0,217621.0,194739.0,105252.0,112512.0,65542.0,115401.0,72564.0,61.0,149.0,21786.0,366.0,2701.266756818803
2025-01-20T00:00:00.000000,475.0,222,253,403.0,71.0,70.0,517596.0,336442.0,272106.0,130523.0,161040.0,104088.0,186600.0,127532.0,93.0,190.0,39868.0,576.0,5547.783288128228
2025-01-21T00:00:00.000000,559.0,285,273,506.0,112.0,94.0,746236.0,500047.0,276739.0,136882.0,342436.0,236840.0,241466.0,160187.0,114.0,214.0,58100.0,817.0,4114.843368176563
2025-01-22T00:00:00.000000,537.0,254,283,467.0,86.0,84.0,514820.0,292472.0,280475.0,134335.0,189497.0,102171.0,156857.0,87652.0,110.0,179.0,49450.0,614.0,8095.365776285637
2025-01-23T00:00:00.000000,618.0,305,313,507.0,110.0,99.0,775579.0,489599.0,345520.0,147293.0,262325.0,156781.0,279880.0,176849.0,144.0,327.0,71068.0,747.0,8076.64196231564
2025-01-24T00:00:00.000000,524.0,259,265,451.0,86.0,88.0,647458.0,428851.0,304163.0,162337.0,198315.0,128207.0,219592.0,155435.0,125.0,272.0,55394.0,631.0,5985.347783353365
2025-01-25T00:00:00.000000,268.0,104,164,235.0,39.0,37.0,305283.0,207986.0,191407.0,96147.0,129005.0,87114.0,111495.0,80964.0,40.0,164.0,14987.0,196.0,3208.8266715278387
2025-01-26T00:00:00.000000,289.0,130,159,251.0,44.0,41.0,301689.0,197680.0,211616.0,121342.0,109992.0,73665.0,92778.0,62657.0,58.0,158.0,18456.0,309.0,2176.401612349638
2025-01-27T00:00:00.000000,444.0,226,218,362.0,77.0,67.0,510712.0,323346.0,213526.0,107408.0,153098.0,91658.0,167031.0,105305.0,92.0,185.0,37914.0,520.0,6967.567194718845
2025-01-28T00:00:00.000000,531.0,270,261,457.0,93.0,86.0,620730.0,391006.0,289338.0,144104.0,218401.0,128002.0,211849.0,147470.0,105.0,193.0,40082.0,686.0,7471.232426862541
2025-01-29T00:00:00.000000,525.0,243,282,419.0,82.0,87.0,539184.0,322640.0,300856.0,150194.0,167855.0,97024.0,200385.0,130918.0,112.0,227.0,46417.0,586.0,4823.50251585554
2025-01-30T00:00:00.000000,597.0,287,310,489.0,100.0,93.0,730152.0,488469.0,282808.0,144498.0,271948.0,188753.0,221649.0,140147.0,133.0,339.0,53990.0,764.0,4791.458810715595
2025-01-31T00:00:00.000000,470.0,225,245,378.0,70.0,94.0,472667.0,286157.0,300569.0,155165.0,166407.0,101876.0,195067.0,115050.0,123.0,197.0,36137.0,554.0,4621.396067879932
2025-02-01T00:00:00.000000,254.0,127,127,217.0,46.0,42.0,359338.0,237877.0,141923.0,77187.0,140985.0,97253.0,114502.0,72156.0,52.0,113.0,25651.0,356.0,2005.5292591323293
2025-02-02T00:00:00.000000,286.0,131,155,228.0,45.0,38.0,305818.0,172210.0,206493.0,118594.0,103385.0,63213.0,66190.0,29567.0,51.0,145.0,20115.0,349.0,2036.157987597994
2025-02-03T00:00:00.000000,465.0,222,243,370.0,71.0,83.0,539115.0,336036.0,269622.0,154311.0,223422.0,156615.0,183838.0,104956.0,119.0,197.0,26605.0,520.0,5291.156923452868
2025-02-04T00:00:00.000000,509.0,227,282,440.0,83.0,68.0,551094.0,344499.0,299269.0,149980.0,206292.0,128398.0,147590.0,88015.0,95.0,212.0,29848.0,645.0,7432.6713102774165
2025-02-05T00:00:00.000000,523.0,220,303,446.0,91.0,74.0,452563.0,276476.0,326614.0,174280.0,178327.0,101258.0,155118.0,94185.0,91.0,172.0,28159.0,516.0,6629.812734235615
2025-02-06T00:00:00.000000,481.0,218,263,410.0,77.0,80.0,507781.0,323236.0,260921.0,134225.0,202218.0,132080.0,189132.0,120733.0,109.0,215.0,30727.0,559.0,5710.776561858469
2025-02-07T00:00:00.000000,504.0,227,277,426.0,79.0,91.0,554974.0,360807.0,360333.0,200902.0,218060.0,147402.0,223188.0,147326.0,116.0,321.0,83778.0,627.0,4220.243759392968
2025-02-08T00:00:00.000000,245.0,112,133,210.0,47.0,38.0,227482.0,130561.0,171700.0,93565.0,100238.0,59501.0,76849.0,41146.0,60.0,130.0,12453.0,259.0,3592.4792588166024
2025-02-09T00:00:00.000000,266.0,116,150,232.0,46.0,28.0,309784.0,215684.0,175476.0,86482.0,114445.0,71771.0,50639.0,30759.0,39.0,121.0,17743.0,260.0,1194.1093601942896
2025-02-10T00:00:00.000000,408.0,189,219,349.0,73.0,51.0,425200.0,277827.0,234912.0,137513.0,198317.0,140458.0,78251.0,39702.0,64.0,267.0,58302.0,464.0,2264.6911601089723
2025-02-11T00:00:00.000000,449.0,214,235,406.0,74.0,68.0,481153.0,297866.0,252036.0,135907.0,185146.0,118334.0,138063.0,80400.0,83.0,256.0,198291.0,506.0,6311.48160104309
2025-02-12T00:00:00.000000,554.0,254,300,474.0,77.0,85.0,622781.0,398314.0,292926.0,151226.0,192525.0,122544.0,186263.0,112792.0,110.0,233.0,33260.0,616.0,7682.285734881929
2025-02-13T00:00:00.000000,538.0,257,281,462.0,85.0,89.0,651519.0,426647.0,342062.0,178716.0,205361.0,129643.0,255835.0,181899.0,125.0,219.0,30750.0,580.0,5497.985250246138
2025-02-14T00:00:00.000000,450.0,216,234,381.0,77.0,65.0,462120.0,265987.0,235387.0,120874.0,169056.0,95676.0,142347.0,87545.0,86.0,186.0,37848.0,502.0,6630.010869137448
2025-02-15T00:00:00.000000,246.0,108,138,207.0,28.0,46.0,278068.0,186171.0,140341.0,63543.0,100467.0,73739.0,97120.0,61475.0,59.0,125.0,15375.0,266.0,2608.7546764974113
2025-02-16T00:00:00.000000,280.0,117,163,227.0,26.0,45.0,263405.0,177076.0,181206.0,86798.0,58076.0,37465.0,82897.0,50318.0,67.0,158.0,27162.0,313.0,3726.6380634994684
2025-02-17T00:00:00.000000,392.0,179,213,346.0,51.0,52.0,429212.0,266550.0,230793.0,118999.0,105069.0,61683.0,127097.0,84113.0,65.0,228.0,25103.0,598.0,3642.086285758414
2025-02-18T00:00:00.000000,522.0,237,285,456.0,85.0,82.0,623741.0,417214.0,302089.0,158669.0,235969.0,158356.0,147485.0,85972.0,114.0,257.0,37721.0,511.0,4515.39318696661
2025-02-19T00:00:00.000000,552.0,268,284,467.0,100.0,92.0,685741.0,454351.0,314691.0,169378.0,320617.0,217886.0,174671.0,101479.0,124.0,300.0,56814.0,658.0,6372.33984031758
2025-02-20T00:00:00.000000,532.0,249,283,460.0,97.0,88.0,561138.0,347270.0,312682.0,158787.0,256179.0,165708.0,180256.0,115520.0,119.0,261.0,38800.0,650.0,5861.848327072026
2025-02-21T00:00:00.000000,434.0,191,243,376.0,67.0,76.0,532248.0,360145.0,227932.0,106466.0,149088.0,86284.0,238464.0,169873.0,100.0,240.0,23153.0,450.0,3269.841588953541
2025-02-22T00:00:00.000000,251.0,117,134,208.0,32.0,42.0,327530.0,207937.0,166586.0,86097.0,72902.0,41400.0,112807.0,64109.0,56.0,133.0,17703.0,360.0,3516.686364454923
2025-02-23T00:00:00.000000,227.0,100,127,192.0,31.0,37.0,248054.0,153505.0,122351.0,58666.0,75191.0,48104.0,102406.0,58120.0,43.0,97.0,14879.0,227.0,2352.9749119304006
2025-02-24T00:00:00.000000,488.0,241,247,408.0,90.0,82.0,570314.0,347824.0,241790.0,115866.0,241208.0,142554.0,155785.0,87845.0,113.0,238.0,30481.0,547.0,6238.580944979662
2025-02-25T00:00:00.000000,492.0,239,253,437.0,77.0,78.0,647354.0,456379.0,275523.0,139873.0,208106.0,145305.0,251795.0,191921.0,99.0,258.0,36927.0,543.0,3229.7417075206436
2025-02-26T00:00:00.000000,535.0,223,312,446.0,72.0,72.0,558197.0,371938.0,280488.0,135922.0,213575.0,158840.0,177037.0,119637.0,91.0,239.0,34132.0,531.0,6971.357059922949
2025-02-27T00:00:00.000000,462.0,225,237,386.0,79.0,64.0,516111.0,329017.0,259462.0,133760.0,183545.0,108940.0,155930.0,102904.0,97.0,193.0,31507.0,485.0,-582.2562890346784
2025-02-28T00:00:00.000000,456.0,194,262,390.0,75.0,54.0,412151.0,247609.0,289327.0,149886.0,144626.0,83877.0,117125.0,67570.0,69.0,194.0,22299.0,558.0,5480.185716160216
2025-03-01T00:00:00.000000,262.0,124,138,214.0,41.0,44.0,352561.0,244121.0,152115.0,87993.0,129495.0,88155.0,109719.0,70565.0,56.0,124.0,15307.0,294.0,3014.023934022828
2025-03-02T00:00:00.000000,245.0,112,133,198.0,38.0,36.0,262764.0,165497.0,172353.0,102028.0,87641.0,53285.0,100403.0,68901.0,42.0,136.0,14418.0,322.0,3122.0158882737974
2025-03-03T00:00:00.000000,409.0,191,218,349.0,69.0,65.0,498203.0,325994.0,222532.0,126056.0,216720.0,151481.0,150912.0,96413.0,86.0,233.0,25897.0,497.0,5053.483264282245
2025-03-04T00:00:00.000000,457.0,221,236,399.0,65.0,69.0,458516.0,262515.0,281123.0,168459.0,135025.0,81096.0,161403.0,92134.0,95.0,259.0,25924.0,563.0,5681.3885767335105
2025-03-05T00:00:00.000000,506.0,245,261,417.0,87.0,79.0,585605.0,374694.0,274898.0,122845.0,183215.0,105049.0,202774.0,141340.0,105.0,276.0,42463.0,565.0,7501.162146036361
2025-03-06T00:00:00.000000,526.0,250,276,418.0,80.0,93.0,513481.0,300698.0,330851.0,181499.0,199766.0,128412.0,170576.0,87718.0,130.0,220.0,31106.0,694.0,6449.495455912133
2025-03-07T00:00:00.000000,476.0,213,263,392.0,68.0,72.0,580613.0,388076.0,327368.0,173411.0,208987.0,137966.0,180052.0,123290.0,97.0,170.0,22535.0,542.0,2727.923871583131
2025-03-08T00:00:00.000000,219.0,87,132,194.0,29.0,37.0,194144.0,119802.0,153491.0,61228.0,56994.0,31124.0,59678.0,31793.0,49.0,117.0,11142.0,216.0,3670.1131706974083
2025-03-09T00:00:00.000000,223.0,89,134,193.0,29.0,32.0,273982.0,182820.0,142463.0,66428.0,95212.0,66670.0,108900.0,71711.0,43.0,63.0,15211.0,208.0,2902.153249751156
2025-03-10T00:00:00.000000,410.0,203,207,368.0,72.0,61.0,555378.0,384384.0,234689.0,117800.0,213455.0,145874.0,133953.0,86280.0,78.0,188.0,22024.0,483.0,4546.565065307603
2025-03-11T00:00:00.000000,476.0,239,237,406.0,87.0,71.0,625974.0,424042.0,238855.0,121888.0,233302.0,158160.0,174908.0,113289.0,96.0,253.0,35545.0,552.0,4300.257361636306
2025-03-12T00:00:00.000000,468.0,221,247,394.0,81.0,70.0,459001.0,280016.0,270883.0,150531.0,175409.0,107587.0,123512.0,70688.0,104.0,168.0,28036.0,423.0,6311.340173809924
2025-03-13T00:00:00.000000,401.0,193,208,345.0,73.0,67.0,456827.0,284868.0,223282.0,111812.0,175744.0,112269.0,146642.0,83724.0,88.0,232.0,20253.0,480.0,4949.158148510372
2025-03-14T00:00:00.000000,389.0,199,190,327.0,73.0,61.0,427863.0,269838.0,217477.0,113099.0,155527.0,91857.0,164136.0,115095.0,72.0,137.0,19997.0,388.0,4260.968133074736
2025-03-15T00:00:00.000000,209.0,89,120,173.0,27.0,31.0,233667.0,152188.0,112981.0,55384.0,58590.0,35022.0,86053.0,50328.0,36.0,124.0,9648.0,190.0,3007.6323671168966
2025-03-16T00:00:00.000000,211.0,101,110,185.0,34.0,39.0,290061.0,194795.0,115171.0,51743.0,107429.0,76086.0,93417.0,60178.0,58.0,76.0,13263.0,264.0,3196.119624174911
2025-03-17T00:00:00.000000,433.0,227,206,369.0,69.0,84.0,539279.0,352268.0,197286.0,104321.0,215393.0,150923.0,157454.0,93019.0,103.0,176.0,25834.0,585.0,4683.575900607475
2025-03-18T00:00:00.000000,446.0,213,233,382.0,75.0,83.0,508449.0,319329.0,263816.0,140807.0,203492.0,135316.0,190031.0,112639.0,104.0,169.0,24336.0,559.0,-703.3362776325757
2025-03-19T00:00:00.000000,442.0,207,235,373.0,68.0,73.0,424650.0,245267.0,269072.0,125688.0,142069.0,86097.0,176842.0,105430.0,90.0,184.0,70539.0,509.0,4598.665205182534
2025-03-20T00:00:00.000000,453.0,220,233,371.0,86.0,59.0,513840.0,333843.0,228174.0,102685.0,233372.0,164199.0,141200.0,96381.0,86.0,209.0,29142.0,468.0,4405.8751212167435
2025-03-21T00:00:00.000000,426.0,216,210,359.0,75.0,64.0,459390.0,274629.0,212065.0,113797.0,180014.0,110872.0,134941.0,81197.0,84.0,228.0,38201.0,535.0,3658.9162664376045
2025-03-22T00:00:00.000000,226.0,102,124,188.0,33.0,38.0,345307.0,252668.0,182465.0,99363.0,79540.0,53010.0,87483.0,50671.0,52.0,92.0,13712.0,281.0,1596.1186043658358
2025-03-23T00:00:00.000000,258.0,115,143,214.0,42.0,37.0,277841.0,188028.0,154016.0,67373.0,113947.0,79840.0,88847.0,61413.0,44.0,116.0,15154.0,223.0,2512.03473407039
2025-03-24T00:00:00.000000,440.0,210,230,353.0,72.0,61.0,632038.0,434813.0,260947.0,137834.0,204707.0,138667.0,196496.0,127043.0,84.0,217.0,21816.0,510.0,1829.4014415614297
2025-03-25T00:00:00.000000,444.0,200,244,371.0,71.0,66.0,447979.0,269511.0,281351.0,146402.0,197202.0,125800.0,128237.0,75015.0,89.0,233.0,49678.0,486.0,4082.8599221010313
2025-03-26T00:00:00.000000,383.0,190,193,335.0,69.0,63.0,488867.0,316763.0,234602.0,121352.0,187614.0,124907.0,148390.0,87421.0,83.0,160.0,19371.0,368.0,3111.084737057629
2025-03-27T00:00:00.000000,460.0,211,249,385.0,68.0,72.0,489240.0,304444.0,262570.0,139924.0,128504.0,73117.0,192890.0,129453.0,97.0,180.0,48140.0,511.0,4109.4960012326155
2025-03-28T00:00:00.000000,381.0,176,205,326.0,62.0,50.0,479004.0,338702.0,252008.0,137353.0,150284.0,106570.0,149665.0,107251.0,64.0,138.0,15856.0,394.0,1748.0779152535977
2025-03-29T00:00:00.000000,204.0,82,122,180.0,31.0,27.0,178698.0,121251.0,183397.0,108803.0,68575.0,47889.0,51870.0,35695.0,37.0,119.0,6864.0,160.0,3063.5295834965655
2025-03-30T00:00:00.000000,178.0,79,99,153.0,29.0,19.0,224968.0,123197.0,125013.0,59889.0,91651.0,55999.0,53602.0,21871.0,25.0,228.0,8236.0,203.0,1606.9738113906308
2025-03-31T00:00:00.000000,369.0,174,195,314.0,52.0,57.0,494304.0,330009.0,226066.0,116837.0,152898.0,104703.0,174818.0,111572.0,79.0,244.0,33031.0,473.0,2690.963617739161
2025-04-01T00:00:00.000000,387.0,161,226,311.0,52.0,55.0,364695.0,226847.0,250157.0,139611.0,91444.0,48314.0,159967.0,109115.0,89.0,137.0,17430.0,506.0,5748.960639087767
2025-04-02T00:00:00.000000,395.0,183,212,344.0,71.0,48.0,381163.0,224215.0,273751.0,140269.0,167585.0,99704.0,90045.0,53773.0,67.0,178.0,20475.0,427.0,6808.729985418753
2025-04-03T00:00:00.000000,407.0,204,203,364.0,66.0,76.0,438592.0,255945.0,205858.0,97196.0,178377.0,114439.0,147134.0,80051.0,109.0,140.0,20993.0,481.0,5589.886505731566
2025-04-04T00:00:00.000000,411.0,182,229,343.0,74.0,54.0,448303.0,282892.0,265334.0,143133.0,187952.0,120044.0,162239.0,106047.0,72.0,247.0,28445.0,438.0,3784.7116893890916
2025-04-05T00:00:00.000000,185.0,90,95,163.0,31.0,35.0,238379.0,154159.0,123844.0,59129.0,104260.0,72889.0,84677.0,53468.0,49.0,82.0,10667.0,201.0,1945.5367188752073
2025-04-06T00:00:00.000000,180.0,86,94,145.0,26.0,30.0,228902.0,150776.0,125389.0,70446.0,99746.0,74070.0,60906.0,36471.0,41.0,120.0,8966.0,195.0,2139.580367285531
2025-04-07T00:00:00.000000,371.0,180,191,318.0,72.0,50.0,425963.0,268487.0,195990.0,110486.0,223244.0,152465.0,100096.0,60959.0,61.0,164.0,20812.0,451.0,4766.954613443836
2025-04-08T00:00:00.000000,383.0,194,189,321.0,71.0,55.0,556802.0,385084.0,214533.0,115130.0,234895.0,173936.0,145458.0,91802.0,90.0,160.0,19890.0,423.0,4133.758891887496
2025-04-09T00:00:00.000000,436.0,196,240,352.0,61.0,78.0,452290.0,296054.0,298339.0,167974.0,134617.0,88609.0,175113.0,112245.0,108.0,163.0,24588.0,523.0,3523.2646586659134
2025-04-10T00:00:00.000000,348.0,178,170,304.0,64.0,58.0,432411.0,265732.0,194096.0,85405.0,152600.0,87031.0,148061.0,91481.0,81.0,189.0,24563.0,500.0,4051.6669786752495
2025-04-11T00:00:00.000000,376.0,172,204,316.0,59.0,59.0,398653.0,247834.0,279158.0,161362.0,136759.0,88663.0,130622.0,72204.0,80.0,183.0,19414.0,464.0,3298.8252739676177
2025-04-12T00:00:00.000000,158.0,73,85,126.0,20.0,23.0,181750.0,112534.0,104526.0,51930.0,53906.0,31379.0,68748.0,49484.0,29.0,91.0,8470.0,184.0,1984.0921275742387
2025-04-13T00:00:00.000000,176.0,79,97,149.0,35.0,25.0,290800.0,218326.0,115241.0,62885.0,133082.0,103050.0,73706.0,48743.0,29.0,85.0,13197.0,204.0,1305.2371905678863
2025-04-14T00:00:00.000000,305.0,127,178,255.0,44.0,34.0,322428.0,214184.0,271260.0,166038.0,135346.0,94307.0,95306.0,62536.0,55.0,172.0,18729.0,351.0,2336.839727370769
2025-04-15T00:00:00.000000,353.0,151,202,299.0,40.0,61.0,367401.0,238990.0,245040.0,135119.0,82394.0,52718.0,114181.0,57251.0,87.0,186.0,19705.0,493.0,1594.9918249169075
2025-04-16T00:00:00.000000,332.0,147,185,266.0,46.0,55.0,279565.0,167039.0,202744.0,97386.0,89069.0,53142.0,108163.0,61457.0,73.0,244.0,26581.0,384.0,3763.300200591987
2025-04-17T00:00:00.000000,348.0,157,191,298.0,57.0,47.0,372166.0,226128.0,242014.0,126317.0,142326.0,85089.0,101419.0,55465.0,69.0,206.0,17901.0,478.0,4863.352504004954
2025-04-18T00:00:00.000000,278.0,122,156,217.0,38.0,44.0,266823.0,160028.0,198149.0,101296.0,74433.0,39959.0,79739.0,42041.0,60.0,115.0,13536.0,334.0,3378.0695359087204
2025-04-19T00:00:00.000000,169.0,73,96,136.0,21.0,18.0,151080.0,85073.0,102243.0,50021.0,43152.0,19946.0,36382.0,21072.0,23.0,103.0,9523.0,193.0,3875.313897597017
2025-04-20T00:00:00.000000,143.0,63,80,132.0,20.0,18.0,146979.0,90545.0,83236.0,39825.0,69316.0,49870.0,23117.0,12856.0,20.0,99.0,7168.0,182.0,2973.151732395232
2025-04-21T00:00:00.000000,259.0,118,141,217.0,29.0,43.0,245732.0,150480.0,161920.0,87036.0,83831.0,56831.0,85674.0,50774.0,57.0,153.0,13269.0,294.0,3534.1021814178357
2025-04-22T00:00:00.000000,373.0,168,205,309.0,55.0,53.0,447372.0,293619.0,209142.0,103005.0,178212.0,131180.0,139297.0,97075.0,66.0,217.0,19796.0,464.0,2499.2037081969706
2025-04-23T00:00:00.000000,367.0,171,196,300.0,44.0,52.0,447173.0,298145.0,240888.0,121815.0,129507.0,85914.0,136797.0,88802.0,67.0,159.0,18685.0,520.0,5266.440908359033
2025-04-24T00:00:00.000000,322.0,162,160,270.0,59.0,50.0,438220.0,288904.0,185196.0,95460.0,177536.0,115590.0,164174.0,117861.0,66.0,132.0,15338.0,433.0,2761.616503338502
2025-04-25T00:00:00.000000,310.0,142,168,266.0,48.0,55.0,304988.0,186576.0,191497.0,99697.0,124764.0,79509.0,86383.0,50235.0,79.0,163.0,17715.0,278.0,4406.539472102704
2025-04-26T00:00:00.000000,164.0,76,88,145.0,32.0,28.0,182578.0,112223.0,87152.0,41596.0,82702.0,49575.0,52443.0,24136.0,45.0,103.0,10485.0,200.0,3000.402943430934
2025-04-27T00:00:00.000000,154.0,69,85,130.0,25.0,23.0,200168.0,140725.0,89758.0,39726.0,66300.0,43972.0,86052.0,64739.0,29.0,103.0,9194.0,196.0,1212.6933369228368
2025-04-28T00:00:00.000000,288.0,140,148,255.0,46.0,50.0,325371.0,210408.0,158243.0,76599.0,112967.0,70130.0,131822.0,88203.0,68.0,141.0,15822.0,363.0,2764.8565958142185
2025-04-29T00:00:00.000000,346.0,150,196,302.0,48.0,48.0,309786.0,192042.0,191622.0,96913.0,111557.0,73252.0,100445.0,58522.0,59.0,140.0,13152.0,421.0,1696.5078714530339
2025-04-30T00:00:00.000000,348.0,147,201,287.0,55.0,55.0,412924.0,257184.0,198094.0,88979.0,177563.0,112442.0,113673.0,63582.0,79.0,161.0,14497.0,344.0,3857.720322410563
2025-05-01T00:00:00.000000,234.0,99,135,202.0,35.0,34.0,178969.0,88804.0,199945.0,109681.0,54744.0,28028.0,68814.0,34034.0,42.0,138.0,9907.0,305.0,4229.609701439241
2025-05-02T00:00:00.000000,296.0,121,175,240.0,29.0,46.0,272600.0,159723.0,214286.0,107002.0,67147.0,34473.0,93320.0,54087.0,60.0,128.0,22225.0,365.0,4194.867074625531
2025-05-03T00:00:00.000000,136.0,53,83,115.0,14.0,20.0,141140.0,91942.0,123099.0,72594.0,62088.0,49122.0,35213.0,18484.0,30.0,95.0,9971.0,119.0,1562.9880886515189
2025-05-04T00:00:00.000000,159.0,77,82,129.0,24.0,27.0,187982.0,121792.0,79911.0,40884.0,44771.0,24977.0,80581.0,57879.0,37.0,99.0,16635.0,225.0,311.92572763649696
2025-05-05T00:00:00.000000,281.0,122,159,233.0,43.0,46.0,309300.0,201380.0,205149.0,110767.0,100736.0,62915.0,100966.0,63963.0,55.0,185.0,12004.0,273.0,2044.746783457089
2025-05-06T00:00:00.000000,331.0,156,175,286.0,55.0,50.0,384162.0,241591.0,226558.0,116655.0,144872.0,97691.0,129983.0,83107.0,80.0,172.0,17905.0,389.0,2669.4302602017665
2025-05-07T00:00:00.000000,333.0,148,185,286.0,55.0,45.0,373652.0,254358.0,247625.0,134587.0,133278.0,89286.0,112092.0,77052.0,61.0,161.0,16423.0,380.0,3291.7283124689657
2025-05-08T00:00:00.000000,292.0,135,157,250.0,49.0,43.0,303597.0,181968.0,172122.0,82651.0,133424.0,88802.0,80255.0,42691.0,66.0,158.0,15425.0,469.0,596.3546832567941
2025-05-09T00:00:00.000000,294.0,146,148,245.0,48.0,45.0,304760.0,169380.0,161930.0,79137.0,103522.0,59413.0,104368.0,60045.0,59.0,152.0,14415.0,379.0,2016.0061502935728
2025-05-10T00:00:00.000000,184.0,87,97,141.0,21.0,37.0,201653.0,130448.0,93703.0,50959.0,56781.0,36320.0,87031.0,56089.0,49.0,112.0,10800.0,215.0,1929.9717422437045
2025-05-11T00:00:00.000000,141.0,65,76,117.0,21.0,23.0,147484.0,93790.0,108087.0,59018.0,55888.0,38216.0,52386.0,32042.0,36.0,102.0,9247.0,197.0,892.5478601739082
2025-05-12T00:00:00.000000,291.0,136,155,250.0,50.0,43.0,287367.0,172306.0,190631.0,98721.0,117795.0,71766.0,94451.0,56668.0,58.0,158.0,13426.0,367.0,4448.54487474253
2025-05-13T00:00:00.000000,298.0,139,159,264.0,48.0,50.0,339576.0,212745.0,185001.0,94226.0,136306.0,94678.0,88030.0,41812.0,67.0,127.0,15057.0,342.0,2040.2150968642668
2025-05-14T00:00:00.000000,311.0,142,169,250.0,45.0,41.0,295453.0,181247.0,215189.0,115009.0,88387.0,55159.0,76943.0,44163.0,54.0,123.0,13110.0,313.0,1509.8631621329512
2025-05-15T00:00:00.000000,309.0,148,161,266.0,38.0,65.0,325970.0,185980.0,182740.0,93854.0,92864.0,54531.0,142552.0,83860.0,105.0,162.0,30875.0,453.0,4163.671164492683
2025-05-16T00:00:00.000000,292.0,123,169,253.0,41.0,35.0,308275.0,191374.0,213246.0,93353.0,113892.0,71822.0,86053.0,54298.0,45.0,106.0,12581.0,396.0,5665.415852734013
2025-05-17T00:00:00.000000,177.0,80,97,148.0,23.0,30.0,201802.0,127683.0,105562.0,49740.0,72758.0,45431.0,83826.0,53984.0,44.0,95.0,10146.0,252.0,2729.4918597204587
2025-05-18T00:00:00.000000,136.0,61,75,106.0,22.0,19.0,184132.0,127166.0,85981.0,37832.0,80537.0,61755.0,64198.0,45153.0,27.0,65.0,6179.0,166.0,2313.1088729510298
2025-05-19T00:00:00.000000,290.0,129,161,242.0,43.0,42.0,291231.0,185680.0,194327.0,101877.0,105326.0,65910.0,100105.0,68310.0,63.0,131.0,20490.0,334.0,3790.217445949598
2025-05-20T00:00:00.000000,272.0,125,147,231.0,39.0,34.0,245038.0,138977.0,205424.0,84500.0,69599.0,37232.0,69339.0,39943.0,43.0,109.0,11909.0,279.0,3046.504536085485
2025-05-21T00:00:00.000000,277.0,118,159,236.0,42.0,40.0,297793.0,190927.0,172487.0,92171.0,90398.0,56379.0,110976.0,68624.0,54.0,98.0,9491.0,385.0,3456.3912421859154
2025-05-22T00:00:00.000000,300.0,133,167,261.0,44.0,48.0,295122.0,174548.0,189696.0,88689.0,121616.0,80216.0,85181.0,43181.0,56.0,136.0,14198.0,299.0,2806.271029782878
2025-05-23T00:00:00.000000,264.0,129,133,220.0,45.0,42.0,341337.0,232064.0,137229.0,59398.0,110345.0,68118.0,101236.0,65861.0,54.0,123.0,12386.0,333.0,2596.173987207345
2025-05-24T00:00:00.000000,139.0,54,85,117.0,20.0,18.0,139986.0,94708.0,114049.0,70869.0,49027.0,32793.0,55759.0,41056.0,24.0,73.0,7168.0,178.0,1796.224755275714
2025-05-25T00:00:00.000000,143.0,68,75,121.0,19.0,25.0,151252.0,97728.0,70078.0,34606.0,50438.0,36068.0,45402.0,25850.0,36.0,37.0,7194.0,192.0,3142.843517766236
2025-05-26T00:00:00.000000,243.0,101,142,214.0,32.0,38.0,240013.0,139027.0,160566.0,80859.0,85601.0,52827.0,74225.0,43020.0,53.0,142.0,8494.0,297.0,3838.8762091819567
2025-05-27T00:00:00.000000,262.0,119,143,222.0,41.0,34.0,317395.0,221109.0,148284.0,71258.0,129173.0,97698.0,72381.0,40414.0,55.0,165.0,13103.0,298.0,1712.643078413081
2025-05-28T00:00:00.000000,337.0,151,186,261.0,45.0,48.0,416882.0,281158.0,210821.0,111078.0,141865.0,100338.0,117539.0,76441.0,66.0,139.0,14152.0,422.0,1176.7696496796661
2025-05-29T00:00:00.000000,255.0,107,148,209.0,32.0,41.0,245967.0,156258.0,188124.0,103185.0,68957.0,40217.0,96878.0,64805.0,59.0,149.0,12928.0,264.0,1668.9352360795103
2025-05-30T00:00:00.000000,271.0,119,152,231.0,33.0,41.0,257590.0,152140.0,167245.0,83881.0,88124.0,57009.0,85030.0,51785.0,57.0,99.0,13090.0,347.0,4932.343897653135
2025-05-31T00:00:00.000000,136.0,61,75,109.0,16.0,16.0,147255.0,87210.0,82995.0,37903.0,55252.0,39564.0,25964.0,11555.0,26.0,82.0,6594.0,137.0,1381.610651152502
2025-06-01T00:00:00.000000,173.0,67,106,128.0,17.0,29.0,201317.0,139667.0,137914.0,78051.0,53683.0,35788.0,75366.0,51580.0,41.0,117.0,13255.0,194.0,2250.9446228004376
2025-06-02T00:00:00.000000,251.0,117,134,203.0,34.0,49.0,274256.0,175859.0,146072.0,84344.0,86173.0,52085.0,112843.0,81527.0,66.0,163.0,17579.0,325.0,3441.1942778711855
2025-06-03T00:00:00.000000,269.0,120,149,220.0,43.0,40.0,342722.0,237573.0,176695.0,85603.0,186381.0,146012.0,68159.0,34063.0,63.0,187.0,12368.0,341.0,3562.691148660634
2025-06-04T00:00:00.000000,289.0,130,159,236.0,36.0,48.0,288994.0,162550.0,199638.0,113762.0,87483.0,49767.0,107779.0,61649.0,63.0,150.0,13141.0,354.0,3641.188158971619
2025-06-05T00:00:00.000000,258.0,107,151,223.0,37.0,35.0,299031.0,206833.0,194561.0,106742.0,98081.0,61020.0,105598.0,75670.0,49.0,131.0,11591.0,321.0,2276.2432471843363
2025-06-06T00:00:00.000000,197.0,94,103,172.0,24.0,29.0,234322.0,156348.0,109983.0,47497.0,102869.0,82543.0,53096.0,27506.0,35.0,110.0,9720.0,250.0,2864.8638602895962
2025-06-07T00:00:00.000000,126.0,47,79,105.0,11.0,20.0,130956.0,91093.0,111871.0,60578.0,16085.0,7778.0,52284.0,32902.0,23.0,60.0,6128.0,112.0,1237.8922685685275
2025-06-08T00:00:00.000000,116.0,56,60,100.0,16.0,25.0,113034.0,66759.0,80360.0,39601.0,41238.0,28684.0,49357.0,27347.0,35.0,77.0,5991.0,153.0,1685.8218375472486
2025-06-09T00:00:00.000000,217.0,94,123,179.0,25.0,30.0,206911.0,132813.0,130983.0,60281.0,57921.0,37763.0,70376.0,46526.0,36.0,80.0,8032.0,275.0,3728.445368782102
2025-06-10T00:00:00.000000,276.0,133,143,229.0,41.0,41.0,278474.0,155887.0,162111.0,81563.0,77311.0,43996.0,83447.0,46954.0,51.0,127.0,13875.0,291.0,2739.6143122141866
2025-06-11T00:00:00.000000,293.0,131,162,243.0,30.0,52.0,283067.0,154791.0,168898.0,88481.0,55813.0,27783.0,103132.0,55167.0,71.0,167.0,12855.0,313.0,4377.2874299686455
2025-06-12T00:00:00.000000,222.0,101,121,200.0,38.0,36.0,278993.0,191846.0,119953.0,61506.0,103388.0,69835.0,99830.0,67705.0,49.0,109.0,9631.0,238.0,1404.017078490836
2025-06-13T00:00:00.000000,223.0,108,115,194.0,44.0,31.0,301217.0,201151.0,130691.0,56482.0,142639.0,95060.0,71682.0,45080.0,43.0,110.0,13634.0,220.0,2325.2127222167496
2025-06-14T00:00:00.000000,108.0,49,59,90.0,14.0,17.0,117518.0,82237.0,62903.0,32261.0,29813.0,19637.0,30842.0,17906.0,20.0,55.0,4432.0,111.0,1164.9928848018703
2025-06-15T00:00:00.000000,126.0,57,69,96.0,17.0,17.0,176655.0,124496.0,114477.0,62601.0,40251.0,22614.0,31090.0,20325.0,22.0,37.0,6565.0,216.0,2293.8258865079606
2025-06-16T00:00:00.000000,227.0,114,111,197.0,34.0,43.0,230726.0,143208.0,181444.0,98267.0,84256.0,53261.0,74963.0,44869.0,56.0,72.0,12189.0,320.0,2215.986288594412
2025-06-17T00:00:00.000000,233.0,117,116,207.0,43.0,43.0,258128.0,156944.0,127047.0,54287.0,87553.0,50798.0,117197.0,75224.0,53.0,165.0,11914.0,317.0,4059.2665842825286
2025-06-18T00:00:00.000000,269.0,121,148,239.0,55.0,33.0,263813.0,147392.0,171700.0,94246.0,106313.0,55348.0,93655.0,56015.0,42.0,105.0,13096.0,300.0,2787.2937428069486
2025-06-19T00:00:00.000000,234.0,103,131,193.0,35.0,46.0,249348.0,146893.0,140188.0,70085.0,89688.0,49030.0,118251.0,74396.0,63.0,104.0,11077.0,316.0,2489.3036426105496
2025-06-20T00:00:00.000000,224.0,101,123,199.0,30.0,40.0,244287.0,165915.0,133166.0,67989.0,89840.0,66877.0,91979.0,59631.0,53.0,89.0,10780.0,226.0,2561.4975811080994
2025-06-21T00:00:00.000000,114.0,45,69,102.0,12.0,18.0,90771.0,46609.0,67303.0,31514.0,21497.0,7823.0,45940.0,27046.0,26.0,40.0,4592.0,126.0,2330.1368515319114
2025-06-22T00:00:00.000000,131.0,63,68,100.0,21.0,16.0,170820.0,121485.0,59448.0,27516.0,41554.0,23105.0,34414.0,24696.0,30.0,60.0,6952.0,99.0,614.5506129128842
2025-06-23T00:00:00.000000,217.0,109,108,192.0,38.0,33.0,283102.0,194290.0,105592.0,47899.0,99408.0,67986.0,67481.0,40679.0,44.0,75.0,9282.0,226.0,2298.7660385359613
2025-06-24T00:00:00.000000,246.0,105,141,211.0,31.0,33.0,264468.0,175219.0,130887.0,63616.0,97125.0,68254.0,82662.0,55213.0,45.0,115.0,10673.0,322.0,3445.29362906999
2025-06-25T00:00:00.000000,274.0,124,150,219.0,37.0,46.0,359770.0,253150.0,169631.0,91379.0,108031.0,71562.0,116476.0,79860.0,59.0,159.0,43436.0,403.0,146.80551399232235
2025-06-26T00:00:00.000000,230.0,107,123,185.0,28.0,40.0,233406.0,131236.0,170361.0,94555.0,60907.0,37300.0,107631.0,65653.0,57.0,112.0,9095.0,241.0,4478.754844044868
2025-06-27T00:00:00.000000,232.0,105,127,193.0,38.0,29.0,279097.0,171296.0,172007.0,84991.0,116172.0,75070.0,61589.0,32169.0,35.0,124.0,10788.0,294.0,1264.6145213877182
2025-06-28T00:00:00.000000,102.0,45,57,84.0,10.0,16.0,136798.0,96114.0,63461.0,36892.0,32458.0,25493.0,40063.0,25451.0,21.0,44.0,4853.0,110.0,1496.2406704577133
2025-06-29T00:00:00.000000,95.0,42,53,86.0,15.0,18.0,139644.0,99029.0,42266.0,19061.0,35346.0,20565.0,41175.0,25248.0,24.0,38.0,4427.0,156.0,1260.079283425648
2025-06-30T00:00:00.000000,184.0,86,98,165.0,34.0,26.0,225322.0,144597.0,78598.0,37939.0,89437.0,59623.0,79365.0,54571.0,32.0,138.0,8957.0,232.0,3354.8487095917803
2025-07-01T00:00:00.000000,218.0,100,118,182.0,29.0,38.0,206116.0,123186.0,117781.0,51999.0,65018.0,41033.0,71532.0,38671.0,54.0,124.0,36367.0,342.0,2976.573293694217
2025-07-02T00:00:00.000000,232.0,92,140,196.0,24.0,44.0,200269.0,105249.0,187730.0,117087.0,76203.0,46302.0,75374.0,34575.0,53.0,118.0,8982.0,324.0,3941.4829261497057
2025-07-03T00:00:00.000000,225.0,113,111,197.0,39.0,36.0,288812.0,187156.0,128229.0,71192.0,134044.0,89429.0,75479.0,47350.0,50.0,123.0,10893.0,364.0,230.31419287887715
2025-07-04T00:00:00.000000,185.0,80,105,158.0,14.0,29.0,203154.0,121582.0,130659.0,62452.0,31328.0,20935.0,61500.0,28775.0,37.0,130.0,10667.0,230.0,2863.756725808441
2025-07-05T00:00:00.000000,95.0,37,58,81.0,13.0,11.0,87924.0,57825.0,68344.0,25962.0,28696.0,16168.0,40831.0,29345.0,18.0,45.0,2813.0,93.0,1477.15945125883
2025-07-06T00:00:00.000000,100.0,45,55,79.0,14.0,25.0,118899.0,66584.0,57604.0,25212.0,43260.0,27621.0,57488.0,26543.0,38.0,112.0,6890.0,137.0,1895.0168515631735
2025-07-07T00:00:00.000000,198.0,95,103,178.0,33.0,34.0,224245.0,136707.0,137296.0,73160.0,85993.0,56728.0,72131.0,42181.0,45.0,95.0,10960.0,229.0,2890.0420850462233
2025-07-08T00:00:00.000000,245.0,108,137,209.0,43.0,37.0,240586.0,146786.0,144690.0,68110.0,89523.0,48937.0,95934.0,65443.0,47.0,78.0,9576.0,333.0,3758.706791377835
2025-07-09T00:00:00.000000,215.0,104,111,195.0,35.0,34.0,312567.0,200391.0,140210.0,70897.0,87872.0,52968.0,94845.0,58967.0,47.0,99.0,10038.0,237.0,1316.4362484602634
2025-07-10T00:00:00.000000,227.0,103,124,193.0,34.0,35.0,229894.0,139478.0,151287.0,85140.0,75833.0,45306.0,72334.0,44990.0,42.0,83.0,11407.0,221.0,2304.186885252852
2025-07-11T00:00:00.000000,184.0,74,110,166.0,29.0,20.0,169053.0,102161.0,179507.0,110060.0,78081.0,49504.0,32312.0,16983.0,23.0,92.0,7399.0,237.0,774.3745264342556
2025-07-12T00:00:00.000000,113.0,54,59,96.0,17.0,21.0,125667.0,75685.0,94271.0,46704.0,55647.0,33300.0,44323.0,29656.0,27.0,32.0,4237.0,139.0,2676.2338936192778
2025-07-13T00:00:00.000000,112.0,38,74,93.0,12.0,14.0,135359.0,102000.0,84898.0,37462.0,46111.0,33830.0,56827.0,44874.0,15.0,69.0,4332.0,106.0,1339.2340749349148
2025-07-14T00:00:00.000000,163.0,80,83,144.0,23.0,27.0,206896.0,128027.0,106396.0,64164.0,66784.0,42349.0,72322.0,47704.0,32.0,79.0,6867.0,279.0,2136.3629479824813
2025-07-15T00:00:00.000000,209.0,91,118,187.0,39.0,28.0,239911.0,151775.0,139054.0,71370.0,102385.0,62383.0,66008.0,43966.0,37.0,109.0,8054.0,230.0,2020.4153527850729
2025-07-16T00:00:00.000000,227.0,90,137,190.0,29.0,34.0,198709.0,115989.0,161270.0,77790.0,55606.0,33691.0,91805.0,57169.0,43.0,115.0,15340.0,276.0,3933.273135064967
2025-07-17T00:00:00.000000,223.0,91,132,193.0,18.0,31.0,181999.0,98489.0,154165.0,80684.0,34501.0,18498.0,63906.0,34573.0,43.0,140.0,12326.0,245.0,3523.357984072916
2025-07-18T00:00:00.000000,215.0,99,116,172.0,28.0,43.0,243306.0,143323.0,134675.0,69363.0,65702.0,39289.0,100976.0,58046.0,60.0,131.0,7815.0,295.0,3520.9946585670505
2025-07-19T00:00:00.000000,94.0,44,50,78.0,14.0,15.0,90100.0,48408.0,79317.0,40996.0,26115.0,13452.0,27249.0,11418.0,23.0,67.0,4247.0,119.0,1170.2650421266155
2025-07-20T00:00:00.000000,104.0,45,59,88.0,18.0,15.0,144307.0,95772.0,94525.0,60402.0,53424.0,32756.0,59117.0,42684.0,20.0,69.0,6151.0,120.0,-961.579338969266
2025-07-21T00:00:00.000000,220.0,98,122,200.0,37.0,31.0,212251.0,130865.0,132626.0,66770.0,97514.0,66120.0,49663.0,26196.0,45.0,77.0,7956.0,240.0,4190.481700545536
2025-07-22T00:00:00.000000,176.0,81,95,143.0,26.0,29.0,246682.0,176462.0,124698.0,76330.0,66439.0,44239.0,131029.0,105020.0,35.0,81.0,9248.0,226.0,-343.7838580206468
2025-07-23T00:00:00.000000,191.0,83,108,170.0,33.0,27.0,181080.0,108948.0,161643.0,90864.0,67348.0,38802.0,43972.0,21441.0,39.0,112.0,7514.0,213.0,1541.394805695932
2025-07-24T00:00:00.000000,196.0,87,109,169.0,20.0,33.0,204395.0,120848.0,105429.0,45731.0,44324.0,26941.0,87026.0,53101.0,46.0,105.0,8500.0,236.0,3675.40019190105
2025-07-25T00:00:00.000000,194.0,85,109,155.0,30.0,29.0,203466.0,124625.0,175653.0,97909.0,62289.0,30836.0,77837.0,51625.0,37.0,85.0,7325.0,262.0,2396.7303041619193
2025-07-26T00:00:00.000000,116.0,42,74,86.0,15.0,14.0,77473.0,45243.0,84157.0,41138.0,31811.0,20810.0,22995.0,13452.0,25.0,55.0,3291.0,102.0,1645.369028541409
2025-07-27T00:00:00.000000,86.0,42,44,74.0,13.0,19.0,95372.0,57564.0,63229.0,27129.0,30881.0,17044.0,45992.0,30692.0,23.0,74.0,3619.0,94.0,749.6410139237557
2025-07-28T00:00:00.000000,164.0,76,88,148.0,29.0,29.0,197222.0,126518.0,121277.0,74589.0,87326.0,59633.0,51267.0,27332.0,39.0,87.0,11104.0,231.0,2031.7310750668066
2025-07-29T00:00:00.000000,216.0,100,116,180.0,34.0,35.0,335113.0,230524.0,150479.0,77266.0,126036.0,80864.0,90266.0,64557.0,48.0,117.0,8460.0,245.0,436.4539431454948
2025-07-30T00:00:00.000000,214.0,110,104,177.0,42.0,38.0,245373.0,143887.0,128752.0,71207.0,93124.0,47512.0,80339.0,48157.0,51.0,115.0,15955.0,350.0,2161.762354727271
2025-07-31T00:00:00.000000,180.0,80,100,145.0,16.0,34.0,201381.0,117668.0,129628.0,54503.0,53221.0,30888.0,78175.0,46468.0,45.0,105.0,9703.0,145.0,-653.4478312207557
2025-08-01T00:00:00.000000,178.0,73,105,150.0,20.0,29.0,164137.0,99652.0,116324.0,64816.0,37581.0,14522.0,57104.0,34887.0,39.0,118.0,6058.0,213.0,1862.3331721554769
2025-08-02T00:00:00.000000,81.0,32,49,65.0,5.0,12.0,79600.0,55976.0,44947.0,22738.0,9622.0,5160.0,27469.0,18569.0,16.0,49.0,4384.0,86.0,1558.923929594236
2025-08-03T00:00:00.000000,82.0,41,41,75.0,16.0,13.0,95252.0,62263.0,36764.0,16022.0,36054.0,25005.0,35050.0,26467.0,22.0,47.0,4289.0,98.0,1322.29996060779
2025-08-04T00:00:00.000000,187.0,77,110,148.0,22.0,25.0,189371.0,124223.0,139500.0,70161.0,67055.0,49563.0,63637.0,41934.0,30.0,111.0,13947.0,210.0,2417.1414543154006
2025-08-05T00:00:00.000000,188.0,87,101,144.0,38.0,18.0,298309.0,217649.0,121194.0,71486.0,147310.0,112810.0,42960.0,24166.0,22.0,92.0,8426.0,259.0,-1164.7457010548856
2025-08-06T00:00:00.000000,172.0,75,97,147.0,26.0,30.0,180124.0,100946.0,106800.0,62326.0,42616.0,21603.0,93531.0,58547.0,42.0,98.0,6073.0,222.0,2628.031985054806
2025-08-07T00:00:00.000000,209.0,94,115,181.0,34.0,38.0,224717.0,136267.0,114228.0,47756.0,98089.0,66353.0,78477.0,43929.0,54.0,95.0,8852.0,227.0,3452.844908470945
2025-08-08T00:00:00.000000,160.0,72,88,139.0,27.0,20.0,160451.0,91672.0,91897.0,41508.0,51074.0,26523.0,49904.0,32539.0,24.0,53.0,6537.0,168.0,2129.6985893320866
2025-08-09T00:00:00.000000,70.0,29,41,58.0,6.0,11.0,62648.0,26791.0,56976.0,27608.0,18232.0,9182.0,22901.0,9011.0,13.0,64.0,3148.0,90.0,1208.8942384657453
2025-08-10T00:00:00.000000,97.0,46,51,81.0,15.0,14.0,106954.0,62947.0,71400.0,40348.0,37967.0,18254.0,35333.0,25588.0,17.0,49.0,4646.0,141.0,1150.7779690947661
2025-08-11T00:00:00.000000,144.0,50,94,123.0,18.0,21.0,86131.0,46723.0,101095.0,45890.0,36870.0,21976.0,36517.0,20403.0,31.0,81.0,5050.0,182.0,2623.9483005977727
2025-08-12T00:00:00.000000,154.0,71,83,138.0,29.0,19.0,183274.0,104026.0,89453.0,41289.0,69187.0,38172.0,66252.0,41276.0,26.0,74.0,5338.0,202.0,1430.5560171600264
2025-08-13T00:00:00.000000,161.0,60,101,144.0,21.0,18.0,133305.0,73313.0,103817.0,39525.0,50605.0,32096.0,35045.0,14399.0,22.0,97.0,7394.0,181.0,3823.8254092630123
2025-08-14T00:00:00.000000,174.0,60,114,145.0,15.0,22.0,199610.0,138017.0,119914.0,58458.0,87032.0,66435.0,61966.0,40057.0,29.0,67.0,5394.0,180.0,2733.666845869355
2025-08-15T00:00:00.000000,153.0,81,72,120.0,20.0,32.0,219336.0,136184.0,84146.0,42101.0,53388.0,31958.0,95538.0,56462.0,42.0,112.0,8442.0,268.0,1627.2209381742898
2025-08-16T00:00:00.000000,97.0,40,57,74.0,11.0,10.0,74516.0,42882.0,62496.0,29424.0,19902.0,11908.0,22460.0,11419.0,14.0,100.0,5814.0,125.0,1449.822798627437
2025-08-17T00:00:00.000000,78.0,36,42,69.0,13.0,10.0,105468.0,65050.0,39788.0,16489.0,59460.0,39910.0,24385.0,14621.0,11.0,64.0,3392.0,113.0,305.64065976606116
2025-08-18T00:00:00.000000,179.0,77,102,152.0,23.0,25.0,164278.0,101235.0,117002.0,66300.0,44294.0,25711.0,47730.0,28095.0,38.0,85.0,7973.0,296.0,2141.2098160813753
2025-08-19T00:00:00.000000,197.0,84,113,169.0,27.0,33.0,207717.0,109044.0,158714.0,92253.0,71958.0,33627.0,65643.0,33122.0,52.0,169.0,8967.0,274.0,2727.9092229986672
2025-08-20T00:00:00.000000,220.0,90,130,183.0,35.0,30.0,196362.0,116665.0,158171.0,71983.0,86075.0,53657.0,74853.0,45723.0,38.0,118.0,11889.0,222.0,2920.347633315058
2025-08-21T00:00:00.000000,170.0,69,101,134.0,21.0,24.0,195380.0,130248.0,116147.0,50223.0,104552.0,82572.0,45109.0,22058.0,34.0,128.0,6390.0,224.0,1328.7569202858008
2025-08-22T00:00:00.000000,168.0,73,95,142.0,28.0,19.0,173648.0,108221.0,107950.0,45687.0,78465.0,56302.0,39391.0,21839.0,29.0,64.0,6862.0,257.0,3120.888483187191
2025-08-23T00:00:00.000000,83.0,40,43,65.0,7.0,14.0,81579.0,54320.0,58735.0,26985.0,9179.0,3560.0,26504.0,16206.0,17.0,26.0,3051.0,103.0,769.5085325230492
2025-08-24T00:00:00.000000,84.0,34,50,66.0,10.0,10.0,89547.0,60679.0,49618.0,24042.0,18283.0,11456.0,27631.0,19345.0,13.0,56.0,3360.0,88.0,1039.2254634407905
2025-08-25T00:00:00.000000,153.0,69,84,132.0,25.0,22.0,184759.0,124657.0,108737.0,60170.0,88810.0,67073.0,43680.0,24511.0,30.0,45.0,5427.0,173.0,1207.7813501781754
2025-08-26T00:00:00.000000,188.0,89,99,155.0,31.0,26.0,239229.0,146157.0,95325.0,48328.0,72437.0,38529.0,77185.0,50225.0,31.0,78.0,7213.0,221.0,1824.9416323714047
2025-08-27T00:00:00.000000,137.0,67,70,126.0,29.0,20.0,167704.0,101337.0,112219.0,50822.0,73006.0,47283.0,47663.0,28013.0,32.0,52.0,4724.0,211.0,1630.4236415735572
2025-08-28T00:00:00.000000,192.0,87,105,156.0,30.0,26.0,207977.0,136861.0,184430.0,116271.0,67348.0,38808.0,57800.0,39315.0,34.0,79.0,7545.0,277.0,2506.4896912044414
2025-08-29T00:00:00.000000,216.0,90,126,177.0,25.0,36.0,281354.0,201835.0,136357.0,67723.0,99922.0,77162.0,111590.0,83029.0,48.0,168.0,8828.0,304.0,4047.0343030401827
2025-08-30T00:00:00.000000,95.0,41,54,88.0,15.0,10.0,121677.0,74329.0,80171.0,51472.0,68973.0,48667.0,15010.0,5744.0,10.0,59.0,3863.0,137.0,916.4891078468379
2025-08-31T00:00:00.000000,85.0,37,48,71.0,12.0,13.0,90356.0,58440.0,98301.0,49931.0,22201.0,10841.0,28958.0,20208.0,18.0,41.0,3103.0,58.0,1732.7927550197064
2025-09-01T00:00:00.000000,151.0,65,86,128.0,23.0,26.0,136832.0,78170.0,103029.0,57645.0,53927.0,33977.0,59614.0,37304.0,31.0,50.0,5075.0,161.0,234.88767549178718
2025-09-02T00:00:00.000000,191.0,83,108,164.0,22.0,30.0,185264.0,113592.0,126769.0,68210.0,48432.0,29984.0,83025.0,50256.0,42.0,121.0,9828.0,236.0,1787.075891852035
2025-09-03T00:00:00.000000,199.0,89,110,158.0,35.0,30.0,184664.0,103126.0,106478.0,56097.0,78488.0,44168.0,72247.0,45976.0,44.0,119.0,21977.0,238.0,2328.355879648118
2025-09-04T00:00:00.000000,189.0,76,113,159.0,31.0,20.0,150285.0,84991.0,109356.0,56260.0,58871.0,31105.0,38883.0,22380.0,24.0,76.0,5718.0,216.0,1261.1849914892712
2025-09-05T00:00:00.000000,169.0,85,84,145.0,29.0,25.0,242876.0,151508.0,91508.0,47832.0,88837.0,63117.0,76853.0,39308.0,32.0,112.0,7315.0,184.0,3010.5732542936116
2025-09-06T00:00:00.000000,122.0,42,80,84.0,14.0,16.0,69298.0,30325.0,105759.0,46876.0,24723.0,8983.0,29792.0,15676.0,24.0,75.0,4312.0,124.0,3169.9531323838314
2025-09-07T00:00:00.000000,90.0,36,54,82.0,16.0,5.0,88274.0,55846.0,60034.0,31427.0,29932.0,18046.0,18267.0,14613.0,6.0,55.0,2327.0,80.0,1745.5703707355747
2025-09-08T00:00:00.000000,175.0,80,95,152.0,33.0,23.0,200854.0,121603.0,94772.0,47640.0,92800.0,62725.0,68723.0,38459.0,39.0,73.0,6013.0,277.0,2228.819065494717
2025-09-09T00:00:00.000000,142.0,49,93,129.0,19.0,16.0,140037.0,88893.0,96393.0,39560.0,66336.0,46559.0,43624.0,23807.0,22.0,53.0,5656.0,121.0,1370.6914513304066
2025-09-10T00:00:00.000000,194.0,95,99,164.0,36.0,27.0,216026.0,135054.0,123593.0,59108.0,101529.0,69877.0,59578.0,34215.0,32.0,103.0,7047.0,227.0,2478.1884426740457
2025-09-11T00:00:00.000000,179.0,91,88,147.0,40.0,26.0,228602.0,137872.0,75474.0,33748.0,111382.0,66785.0,66588.0,45580.0,30.0,64.0,5689.0,233.0,2837.1484095594237
2025-09-12T00:00:00.000000,175.0,92,83,147.0,38.0,17.0,221621.0,136757.0,102211.0,58451.0,87534.0,50560.0,61026.0,45864.0,25.0,81.0,16365.0,189.0,2049.750296928778
2025-09-13T00:00:00.000000,87.0,47,40,74.0,22.0,12.0,167927.0,128691.0,49415.0,20407.0,34856.0,14613.0,40881.0,33216.0,18.0,35.0,3406.0,139.0,1012.316442962287
2025-09-14T00:00:00.000000,113.0,48,65,90.0,19.0,18.0,108365.0,63374.0,69790.0,37311.0,39233.0,18420.0,47521.0,30797.0,24.0,36.0,3533.0,108.0,1495.0464425057548
2025-09-15T00:00:00.000000,188.0,78,110,162.0,26.0,22.0,205777.0,135038.0,120837.0,62664.0,77986.0,53035.0,57327.0,38545.0,31.0,146.0,11419.0,259.0,3228.6139361864616
2025-09-16T00:00:00.000000,175.0,76,99,155.0,37.0,18.0,200956.0,130029.0,110781.0,52909.0,124261.0,89644.0,42741.0,23577.0,27.0,89.0,5918.0,210.0,2453.0041917507588
2025-09-17T00:00:00.000000,170.0,55,115,150.0,29.0,12.0,135917.0,91147.0,159860.0,95105.0,75831.0,53100.0,25769.0,14716.0,17.0,78.0,3049.0,161.0,2079.0956397397226
2025-09-18T00:00:00.000000,189.0,95,94,154.0,44.0,17.0,231724.0,142293.0,104785.0,63071.0,146767.0,100101.0,24769.0,11197.0,22.0,119.0,6651.0,272.0,2664.318531011677
2025-09-19T00:00:00.000000,162.0,84,78,142.0,37.0,19.0,293634.0,207472.0,74519.0,31614.0,127480.0,88630.0,110108.0,89305.0,26.0,79.0,5987.0,232.0,2315.583387764267
2025-09-20T00:00:00.000000,94.0,44,50,83.0,22.0,12.0,128004.0,87522.0,61907.0,26630.0,82188.0,62306.0,31482.0,17213.0,15.0,36.0,3370.0,116.0,-2291.299119389327
2025-09-21T00:00:00.000000,73.0,34,39,65.0,21.0,3.0,108530.0,71153.0,49316.0,23685.0,59947.0,36993.0,6647.0,2930.0,4.0,13.0,2416.0,110.0,854.278622250112
2025-09-22T00:00:00.000000,165.0,88,77,145.0,46.0,15.0,152427.0,74965.0,79686.0,36243.0,70913.0,34215.0,22536.0,11971.0,19.0,32.0,6098.0,255.0,3554.152806458987
2025-09-23T00:00:00.000000,187.0,93,94,169.0,47.0,25.0,250781.0,168172.0,124861.0,68560.0,128862.0,88828.0,49380.0,26591.0,43.0,31.0,6796.0,269.0,1096.3389976078513
2025-09-24T00:00:00.000000,205.0,100,105,167.0,40.0,28.0,285623.0,202407.0,132472.0,63258.0,112905.0,76218.0,51689.0,26395.0,37.0,59.0,5940.0,296.0,3001.5695283639766
2025-09-25T00:00:00.000000,196.0,92,104,170.0,42.0,17.0,221337.0,128909.0,143360.0,71965.0,91332.0,54129.0,38743.0,19327.0,20.0,20.0,5023.0,212.0,1644.3865392187151
2025-09-26T00:00:00.000000,159.0,72,87,144.0,41.0,11.0,211381.0,136880.0,95277.0,39242.0,122781.0,83099.0,35797.0,21424.0,13.0,36.0,4082.0,239.0,1254.5089486523311
2025-09-27T00:00:00.000000,81.0,42,39,68.0,27.0,5.0,147924.0,106784.0,69580.0,40200.0,73424.0,47281.0,44756.0,37585.0,7.0,15.0,2425.0,86.0,107.53606176473116
2025-09-28T00:00:00.000000,79.0,37,42,69.0,23.0,3.0,67425.0,36477.0,42897.0,24204.0,40280.0,18554.0,4815.0,1957.0,3.0,-15.0,2190.0,86.0,1334.4662684058976
2025-09-29T00:00:00.000000,176.0,82,94,146.0,44.0,16.0,170410.0,108792.0,103423.0,52529.0,95122.0,60142.0,40535.0,29251.0,20.0,22.0,4157.0,212.0,2430.79673813527
2025-09-30T00:00:00.000000,177.0,81,96,154.0,48.0,8.0,193673.0,116515.0,103766.0,52848.0,103624.0,54509.0,14522.0,6568.0,14.0,10.0,3689.0,189.0,597.1863805736996
