Day,Total_Posts,Total_Questions,Total_Answers,Active_Users,Total_Unanswered_Q,Total_Accepted_Q,Sum_Len_Q,Sum_CodeLen_Q,Sum_Len_A,Sum_CodeLen_A,Sum_Len_Unanswered_Q,Sum_CodeLen_Unanswered_Q,Sum_Len_Q_with_Accepted,Sum_CodeLen_Q_with_Accepted,Sum_Answers_on_Accepted_Q,Sum_Score,Sum_Views,Sum_Comments,Sum_Readability
2021-01-03T00:00:00.000000,55.0,0,55,3.0,0.0,0.0,0.0,0.0,37833.0,22069.0,0.0,0.0,0.0,0.0,0.0,43.0,0.0,79.0,1575.3342152512073
2021-01-04T00:00:00.000000,92.0,0,92,10.0,0.0,0.0,0.0,0.0,59357.0,38206.0,0.0,0.0,0.0,0.0,0.0,86.0,0.0,143.0,4862.783624984244
2021-01-05T00:00:00.000000,152.0,0,152,15.0,0.0,0.0,0.0,0.0,117256.0,65627.0,0.0,0.0,0.0,0.0,0.0,193.0,0.0,175.0,6668.2113059046505
2021-01-06T00:00:00.000000,234.0,0,234,21.0,0.0,0.0,0.0,0.0,187337.0,108157.0,0.0,0.0,0.0,0.0,0.0,352.0,0.0,278.0,7205.527335135637
2021-01-07T00:00:00.000000,280.0,1,279,30.0,0.0,1.0,1125.0,308.0,248745.0,140473.0,0.0,0.0,1125.0,308.0,2.0,392.0,253.0,405.0,9238.972384441877
2021-01-08T00:00:00.000000,375.0,0,373,62.0,0.0,0.0,0.0,0.0,367391.0,217878.0,0.0,0.0,0.0,0.0,0.0,468.0,0.0,503.0,10996.902704344993
2021-01-09T00:00:00.000000,298.0,0,298,51.0,0.0,0.0,0.0,0.0,332287.0,189755.0,0.0,0.0,0.0,0.0,0.0,426.0,0.0,409.0,8115.827569502806
2021-01-10T00:00:00.000000,335.0,8,327,59.0,0.0,8.0,8260.0,2874.0,363129.0,211812.0,0.0,0.0,8260.0,2874.0,18.0,842.0,80676.0,517.0,8486.79302032333
2021-01-11T00:00:00.000000,795.0,2,793,67.0,0.0,2.0,6972.0,4630.0,739454.0,442706.0,0.0,0.0,6972.0,4630.0,2.0,972.0,1826.0,1040.0,25939.896643999764
2021-01-12T00:00:00.000000,658.0,3,651,85.0,1.0,2.0,3802.0,1761.0,667945.0,420973.0,3272.0,1761.0,530.0,0.0,2.0,1023.0,31210.0,1084.0,22000.091787010137
2021-01-13T00:00:00.000000,665.0,0,665,154.0,0.0,0.0,0.0,0.0,725720.0,439083.0,0.0,0.0,0.0,0.0,0.0,990.0,0.0,958.0,20941.1857110954
2021-01-14T00:00:00.000000,628.0,0,628,110.0,0.0,0.0,0.0,0.0,793336.0,494888.0,0.0,0.0,0.0,0.0,0.0,903.0,0.0,1017.0,19584.990925852355
2021-01-15T00:00:00.000000,723.0,4,717,128.0,0.0,2.0,5772.0,1434.0,800156.0,479625.0,0.0,0.0,2302.0,892.0,6.0,942.0,1694.0,965.0,22755.031795495306
2021-01-16T00:00:00.000000,521.0,10,511,126.0,0.0,9.0,13094.0,5764.0,615912.0,337948.0,0.0,0.0,12430.0,5301.0,10.0,717.0,11153.0,756.0,14885.19173626381
2021-01-17T00:00:00.000000,603.0,4,598,136.0,0.0,0.0,6416.0,1474.0,691990.0,364047.0,0.0,0.0,0.0,0.0,0.0,1059.0,1476.0,785.0,19143.956751272464
2021-01-18T00:00:00.000000,786.0,2,784,249.0,0.0,2.0,4794.0,2628.0,871365.0,485204.0,0.0,0.0,4794.0,2628.0,2.0,1201.0,1420.0,1156.0,23989.273705413907
2021-01-19T00:00:00.000000,845.0,6,837,182.0,0.0,5.0,9348.0,3964.0,905545.0,496387.0,0.0,0.0,7396.0,3774.0,8.0,1270.0,4932.0,1381.0,26969.596431831495
2021-01-20T00:00:00.000000,1472.0,20,1452,202.0,0.0,10.0,30784.0,15129.0,1569507.0,885060.0,0.0,0.0,13296.0,5352.0,15.0,2278.0,29694.0,2173.0,46684.03368200849
2021-01-21T00:00:00.000000,971.0,23,948,217.0,6.0,14.0,29287.0,14084.0,1061963.0,609095.0,10772.0,4400.0,16160.0,8290.0,22.0,1614.0,23276.0,1462.0,30850.89364556184
2021-01-22T00:00:00.000000,1004.0,13,989,334.0,3.0,7.0,21274.0,10518.0,1172781.0,660231.0,6492.0,2732.0,10211.0,5532.0,9.0,1495.0,5952.0,1696.0,27411.578204423855
2021-01-23T00:00:00.000000,746.0,21,725,204.0,2.0,13.0,23807.0,8449.0,935527.0,532928.0,3382.0,2396.0,13813.0,4993.0,33.0,1202.0,43091.0,983.0,20940.392058792688
2021-01-24T00:00:00.000000,787.0,9,778,221.0,0.0,5.0,10741.0,5155.0,1023297.0,595469.0,0.0,0.0,4951.0,2515.0,8.0,1165.0,4138.0,1155.0,23519.34823241366
2021-01-25T00:00:00.000000,1076.0,28,1046,259.0,3.0,18.0,38784.0,20230.0,1176952.0,624719.0,5150.0,3552.0,25170.0,15788.0,24.0,1530.0,13652.0,1558.0,32286.063622658025
2021-01-26T00:00:00.000000,1068.0,13,1055,281.0,2.0,9.0,20739.0,8187.0,1288314.0,724153.0,1576.0,236.0,10851.0,4813.0,12.0,1753.0,39830.0,1529.0,29223.323237353667
2021-01-27T00:00:00.000000,1157.0,23,1134,436.0,4.0,12.0,35614.0,17808.0,1294360.0,713314.0,6033.0,1207.0,15492.0,9126.0,19.0,1615.0,19238.0,1772.0,34750.14474184511
2021-01-28T00:00:00.000000,1169.0,27,1142,323.0,3.0,23.0,41317.0,21086.0,1380397.0,745223.0,3329.0,1943.0,37305.0,18926.0,46.0,1889.0,78469.0,1794.0,34313.33351422071
2021-01-29T00:00:00.000000,1792.0,28,1764,333.0,3.0,21.0,38363.0,18564.0,2098640.0,1214336.0,3692.0,1521.0,29547.0,16156.0,29.0,2423.0,32890.0,2628.0,52959.56901090744
2021-01-30T00:00:00.000000,887.0,24,863,278.0,0.0,22.0,33332.0,16592.0,1165850.0,625092.0,0.0,0.0,32020.0,16454.0,36.0,1277.0,22881.0,1203.0,26243.726126443828
2021-01-31T00:00:00.000000,824.0,16,808,280.0,3.0,8.0,35776.0,25653.0,982657.0,576899.0,6880.0,4883.0,10412.0,5008.0,10.0,1253.0,14634.0,1093.0,22800.308167136136
2021-02-01T00:00:00.000000,1370.0,40,1330,503.0,3.0,29.0,56471.0,28199.0,1661701.0,922578.0,6376.0,2265.0,40989.0,23366.0,37.0,2040.0,44134.0,1960.0,32924.78644659881
2021-02-02T00:00:00.000000,1282.0,28,1254,374.0,5.0,18.0,67583.0,42712.0,1478656.0,801736.0,15403.0,9312.0,37123.0,21925.0,22.0,1796.0,28563.0,1985.0,34596.64532153329
2021-02-03T00:00:00.000000,1483.0,35,1448,396.0,4.0,19.0,68376.0,40343.0,1728648.0,994313.0,3322.0,1050.0,45567.0,26150.0,23.0,2223.0,21941.0,2401.0,43835.22151411541
2021-02-04T00:00:00.000000,1533.0,34,1493,414.0,4.0,24.0,57988.0,35433.0,1880476.0,1059146.0,6584.0,3091.0,42318.0,26557.0,40.0,2079.0,49800.0,2338.0,45541.939581631006
2021-02-05T00:00:00.000000,1434.0,22,1412,584.0,1.0,17.0,49484.0,28375.0,1771415.0,983650.0,1958.0,1321.0,44030.0,25394.0,24.0,1978.0,83841.0,2195.0,37178.24179988545
2021-02-06T00:00:00.000000,987.0,21,966,336.0,2.0,17.0,30886.0,9828.0,1219851.0,672502.0,4872.0,1720.0,24240.0,7010.0,25.0,1536.0,34721.0,1433.0,29136.008409145103
2021-02-07T00:00:00.000000,1076.0,37,1039,355.0,2.0,31.0,74224.0,49871.0,1374519.0,730002.0,5731.0,4958.0,58607.0,39381.0,51.0,1499.0,34443.0,1481.0,30650.914093433697
2021-02-08T00:00:00.000000,2236.0,72,2164,439.0,7.0,55.0,161423.0,107429.0,2558353.0,1414340.0,14379.0,6909.0,116350.0,77079.0,73.0,3327.0,81968.0,3271.0,63609.14444236802
2021-02-09T00:00:00.000000,1639.0,51,1584,468.0,5.0,39.0,106030.0,56278.0,2043208.0,1119491.0,10627.0,7004.0,82627.0,41867.0,67.0,2653.0,129739.0,2370.0,44549.18353338787
2021-02-10T00:00:00.000000,1652.0,59,1590,616.0,6.0,44.0,114144.0,63777.0,1996252.0,1060506.0,9819.0,6563.0,87669.0,49663.0,64.0,2382.0,129023.0,2445.0,41487.354950144305
2021-02-11T00:00:00.000000,1610.0,55,1553,491.0,7.0,40.0,124487.0,88394.0,1870227.0,1066180.0,9416.0,2546.0,105775.0,80456.0,78.0,2487.0,118356.0,2412.0,44050.708604780586
2021-02-12T00:00:00.000000,1444.0,48,1396,474.0,6.0,40.0,76386.0,45339.0,1755506.0,966074.0,11566.0,7988.0,63708.0,36981.0,55.0,2225.0,87336.0,1955.0,38874.49400808985
2021-02-13T00:00:00.000000,976.0,27,949,358.0,0.0,21.0,54999.0,36410.0,1248101.0,678829.0,0.0,0.0,47393.0,31831.0,33.0,1388.0,30010.0,1409.0,25375.784537927124
2021-02-14T00:00:00.000000,1006.0,30,970,355.0,0.0,20.0,60141.0,35525.0,1328255.0,734154.0,0.0,0.0,42590.0,23966.0,34.0,1374.0,24278.0,1340.0,28801.830291040395
2021-02-15T00:00:00.000000,1476.0,45,1429,570.0,5.0,33.0,82403.0,44874.0,1836153.0,1017028.0,13790.0,8057.0,63139.0,34425.0,51.0,2112.0,52612.0,2372.0,38726.47702884651
2021-02-16T00:00:00.000000,1617.0,50,1564,528.0,4.0,36.0,90755.0,47714.0,1947641.0,1066284.0,10465.0,8059.0,60012.0,30628.0,65.0,2552.0,97144.0,2263.0,40944.83355062816
2021-02-17T00:00:00.000000,2311.0,41,2270,538.0,10.0,21.0,72805.0,43672.0,2851573.0,1575243.0,15748.0,8163.0,41503.0,29837.0,25.0,3358.0,24195.0,3569.0,60373.326302883695
2021-02-18T00:00:00.000000,1741.0,47,1694,548.0,4.0,33.0,85697.0,51819.0,2147931.0,1193381.0,6117.0,2714.0,54238.0,29197.0,42.0,2205.0,56597.0,2660.0,47140.86473377665
2021-02-19T00:00:00.000000,1586.0,51,1535,660.0,13.0,24.0,91782.0,50528.0,2003566.0,1173957.0,22668.0,9285.0,40939.0,26949.0,33.0,2458.0,47076.0,2476.0,29586.341121676913
2021-02-20T00:00:00.000000,1057.0,33,1024,401.0,5.0,20.0,55785.0,31246.0,1351069.0,761387.0,5290.0,1769.0,31774.0,19052.0,28.0,1615.0,36603.0,1595.0,27080.217815744123
2021-02-21T00:00:00.000000,1069.0,40,1029,416.0,4.0,21.0,70554.0,39984.0,1276816.0,682023.0,5390.0,2445.0,42261.0,25985.0,29.0,1458.0,73733.0,1407.0,31518.151444123923
2021-02-22T00:00:00.000000,1629.0,57,1572,562.0,9.0,29.0,116090.0,64710.0,1891570.0,1018635.0,17835.0,13041.0,58429.0,33834.0,42.0,2553.0,54975.0,2501.0,40019.944806170024
2021-02-23T00:00:00.000000,1686.0,48,1634,587.0,4.0,35.0,78705.0,39844.0,2044227.0,1152230.0,9461.0,3794.0,60144.0,33393.0,52.0,2278.0,87349.0,2445.0,43357.247398125466
2021-02-24T00:00:00.000000,1670.0,49,1619,671.0,3.0,30.0,88758.0,62958.0,1921060.0,1019258.0,3124.0,386.0,60631.0,44682.0,49.0,2460.0,33716.0,2483.0,45620.096811988
2021-02-25T00:00:00.000000,1699.0,48,1651,614.0,9.0,30.0,53739.0,25517.0,1997616.0,1088650.0,6909.0,3553.0,34839.0,15567.0,69.0,2734.0,331214.0,2566.0,43067.93542731616
2021-02-26T00:00:00.000000,2208.0,64,2140,555.0,10.0,43.0,118947.0,72372.0,2720159.0,1431880.0,15582.0,5701.0,66931.0,37606.0,68.0,3400.0,77738.0,3412.0,61670.54210977105
2021-02-27T00:00:00.000000,1037.0,28,1009,408.0,1.0,16.0,45638.0,25972.0,1331930.0,695752.0,552.0,174.0,20281.0,9060.0,23.0,1607.0,29572.0,1496.0,29087.772933319262
2021-02-28T00:00:00.000000,963.0,34,926,392.0,4.0,27.0,69997.0,47482.0,1192949.0,650428.0,3848.0,1582.0,59782.0,41234.0,46.0,1794.0,93457.0,1495.0,30459.50811310643
2021-03-01T00:00:00.000000,1686.0,47,1639,642.0,5.0,33.0,72784.0,37160.0,2100456.0,1163695.0,9534.0,5034.0,47646.0,23290.0,62.0,2286.0,45679.0,2370.0,45879.68813237015
2021-03-02T00:00:00.000000,1738.0,48,1690,616.0,7.0,34.0,88372.0,47866.0,2193238.0,1182455.0,9815.0,4833.0,67689.0,35382.0,55.0,2548.0,94362.0,2558.0,41688.13536970702
2021-03-03T00:00:00.000000,1748.0,57,1685,628.0,5.0,34.0,105092.0,66537.0,2014527.0,1078351.0,10159.0,5829.0,62565.0,39943.0,69.0,2738.0,190627.0,2577.0,47161.79132047443
2021-03-04T00:00:00.000000,1829.0,60,1767,660.0,5.0,37.0,114354.0,70342.0,2270423.0,1234966.0,10838.0,6605.0,60610.0,35035.0,67.0,2895.0,160353.0,2696.0,52736.21883544238
2021-03-05T00:00:00.000000,1647.0,63,1583,704.0,11.0,34.0,108996.0,65469.0,2037232.0,1083138.0,38825.0,29421.0,50733.0,27997.0,48.0,2541.0,68743.0,2423.0,47505.503782559375
2021-03-06T00:00:00.000000,1162.0,60,1101,456.0,15.0,35.0,93549.0,54152.0,1458412.0,790953.0,24444.0,11125.0,54687.0,32924.0,55.0,1638.0,51782.0,1643.0,35415.28541621212
2021-03-07T00:00:00.000000,1077.0,37,1035,462.0,5.0,25.0,75984.0,47441.0,1302547.0,687869.0,7870.0,5375.0,49580.0,27158.0,33.0,1700.0,28433.0,1531.0,31852.21058714611
2021-03-08T00:00:00.000000,2368.0,65,2303,665.0,8.0,37.0,138716.0,88252.0,2922481.0,1616297.0,10988.0,3472.0,82841.0,51510.0,55.0,3745.0,118135.0,3376.0,70791.27187695737
2021-03-09T00:00:00.000000,1780.0,61,1718,688.0,9.0,43.0,119906.0,75372.0,2215798.0,1216051.0,20494.0,13794.0,86853.0,55008.0,59.0,2578.0,78774.0,2422.0,47280.07958462239
2021-03-10T00:00:00.000000,1852.0,61,1789,728.0,9.0,40.0,176931.0,139529.0,2197634.0,1199807.0,65116.0,60294.0,49152.0,23826.0,72.0,2972.0,136840.0,2646.0,51283.53384460782
2021-03-11T00:00:00.000000,1963.0,82,1881,699.0,15.0,53.0,161315.0,101267.0,2269012.0,1239775.0,21815.0,12622.0,115415.0,73127.0,84.0,2798.0,150156.0,3053.0,59156.95249590221
2021-03-12T00:00:00.000000,1820.0,79,1741,692.0,10.0,45.0,123123.0,75333.0,2219020.0,1226992.0,25757.0,17527.0,65487.0,40468.0,66.0,2878.0,225746.0,2741.0,49909.03846887522
2021-03-13T00:00:00.000000,1253.0,63,1190,501.0,10.0,35.0,112110.0,66736.0,1578694.0,870371.0,19249.0,10652.0,60266.0,35613.0,54.0,2178.0,90652.0,1884.0,39967.66398508948
2021-03-14T00:00:00.000000,1189.0,59,1130,624.0,12.0,34.0,110213.0,67030.0,1561577.0,838521.0,28745.0,21025.0,55876.0,32871.0,52.0,2153.0,68770.0,1880.0,30053.41019208
2021-03-15T00:00:00.000000,1874.0,89,1783,715.0,4.0,60.0,202693.0,132724.0,2226025.0,1195770.0,7976.0,4849.0,146741.0,100788.0,86.0,2872.0,80545.0,2702.0,46716.4175180938
2021-03-16T00:00:00.000000,1902.0,59,1841,725.0,3.0,37.0,109140.0,66025.0,2251796.0,1263549.0,5823.0,3002.0,76445.0,48149.0,44.0,2603.0,70939.0,2861.0,53566.89203763398
2021-03-17T00:00:00.000000,2665.0,77,2585,728.0,8.0,49.0,154869.0,104660.0,3260611.0,1856007.0,13571.0,6730.0,113814.0,82550.0,75.0,4175.0,164165.0,3945.0,74678.74576180233
2021-03-18T00:00:00.000000,1912.0,72,1840,849.0,15.0,38.0,139018.0,93088.0,2286773.0,1294694.0,19119.0,9799.0,86144.0,61767.0,56.0,2845.0,85263.0,2857.0,52242.94645140037
2021-03-19T00:00:00.000000,1800.0,79,1721,704.0,10.0,41.0,172095.0,116731.0,2179540.0,1237314.0,25713.0,16854.0,75919.0,47015.0,53.0,3038.0,73047.0,2699.0,42879.46117811086
2021-03-20T00:00:00.000000,1179.0,42,1135,496.0,6.0,32.0,65607.0,37209.0,1566070.0,890184.0,8589.0,4982.0,52995.0,29843.0,41.0,2504.0,34780.0,1728.0,35768.942120780375
2021-03-21T00:00:00.000000,1276.0,40,1231,514.0,6.0,26.0,94648.0,62044.0,1622878.0,918817.0,14938.0,6138.0,58625.0,38633.0,45.0,1975.0,82211.0,1811.0,34581.47973689549
2021-03-22T00:00:00.000000,1884.0,65,1819,735.0,5.0,40.0,129005.0,80531.0,2192741.0,1138442.0,7437.0,4342.0,88951.0,60406.0,64.0,2858.0,56954.0,2741.0,53252.73464162185
2021-03-23T00:00:00.000000,2009.0,85,1921,886.0,7.0,61.0,173020.0,115466.0,2497776.0,1403362.0,14548.0,8537.0,112074.0,73144.0,98.0,3001.0,89141.0,2982.0,58324.0153908498
2021-03-24T00:00:00.000000,2125.0,100,2025,793.0,8.0,75.0,171775.0,93332.0,2483728.0,1365099.0,24433.0,16704.0,122286.0,64417.0,142.0,3343.0,140938.0,3227.0,57248.00383762524
2021-03-25T00:00:00.000000,2062.0,114,1946,776.0,13.0,75.0,207082.0,130048.0,2286388.0,1222010.0,31694.0,23397.0,134118.0,82529.0,99.0,3163.0,121779.0,3055.0,53248.7025694021
2021-03-26T00:00:00.000000,2609.0,107,2501,737.0,16.0,66.0,160917.0,93764.0,3324600.0,1767816.0,27160.0,14299.0,94461.0,56990.0,102.0,3976.0,159235.0,3797.0,70794.75957466959
2021-03-27T00:00:00.000000,1224.0,55,1167,515.0,11.0,27.0,92121.0,60436.0,1615621.0,837660.0,20545.0,13359.0,48927.0,32682.0,37.0,2100.0,59842.0,1651.0,33532.66400046766
2021-03-28T00:00:00.000000,1201.0,74,1127,658.0,15.0,42.0,200112.0,150727.0,1612748.0,865446.0,36586.0,25165.0,139729.0,112686.0,65.0,2062.0,109033.0,1786.0,19916.07768826763
2021-03-29T00:00:00.000000,1840.0,71,1769,732.0,16.0,44.0,154067.0,98667.0,2200761.0,1138329.0,28008.0,17351.0,101024.0,65726.0,60.0,2855.0,90637.0,2880.0,44654.246366777916
2021-03-30T00:00:00.000000,1890.0,92,1795,771.0,9.0,59.0,228058.0,158455.0,2207951.0,1167831.0,19535.0,10695.0,153899.0,112593.0,95.0,3166.0,200137.0,2729.0,48272.633231024745
2021-03-31T00:00:00.000000,1814.0,85,1729,765.0,11.0,56.0,205611.0,128090.0,2078547.0,1132583.0,34907.0,28934.0,151918.0,91464.0,84.0,2765.0,94185.0,2623.0,48274.27968122881
2021-04-01T00:00:00.000000,1840.0,74,1766,765.0,14.0,49.0,160042.0,98295.0,2212770.0,1242963.0,27807.0,16342.0,106052.0,66101.0,71.0,2894.0,70688.0,2603.0,45281.83525022796
2021-04-02T00:00:00.000000,1640.0,83,1556,759.0,15.0,45.0,113285.0,61984.0,1954794.0,1052858.0,18914.0,9470.0,54977.0,28635.0,58.0,2460.0,139717.0,2372.0,44589.59798298653
2021-04-03T00:00:00.000000,1233.0,53,1179,530.0,7.0,36.0,109764.0,75723.0,1599556.0,884701.0,29424.0,25928.0,66846.0,41633.0,47.0,1943.0,50154.0,1715.0,30684.865820464125
2021-04-04T00:00:00.000000,1244.0,91,1149,520.0,19.0,48.0,167404.0,108157.0,1489292.0,808051.0,31901.0,17367.0,97802.0,66767.0,78.0,2194.0,217575.0,1904.0,35967.06640878722
2021-04-05T00:00:00.000000,1736.0,98,1637,695.0,11.0,54.0,185238.0,112131.0,1947771.0,1058967.0,25228.0,11686.0,81340.0,46552.0,67.0,2556.0,154686.0,2714.0,44619.066882688625
2021-04-06T00:00:00.000000,2912.0,145,2767,830.0,19.0,95.0,261870.0,170305.0,3534962.0,1948882.0,38173.0,25127.0,164041.0,108193.0,140.0,4642.0,193232.0,4387.0,67915.87521885104
2021-04-07T00:00:00.000000,2178.0,105,2073,1085.0,11.0,69.0,265861.0,192657.0,2725085.0,1544373.0,23054.0,13224.0,209497.0,158952.0,103.0,4320.0,142441.0,3209.0,51527.88923823143
2021-04-08T00:00:00.000000,2131.0,127,2002,834.0,14.0,79.0,187255.0,96249.0,2431201.0,1337734.0,24986.0,11319.0,112601.0,57333.0,124.0,3553.0,183400.0,3193.0,55199.60296499077
2021-04-09T00:00:00.000000,1912.0,111,1800,782.0,17.0,64.0,240079.0,138319.0,2301317.0,1273146.0,57688.0,30798.0,128720.0,82198.0,84.0,2707.0,89423.0,2681.0,48297.92155913003
2021-04-10T00:00:00.000000,1358.0,68,1290,577.0,6.0,42.0,105043.0,59627.0,1712503.0,976419.0,6713.0,3057.0,68377.0,39622.0,74.0,2835.0,424575.0,1895.0,37719.71683402135
2021-04-11T00:00:00.000000,1428.0,88,1340,610.0,7.0,64.0,211011.0,141893.0,1804972.0,994545.0,23686.0,18572.0,147720.0,97486.0,97.0,2418.0,127155.0,2161.0,38719.56616542804
2021-04-12T00:00:00.000000,2030.0,95,1935,1032.0,13.0,53.0,169727.0,97387.0,2501257.0,1364164.0,31653.0,19485.0,85053.0,46548.0,75.0,3191.0,172308.0,2909.0,52675.471457866224
2021-04-13T00:00:00.000000,2049.0,84,1960,833.0,16.0,48.0,173337.0,113226.0,2337048.0,1259047.0,24287.0,15792.0,100837.0,61802.0,67.0,3105.0,154624.0,3035.0,55006.671624862545
2021-04-14T00:00:00.000000,2104.0,109,1995,848.0,11.0,81.0,198027.0,117240.0,2540667.0,1413172.0,19735.0,11142.0,140476.0,79503.0,132.0,3215.0,248856.0,3061.0,57163.69301443055
2021-04-15T00:00:00.000000,2585.0,106,2477,869.0,19.0,63.0,223194.0,143548.0,3009026.0,1690514.0,33996.0,20218.0,144799.0,95164.0,88.0,3843.0,344857.0,3445.0,70747.0047614576
2021-04-16T00:00:00.000000,2005.0,98,1905,995.0,6.0,68.0,259806.0,200084.0,2401921.0,1330531.0,9001.0,5013.0,152991.0,110670.0,108.0,3281.0,162417.0,2800.0,53773.42534914063
2021-04-17T00:00:00.000000,1269.0,59,1210,525.0,9.0,32.0,107171.0,63991.0,1695442.0,950458.0,23466.0,17474.0,53848.0,27652.0,45.0,2202.0,79044.0,1879.0,36415.8742267596
2021-04-18T00:00:00.000000,1324.0,67,1257,570.0,10.0,46.0,143580.0,95956.0,1678335.0,967086.0,12542.0,6433.0,110672.0,74567.0,68.0,1993.0,136562.0,1983.0,33146.20800388035
2021-04-19T00:00:00.000000,2072.0,110,1958,817.0,14.0,69.0,210552.0,126326.0,2380642.0,1323941.0,26456.0,11833.0,126401.0,69458.0,93.0,2901.0,130495.0,3052.0,54855.10732690371
2021-04-20T00:00:00.000000,1957.0,122,1835,827.0,20.0,70.0,228764.0,145208.0,2340729.0,1318177.0,45682.0,33245.0,130477.0,79207.0,97.0,2619.0,208096.0,2865.0,50182.51936921499
2021-04-21T00:00:00.000000,2214.0,140,2070,1049.0,17.0,77.0,253723.0,167420.0,2655915.0,1440672.0,37800.0,22604.0,140410.0,100511.0,125.0,3762.0,844116.0,3278.0,57387.830674950776
2021-04-22T00:00:00.000000,2096.0,98,1997,864.0,16.0,56.0,204822.0,134327.0,2509445.0,1371155.0,44881.0,31063.0,102213.0,65387.0,94.0,3223.0,184334.0,3147.0,54724.63415628669
2021-04-23T00:00:00.000000,1962.0,83,1878,816.0,12.0,45.0,133356.0,79347.0,2349914.0,1270532.0,21007.0,13179.0,62508.0,33236.0,65.0,2874.0,199916.0,2807.0,54089.5973884371
2021-04-24T00:00:00.000000,1325.0,67,1254,574.0,12.0,43.0,138580.0,90429.0,1646836.0,911494.0,26954.0,18028.0,76472.0,47324.0,78.0,2575.0,302781.0,1983.0,34257.37456650226
2021-04-25T00:00:00.000000,1386.0,81,1303,600.0,10.0,44.0,146430.0,87804.0,1646150.0,909719.0,40018.0,33768.0,67073.0,34785.0,63.0,2232.0,254394.0,2046.0,39403.76704935487
2021-04-26T00:00:00.000000,2661.0,84,2577,927.0,16.0,45.0,169601.0,105992.0,3160986.0,1719428.0,42371.0,31851.0,90956.0,52499.0,65.0,3796.0,128653.0,3674.0,77663.48228212385
2021-04-27T00:00:00.000000,2089.0,119,1969,857.0,14.0,78.0,241316.0,162511.0,2397853.0,1310336.0,32877.0,24147.0,155942.0,106210.0,133.0,3049.0,290612.0,3212.0,60220.49384124914
2021-04-28T00:00:00.000000,2098.0,113,1983,877.0,22.0,58.0,194414.0,115980.0,2533761.0,1465017.0,48544.0,28215.0,83910.0,47767.0,100.0,2954.0,229767.0,2962.0,55305.16613990668
2021-04-29T00:00:00.000000,2130.0,95,2035,896.0,13.0,56.0,169960.0,98189.0,2483037.0,1352494.0,21360.0,11994.0,115185.0,65697.0,105.0,3039.0,88836.0,3026.0,57761.366899519766
2021-04-30T00:00:00.000000,1936.0,121,1813,792.0,19.0,77.0,203754.0,119248.0,2210292.0,1218434.0,38784.0,14905.0,122907.0,72368.0,117.0,2734.0,123332.0,2897.0,51571.624091723636
2021-05-01T00:00:00.000000,1345.0,109,1236,698.0,19.0,59.0,183510.0,106421.0,1602607.0,881446.0,25308.0,12184.0,89390.0,47638.0,95.0,1954.0,222954.0,1989.0,40105.98103574582
2021-05-02T00:00:00.000000,1379.0,74,1305,614.0,12.0,47.0,143265.0,79294.0,1815437.0,1037063.0,23793.0,9255.0,89294.0,55123.0,55.0,2230.0,62173.0,1917.0,37799.331385067235
2021-05-03T00:00:00.000000,1997.0,103,1894,819.0,17.0,67.0,226065.0,156838.0,2305689.0,1272279.0,47465.0,38030.0,152301.0,105292.0,96.0,2892.0,123090.0,2888.0,56894.18606137663
2021-05-04T00:00:00.000000,2122.0,88,2034,865.0,15.0,45.0,197848.0,143538.0,2504730.0,1365828.0,23810.0,16082.0,104172.0,75616.0,82.0,3124.0,181189.0,3175.0,54709.630806303685
2021-05-05T00:00:00.000000,2484.0,107,2375,888.0,11.0,67.0,198336.0,118146.0,2962766.0,1682631.0,18805.0,10683.0,140217.0,88726.0,103.0,3666.0,175696.0,3748.0,73472.50387943923
2021-05-06T00:00:00.000000,2328.0,131,2197,1149.0,19.0,75.0,243123.0,146605.0,2734640.0,1485546.0,39824.0,20367.0,141540.0,86369.0,106.0,3304.0,232155.0,3266.0,66268.23565149902
2021-05-07T00:00:00.000000,2004.0,78,1925,879.0,14.0,43.0,142669.0,91055.0,2373851.0,1331512.0,32060.0,24213.0,79333.0,48741.0,62.0,2774.0,83803.0,2702.0,51824.24369329642
2021-05-08T00:00:00.000000,1427.0,95,1330,611.0,16.0,60.0,193113.0,126071.0,1818124.0,1044064.0,21964.0,10898.0,122568.0,82576.0,111.0,2136.0,214031.0,1975.0,39834.26132731439
2021-05-09T00:00:00.000000,1371.0,84,1287,587.0,15.0,48.0,165472.0,106117.0,1675607.0,969981.0,26159.0,14400.0,90709.0,53915.0,70.0,1849.0,75512.0,1896.0,36932.74248895343
2021-05-10T00:00:00.000000,2097.0,112,1983,899.0,12.0,60.0,206003.0,124675.0,2343571.0,1317284.0,23774.0,14388.0,113114.0,68651.0,98.0,2832.0,141984.0,2948.0,53783.37342304269
2021-05-11T00:00:00.000000,2300.0,141,2157,1157.0,19.0,83.0,299691.0,204406.0,2550523.0,1413605.0,32267.0,19115.0,174678.0,119160.0,129.0,3451.0,266501.0,3317.0,65006.63244006191
2021-05-12T00:00:00.000000,2272.0,127,2145,935.0,13.0,84.0,255729.0,156656.0,2521973.0,1398417.0,22691.0,10537.0,156163.0,98521.0,126.0,3359.0,257370.0,3330.0,60156.12238143359
2021-05-13T00:00:00.000000,2009.0,97,1910,869.0,7.0,58.0,186322.0,123441.0,2331976.0,1252148.0,15994.0,10447.0,111123.0,76967.0,84.0,3324.0,197790.0,2844.0,57547.37093280662
2021-05-14T00:00:00.000000,2037.0,136,1899,887.0,17.0,93.0,224112.0,133396.0,2535083.0,1447426.0,34531.0,21001.0,163888.0,98151.0,128.0,2901.0,141776.0,2840.0,48377.203438072596
2021-05-15T00:00:00.000000,1365.0,85,1276,620.0,8.0,57.0,159078.0,89930.0,1620756.0,929486.0,30216.0,19816.0,101314.0,53833.0,83.0,2206.0,108616.0,1985.0,39821.00685339148
2021-05-16T00:00:00.000000,1886.0,101,1783,745.0,6.0,69.0,191631.0,122101.0,2265406.0,1296705.0,12820.0,8785.0,132747.0,83115.0,131.0,2831.0,224373.0,2533.0,51669.70412366945
2021-05-17T00:00:00.000000,2128.0,128,1997,935.0,18.0,83.0,300852.0,226165.0,2379534.0,1329561.0,68078.0,51108.0,155260.0,112977.0,129.0,3393.0,283655.0,3346.0,50978.62353622718
2021-05-18T00:00:00.000000,2202.0,141,2061,961.0,18.0,86.0,259177.0,171526.0,2380148.0,1335881.0,38647.0,24847.0,148561.0,96006.0,119.0,3153.0,191740.0,3306.0,66242.63997544852
2021-05-19T00:00:00.000000,2364.0,170,2194,981.0,15.0,101.0,266930.0,156622.0,2681824.0,1485012.0,22748.0,14493.0,156181.0,86792.0,159.0,4072.0,659305.0,3323.0,65542.24865738614
2021-05-20T00:00:00.000000,2146.0,152,1994,960.0,19.0,94.0,249559.0,151031.0,2363807.0,1268247.0,40047.0,24321.0,140081.0,85277.0,149.0,3684.0,348686.0,3113.0,54190.6376764601
2021-05-21T00:00:00.000000,2261.0,163,2098,1069.0,19.0,100.0,324933.0,214039.0,2479344.0,1346192.0,71770.0,54111.0,180203.0,113323.0,157.0,3440.0,186002.0,3138.0,58179.7875387506
2021-05-22T00:00:00.000000,1392.0,71,1320,635.0,9.0,43.0,192344.0,143397.0,1746755.0,997303.0,32403.0,25019.0,108150.0,79912.0,78.0,2379.0,395450.0,2012.0,38580.81520121145
2021-05-23T00:00:00.000000,1403.0,82,1319,648.0,13.0,48.0,169094.0,115525.0,1735070.0,958923.0,37479.0,30690.0,94835.0,59797.0,77.0,2160.0,141742.0,2043.0,37481.62778845382
2021-05-24T00:00:00.000000,2041.0,112,1929,877.0,22.0,67.0,252512.0,178426.0,2352802.0,1296981.0,95065.0,77988.0,101124.0,62616.0,116.0,2947.0,179436.0,2885.0,52158.55322873639
2021-05-25T00:00:00.000000,2320.0,173,2147,1019.0,30.0,84.0,478656.0,345370.0,2668979.0,1523639.0,64238.0,38192.0,186212.0,125621.0,116.0,3666.0,181125.0,3615.0,62544.27020972577
2021-05-26T00:00:00.000000,2953.0,169,2784,1200.0,19.0,100.0,336821.0,226788.0,3363274.0,1911302.0,39107.0,24651.0,193774.0,126048.0,155.0,4457.0,435915.0,4152.0,78944.7323569892
2021-05-27T00:00:00.000000,2224.0,149,2073,992.0,25.0,85.0,336598.0,224089.0,2470509.0,1369874.0,63932.0,39620.0,160701.0,105384.0,144.0,3301.0,194935.0,3386.0,57310.03879627006
2021-05-28T00:00:00.000000,2123.0,157,1964,931.0,19.0,105.0,250394.0,149372.0,2447295.0,1375422.0,29912.0,18603.0,172160.0,100502.0,190.0,3226.0,375003.0,3127.0,59338.37660898308
2021-05-29T00:00:00.000000,1287.0,132,1155,643.0,17.0,85.0,211183.0,123515.0,1413844.0,765558.0,27027.0,16425.0,139643.0,83661.0,135.0,2188.0,292439.0,1875.0,35975.31568775023
2021-05-30T00:00:00.000000,1394.0,119,1275,651.0,20.0,70.0,226643.0,128877.0,1666534.0,938678.0,41155.0,24833.0,128358.0,74813.0,118.0,2083.0,213278.0,1851.0,38378.949899587795
2021-05-31T00:00:00.000000,2012.0,121,1880,1071.0,16.0,73.0,182911.0,114981.0,2340046.0,1296504.0,25282.0,16481.0,120467.0,77467.0,115.0,2967.0,135128.0,2937.0,41949.075282189675
2021-06-01T00:00:00.000000,2210.0,145,2065,955.0,19.0,85.0,266365.0,165781.0,2479328.0,1362359.0,30970.0,18499.0,172116.0,112393.0,125.0,3178.0,228744.0,3007.0,57067.88042065937
2021-06-02T00:00:00.000000,2265.0,151,2112,1008.0,18.0,91.0,296655.0,208238.0,2492688.0,1389307.0,30236.0,16533.0,192631.0,142433.0,132.0,3373.0,186114.0,3275.0,54924.79714337085
2021-06-03T00:00:00.000000,2143.0,135,2004,977.0,28.0,85.0,236343.0,152057.0,2420479.0,1336340.0,45291.0,27526.0,162594.0,106133.0,131.0,3217.0,148988.0,2913.0,56459.52625379581
2021-06-04T00:00:00.000000,2330.0,141,2189,960.0,9.0,83.0,260896.0,156186.0,2523025.0,1425613.0,15482.0,8334.0,158292.0,94581.0,122.0,3440.0,209189.0,3316.0,58659.69966983647
2021-06-05T00:00:00.000000,1346.0,95,1250,630.0,9.0,64.0,199192.0,114736.0,1610365.0,900403.0,14538.0,9186.0,162175.0,93619.0,102.0,2020.0,146546.0,1723.0,33027.32694531424
2021-06-06T00:00:00.000000,1354.0,93,1261,633.0,6.0,57.0,165093.0,98383.0,1644132.0,914702.0,12062.0,7860.0,108853.0,67984.0,97.0,2674.0,241595.0,1822.0,37496.85015477893
2021-06-07T00:00:00.000000,2186.0,122,2059,948.0,11.0,78.0,204286.0,123663.0,2410596.0,1304178.0,23660.0,15731.0,139358.0,86085.0,113.0,3127.0,128705.0,3190.0,53385.22279613918
2021-06-08T00:00:00.000000,2217.0,152,2065,959.0,21.0,90.0,350276.0,250906.0,2433336.0,1354536.0,48906.0,32577.0,214136.0,152240.0,143.0,4049.0,196941.0,3397.0,57086.996769776204
2021-06-09T00:00:00.000000,2282.0,137,2141,1002.0,24.0,84.0,275166.0,186409.0,2631937.0,1503195.0,63878.0,47293.0,162731.0,107777.0,130.0,4056.0,656063.0,3479.0,54942.01666857137
2021-06-10T00:00:00.000000,2283.0,148,2135,1159.0,26.0,91.0,291168.0,185077.0,2567592.0,1431237.0,59907.0,39627.0,183698.0,115013.0,151.0,3878.0,133621.0,3175.0,63368.932300198554
2021-06-11T00:00:00.000000,1988.0,127,1857,908.0,31.0,55.0,283158.0,176161.0,2238276.0,1243190.0,49191.0,30413.0,132045.0,88536.0,85.0,3009.0,253607.0,2752.0,55985.185924892416
2021-06-12T00:00:00.000000,1319.0,75,1244,622.0,9.0,38.0,156926.0,102410.0,1626178.0,893647.0,17593.0,10110.0,87158.0,58530.0,59.0,2027.0,150632.0,1916.0,35399.89101563703
2021-06-13T00:00:00.000000,1408.0,79,1329,658.0,10.0,54.0,146994.0,86465.0,1705538.0,944137.0,14356.0,5545.0,109043.0,67029.0,86.0,2443.0,211310.0,2256.0,37255.2787194901
2021-06-14T00:00:00.000000,2033.0,136,1897,892.0,15.0,86.0,273760.0,190555.0,2357287.0,1293269.0,70254.0,52736.0,153752.0,104343.0,130.0,3074.0,163915.0,2905.0,52776.81065444982
2021-06-15T00:00:00.000000,3058.0,148,2902,1196.0,22.0,87.0,282283.0,180901.0,3365116.0,1875585.0,52143.0,32665.0,152118.0,92072.0,151.0,5509.0,314559.0,4698.0,84314.60346084644
2021-06-16T00:00:00.000000,2265.0,137,2128,1015.0,19.0,85.0,232969.0,141743.0,2635897.0,1444529.0,48418.0,30496.0,123528.0,74608.0,132.0,3875.0,254178.0,3115.0,61467.10005821341
2021-06-17T00:00:00.000000,2283.0,140,2141,1028.0,23.0,80.0,221122.0,135033.0,2538564.0,1451722.0,39607.0,26387.0,132731.0,81154.0,115.0,3212.0,219522.0,3202.0,56832.033045881384
2021-06-18T00:00:00.000000,2136.0,142,1994,940.0,20.0,72.0,253193.0,161822.0,2429443.0,1371869.0,41501.0,29954.0,128438.0,83739.0,113.0,2902.0,171061.0,3015.0,57827.840205389606
2021-06-19T00:00:00.000000,1256.0,104,1150,622.0,13.0,57.0,149454.0,85994.0,1520137.0,848341.0,13837.0,5846.0,79131.0,45965.0,90.0,2127.0,180598.0,1981.0,33496.53578804237
2021-06-20T00:00:00.000000,1372.0,78,1294,723.0,12.0,43.0,145169.0,87807.0,1557038.0,870764.0,26099.0,11010.0,81320.0,54166.0,81.0,1896.0,106866.0,1813.0,34279.32209522318
2021-06-21T00:00:00.000000,2296.0,151,2145,1031.0,21.0,92.0,295603.0,197191.0,2538623.0,1397718.0,33345.0,19424.0,164979.0,106778.0,148.0,3474.0,233760.0,3116.0,55449.45140899251
2021-06-22T00:00:00.000000,2330.0,151,2178,1029.0,26.0,94.0,290996.0,191150.0,2727490.0,1558400.0,49484.0,30544.0,198365.0,134281.0,140.0,3173.0,220959.0,3428.0,61345.786346243425
2021-06-23T00:00:00.000000,2293.0,176,2113,1044.0,19.0,115.0,297112.0,188035.0,2377325.0,1323081.0,55066.0,40237.0,164167.0,97976.0,176.0,3546.0,165538.0,3365.0,59457.06084989994
2021-06-24T00:00:00.000000,2286.0,193,2090,1013.0,26.0,115.0,378586.0,238510.0,2479084.0,1380242.0,63638.0,41849.0,195874.0,117514.0,183.0,3655.0,331084.0,3265.0,56436.0148916056
2021-06-25T00:00:00.000000,2740.0,153,2583,1128.0,19.0,87.0,398222.0,294794.0,3153144.0,1743241.0,37032.0,20801.0,208559.0,147961.0,129.0,4193.0,161489.0,3851.0,72642.5601188087
2021-06-26T00:00:00.000000,1291.0,100,1188,622.0,20.0,55.0,175258.0,118780.0,1488253.0,838343.0,42400.0,28868.0,89364.0,58802.0,71.0,2196.0,125878.0,1690.0,34735.034450803454
2021-06-27T00:00:00.000000,1378.0,117,1261,669.0,13.0,89.0,202876.0,126779.0,1519798.0,850925.0,21893.0,13257.0,153774.0,95389.0,137.0,2371.0,192666.0,1906.0,36932.98598029137
2021-06-28T00:00:00.000000,2284.0,188,2095,989.0,19.0,119.0,356409.0,235129.0,2367002.0,1280567.0,41156.0,25738.0,219517.0,151192.0,172.0,3518.0,255623.0,3137.0,60541.019268070224
2021-06-29T00:00:00.000000,2191.0,149,2040,1013.0,27.0,80.0,325321.0,214554.0,2551493.0,1438108.0,45162.0,27997.0,180381.0,122366.0,120.0,3402.0,280007.0,3338.0,53615.62362997304
2021-06-30T00:00:00.000000,2240.0,178,2060,1160.0,30.0,110.0,387104.0,253498.0,2482916.0,1361308.0,64758.0,38855.0,256747.0,175401.0,152.0,3344.0,153688.0,3128.0,58241.80226368961
2021-07-01T00:00:00.000000,2233.0,201,2030,1012.0,26.0,100.0,333938.0,195820.0,2448687.0,1316093.0,52805.0,34940.0,174903.0,107266.0,158.0,3213.0,332075.0,3026.0,62608.61704491982
2021-07-02T00:00:00.000000,2097.0,172,1925,952.0,24.0,96.0,360655.0,252886.0,2406272.0,1308235.0,59192.0,41746.0,136451.0,83171.0,147.0,3327.0,256348.0,3094.0,54856.49800095482
2021-07-03T00:00:00.000000,1252.0,108,1142,603.0,9.0,72.0,175702.0,107880.0,1537472.0,791694.0,15159.0,8857.0,102271.0,57674.0,100.0,2379.0,134458.0,1665.0,35325.238619365555
2021-07-04T00:00:00.000000,1316.0,106,1210,625.0,14.0,52.0,201099.0,134131.0,1642566.0,933053.0,24905.0,11965.0,83963.0,57452.0,73.0,1954.0,152914.0,1758.0,31814.458079330965
2021-07-05T00:00:00.000000,1931.0,182,1747,935.0,25.0,110.0,344861.0,225463.0,2178150.0,1155969.0,36184.0,23047.0,208920.0,132340.0,157.0,3089.0,160020.0,2692.0,49704.437923724996
2021-07-06T00:00:00.000000,2213.0,185,2028,1230.0,32.0,111.0,380046.0,253076.0,2507366.0,1404584.0,70683.0,45081.0,241968.0,170669.0,161.0,3181.0,326797.0,3362.0,60556.86273479002
2021-07-07T00:00:00.000000,2234.0,185,2045,984.0,22.0,112.0,410251.0,282910.0,2340393.0,1267209.0,43919.0,29189.0,278015.0,200220.0,176.0,3308.0,313167.0,3397.0,54149.569622965224
2021-07-08T00:00:00.000000,2200.0,189,2009,1003.0,27.0,112.0,337862.0,207765.0,2348576.0,1268489.0,50884.0,34297.0,210510.0,126301.0,181.0,3158.0,247496.0,3178.0,59404.689529351264
2021-07-09T00:00:00.000000,2004.0,166,1838,926.0,22.0,92.0,258333.0,159203.0,2201077.0,1187558.0,33127.0,17792.0,136855.0,83991.0,143.0,3059.0,210052.0,2729.0,51363.54780124702
2021-07-10T00:00:00.000000,1260.0,122,1138,603.0,11.0,76.0,197342.0,124474.0,1443719.0,811761.0,20343.0,11677.0,114682.0,69011.0,100.0,2195.0,114371.0,1907.0,31171.93141810174
2021-07-11T00:00:00.000000,1286.0,105,1181,638.0,14.0,67.0,174061.0,104238.0,1514415.0,787826.0,21506.0,10626.0,121452.0,79438.0,99.0,2282.0,143830.0,1750.0,35729.25998962575
2021-07-12T00:00:00.000000,2100.0,145,1955,1058.0,16.0,90.0,250111.0,157474.0,2238316.0,1229567.0,28595.0,15028.0,144450.0,90350.0,140.0,3177.0,246066.0,2891.0,52287.26083181692
2021-07-13T00:00:00.000000,2176.0,178,1996,1005.0,31.0,105.0,369103.0,254543.0,2292022.0,1271325.0,54901.0,29807.0,226264.0,161788.0,150.0,3191.0,204509.0,3040.0,56120.18715060779
2021-07-14T00:00:00.000000,2274.0,186,2085,1028.0,34.0,105.0,411398.0,279276.0,2479860.0,1351729.0,88285.0,61722.0,216784.0,141979.0,157.0,3376.0,169690.0,3157.0,58129.54285719202
2021-07-15T00:00:00.000000,2258.0,177,2081,1022.0,17.0,114.0,355325.0,234989.0,2544032.0,1436261.0,49311.0,35170.0,216880.0,144881.0,204.0,3433.0,331769.0,3243.0,57642.6619747468
2021-07-16T00:00:00.000000,2016.0,183,1829,1100.0,21.0,111.0,325436.0,196571.0,2279871.0,1287632.0,40045.0,21061.0,199607.0,126451.0,160.0,2808.0,216268.0,2930.0,54164.82048043961
2021-07-17T00:00:00.000000,1707.0,111,1595,656.0,17.0,68.0,269477.0,197607.0,2182159.0,1229718.0,23687.0,13873.0,187600.0,145902.0,90.0,2506.0,105978.0,2545.0,46865.50877992327
2021-07-18T00:00:00.000000,1347.0,100,1247,632.0,15.0,55.0,217978.0,153743.0,1676675.0,939251.0,46503.0,33503.0,111585.0,78382.0,97.0,1927.0,90339.0,1783.0,37140.428776925175
2021-07-19T00:00:00.000000,2157.0,175,1975,985.0,27.0,117.0,343835.0,224730.0,2419874.0,1316270.0,45429.0,24206.0,250258.0,170187.0,178.0,3064.0,271898.0,3116.0,55271.18122518574
2021-07-20T00:00:00.000000,2129.0,158,1969,978.0,22.0,102.0,286979.0,181381.0,2418190.0,1319978.0,45341.0,29295.0,172129.0,108877.0,162.0,3207.0,182991.0,3125.0,53848.55227855218
2021-07-21T00:00:00.000000,2385.0,167,2218,1011.0,16.0,99.0,361155.0,242659.0,2591805.0,1434191.0,72184.0,58601.0,190415.0,120095.0,182.0,3414.0,338711.0,3510.0,56863.19435169187
2021-07-22T00:00:00.000000,2153.0,123,2027,1179.0,18.0,84.0,245540.0,162730.0,2494191.0,1369522.0,34862.0,20789.0,173132.0,117498.0,131.0,3356.0,192709.0,3172.0,50370.078146225904
2021-07-23T00:00:00.000000,1928.0,142,1785,945.0,19.0,74.0,270877.0,168273.0,2219965.0,1276330.0,42569.0,27163.0,142648.0,87449.0,101.0,2746.0,161761.0,2723.0,46262.52855749514
2021-07-24T00:00:00.000000,1399.0,105,1290,659.0,7.0,63.0,191887.0,120908.0,1845855.0,1093764.0,6765.0,3545.0,109275.0,65032.0,91.0,2112.0,247351.0,1901.0,35162.53270041445
2021-07-25T00:00:00.000000,1398.0,103,1293,637.0,17.0,60.0,241466.0,169239.0,1652281.0,904214.0,52885.0,38695.0,118332.0,76406.0,106.0,2014.0,111657.0,1998.0,38485.27544885358
2021-07-26T00:00:00.000000,2157.0,153,2002,999.0,27.0,90.0,303832.0,204619.0,2432699.0,1289917.0,53837.0,35359.0,161174.0,103204.0,139.0,3054.0,193185.0,3025.0,53227.04112801143
2021-07-27T00:00:00.000000,2297.0,192,2105,1044.0,14.0,124.0,399931.0,276652.0,2543278.0,1380901.0,26370.0,17474.0,265205.0,187976.0,171.0,3153.0,273517.0,3174.0,60138.0810599932
2021-07-28T00:00:00.000000,2909.0,224,2679,1117.0,34.0,131.0,439147.0,283538.0,3368795.0,1867306.0,79298.0,49445.0,264077.0,177632.0,191.0,4074.0,308442.0,4090.0,72424.95055161521
2021-07-29T00:00:00.000000,2260.0,172,2082,1007.0,31.0,87.0,357126.0,245928.0,2631408.0,1461508.0,87143.0,63172.0,158948.0,104240.0,138.0,3599.0,252061.0,3301.0,54602.17429549564
2021-07-30T00:00:00.000000,2252.0,198,2047,994.0,26.0,127.0,392650.0,263522.0,2531242.0,1395403.0,58412.0,36797.0,223161.0,146510.0,198.0,3971.0,264968.0,3351.0,57101.553373217976
2021-07-31T00:00:00.000000,1341.0,121,1219,656.0,12.0,71.0,252198.0,172618.0,1594533.0,851449.0,36853.0,30626.0,137914.0,88571.0,101.0,2247.0,178561.0,1925.0,37591.14891181434
2021-08-01T00:00:00.000000,1374.0,123,1247,671.0,10.0,76.0,256552.0,175445.0,1686835.0,930777.0,11109.0,5235.0,153612.0,107425.0,107.0,2219.0,132426.0,2149.0,35858.67167170984
2021-08-02T00:00:00.000000,2036.0,177,1859,1128.0,33.0,95.0,431070.0,307063.0,2180970.0,1205962.0,101313.0,75082.0,226683.0,162610.0,138.0,3071.0,317783.0,2950.0,45866.43265644279
2021-08-03T00:00:00.000000,2268.0,190,2078,1074.0,20.0,104.0,336232.0,200894.0,2443670.0,1325790.0,42903.0,21022.0,182743.0,113264.0,173.0,3040.0,364359.0,3275.0,56358.39682793076
2021-08-04T00:00:00.000000,2245.0,190,2053,1047.0,23.0,110.0,370993.0,233891.0,2582705.0,1439500.0,60318.0,40991.0,210023.0,128537.0,160.0,3556.0,283900.0,3358.0,49949.016209295085
2021-08-05T00:00:00.000000,2251.0,192,2055,1040.0,20.0,126.0,374122.0,243723.0,2421947.0,1333322.0,39414.0,25506.0,222303.0,141156.0,187.0,3495.0,208484.0,3300.0,57555.406820320015
2021-08-06T00:00:00.000000,2115.0,213,1900,977.0,29.0,117.0,403431.0,266387.0,2186751.0,1197926.0,49395.0,31231.0,222588.0,146101.0,178.0,3029.0,311685.0,2958.0,51415.20119493893
2021-08-07T00:00:00.000000,1314.0,134,1176,747.0,18.0,81.0,281434.0,171167.0,1637873.0,937745.0,50238.0,35625.0,151234.0,103326.0,126.0,2081.0,213679.0,1910.0,30865.226242089004
2021-08-08T00:00:00.000000,1345.0,119,1226,660.0,15.0,72.0,211607.0,143787.0,1602681.0,832801.0,21156.0,13659.0,126941.0,83766.0,96.0,2027.0,116106.0,1967.0,34442.7557340373
2021-08-09T00:00:00.000000,3024.0,222,2792,1024.0,34.0,152.0,434134.0,271123.0,3453840.0,1882384.0,66157.0,45218.0,286804.0,170184.0,233.0,4831.0,349225.0,4691.0,79794.40953383222
2021-08-10T00:00:00.000000,2221.0,190,2029,1032.0,21.0,109.0,338676.0,219453.0,2357768.0,1260851.0,30568.0,19151.0,187887.0,119593.0,181.0,3593.0,384299.0,3248.0,53080.55407620938
2021-08-11T00:00:00.000000,2359.0,231,2127,1095.0,28.0,131.0,454574.0,299381.0,2537573.0,1351891.0,57378.0,37524.0,255252.0,161714.0,219.0,3428.0,367452.0,3550.0,52099.7871531798
2021-08-12T00:00:00.000000,2406.0,230,2176,1089.0,34.0,140.0,511171.0,358994.0,2517816.0,1334004.0,112127.0,84895.0,281349.0,194848.0,214.0,3661.0,322895.0,3476.0,61395.90791043529
2021-08-13T00:00:00.000000,2235.0,171,2064,1059.0,27.0,104.0,369180.0,256708.0,2558629.0,1403143.0,72844.0,50023.0,218032.0,153431.0,146.0,3469.0,279732.0,3036.0,49790.461075760366
2021-08-14T00:00:00.000000,1351.0,127,1224,654.0,11.0,77.0,247936.0,159588.0,1603584.0,895473.0,28281.0,18799.0,137564.0,83497.0,110.0,4972.0,226401.0,1987.0,31404.21418782481
2021-08-15T00:00:00.000000,1437.0,143,1294,683.0,25.0,85.0,316434.0,223250.0,1734355.0,962208.0,62486.0,48585.0,168877.0,112772.0,135.0,2284.0,182903.0,2091.0,36927.419453593335
2021-08-16T00:00:00.000000,2224.0,201,2021,1016.0,18.0,128.0,395811.0,255002.0,2448568.0,1403111.0,32318.0,18441.0,282046.0,194314.0,196.0,3690.0,559798.0,3108.0,45485.429665879135
2021-08-17T00:00:00.000000,2192.0,198,1994,1025.0,24.0,115.0,395155.0,251454.0,2485273.0,1368592.0,41930.0,28015.0,242440.0,161279.0,172.0,3371.0,293270.0,3204.0,55006.04307601089
2021-08-18T00:00:00.000000,2282.0,208,2070,1177.0,28.0,126.0,396325.0,257988.0,2512428.0,1410400.0,37776.0,19447.0,243156.0,160469.0,194.0,3345.0,237374.0,3335.0,53039.90461072176
2021-08-19T00:00:00.000000,2427.0,216,2211,1086.0,31.0,122.0,475696.0,336557.0,2678336.0,1458853.0,87883.0,65731.0,192562.0,120253.0,188.0,3553.0,198027.0,3702.0,54275.22591847557
2021-08-20T00:00:00.000000,2141.0,205,1929,1000.0,34.0,121.0,360371.0,227069.0,2207987.0,1155822.0,55602.0,29621.0,204326.0,129710.0,186.0,3169.0,291747.0,2975.0,57369.04094513271
2021-08-21T00:00:00.000000,1383.0,134,1249,701.0,19.0,74.0,249443.0,164011.0,1632876.0,886459.0,44847.0,32252.0,146316.0,95253.0,129.0,1976.0,163594.0,1963.0,35666.30891577014
2021-08-22T00:00:00.000000,1444.0,143,1298,687.0,26.0,84.0,296363.0,195883.0,1752073.0,963415.0,40019.0,21285.0,207041.0,147226.0,112.0,2148.0,180497.0,2052.0,40937.81732032414
2021-08-23T00:00:00.000000,2271.0,176,2091,1051.0,26.0,116.0,301093.0,192103.0,2609183.0,1360068.0,43261.0,27707.0,191695.0,120477.0,166.0,3434.0,375459.0,3367.0,55473.96929592014
2021-08-24T00:00:00.000000,2301.0,209,2092,1297.0,23.0,138.0,376691.0,236649.0,2580701.0,1336056.0,37290.0,19684.0,246849.0,156703.0,215.0,3694.0,362018.0,3293.0,59657.541696158485
2021-08-25T00:00:00.000000,2476.0,216,2259,1115.0,31.0,131.0,430469.0,266036.0,2743051.0,1495336.0,55485.0,28823.0,270501.0,173658.0,195.0,3571.0,328986.0,3657.0,59981.71670267395
2021-08-26T00:00:00.000000,2432.0,217,2215,1130.0,35.0,136.0,519702.0,365619.0,2582132.0,1396133.0,91984.0,69247.0,350212.0,252733.0,205.0,3386.0,276810.0,3438.0,60728.212092923604
2021-08-27T00:00:00.000000,2222.0,197,2025,1038.0,31.0,103.0,413606.0,282200.0,2593589.0,1370113.0,55139.0,35064.0,194580.0,120422.0,148.0,3448.0,227432.0,3279.0,57606.82541311958
2021-08-28T00:00:00.000000,1520.0,160,1359,736.0,21.0,96.0,301899.0,194629.0,1895521.0,1050352.0,44965.0,28976.0,152454.0,92590.0,146.0,2904.0,392406.0,2185.0,36695.789151327655
2021-08-29T00:00:00.000000,1451.0,125,1326,692.0,17.0,75.0,217280.0,137731.0,1705624.0,955623.0,29333.0,16412.0,121014.0,73750.0,107.0,2392.0,218094.0,2144.0,39931.774237226906
2021-08-30T00:00:00.000000,2252.0,216,2034,1066.0,37.0,120.0,392316.0,263954.0,2472812.0,1355567.0,66761.0,44335.0,212075.0,136609.0,188.0,3513.0,277582.0,3139.0,52742.28925500445
2021-08-31T00:00:00.000000,3299.0,251,3046,1117.0,40.0,150.0,418949.0,269959.0,3809251.0,2125280.0,72384.0,48171.0,238386.0,150713.0,228.0,5003.0,349562.0,4913.0,78874.48234917795
2021-09-01T00:00:00.000000,2491.0,221,2268,1142.0,30.0,136.0,550566.0,393651.0,2714549.0,1458607.0,89664.0,65091.0,310311.0,212105.0,195.0,3644.0,350424.0,3678.0,61527.846505017005
2021-09-02T00:00:00.000000,2540.0,240,2300,1114.0,34.0,150.0,423479.0,275125.0,2949260.0,1588131.0,76453.0,45520.0,239023.0,149343.0,218.0,3996.0,443063.0,3524.0,58667.32065244546
2021-09-03T00:00:00.000000,2218.0,224,1990,1233.0,32.0,130.0,421712.0,260256.0,2551874.0,1413091.0,43886.0,19817.0,263990.0,177453.0,205.0,3689.0,500841.0,3129.0,55263.1116331167
2021-09-04T00:00:00.000000,1288.0,125,1163,662.0,17.0,76.0,228895.0,134115.0,1607583.0,886134.0,37434.0,22868.0,130432.0,71859.0,103.0,2167.0,182481.0,1824.0,34059.74075432438
2021-09-05T00:00:00.000000,1343.0,109,1233,660.0,14.0,66.0,292565.0,211960.0,1641465.0,888330.0,54810.0,45371.0,167023.0,120460.0,97.0,2290.0,205357.0,2161.0,35692.47543049029
2021-09-06T00:00:00.000000,2147.0,173,1972,1010.0,37.0,98.0,322776.0,207330.0,2386621.0,1294848.0,83448.0,52249.0,175847.0,112901.0,132.0,3296.0,250345.0,3141.0,58927.76769615937
2021-09-07T00:00:00.000000,2339.0,206,2133,1119.0,31.0,119.0,413779.0,288231.0,2731184.0,1498411.0,77855.0,49988.0,243470.0,175925.0,199.0,3636.0,340481.0,3502.0,61617.26805176318
2021-09-08T00:00:00.000000,2546.0,262,2283,1178.0,40.0,149.0,563033.0,376467.0,2871876.0,1570122.0,93284.0,62425.0,331415.0,227133.0,233.0,4030.0,804484.0,3712.0,65818.93194744436
2021-09-09T00:00:00.000000,2405.0,270,2135,1370.0,38.0,165.0,507637.0,315651.0,2640587.0,1480926.0,71545.0,42802.0,307164.0,193791.0,258.0,4119.0,484299.0,3768.0,65512.52558992439
2021-09-10T00:00:00.000000,2251.0,232,2017,1103.0,33.0,149.0,467630.0,315247.0,2562583.0,1362486.0,75046.0,50556.0,297135.0,197844.0,215.0,3422.0,350210.0,3333.0,61837.898654117125
2021-09-11T00:00:00.000000,1988.0,138,1850,711.0,14.0,87.0,248396.0,152947.0,2244360.0,1239767.0,31483.0,20358.0,143466.0,84463.0,130.0,3454.0,260064.0,2749.0,45124.73469155216
2021-09-12T00:00:00.000000,1465.0,145,1319,703.0,12.0,92.0,327170.0,227581.0,1692165.0,961655.0,21962.0,13475.0,201211.0,138175.0,130.0,2338.0,180059.0,2060.0,35523.117406115605
2021-09-13T00:00:00.000000,2402.0,225,2176,1145.0,31.0,125.0,475332.0,328118.0,2653369.0,1456304.0,77930.0,58289.0,245615.0,162643.0,204.0,3699.0,532878.0,3491.0,52842.636510265984
2021-09-14T00:00:00.000000,2553.0,242,2311,1192.0,32.0,138.0,492742.0,354411.0,2788679.0,1482472.0,71576.0,52929.0,287169.0,209356.0,187.0,3870.0,316495.0,3461.0,64517.878875654
2021-09-15T00:00:00.000000,2487.0,256,2231,1391.0,35.0,150.0,462227.0,276212.0,2650316.0,1461526.0,66532.0,42527.0,292918.0,176304.0,235.0,3454.0,299156.0,3685.0,59444.89888378786
2021-09-16T00:00:00.000000,2415.0,263,2150,1173.0,42.0,138.0,542863.0,363793.0,2773301.0,1534277.0,78707.0,46707.0,235340.0,142109.0,210.0,3766.0,554349.0,3707.0,63558.35170744958
2021-09-17T00:00:00.000000,2302.0,209,2093,1126.0,23.0,115.0,431099.0,292342.0,2613256.0,1380218.0,67565.0,48484.0,223172.0,147029.0,222.0,3444.0,883479.0,3378.0,59884.16909045066
2021-09-18T00:00:00.000000,1439.0,141,1295,735.0,23.0,81.0,220783.0,123256.0,1777886.0,987802.0,28002.0,11496.0,122233.0,69271.0,121.0,2313.0,211446.0,2117.0,28045.979763479667
2021-09-19T00:00:00.000000,1392.0,140,1244,720.0,16.0,107.0,327654.0,227687.0,1872981.0,1082456.0,35272.0,23068.0,259103.0,187412.0,151.0,2139.0,185024.0,2038.0,28529.47136881926
2021-09-20T00:00:00.000000,2407.0,231,2176,1195.0,32.0,136.0,438412.0,277553.0,2657125.0,1466858.0,49777.0,31377.0,273397.0,174633.0,185.0,3391.0,340328.0,3517.0,66186.83187590142
2021-09-21T00:00:00.000000,2299.0,205,2094,1120.0,28.0,125.0,420653.0,261427.0,2725301.0,1470625.0,61294.0,36648.0,246391.0,147917.0,188.0,4058.0,326859.0,3373.0,60755.06866045562
2021-09-22T00:00:00.000000,3385.0,272,3109,1173.0,38.0,159.0,501443.0,307787.0,3944226.0,2168523.0,84129.0,47550.0,294334.0,181422.0,273.0,5419.0,727893.0,4687.0,84861.14578340571
2021-09-23T00:00:00.000000,2480.0,226,2254,1186.0,36.0,139.0,472938.0,317318.0,2912805.0,1606355.0,71565.0,46025.0,295871.0,196746.0,202.0,3356.0,306102.0,3576.0,57016.71363883385
2021-09-24T00:00:00.000000,2406.0,285,2120,1158.0,48.0,168.0,539327.0,333252.0,2573755.0,1372117.0,84526.0,45845.0,329160.0,208204.0,242.0,3604.0,457283.0,3531.0,61310.31669704569
2021-09-25T00:00:00.000000,1518.0,142,1376,736.0,26.0,76.0,312273.0,202008.0,1872688.0,999864.0,54969.0,37494.0,136276.0,74105.0,130.0,2730.0,225418.0,2345.0,41228.35506607726
2021-09-26T00:00:00.000000,1545.0,178,1366,808.0,20.0,116.0,335607.0,211534.0,1804280.0,980443.0,36169.0,20044.0,219632.0,142525.0,190.0,2537.0,312752.0,2201.0,47184.40788873883
2021-09-27T00:00:00.000000,2312.0,248,2064,1141.0,41.0,134.0,472668.0,298464.0,2526369.0,1341052.0,71744.0,45457.0,271987.0,177492.0,229.0,3347.0,370811.0,3414.0,56282.66908246837
2021-09-28T00:00:00.000000,2398.0,231,2167,1144.0,31.0,149.0,447078.0,280088.0,2727802.0,1506593.0,63265.0,43932.0,274481.0,167135.0,222.0,3471.0,356592.0,3573.0,58605.49706756091
2021-09-29T00:00:00.000000,2414.0,237,2175,1202.0,35.0,130.0,546204.0,345571.0,2707975.0,1479188.0,69159.0,37940.0,280373.0,181438.0,196.0,3305.0,350748.0,3625.0,62776.707617781925
2021-09-30T00:00:00.000000,2328.0,225,2099,1157.0,28.0,142.0,446200.0,283818.0,2716235.0,1452571.0,45164.0,24988.0,258466.0,160385.0,215.0,3579.0,311166.0,3296.0,64590.60111164576
2021-10-01T00:00:00.000000,2138.0,216,1920,1148.0,36.0,122.0,423412.0,267633.0,2362443.0,1275636.0,53126.0,24898.0,254662.0,163932.0,169.0,3395.0,409236.0,3278.0,54214.02985656954
2021-10-02T00:00:00.000000,1361.0,132,1229,732.0,20.0,77.0,248665.0,165146.0,1644241.0,915268.0,48183.0,34238.0,132768.0,86733.0,116.0,1994.0,161024.0,1756.0,35816.14865402047
2021-10-03T00:00:00.000000,1380.0,127,1252,719.0,16.0,78.0,285696.0,190694.0,1655466.0,891239.0,55206.0,41075.0,151031.0,94881.0,109.0,1762.0,134750.0,1920.0,38187.48430874017
2021-10-04T00:00:00.000000,2449.0,244,2201,1093.0,34.0,138.0,436439.0,287722.0,2727180.0,1430946.0,67554.0,45392.0,221160.0,142497.0,198.0,4383.0,349561.0,3564.0,60233.07519677098
2021-10-05T00:00:00.000000,2337.0,249,2088,1188.0,36.0,144.0,570595.0,398435.0,2607566.0,1410979.0,114984.0,91121.0,225069.0,132714.0,207.0,3393.0,426925.0,3553.0,59895.547906030726
2021-10-06T00:00:00.000000,2472.0,245,2225,1200.0,25.0,164.0,518521.0,338475.0,2710250.0,1447777.0,33116.0,18410.0,361789.0,235780.0,259.0,3772.0,449958.0,3688.0,58390.44385355598
2021-10-07T00:00:00.000000,2487.0,260,2223,1158.0,52.0,132.0,484202.0,283605.0,2789417.0,1501891.0,90623.0,46300.0,251254.0,151330.0,200.0,3661.0,308796.0,3644.0,71458.78511447083
2021-10-08T00:00:00.000000,2258.0,243,2013,1147.0,30.0,136.0,469847.0,293944.0,2551865.0,1417730.0,61157.0,38558.0,269069.0,170474.0,210.0,3555.0,327489.0,3201.0,57463.26203713975
2021-10-09T00:00:00.000000,1395.0,135,1260,702.0,18.0,89.0,253114.0,156525.0,1683482.0,937241.0,26235.0,13524.0,189375.0,118388.0,124.0,2498.0,195514.0,1982.0,37025.77006803865
2021-10-10T00:00:00.000000,1345.0,154,1186,714.0,13.0,98.0,300210.0,199422.0,1585360.0,838814.0,17281.0,8541.0,171714.0,114039.0,144.0,2142.0,265656.0,1715.0,35449.954813072196
2021-10-11T00:00:00.000000,2339.0,245,2093,1131.0,33.0,149.0,499299.0,307375.0,2514757.0,1327599.0,57148.0,36446.0,302500.0,179109.0,261.0,3647.0,470166.0,3383.0,66489.10155205202
2021-10-12T00:00:00.000000,2342.0,260,2077,1315.0,41.0,150.0,479285.0,313150.0,2692536.0,1504661.0,107402.0,76369.0,259077.0,174447.0,215.0,3320.0,410278.0,3436.0,56642.17351083386
2021-10-13T00:00:00.000000,2538.0,261,2277,1242.0,25.0,167.0,513636.0,337626.0,2754268.0,1469050.0,72558.0,48339.0,331837.0,220972.0,237.0,3844.0,381293.0,3711.0,65878.96760649193
2021-10-14T00:00:00.000000,2997.0,265,2732,1160.0,38.0,158.0,501996.0,323849.0,3598194.0,1886205.0,68445.0,43583.0,311620.0,201577.0,248.0,4465.0,662098.0,4147.0,72112.4830191891
2021-10-15T00:00:00.000000,2186.0,230,1956,1099.0,32.0,135.0,499052.0,344393.0,2399667.0,1260817.0,95175.0,71400.0,266984.0,182817.0,195.0,3126.0,277024.0,3047.0,59412.78297920289
2021-10-16T00:00:00.000000,1457.0,158,1297,743.0,16.0,94.0,326089.0,210694.0,1682995.0,878454.0,16362.0,5194.0,202113.0,131912.0,150.0,1932.0,192003.0,2010.0,39438.49911642235
2021-10-17T00:00:00.000000,1579.0,163,1416,771.0,8.0,101.0,311828.0,197762.0,1838502.0,1006061.0,18638.0,12816.0,190041.0,114390.0,165.0,2259.0,364583.0,2035.0,46453.94821862259
2021-10-18T00:00:00.000000,2353.0,245,2106,1371.0,38.0,149.0,456189.0,287955.0,2810135.0,1506190.0,70393.0,37774.0,282795.0,188637.0,225.0,3543.0,329459.0,3161.0,62214.44439377397
2021-10-19T00:00:00.000000,2440.0,227,2213,1212.0,35.0,132.0,404714.0,238268.0,2703396.0,1427852.0,63344.0,39610.0,220430.0,123279.0,185.0,3746.0,382656.0,3402.0,67415.58405773314
2021-10-20T00:00:00.000000,2527.0,279,2246,1230.0,43.0,147.0,542738.0,343405.0,2779098.0,1484602.0,97310.0,58523.0,268868.0,171614.0,238.0,3853.0,661908.0,3575.0,66209.01168829128
2021-10-21T00:00:00.000000,2389.0,266,2121,1218.0,42.0,167.0,517286.0,333194.0,2714534.0,1466753.0,73147.0,44199.0,330781.0,214239.0,239.0,3343.0,297942.0,3755.0,62424.648770091946
2021-10-22T00:00:00.000000,2281.0,222,2057,1172.0,39.0,131.0,435899.0,276610.0,2566554.0,1375143.0,66675.0,35017.0,272155.0,183577.0,202.0,3356.0,574707.0,3198.0,55371.552201807004
2021-10-23T00:00:00.000000,1505.0,170,1335,911.0,31.0,94.0,299493.0,184330.0,1697866.0,907371.0,70896.0,42421.0,130011.0,76627.0,209.0,5102.0,3743668.0,2041.0,35850.79437614783
2021-10-24T00:00:00.000000,1454.0,151,1303,779.0,21.0,84.0,333355.0,231167.0,1677286.0,917316.0,42810.0,28458.0,147578.0,92787.0,117.0,2112.0,293643.0,2081.0,39453.53276441475
2021-10-25T00:00:00.000000,2371.0,236,2133,1179.0,24.0,138.0,392686.0,243348.0,2612064.0,1404708.0,39406.0,24365.0,225217.0,136441.0,212.0,3619.0,476619.0,3438.0,62565.51811466133
2021-10-26T00:00:00.000000,3361.0,276,3081,1244.0,50.0,155.0,515299.0,323167.0,3638638.0,1962853.0,117137.0,73593.0,265431.0,168553.0,243.0,5819.0,650923.0,4958.0,87408.363658985
2021-10-27T00:00:00.000000,2569.0,291,2278,1237.0,40.0,162.0,542395.0,350656.0,2923087.0,1555803.0,64208.0,36814.0,320710.0,217038.0,229.0,3960.0,524753.0,3806.0,66874.96296881774
2021-10-28T00:00:00.000000,2502.0,258,2242,1354.0,33.0,155.0,498742.0,328310.0,2684873.0,1481591.0,60842.0,37461.0,274170.0,172547.0,261.0,5628.0,589010.0,3616.0,65934.45604254329
2021-10-29T00:00:00.000000,2310.0,220,2088,1125.0,28.0,140.0,444859.0,299988.0,2834708.0,1516069.0,88133.0,66726.0,251225.0,158249.0,198.0,3328.0,492246.0,3275.0,64956.539933140564
2021-10-30T00:00:00.000000,1240.0,137,1094,674.0,17.0,79.0,328929.0,242941.0,1508592.0,816243.0,42763.0,30900.0,176501.0,128262.0,119.0,1781.0,188808.0,1758.0,34180.44406246443
2021-10-31T00:00:00.000000,1404.0,133,1271,767.0,28.0,73.0,302603.0,206324.0,1692484.0,900765.0,64248.0,41141.0,147572.0,93790.0,111.0,2180.0,143165.0,1920.0,41041.14672605537
2021-11-01T00:00:00.000000,2116.0,212,1902,1091.0,36.0,111.0,432734.0,284724.0,2469871.0,1342302.0,56444.0,35941.0,243768.0,171263.0,177.0,3225.0,337141.0,3111.0,58579.396524484415
2021-11-02T00:00:00.000000,2433.0,241,2191,1239.0,33.0,146.0,415572.0,248582.0,2710548.0,1443480.0,67787.0,45136.0,228852.0,134718.0,208.0,3434.0,307011.0,3571.0,65683.60256637105
2021-11-03T00:00:00.000000,2432.0,249,2183,1367.0,38.0,138.0,450964.0,282657.0,2821296.0,1535982.0,112120.0,80917.0,240205.0,151631.0,229.0,4037.0,485920.0,3612.0,58323.70749859152
2021-11-04T00:00:00.000000,2402.0,244,2158,1204.0,29.0,135.0,475357.0,307412.0,2689753.0,1460416.0,47862.0,28547.0,290050.0,191088.0,237.0,3553.0,451151.0,3839.0,63608.384721381895
2021-11-05T00:00:00.000000,2239.0,244,1995,1127.0,37.0,130.0,509432.0,336743.0,2479485.0,1323883.0,81775.0,52865.0,247430.0,155654.0,206.0,3798.0,491252.0,3253.0,60427.558907575316
2021-11-06T00:00:00.000000,1953.0,184,1767,802.0,29.0,96.0,400916.0,279833.0,2409331.0,1351213.0,109604.0,87155.0,186417.0,126785.0,140.0,3310.0,368463.0,2794.0,53015.15901894988
2021-11-07T00:00:00.000000,1471.0,195,1276,795.0,26.0,117.0,374903.0,238747.0,1626990.0,876745.0,42056.0,24417.0,224056.0,148909.0,163.0,3434.0,361317.0,2081.0,41315.479762574985
2021-11-08T00:00:00.000000,2372.0,267,2099,1183.0,38.0,148.0,539216.0,352060.0,2539710.0,1381167.0,68329.0,44754.0,313076.0,215078.0,194.0,3790.0,335193.0,3523.0,62540.48892413357
2021-11-09T00:00:00.000000,2595.0,323,2268,1487.0,50.0,185.0,1063819.0,863196.0,2823400.0,1551760.0,168042.0,132414.0,667788.0,554327.0,283.0,4042.0,416878.0,3749.0,65232.438515591566
2021-11-10T00:00:00.000000,2505.0,249,2256,1271.0,49.0,134.0,553203.0,377821.0,2909634.0,1569095.0,86795.0,47783.0,367298.0,273700.0,185.0,3730.0,274177.0,3702.0,65662.89263064382
2021-11-11T00:00:00.000000,2443.0,266,2177,1223.0,47.0,152.0,649913.0,455080.0,2753300.0,1486113.0,130076.0,84471.0,327781.0,228064.0,210.0,3489.0,386567.0,3668.0,65451.57374971637
2021-11-12T00:00:00.000000,2471.0,280,2181,1200.0,39.0,161.0,552085.0,351397.0,2767117.0,1536973.0,67196.0,41896.0,299189.0,186358.0,252.0,3508.0,714803.0,3500.0,60022.269740039446
2021-11-13T00:00:00.000000,1437.0,172,1264,764.0,24.0,106.0,342906.0,239206.0,1592531.0,868471.0,59879.0,44088.0,202092.0,135142.0,156.0,2242.0,503514.0,2023.0,40357.28383594429
2021-11-14T00:00:00.000000,1611.0,170,1440,817.0,23.0,98.0,304152.0,188639.0,1950498.0,1036892.0,37500.0,23702.0,178231.0,109064.0,143.0,2514.0,316712.0,2228.0,44724.03748006297
2021-11-15T00:00:00.000000,2430.0,277,2153,1409.0,35.0,149.0,536158.0,346066.0,2729500.0,1484059.0,83334.0,55592.0,314081.0,210803.0,234.0,3865.0,616618.0,3620.0,61662.9415006082
2021-11-16T00:00:00.000000,2570.0,293,2273,1304.0,41.0,176.0,641111.0,426386.0,2857339.0,1563194.0,106757.0,67548.0,357613.0,230926.0,313.0,4067.0,785152.0,3742.0,65830.71439710245
2021-11-17T00:00:00.000000,3128.0,311,2817,1272.0,46.0,183.0,592906.0,374685.0,3403414.0,1804577.0,83762.0,50412.0,383547.0,254244.0,309.0,5070.0,808447.0,4766.0,79235.12888794424
2021-11-18T00:00:00.000000,2541.0,273,2268,1302.0,35.0,160.0,542329.0,357164.0,2837559.0,1534732.0,62419.0,36466.0,285296.0,174554.0,222.0,3330.0,340271.0,3588.0,59732.171712819654
2021-11-19T00:00:00.000000,2381.0,269,2112,1217.0,44.0,141.0,510363.0,325952.0,2626634.0,1434685.0,72584.0,43787.0,267133.0,170386.0,212.0,3308.0,466950.0,3285.0,53431.335683093406
2021-11-20T00:00:00.000000,1457.0,186,1269,870.0,37.0,113.0,446278.0,303735.0,1713952.0,932446.0,77427.0,52781.0,287287.0,203697.0,183.0,2041.0,352505.0,2209.0,39542.388841722415
2021-11-21T00:00:00.000000,1470.0,172,1296,786.0,24.0,101.0,391369.0,271239.0,1701201.0,938172.0,59158.0,43148.0,253729.0,181921.0,141.0,1926.0,164381.0,2218.0,39667.181879690484
2021-11-22T00:00:00.000000,2330.0,240,2088,1211.0,30.0,133.0,468469.0,298772.0,2659733.0,1440287.0,51086.0,26882.0,275526.0,186602.0,202.0,3477.0,633013.0,3275.0,59231.44865266828
2021-11-23T00:00:00.000000,2618.0,310,2306,1257.0,51.0,181.0,703579.0,510524.0,2821142.0,1549776.0,114230.0,82527.0,429552.0,312987.0,279.0,3663.0,749028.0,4044.0,64130.3769516342
2021-11-24T00:00:00.000000,2567.0,291,2276,1265.0,43.0,173.0,586306.0,381233.0,2886909.0,1612592.0,103447.0,74202.0,366181.0,238750.0,262.0,4159.0,465345.0,3589.0,65202.75794248448
2021-11-25T00:00:00.000000,2323.0,263,2060,1295.0,43.0,158.0,519271.0,298870.0,2551332.0,1424871.0,79252.0,49899.0,300823.0,181214.0,236.0,3681.0,475793.0,3359.0,56912.56649242864
2021-11-26T00:00:00.000000,2073.0,245,1826,1088.0,35.0,148.0,512711.0,341740.0,2348137.0,1278736.0,93270.0,60835.0,316136.0,213276.0,206.0,2708.0,285574.0,2735.0,48752.30973684902
2021-11-27T00:00:00.000000,1472.0,172,1298,817.0,17.0,104.0,411203.0,295046.0,1747832.0,963547.0,44965.0,31186.0,272407.0,206864.0,152.0,2122.0,237060.0,1962.0,37635.008199499505
2021-11-28T00:00:00.000000,1479.0,169,1303,785.0,31.0,90.0,338281.0,226476.0,1778314.0,1036911.0,55657.0,34745.0,201751.0,141952.0,164.0,2458.0,421123.0,2162.0,43530.17189481586
2021-11-29T00:00:00.000000,3343.0,271,3072,1276.0,40.0,162.0,568417.0,394856.0,3711377.0,2091709.0,82112.0,57398.0,360182.0,260861.0,244.0,4872.0,355960.0,4619.0,78537.05404525771
2021-11-30T00:00:00.000000,2500.0,267,2231,1289.0,45.0,140.0,477331.0,311022.0,2718980.0,1435150.0,88618.0,62794.0,248528.0,165429.0,206.0,3410.0,363151.0,3786.0,67154.34683621232
2021-12-01T00:00:00.000000,2613.0,305,2306,1507.0,62.0,171.0,589890.0,390217.0,2888912.0,1613768.0,146061.0,104044.0,314349.0,210790.0,268.0,3776.0,818245.0,3715.0,69891.70790907952
2021-12-02T00:00:00.000000,2506.0,265,2238,1266.0,44.0,145.0,609714.0,417323.0,2912346.0,1532858.0,116730.0,84519.0,324792.0,228389.0,198.0,3334.0,350173.0,3685.0,61595.07672293061
2021-12-03T00:00:00.000000,2309.0,227,2082,1220.0,30.0,130.0,455746.0,289151.0,2718373.0,1489147.0,92031.0,66471.0,236418.0,145176.0,194.0,3730.0,424046.0,3250.0,56526.842000768316
2021-12-04T00:00:00.000000,1417.0,132,1283,791.0,27.0,79.0,219842.0,128465.0,1681364.0,916672.0,44421.0,20818.0,136090.0,82264.0,119.0,2009.0,187470.0,2071.0,42015.57959090646
2021-12-05T00:00:00.000000,1553.0,174,1374,811.0,17.0,95.0,284377.0,165722.0,1852088.0,1017464.0,28580.0,16696.0,160838.0,93703.0,114.0,2276.0,189772.0,2045.0,43731.27470509958
2021-12-06T00:00:00.000000,2420.0,277,2143,1256.0,34.0,152.0,574044.0,386294.0,2764925.0,1512727.0,104182.0,73232.0,293540.0,200513.0,224.0,3384.0,459801.0,3513.0,57366.176759448346
2021-12-07T00:00:00.000000,2537.0,298,2237,1547.0,44.0,182.0,569182.0,348463.0,2910546.0,1564394.0,99572.0,65142.0,346856.0,209208.0,267.0,3925.0,485978.0,3796.0,63800.003697404034
2021-12-08T00:00:00.000000,2414.0,256,2158,1238.0,43.0,153.0,525089.0,360217.0,2830173.0,1569845.0,101946.0,70000.0,316731.0,226899.0,228.0,3709.0,501348.0,3460.0,59877.49473626152
2021-12-09T00:00:00.000000,2399.0,308,2091,1266.0,45.0,174.0,619432.0,409286.0,2621592.0,1440603.0,100328.0,60304.0,332229.0,227224.0,250.0,3229.0,467525.0,3267.0,56369.73944929111
2021-12-10T00:00:00.000000,2964.0,256,2708,1207.0,34.0,157.0,460818.0,283066.0,3370386.0,1863914.0,68984.0,38571.0,256270.0,159163.0,233.0,4643.0,627712.0,3947.0,75860.18921577973
2021-12-11T00:00:00.000000,1425.0,157,1268,775.0,25.0,91.0,304371.0,185513.0,1747388.0,936712.0,61839.0,39702.0,172275.0,99295.0,147.0,2579.0,353473.0,1819.0,38224.774382723066
2021-12-12T00:00:00.000000,1447.0,159,1288,781.0,32.0,74.0,317680.0,213692.0,1676518.0,895551.0,73042.0,54706.0,127390.0,80572.0,111.0,2780.0,577480.0,2095.0,38824.76244726415
2021-12-13T00:00:00.000000,2353.0,281,2072,1384.0,38.0,152.0,554032.0,372254.0,2671668.0,1481029.0,112676.0,82683.0,292370.0,190297.0,226.0,3546.0,466173.0,3259.0,59899.2103487546
2021-12-14T00:00:00.000000,2560.0,308,2246,1267.0,48.0,187.0,535611.0,320940.0,2864083.0,1573633.0,74434.0,40738.0,351617.0,220696.0,289.0,3560.0,536905.0,3691.0,65713.99148205161
2021-12-15T00:00:00.000000,2568.0,288,2279,1340.0,61.0,152.0,591338.0,394317.0,2828853.0,1504098.0,133501.0,88013.0,280127.0,187440.0,230.0,4280.0,881417.0,3593.0,67427.69333964337
2021-12-16T00:00:00.000000,2418.0,295,2123,1287.0,45.0,152.0,609208.0,407462.0,2719270.0,1442925.0,89694.0,57140.0,281008.0,176091.0,224.0,3753.0,473863.0,3505.0,66339.8758540493
2021-12-17T00:00:00.000000,2273.0,274,1997,1192.0,41.0,168.0,519745.0,333908.0,2543957.0,1377140.0,105305.0,70938.0,317939.0,205765.0,245.0,3665.0,423733.0,3091.0,56105.32037158958
2021-12-18T00:00:00.000000,1356.0,158,1194,865.0,17.0,96.0,304646.0,193695.0,1679488.0,940741.0,30630.0,16765.0,178076.0,113614.0,125.0,2519.0,218512.0,1988.0,34125.69078370042
2021-12-19T00:00:00.000000,1446.0,163,1281,787.0,18.0,105.0,334884.0,200333.0,1644692.0,864506.0,45497.0,31248.0,203729.0,119755.0,156.0,2111.0,216142.0,1983.0,34988.0833654031
2021-12-20T00:00:00.000000,2262.0,273,1989,1180.0,27.0,173.0,583472.0,414289.0,2583479.0,1443271.0,37874.0,19506.0,399904.0,293321.0,259.0,3764.0,470282.0,3320.0,45062.508904551694
2021-12-21T00:00:00.000000,2334.0,292,2040,1220.0,32.0,179.0,520249.0,333793.0,2673993.0,1477668.0,63357.0,41817.0,327077.0,209765.0,276.0,3802.0,593739.0,3693.0,59031.88219715286
2021-12-22T00:00:00.000000,2952.0,290,2662,1199.0,46.0,160.0,545820.0,341446.0,3394365.0,1736044.0,119891.0,89547.0,302685.0,189660.0,257.0,5241.0,631486.0,4391.0,74834.42880794787
2021-12-23T00:00:00.000000,1966.0,255,1711,1072.0,38.0,147.0,529366.0,338751.0,2154189.0,1180631.0,81199.0,51693.0,315309.0,208134.0,229.0,2606.0,407426.0,2952.0,46637.10006584435
2021-12-24T00:00:00.000000,1506.0,156,1350,935.0,21.0,94.0,284027.0,176331.0,1791700.0,966187.0,26354.0,13805.0,173541.0,110118.0,135.0,2013.0,272192.0,2107.0,38963.98453515071
2021-12-25T00:00:00.000000,1108.0,141,967,602.0,19.0,91.0,318462.0,212611.0,1171018.0,662106.0,36784.0,20717.0,195262.0,130856.0,136.0,2103.0,274362.0,1567.0,33997.3580299821
2021-12-26T00:00:00.000000,1189.0,129,1060,651.0,20.0,75.0,317233.0,219780.0,1493504.0,816669.0,72590.0,51552.0,166622.0,113674.0,110.0,1941.0,249632.0,1740.0,33110.27673557183
2021-12-27T00:00:00.000000,1829.0,197,1632,965.0,21.0,120.0,349916.0,220396.0,2162241.0,1129560.0,52263.0,36992.0,188241.0,112778.0,181.0,2736.0,234681.0,2710.0,44945.98696278435
2021-12-28T00:00:00.000000,2084.0,259,1823,1032.0,39.0,147.0,492044.0,320045.0,2403820.0,1324629.0,80463.0,52048.0,249037.0,153520.0,249.0,3123.0,491443.0,2860.0,53153.071551304245
2021-12-29T00:00:00.000000,2042.0,218,1818,1070.0,36.0,113.0,491927.0,338607.0,2247747.0,1192707.0,106722.0,80667.0,214435.0,135148.0,182.0,3086.0,287608.0,2869.0,54505.51719674063
2021-12-30T00:00:00.000000,1994.0,225,1761,1001.0,26.0,138.0,451151.0,301113.0,2304349.0,1244734.0,62886.0,42419.0,226179.0,135441.0,205.0,2801.0,282008.0,2636.0,49005.369292222786
2021-12-31T00:00:00.000000,1466.0,156,1308,871.0,21.0,95.0,386202.0,260584.0,1649408.0,873788.0,52226.0,37102.0,236313.0,153766.0,141.0,2338.0,253350.0,1983.0,37585.78226364564
2022-01-01T00:00:00.000000,1081.0,118,963,616.0,17.0,69.0,247683.0,162350.0,1311700.0,705206.0,52886.0,38198.0,140623.0,93017.0,103.0,2104.0,177992.0,1500.0,27638.25221328131
2022-01-02T00:00:00.000000,1368.0,171,1197,746.0,30.0,86.0,353873.0,227716.0,1616171.0,853741.0,49865.0,29870.0,188946.0,116947.0,120.0,2195.0,187749.0,2179.0,34876.734481101674
2022-01-03T00:00:00.000000,2105.0,232,1865,1104.0,29.0,131.0,460731.0,304637.0,2345717.0,1245821.0,53398.0,36202.0,253233.0,163172.0,207.0,3166.0,407339.0,2914.0,45950.04755647414
2022-01-04T00:00:00.000000,2251.0,258,1987,1183.0,34.0,149.0,564358.0,391270.0,2731972.0,1479145.0,92039.0,67330.0,331710.0,231318.0,236.0,3850.0,495269.0,3316.0,53258.465633307744
2022-01-05T00:00:00.000000,3257.0,357,2898,1262.0,59.0,210.0,771275.0,521399.0,3874430.0,2104262.0,97849.0,54133.0,453797.0,307817.0,329.0,5232.0,665352.0,4710.0,78089.25119482017
2022-01-06T00:00:00.000000,2468.0,305,2163,1270.0,38.0,186.0,560070.0,352388.0,2758572.0,1468684.0,78297.0,52874.0,346858.0,218706.0,278.0,4112.0,491930.0,3936.0,50923.78409369564
2022-01-07T00:00:00.000000,2298.0,240,2056,1324.0,34.0,143.0,584465.0,386730.0,2664855.0,1445945.0,80246.0,54927.0,344294.0,218360.0,206.0,3261.0,396945.0,3364.0,62010.22480034335
2022-01-08T00:00:00.000000,1494.0,169,1325,826.0,20.0,105.0,350377.0,242249.0,1814517.0,987110.0,35340.0,24267.0,240896.0,172810.0,159.0,2502.0,307792.0,2321.0,35623.01735895747
2022-01-09T00:00:00.000000,1606.0,182,1420,865.0,30.0,112.0,374728.0,244224.0,1935582.0,1032004.0,59204.0,34864.0,256921.0,176542.0,173.0,2442.0,173037.0,2465.0,41993.485907889575
2022-01-10T00:00:00.000000,2348.0,299,2049,1260.0,27.0,180.0,593476.0,389628.0,2723824.0,1463576.0,43713.0,26648.0,398233.0,268951.0,259.0,4016.0,518608.0,3530.0,55070.30331538708
2022-01-11T00:00:00.000000,2404.0,289,2114,1275.0,46.0,158.0,591662.0,404360.0,2691207.0,1418056.0,82017.0,51684.0,323255.0,221012.0,218.0,3593.0,402214.0,3769.0,62510.10118088404
2022-01-12T00:00:00.000000,2440.0,303,2137,1477.0,43.0,174.0,655953.0,430921.0,2800001.0,1471399.0,96454.0,61682.0,391009.0,265816.0,274.0,3806.0,356109.0,3938.0,64878.11193647647
2022-01-13T00:00:00.000000,2459.0,273,2184,1301.0,47.0,154.0,519921.0,313196.0,2811967.0,1504712.0,91184.0,53471.0,260672.0,156027.0,218.0,3646.0,362569.0,3547.0,66023.09771920707
2022-01-14T00:00:00.000000,2280.0,301,1975,1224.0,45.0,178.0,613081.0,385926.0,2613662.0,1379856.0,81163.0,48991.0,372098.0,232771.0,243.0,3601.0,627737.0,3389.0,60029.04842060453
2022-01-15T00:00:00.000000,1516.0,185,1331,794.0,36.0,91.0,422379.0,272165.0,1926544.0,1018829.0,73334.0,33856.0,216360.0,148729.0,124.0,2582.0,577388.0,2135.0,39488.37258245605
2022-01-16T00:00:00.000000,1461.0,183,1278,840.0,31.0,116.0,348266.0,217527.0,1768080.0,907596.0,72828.0,48827.0,200867.0,124360.0,164.0,2219.0,249806.0,2267.0,36651.155491422556
2022-01-17T00:00:00.000000,2712.0,365,2343,1237.0,66.0,207.0,787809.0,527778.0,3033106.0,1595348.0,168027.0,113217.0,453485.0,313395.0,312.0,4067.0,651861.0,4180.0,69479.83358219553
2022-01-18T00:00:00.000000,2578.0,336,2238,1548.0,47.0,184.0,759090.0,518637.0,2878012.0,1582681.0,93586.0,57361.0,439903.0,312457.0,281.0,4208.0,540568.0,3937.0,58996.27618702491
2022-01-19T00:00:00.000000,2601.0,304,2295,1351.0,51.0,169.0,637893.0,410295.0,2940039.0,1588873.0,102118.0,66484.0,353744.0,233578.0,246.0,4219.0,638086.0,3807.0,68392.48669083627
2022-01-20T00:00:00.000000,2696.0,282,2405,1359.0,41.0,167.0,596035.0,401874.0,3062839.0,1635364.0,75502.0,49406.0,393349.0,277301.0,244.0,4275.0,663903.0,3838.0,67772.91742540816
2022-01-21T00:00:00.000000,2379.0,307,2070,1297.0,47.0,170.0,626342.0,405744.0,2810345.0,1538787.0,108891.0,76533.0,335651.0,207858.0,259.0,3626.0,594796.0,3578.0,57972.21741411937
2022-01-22T00:00:00.000000,1625.0,193,1432,879.0,17.0,107.0,371286.0,244192.0,1896125.0,1029713.0,41293.0,27226.0,194316.0,128624.0,153.0,2223.0,275619.0,2133.0,43344.28842772815
2022-01-23T00:00:00.000000,1749.0,254,1494,902.0,42.0,145.0,498610.0,307840.0,2050330.0,1080506.0,102147.0,70322.0,261688.0,159516.0,205.0,2957.0,624431.0,2370.0,41056.65284078988
2022-01-24T00:00:00.000000,2374.0,290,2082,1370.0,35.0,173.0,589886.0,394833.0,2631609.0,1434683.0,70617.0,48486.0,347318.0,227267.0,246.0,3456.0,413831.0,3639.0,49161.303364459
2022-01-25T00:00:00.000000,2539.0,315,2224,1326.0,55.0,162.0,600713.0,389128.0,2807429.0,1510023.0,159314.0,117865.0,273545.0,176203.0,234.0,4566.0,488976.0,3824.0,58462.04037180976
2022-01-26T00:00:00.000000,2527.0,322,2205,1331.0,60.0,173.0,615194.0,401888.0,2805948.0,1468982.0,136458.0,91749.0,337695.0,220005.0,272.0,4614.0,719155.0,3905.0,62808.977362819685
2022-01-27T00:00:00.000000,3812.0,382,3426,1377.0,65.0,204.0,714158.0,456958.0,4110610.0,2212312.0,112122.0,67751.0,393527.0,267078.0,316.0,5761.0,575472.0,5432.0,105187.53592448287
2022-01-28T00:00:00.000000,2592.0,371,2219,1500.0,47.0,205.0,641973.0,396915.0,2818269.0,1477536.0,83720.0,51613.0,373775.0,245079.0,320.0,3744.0,717046.0,3793.0,68513.79832373744
2022-01-29T00:00:00.000000,1617.0,205,1412,889.0,27.0,107.0,393720.0,250530.0,1819171.0,976302.0,63874.0,34689.0,196897.0,129271.0,158.0,2483.0,333233.0,2322.0,39962.559438206095
2022-01-30T00:00:00.000000,1558.0,179,1379,859.0,29.0,101.0,372008.0,237635.0,1856056.0,994001.0,65608.0,43232.0,208107.0,138649.0,157.0,2709.0,270786.0,2104.0,42014.1816939418
2022-01-31T00:00:00.000000,2433.0,311,2122,1269.0,51.0,177.0,532044.0,331881.0,2711660.0,1472312.0,86822.0,54219.0,307106.0,186843.0,270.0,3560.0,562928.0,3366.0,59723.54323522453
2022-02-01T00:00:00.000000,2669.0,324,2344,1351.0,47.0,177.0,632579.0,435996.0,3045957.0,1651089.0,79230.0,46183.0,372047.0,267706.0,259.0,4248.0,518799.0,3591.0,64246.69480606395
2022-02-02T00:00:00.000000,2602.0,336,2266,1320.0,57.0,173.0,679530.0,445423.0,2778350.0,1482631.0,127466.0,88486.0,330699.0,204996.0,267.0,3718.0,862887.0,3948.0,54847.61516370406
2022-02-03T00:00:00.000000,2694.0,346,2348,1627.0,48.0,200.0,595826.0,340741.0,2788683.0,1421826.0,85127.0,53544.0,329187.0,194047.0,309.0,3943.0,817062.0,3928.0,73580.9355455055
2022-02-04T00:00:00.000000,2545.0,284,2254,1311.0,51.0,156.0,573541.0,374860.0,2802332.0,1471427.0,99679.0,64910.0,287920.0,185461.0,239.0,3725.0,619331.0,3729.0,61007.2984359169
2022-02-05T00:00:00.000000,1649.0,211,1436,909.0,29.0,130.0,465845.0,315168.0,1885860.0,990926.0,89601.0,60168.0,270586.0,189864.0,211.0,2564.0,445496.0,2300.0,42408.88804807002
2022-02-06T00:00:00.000000,1579.0,200,1379,852.0,21.0,110.0,366006.0,229229.0,1832083.0,988933.0,41556.0,25311.0,188539.0,122107.0,153.0,2316.0,304716.0,2158.0,42136.12694564306
2022-02-07T00:00:00.000000,3374.0,384,2988,1393.0,60.0,213.0,794413.0,534378.0,3744420.0,2011967.0,135277.0,89413.0,447073.0,298161.0,335.0,5238.0,701691.0,4965.0,87415.71304126082
2022-02-08T00:00:00.000000,2708.0,332,2376,1518.0,40.0,202.0,714716.0,474144.0,2908788.0,1544785.0,83224.0,60497.0,464448.0,314352.0,308.0,4058.0,1000394.0,4059.0,43967.46774311141
2022-02-09T00:00:00.000000,2763.0,327,2434,1386.0,50.0,158.0,617491.0,396724.0,3038944.0,1652858.0,133622.0,96573.0,298745.0,189532.0,222.0,3702.0,522297.0,4007.0,67867.30851389699
2022-02-10T00:00:00.000000,2626.0,342,2284,1359.0,52.0,171.0,625242.0,389522.0,2967688.0,1607080.0,101945.0,60991.0,289312.0,168835.0,264.0,3845.0,562617.0,3949.0,67044.25861274099
2022-02-11T00:00:00.000000,2403.0,307,2096,1301.0,47.0,157.0,573688.0,361229.0,2772887.0,1495188.0,97915.0,66548.0,292056.0,187188.0,215.0,3370.0,599240.0,3489.0,54240.36680680478
2022-02-12T00:00:00.000000,1627.0,208,1419,857.0,27.0,133.0,389674.0,244378.0,1938820.0,1049021.0,59326.0,42847.0,235564.0,145598.0,180.0,2783.0,402243.0,2248.0,45912.677146814356
2022-02-13T00:00:00.000000,1553.0,195,1357,829.0,30.0,123.0,417672.0,267358.0,1826714.0,1010998.0,59092.0,31159.0,259944.0,169385.0,179.0,2613.0,277622.0,2219.0,35028.92380634481
2022-02-14T00:00:00.000000,2427.0,289,2136,1497.0,44.0,179.0,621518.0,405206.0,2700645.0,1428309.0,111463.0,78824.0,338654.0,207185.0,275.0,3456.0,407563.0,3594.0,59847.669676499376
2022-02-15T00:00:00.000000,2715.0,311,2400,1359.0,57.0,144.0,655408.0,437654.0,3033809.0,1610792.0,130743.0,82833.0,316655.0,221186.0,206.0,3755.0,660770.0,4041.0,66661.29322481666
2022-02-16T00:00:00.000000,2781.0,331,2448,1388.0,51.0,199.0,735804.0,504412.0,3150274.0,1672960.0,67800.0,34577.0,485168.0,341121.0,297.0,3609.0,515263.0,3837.0,65303.738882738435
2022-02-17T00:00:00.000000,2788.0,351,2437,1412.0,64.0,183.0,704470.0,455951.0,3132268.0,1669753.0,136723.0,87346.0,311525.0,182905.0,279.0,4571.0,758084.0,3956.0,73894.5717866902
2022-02-18T00:00:00.000000,2832.0,329,2503,1316.0,51.0,172.0,642145.0,408946.0,3194639.0,1700628.0,123068.0,81636.0,343822.0,222891.0,242.0,4036.0,542183.0,3600.0,65773.31637490426
2022-02-19T00:00:00.000000,1650.0,231,1416,952.0,43.0,112.0,576191.0,367792.0,1959697.0,1017957.0,72610.0,45649.0,228053.0,141776.0,172.0,2507.0,470357.0,2317.0,41912.633905017756
2022-02-20T00:00:00.000000,1724.0,219,1505,918.0,36.0,106.0,423238.0,262249.0,2079626.0,1121708.0,75342.0,44038.0,206727.0,132771.0,157.0,3617.0,685746.0,2318.0,41285.12021197171
2022-02-21T00:00:00.000000,2507.0,298,2209,1336.0,56.0,156.0,580505.0,381497.0,2761917.0,1506380.0,150751.0,108647.0,280075.0,177632.0,227.0,3187.0,486676.0,3468.0,64133.66487794572
2022-02-22T00:00:00.000000,2607.0,315,2290,1384.0,51.0,172.0,546457.0,338124.0,2930189.0,1589339.0,99338.0,66388.0,300032.0,181638.0,242.0,3579.0,537285.0,3757.0,63258.27229519512
2022-02-23T00:00:00.000000,2786.0,377,2409,1436.0,59.0,199.0,726357.0,481468.0,2977618.0,1589645.0,94295.0,56986.0,402401.0,271125.0,292.0,4011.0,819876.0,4041.0,66221.21018889415
2022-02-24T00:00:00.000000,2314.0,273,2041,1451.0,46.0,159.0,441022.0,270939.0,2659358.0,1415047.0,65091.0,35305.0,257372.0,157785.0,204.0,3122.0,561544.0,3360.0,52907.76503544164
2022-02-25T00:00:00.000000,2287.0,289,1998,1200.0,49.0,175.0,581615.0,365013.0,2692205.0,1472282.0,91744.0,53311.0,325923.0,200970.0,255.0,3210.0,407300.0,3130.0,53867.294458177974
2022-02-26T00:00:00.000000,1465.0,157,1306,763.0,21.0,92.0,279590.0,172064.0,1784688.0,972197.0,46168.0,27755.0,156075.0,95328.0,127.0,1884.0,256394.0,2020.0,44552.423820980184
2022-02-27T00:00:00.000000,1412.0,153,1259,797.0,24.0,77.0,339720.0,191772.0,1652736.0,890125.0,71447.0,49426.0,179898.0,90810.0,114.0,2032.0,208131.0,1941.0,38550.39333235513
2022-02-28T00:00:00.000000,2238.0,272,1966,1214.0,40.0,155.0,522113.0,324076.0,2471776.0,1321760.0,68051.0,37741.0,298498.0,192454.0,230.0,2963.0,439562.0,3008.0,56199.42242569019
2022-03-01T00:00:00.000000,2788.0,266,2522,1219.0,43.0,147.0,508912.0,328493.0,3217128.0,1735437.0,89394.0,61911.0,284005.0,178466.0,216.0,3752.0,323917.0,3834.0,77479.76411094758
2022-03-02T00:00:00.000000,2557.0,308,2247,1565.0,52.0,177.0,565535.0,358789.0,2826882.0,1493867.0,104981.0,67279.0,319662.0,206166.0,249.0,3403.0,555496.0,3574.0,62361.70208912183
2022-03-03T00:00:00.000000,2507.0,329,2175,1327.0,63.0,188.0,588313.0,370468.0,2799961.0,1552212.0,109482.0,63689.0,341874.0,228258.0,295.0,3227.0,579309.0,3464.0,62669.62755435737
2022-03-04T00:00:00.000000,2303.0,273,2027,1241.0,38.0,159.0,460968.0,277815.0,2508001.0,1349781.0,59976.0,31288.0,264555.0,159630.0,232.0,3182.0,474470.0,2940.0,60734.97223449133
2022-03-05T00:00:00.000000,1560.0,235,1323,846.0,28.0,145.0,397555.0,234228.0,1707547.0,919007.0,54244.0,33694.0,244627.0,150025.0,230.0,2785.0,499592.0,2215.0,42935.59439208239
2022-03-06T00:00:00.000000,1505.0,189,1314,816.0,33.0,90.0,359158.0,203455.0,1795621.0,968124.0,71237.0,36859.0,151664.0,87561.0,134.0,1971.0,304895.0,2162.0,41440.57401854753
2022-03-07T00:00:00.000000,2367.0,289,2076,1260.0,41.0,152.0,648467.0,423951.0,2703991.0,1479160.0,123449.0,88292.0,308296.0,190587.0,224.0,3594.0,591742.0,3292.0,58954.73934650534
2022-03-08T00:00:00.000000,2462.0,273,2189,1498.0,49.0,130.0,541407.0,369046.0,2746259.0,1521339.0,113210.0,81886.0,269611.0,189649.0,186.0,2981.0,325300.0,3383.0,61531.16686773347
2022-03-09T00:00:00.000000,2426.0,303,2121,1296.0,44.0,170.0,538032.0,340560.0,2671300.0,1407995.0,98917.0,60232.0,293016.0,194539.0,273.0,3271.0,530052.0,3360.0,63007.083038011115
2022-03-10T00:00:00.000000,2589.0,324,2261,1341.0,45.0,175.0,661011.0,444065.0,3057522.0,1681743.0,98085.0,69440.0,358364.0,241571.0,244.0,3296.0,454529.0,3548.0,62888.84517928186
2022-03-11T00:00:00.000000,2430.0,317,2111,1265.0,49.0,187.0,616171.0,389399.0,2754186.0,1490321.0,92142.0,59139.0,363043.0,240263.0,270.0,3260.0,433671.0,3250.0,57632.848244897716
2022-03-12T00:00:00.000000,1349.0,157,1192,738.0,22.0,84.0,316790.0,212493.0,1656222.0,906198.0,53834.0,38281.0,187429.0,129001.0,119.0,1747.0,170599.0,1717.0,38038.36346339648
2022-03-13T00:00:00.000000,1832.0,211,1621,809.0,44.0,106.0,497562.0,344385.0,2188620.0,1228431.0,139058.0,105611.0,233697.0,156170.0,162.0,2728.0,417617.0,2418.0,50670.48346874857
2022-03-14T00:00:00.000000,2309.0,282,2027,1447.0,42.0,164.0,522684.0,323780.0,2544173.0,1320797.0,75207.0,39790.0,305881.0,198535.0,237.0,2953.0,388185.0,3092.0,53678.181727803676
2022-03-15T00:00:00.000000,2562.0,341,2219,1377.0,52.0,174.0,572082.0,350009.0,2967564.0,1627768.0,91963.0,54230.0,281348.0,171560.0,247.0,3431.0,571259.0,3526.0,66902.97826150926
2022-03-16T00:00:00.000000,2773.0,363,2406,1428.0,61.0,197.0,617102.0,373693.0,3066878.0,1677279.0,120438.0,70529.0,332736.0,203608.0,298.0,3988.0,607433.0,4015.0,67217.50970020478
2022-03-17T00:00:00.000000,2599.0,324,2275,1354.0,45.0,189.0,579932.0,362214.0,2970696.0,1595069.0,94906.0,58477.0,317582.0,192699.0,289.0,4088.0,558000.0,3365.0,60114.7032928923
2022-03-18T00:00:00.000000,2322.0,284,2038,1231.0,40.0,142.0,550921.0,362602.0,2625967.0,1448408.0,104039.0,79958.0,256069.0,163610.0,220.0,3313.0,511811.0,3192.0,58048.64136802992
2022-03-19T00:00:00.000000,1512.0,191,1321,954.0,29.0,110.0,389308.0,263752.0,1826693.0,977674.0,50485.0,25573.0,223438.0,155547.0,162.0,2171.0,287017.0,1958.0,38554.82783361087
2022-03-20T00:00:00.000000,1528.0,197,1329,860.0,32.0,111.0,375354.0,249355.0,1872811.0,985650.0,101532.0,80534.0,181530.0,112038.0,164.0,2391.0,319749.0,2214.0,40291.65488381953
2022-03-21T00:00:00.000000,2368.0,290,2076,1301.0,61.0,153.0,517541.0,321996.0,2668596.0,1430947.0,108688.0,64068.0,268486.0,170213.0,239.0,3157.0,366095.0,3238.0,60334.87952198377
2022-03-22T00:00:00.000000,2674.0,307,2364,1334.0,42.0,173.0,590341.0,381905.0,2993809.0,1567032.0,78985.0,49033.0,318797.0,208659.0,277.0,3628.0,468265.0,3783.0,64116.421169350164
2022-03-23T00:00:00.000000,2670.0,324,2342,1353.0,54.0,164.0,631297.0,406074.0,2930856.0,1621570.0,112165.0,79257.0,302683.0,188107.0,225.0,3880.0,490258.0,3745.0,67035.80019427404
2022-03-24T00:00:00.000000,3339.0,342,2995,1366.0,61.0,182.0,607398.0,382565.0,3686260.0,1934576.0,108852.0,69774.0,332006.0,215679.0,306.0,4791.0,732185.0,4387.0,88319.51691831557
2022-03-25T00:00:00.000000,2323.0,296,2027,1340.0,45.0,145.0,509580.0,317741.0,2554842.0,1358309.0,100440.0,66375.0,227698.0,143350.0,213.0,3133.0,489901.0,3181.0,54387.70539839148
2022-03-26T00:00:00.000000,1506.0,171,1329,803.0,23.0,97.0,417844.0,303985.0,1953072.0,1072297.0,62454.0,44690.0,227684.0,165978.0,140.0,2227.0,396503.0,1873.0,39241.84284614565
2022-03-27T00:00:00.000000,1538.0,188,1348,801.0,38.0,98.0,348695.0,221582.0,1909944.0,1039370.0,76065.0,46473.0,182579.0,120850.0,143.0,2074.0,230521.0,1997.0,43900.022405908436
2022-03-28T00:00:00.000000,2425.0,311,2114,1298.0,50.0,165.0,580576.0,389837.0,2739506.0,1474573.0,115341.0,82541.0,287146.0,189647.0,247.0,3421.0,530480.0,3355.0,57011.016857324845
2022-03-29T00:00:00.000000,2603.0,315,2282,1341.0,45.0,173.0,616782.0,390549.0,2865577.0,1554441.0,93202.0,51881.0,345347.0,226077.0,260.0,3908.0,431563.0,3506.0,65082.30810726496
2022-03-30T00:00:00.000000,2660.0,336,2324,1510.0,48.0,199.0,611872.0,380914.0,2945774.0,1600169.0,115566.0,69593.0,338800.0,204288.0,302.0,3382.0,523741.0,3662.0,67250.43087408661
2022-03-31T00:00:00.000000,2455.0,302,2152,1300.0,51.0,161.0,587874.0,379442.0,2910475.0,1602865.0,135081.0,94611.0,273974.0,165920.0,259.0,3324.0,466621.0,3305.0,66245.20752882291
2022-04-01T00:00:00.000000,2299.0,324,1972,1220.0,39.0,182.0,588605.0,367962.0,2511188.0,1342706.0,92508.0,60434.0,336554.0,213804.0,276.0,3414.0,567384.0,2941.0,54850.35379144421
2022-04-02T00:00:00.000000,1337.0,165,1172,765.0,29.0,74.0,329863.0,213262.0,1626252.0,900691.0,62299.0,32901.0,117095.0,70853.0,114.0,2009.0,214496.0,1653.0,35984.33421718925
2022-04-03T00:00:00.000000,1505.0,179,1326,853.0,29.0,92.0,363157.0,228969.0,1734787.0,920868.0,64510.0,43114.0,195526.0,122043.0,143.0,1858.0,273256.0,2016.0,38597.02429925369
2022-04-04T00:00:00.000000,2526.0,332,2192,1314.0,53.0,181.0,672369.0,438806.0,2768310.0,1490738.0,115259.0,75404.0,362117.0,230777.0,275.0,3548.0,372484.0,3048.0,66549.54627829345
2022-04-05T00:00:00.000000,3341.0,335,3004,1572.0,58.0,191.0,668701.0,442113.0,3857558.0,2106174.0,101911.0,59873.0,380912.0,250993.0,281.0,4211.0,412501.0,4488.0,84248.56756854993
2022-04-06T00:00:00.000000,2561.0,325,2236,1337.0,52.0,177.0,614005.0,398185.0,2942502.0,1606812.0,107147.0,69113.0,345327.0,230046.0,231.0,3461.0,375203.0,3557.0,60743.814593528776
2022-04-07T00:00:00.000000,2607.0,321,2286,1364.0,57.0,156.0,630243.0,415850.0,2900604.0,1556558.0,123635.0,82039.0,271765.0,166816.0,248.0,3073.0,485796.0,3375.0,66020.1980207678
2022-04-08T00:00:00.000000,2369.0,301,2068,1283.0,34.0,183.0,493292.0,306267.0,2563657.0,1329323.0,61701.0,35804.0,293201.0,181052.0,268.0,3156.0,545762.0,3261.0,63905.94157501338
2022-04-09T00:00:00.000000,1563.0,198,1361,818.0,28.0,115.0,370405.0,222298.0,1888997.0,1036302.0,45661.0,24165.0,228477.0,134265.0,167.0,2249.0,282716.0,2032.0,45104.98394416848
2022-04-10T00:00:00.000000,1583.0,212,1371,851.0,27.0,115.0,432373.0,289122.0,1856711.0,1019594.0,66622.0,46674.0,224972.0,145695.0,188.0,2404.0,419657.0,2238.0,45413.8423664514
2022-04-11T00:00:00.000000,2511.0,345,2165,1506.0,53.0,174.0,734649.0,511466.0,2674683.0,1427045.0,89649.0,56896.0,333394.0,216304.0,248.0,3538.0,561077.0,3346.0,51986.024671663145
2022-04-12T00:00:00.000000,2623.0,326,2297,1340.0,49.0,163.0,615237.0,404209.0,2904858.0,1599554.0,103023.0,68673.0,298207.0,196909.0,255.0,3753.0,536940.0,3602.0,57490.13167851198
2022-04-13T00:00:00.000000,2545.0,302,2241,1382.0,51.0,151.0,662538.0,472949.0,3033787.0,1638519.0,170158.0,129267.0,323277.0,231526.0,235.0,3195.0,572250.0,3471.0,59409.61280632749
2022-04-14T00:00:00.000000,2327.0,315,2012,1211.0,54.0,163.0,561800.0,329401.0,2729286.0,1437178.0,83623.0,47577.0,301335.0,193261.0,237.0,3307.0,488577.0,3242.0,62392.21134674864
2022-04-15T00:00:00.000000,1939.0,242,1697,1072.0,28.0,140.0,454597.0,293635.0,2189268.0,1176502.0,68763.0,44603.0,246308.0,152158.0,216.0,2558.0,355558.0,2662.0,49414.66539670797
2022-04-16T00:00:00.000000,1432.0,203,1229,777.0,30.0,103.0,365730.0,232389.0,1668797.0,876110.0,56375.0,35727.0,178501.0,113766.0,134.0,1915.0,266742.0,1989.0,36827.55806109464
2022-04-17T00:00:00.000000,1375.0,207,1168,804.0,34.0,116.0,389967.0,239481.0,1561606.0,868970.0,75808.0,51964.0,212434.0,131453.0,168.0,1962.0,300512.0,1826.0,34787.207144933884
2022-04-18T00:00:00.000000,2047.0,252,1795,1110.0,60.0,128.0,523310.0,331894.0,2317687.0,1275474.0,119745.0,74769.0,295403.0,187650.0,207.0,2802.0,749292.0,2706.0,50776.53824738653
2022-04-19T00:00:00.000000,2525.0,330,2195,1323.0,51.0,193.0,645860.0,411455.0,2834602.0,1520211.0,106785.0,66393.0,391693.0,252360.0,268.0,3128.0,504983.0,3476.0,63972.36643184238
2022-04-20T00:00:00.000000,2455.0,311,2140,1310.0,49.0,166.0,685887.0,468811.0,2795569.0,1510642.0,84074.0,50997.0,356584.0,236468.0,247.0,3655.0,721642.0,3468.0,53674.443374765535
2022-04-21T00:00:00.000000,2495.0,311,2184,1300.0,45.0,168.0,610427.0,386937.0,2862446.0,1540442.0,96525.0,58207.0,287648.0,170411.0,244.0,3275.0,433961.0,3424.0,58923.475234417296
2022-04-22T00:00:00.000000,2349.0,272,2075,1369.0,46.0,127.0,561943.0,379546.0,2678458.0,1470101.0,105832.0,62177.0,244450.0,172224.0,207.0,2888.0,320824.0,3007.0,62683.88736335025
2022-04-23T00:00:00.000000,1503.0,187,1316,840.0,26.0,106.0,378062.0,245958.0,1902078.0,1088784.0,54954.0,37205.0,219871.0,147145.0,142.0,2120.0,328758.0,1994.0,40635.098122307805
2022-04-24T00:00:00.000000,1532.0,190,1342,820.0,17.0,111.0,408348.0,279245.0,1793573.0,956256.0,63371.0,50302.0,214086.0,135504.0,174.0,2138.0,373693.0,2017.0,38611.82254020492
2022-04-25T00:00:00.000000,2386.0,290,2096,1262.0,45.0,169.0,606790.0,403639.0,2693144.0,1472361.0,118299.0,83340.0,352573.0,238019.0,274.0,3085.0,715813.0,3093.0,60828.73020781311
2022-04-26T00:00:00.000000,2564.0,318,2246,1354.0,51.0,173.0,665688.0,437017.0,2808767.0,1513268.0,123352.0,89238.0,353770.0,222563.0,252.0,2887.0,369606.0,3366.0,54255.42897314599
2022-04-27T00:00:00.000000,2524.0,301,2223,1329.0,56.0,171.0,492176.0,296382.0,2735628.0,1431077.0,107043.0,63661.0,271095.0,167871.0,250.0,3413.0,418301.0,3245.0,65526.635295838925
2022-04-28T00:00:00.000000,3512.0,364,3144,1562.0,65.0,184.0,576825.0,331273.0,3911441.0,2093123.0,107510.0,55130.0,257132.0,141782.0,295.0,4894.0,601798.0,4554.0,97715.53352496523
2022-04-29T00:00:00.000000,2395.0,288,2107,1243.0,58.0,145.0,595943.0,391809.0,2764230.0,1509715.0,180819.0,132851.0,279549.0,184466.0,221.0,3183.0,352305.0,3063.0,63966.698513508505
2022-04-30T00:00:00.000000,1522.0,193,1329,799.0,26.0,109.0,356988.0,235221.0,1790803.0,991578.0,37439.0,19093.0,226204.0,154985.0,160.0,1719.0,341915.0,2014.0,42453.110202366675
2022-05-01T00:00:00.000000,1356.0,176,1177,783.0,37.0,90.0,347904.0,222802.0,1664600.0,940764.0,65227.0,37431.0,209029.0,145530.0,141.0,1769.0,197614.0,1830.0,35920.01574277192
2022-05-02T00:00:00.000000,2245.0,274,1971,1156.0,44.0,132.0,558377.0,380923.0,2673110.0,1462076.0,76627.0,47353.0,238403.0,155159.0,195.0,3332.0,536801.0,2835.0,50703.102180876405
2022-05-03T00:00:00.000000,2364.0,298,2066,1261.0,42.0,168.0,559953.0,345252.0,2565205.0,1403808.0,90393.0,55996.0,283865.0,171872.0,239.0,3114.0,491246.0,3220.0,58712.97599112408
2022-05-04T00:00:00.000000,2407.0,296,2111,1496.0,53.0,140.0,645744.0,438079.0,2630827.0,1410815.0,140379.0,89075.0,294769.0,207174.0,198.0,2829.0,436581.0,3302.0,64095.69606682465
2022-05-05T00:00:00.000000,2370.0,296,2074,1267.0,45.0,162.0,569724.0,374347.0,2624281.0,1452267.0,108121.0,72998.0,277294.0,176943.0,224.0,3036.0,429595.0,3402.0,60112.9010346941
2022-05-06T00:00:00.000000,2344.0,307,2037,1256.0,52.0,166.0,610998.0,396817.0,2663159.0,1444964.0,147679.0,103424.0,303516.0,186113.0,250.0,2975.0,399801.0,3227.0,60972.173115843136
2022-05-07T00:00:00.000000,1550.0,230,1320,823.0,30.0,135.0,428847.0,262003.0,1766756.0,988139.0,46865.0,26263.0,263727.0,169988.0,189.0,2313.0,265801.0,2192.0,40165.70108656394
2022-05-08T00:00:00.000000,1464.0,177,1282,811.0,27.0,101.0,368976.0,248685.0,1797145.0,1004750.0,54510.0,31481.0,207959.0,141551.0,159.0,2118.0,322670.0,1838.0,37564.074766068166
2022-05-09T00:00:00.000000,2388.0,316,2072,1319.0,55.0,179.0,576575.0,374782.0,2507479.0,1325554.0,133311.0,98793.0,324687.0,204827.0,283.0,3175.0,426046.0,3342.0,60786.80342034446
2022-05-10T00:00:00.000000,3082.0,333,2747,1625.0,50.0,182.0,662860.0,436206.0,3471500.0,1928985.0,113671.0,75124.0,312996.0,193772.0,249.0,4051.0,644265.0,3978.0,81685.20766595748
2022-05-11T00:00:00.000000,2658.0,345,2311,1371.0,54.0,189.0,629193.0,379033.0,2811924.0,1540617.0,102430.0,57091.0,337746.0,202973.0,276.0,3326.0,391762.0,3483.0,69234.53242452937
2022-05-12T00:00:00.000000,2544.0,368,2170,1371.0,51.0,194.0,704399.0,452295.0,2770393.0,1511848.0,78944.0,45434.0,383080.0,248005.0,287.0,3166.0,594592.0,3265.0,60657.97679792521
2022-05-13T00:00:00.000000,2337.0,321,2016,1246.0,57.0,172.0,603341.0,402809.0,2575509.0,1401199.0,134551.0,94029.0,316243.0,209665.0,268.0,3282.0,531538.0,3014.0,62233.130499084255
2022-05-14T00:00:00.000000,1462.0,171,1291,811.0,20.0,96.0,324883.0,216157.0,1773145.0,966206.0,37936.0,22315.0,192972.0,135306.0,134.0,2168.0,165199.0,1957.0,39451.146902091496
2022-05-15T00:00:00.000000,1480.0,207,1271,790.0,33.0,104.0,426317.0,296181.0,1769386.0,976944.0,62825.0,40646.0,224115.0,161378.0,143.0,2200.0,203376.0,1923.0,37062.026586969376
2022-05-16T00:00:00.000000,2449.0,361,2088,1511.0,51.0,201.0,633466.0,420109.0,2652774.0,1446157.0,135172.0,102810.0,329915.0,208925.0,319.0,2978.0,460548.0,3291.0,60370.24895194029
2022-05-17T00:00:00.000000,2551.0,365,2186,1361.0,53.0,210.0,614861.0,389608.0,2813900.0,1495324.0,96971.0,56576.0,341760.0,217653.0,301.0,3419.0,626291.0,3255.0,65816.43986630895
2022-05-18T00:00:00.000000,2759.0,342,2417,1409.0,53.0,180.0,653210.0,445776.0,3023234.0,1619629.0,84479.0,50921.0,359227.0,249083.0,262.0,3532.0,447964.0,3643.0,72689.48109985328
2022-05-19T00:00:00.000000,2548.0,325,2216,1317.0,35.0,169.0,615506.0,416649.0,2838559.0,1526670.0,66474.0,41083.0,363052.0,262554.0,245.0,3186.0,427821.0,3253.0,68638.34990917543
2022-05-20T00:00:00.000000,2400.0,317,2083,1265.0,61.0,158.0,616116.0,401822.0,2610936.0,1412248.0,153970.0,105590.0,249081.0,142256.0,262.0,3135.0,629036.0,3169.0,61912.392651153255
2022-05-21T00:00:00.000000,1510.0,178,1332,912.0,24.0,103.0,308013.0,182281.0,1787330.0,951289.0,65903.0,40960.0,145144.0,83737.0,152.0,2341.0,186181.0,2038.0,40803.98943933069
2022-05-22T00:00:00.000000,1870.0,176,1693,785.0,29.0,97.0,347431.0,239713.0,2394778.0,1257648.0,38596.0,21748.0,229429.0,164382.0,149.0,2425.0,202579.0,2633.0,49048.17748546413
2022-05-23T00:00:00.000000,2447.0,307,2140,1307.0,49.0,163.0,557635.0,344211.0,2665341.0,1487657.0,123508.0,80022.0,263065.0,145889.0,226.0,3346.0,425764.0,3189.0,67345.26874051215
2022-05-24T00:00:00.000000,2580.0,363,2214,1386.0,56.0,186.0,810340.0,552240.0,2702460.0,1508399.0,109390.0,66364.0,399860.0,275816.0,268.0,3272.0,415866.0,3847.0,60590.83238651604
2022-05-25T00:00:00.000000,2620.0,348,2270,1388.0,58.0,177.0,672276.0,431182.0,2976335.0,1657621.0,115740.0,67527.0,373896.0,249405.0,258.0,3763.0,829167.0,3483.0,54954.01831620441
2022-05-26T00:00:00.000000,2518.0,350,2168,1310.0,75.0,171.0,656682.0,420412.0,2646382.0,1405753.0,114505.0,58174.0,365881.0,250602.0,238.0,3158.0,576300.0,3447.0,59855.593981855134
2022-05-27T00:00:00.000000,2328.0,317,2005,1436.0,44.0,185.0,639353.0,427719.0,2734197.0,1452625.0,122055.0,93028.0,368905.0,244968.0,293.0,3037.0,536301.0,3461.0,54996.68093254886
2022-05-28T00:00:00.000000,1379.0,185,1194,781.0,20.0,115.0,372622.0,242882.0,1687724.0,949165.0,36463.0,19650.0,259043.0,177992.0,164.0,1710.0,258819.0,1873.0,34516.093166893224
2022-05-29T00:00:00.000000,1438.0,179,1259,805.0,35.0,86.0,327416.0,198736.0,1676362.0,895071.0,56048.0,28254.0,156991.0,97317.0,127.0,1816.0,196031.0,1860.0,39350.98575866031
2022-05-30T00:00:00.000000,2344.0,351,1993,1281.0,59.0,181.0,720218.0,479322.0,2475978.0,1315283.0,123553.0,76508.0,334963.0,216342.0,273.0,3061.0,547626.0,3139.0,54326.88169222026
2022-05-31T00:00:00.000000,2492.0,360,2132,1360.0,53.0,215.0,664667.0,416270.0,2679549.0,1412976.0,97643.0,62419.0,375087.0,228586.0,322.0,3182.0,497569.0,3548.0,56140.742786034345
2022-06-01T00:00:00.000000,2437.0,355,2081,1361.0,58.0,178.0,718429.0,473904.0,2599280.0,1413216.0,99571.0,55305.0,364716.0,243700.0,270.0,3189.0,464719.0,3312.0,54750.29438092396
2022-06-02T00:00:00.000000,2486.0,337,2149,1561.0,58.0,176.0,611433.0,399552.0,2861016.0,1502415.0,135258.0,91344.0,300708.0,194159.0,251.0,3246.0,440770.0,3421.0,58292.60794835754
2022-06-03T00:00:00.000000,2607.0,346,2261,1240.0,48.0,177.0,671659.0,446457.0,3043376.0,1636408.0,90210.0,54486.0,338125.0,238264.0,288.0,3344.0,525393.0,3483.0,73732.18225795182
2022-06-04T00:00:00.000000,1342.0,173,1169,772.0,28.0,85.0,329578.0,210753.0,1599993.0,835659.0,63257.0,41659.0,141742.0,91156.0,107.0,1639.0,183892.0,1753.0,34431.74124771879
2022-06-05T00:00:00.000000,1490.0,201,1287,804.0,18.0,118.0,357253.0,228633.0,1706886.0,917266.0,32728.0,19983.0,175095.0,108926.0,188.0,2266.0,284460.0,2013.0,43707.69187081075
2022-06-06T00:00:00.000000,2238.0,307,1931,1216.0,64.0,155.0,646334.0,423311.0,2383530.0,1277465.0,147108.0,93142.0,320453.0,220841.0,241.0,2953.0,317606.0,2901.0,56911.01673853031
2022-06-07T00:00:00.000000,2512.0,350,2162,1390.0,62.0,156.0,628053.0,384652.0,2852202.0,1536276.0,101548.0,61995.0,299518.0,180389.0,214.0,3319.0,459970.0,3279.0,61058.46532102624
2022-06-08T00:00:00.000000,2619.0,347,2272,1633.0,50.0,178.0,630494.0,401709.0,2909324.0,1577092.0,79019.0,43742.0,343775.0,222764.0,246.0,3181.0,502139.0,3513.0,67700.87486441506
2022-06-09T00:00:00.000000,2537.0,340,2188,1351.0,51.0,182.0,657774.0,417036.0,2840917.0,1582817.0,106080.0,63632.0,357310.0,232617.0,266.0,3242.0,596699.0,3592.0,63334.27876627141
2022-06-10T00:00:00.000000,2411.0,350,2056,1346.0,47.0,192.0,724430.0,496077.0,2483991.0,1331121.0,93989.0,59259.0,423456.0,299507.0,284.0,3440.0,607839.0,3068.0,63176.767118557145
2022-06-11T00:00:00.000000,1501.0,196,1305,798.0,30.0,109.0,423330.0,269539.0,1814463.0,899436.0,61966.0,33490.0,244739.0,176788.0,194.0,2274.0,366811.0,1887.0,40794.1521729485
2022-06-12T00:00:00.000000,1423.0,207,1216,804.0,26.0,117.0,488677.0,352206.0,1650756.0,864921.0,54494.0,34876.0,254667.0,180771.0,178.0,2108.0,318401.0,1919.0,37325.85611510474
2022-06-13T00:00:00.000000,2418.0,357,2061,1300.0,52.0,187.0,790214.0,544747.0,2590776.0,1405430.0,161407.0,111203.0,409406.0,281331.0,277.0,3291.0,613728.0,3459.0,56337.424428184604
2022-06-14T00:00:00.000000,2581.0,347,2230,1577.0,53.0,187.0,708647.0,477372.0,2733927.0,1392249.0,106780.0,70779.0,392414.0,263023.0,334.0,3336.0,615768.0,3343.0,64972.24531224792
2022-06-15T00:00:00.000000,3301.0,363,2938,1435.0,58.0,199.0,703530.0,456640.0,3659035.0,1950677.0,97509.0,56231.0,388996.0,265995.0,296.0,4258.0,438717.0,4435.0,87641.80703348735
2022-06-16T00:00:00.000000,2368.0,341,2026,1306.0,59.0,174.0,671227.0,451327.0,2677689.0,1428738.0,107575.0,68885.0,358059.0,249021.0,272.0,3055.0,413694.0,3116.0,58997.367874666365
2022-06-17T00:00:00.000000,2202.0,290,1912,1201.0,44.0,165.0,554962.0,344741.0,2603165.0,1461946.0,90203.0,52626.0,322116.0,202391.0,233.0,2775.0,404393.0,2800.0,55198.696397862965
2022-06-18T00:00:00.000000,1425.0,175,1248,805.0,28.0,85.0,404964.0,284673.0,1772316.0,1020409.0,76320.0,56435.0,203402.0,145913.0,135.0,1808.0,245056.0,1835.0,35495.22120921712
2022-06-19T00:00:00.000000,1435.0,221,1214,842.0,39.0,134.0,548759.0,383709.0,1690143.0,944871.0,50074.0,24617.0,348026.0,254441.0,192.0,1931.0,219596.0,2003.0,38474.0805738161
2022-06-20T00:00:00.000000,2312.0,314,1998,1365.0,52.0,168.0,630384.0,410856.0,2448481.0,1306330.0,118513.0,75083.0,346277.0,236447.0,252.0,2756.0,394609.0,2873.0,55911.05610868894
2022-06-21T00:00:00.000000,2526.0,350,2176,1376.0,55.0,181.0,650747.0,417430.0,2615627.0,1431981.0,116043.0,74361.0,310474.0,189623.0,250.0,2987.0,412420.0,3352.0,63983.6588129796
2022-06-22T00:00:00.000000,2565.0,323,2242,1396.0,66.0,171.0,627109.0,414938.0,2725525.0,1411959.0,139483.0,96913.0,298832.0,199351.0,239.0,3084.0,395020.0,3335.0,61074.03531836088
2022-06-23T00:00:00.000000,2556.0,346,2206,1382.0,76.0,165.0,611107.0,387483.0,2777401.0,1479557.0,160976.0,111514.0,280894.0,173930.0,232.0,3047.0,466552.0,3316.0,68185.34785969644
2022-06-24T00:00:00.000000,2332.0,355,1975,1289.0,51.0,185.0,665112.0,432655.0,2416180.0,1242339.0,116847.0,85916.0,318157.0,199578.0,272.0,2879.0,464457.0,3072.0,61330.27870302312
2022-06-25T00:00:00.000000,1424.0,167,1253,786.0,25.0,97.0,295692.0,189281.0,1703057.0,887211.0,43625.0,25333.0,173026.0,111840.0,152.0,2086.0,286572.0,1970.0,37376.466152684145
2022-06-26T00:00:00.000000,1439.0,200,1239,863.0,28.0,114.0,442519.0,309457.0,1595262.0,848624.0,65855.0,45332.0,226386.0,157889.0,175.0,1755.0,268999.0,1913.0,22748.751136355095
2022-06-27T00:00:00.000000,2775.0,327,2448,1355.0,50.0,169.0,562061.0,343591.0,3185226.0,1751077.0,98129.0,61920.0,301329.0,186606.0,235.0,3742.0,387894.0,3451.0,75008.50077563556
2022-06-28T00:00:00.000000,2579.0,363,2212,1387.0,77.0,186.0,669910.0,424826.0,2754665.0,1427966.0,164032.0,114107.0,341551.0,210294.0,273.0,3092.0,492377.0,3448.0,68408.3538059651
2022-06-29T00:00:00.000000,2546.0,338,2205,1308.0,59.0,177.0,759538.0,503250.0,2788821.0,1475896.0,181522.0,124304.0,380512.0,250665.0,259.0,3275.0,668898.0,3638.0,61949.46376856899
2022-06-30T00:00:00.000000,2507.0,343,2164,1333.0,63.0,163.0,697463.0,458084.0,2631606.0,1439703.0,157046.0,106685.0,335149.0,231819.0,225.0,2772.0,337240.0,3180.0,65019.582897140965
2022-07-01T00:00:00.000000,2292.0,301,1989,1238.0,46.0,166.0,503294.0,308585.0,2426107.0,1300760.0,94920.0,60039.0,268708.0,166706.0,215.0,2647.0,330443.0,2862.0,58534.21538400587
2022-07-02T00:00:00.000000,1472.0,188,1280,833.0,19.0,114.0,373992.0,233630.0,1680027.0,889014.0,36567.0,21207.0,246223.0,156695.0,170.0,2225.0,263391.0,1947.0,38391.81180436547
2022-07-03T00:00:00.000000,1544.0,206,1337,790.0,32.0,117.0,479573.0,326079.0,1821602.0,999430.0,89639.0,64110.0,227814.0,144396.0,165.0,1881.0,158108.0,1926.0,43301.86915271166
2022-07-04T00:00:00.000000,2242.0,282,1957,1187.0,32.0,153.0,539789.0,351553.0,2361526.0,1309191.0,50460.0,27680.0,292646.0,186790.0,238.0,2777.0,331482.0,2969.0,55001.0710094475
2022-07-05T00:00:00.000000,2575.0,323,2252,1360.0,47.0,172.0,644712.0,423304.0,2861540.0,1539430.0,124385.0,79460.0,321181.0,212805.0,270.0,2975.0,316502.0,3373.0,57929.54438003312
2022-07-06T00:00:00.000000,2527.0,357,2168,1353.0,63.0,195.0,675331.0,432637.0,2657211.0,1447551.0,122059.0,73104.0,378562.0,246296.0,312.0,3413.0,487419.0,3502.0,61405.23198393452
2022-07-07T00:00:00.000000,2597.0,391,2206,1387.0,45.0,214.0,715074.0,436879.0,2723021.0,1490176.0,115000.0,78740.0,408102.0,247540.0,329.0,3149.0,558417.0,3403.0,56608.42836554527
2022-07-08T00:00:00.000000,2319.0,314,2004,1425.0,43.0,170.0,682716.0,457727.0,2484680.0,1375715.0,94054.0,64043.0,392198.0,267116.0,251.0,2925.0,350138.0,3047.0,55118.65990498581
2022-07-09T00:00:00.000000,1817.0,182,1635,760.0,28.0,94.0,354579.0,224964.0,2362970.0,1266609.0,59111.0,35885.0,199749.0,134207.0,123.0,2156.0,118033.0,2418.0,52441.824826117656
2022-07-10T00:00:00.000000,1384.0,192,1192,792.0,24.0,110.0,372752.0,244438.0,1638902.0,894483.0,34083.0,19096.0,225247.0,149928.0,156.0,1659.0,268414.0,1828.0,33957.33824369511
2022-07-11T00:00:00.000000,2434.0,306,2128,1322.0,70.0,152.0,584849.0,370934.0,2692292.0,1461609.0,127820.0,68440.0,258078.0,162778.0,200.0,2809.0,335904.0,3174.0,57408.014262952485
2022-07-12T00:00:00.000000,2492.0,370,2122,1331.0,54.0,193.0,687182.0,429117.0,2779978.0,1520006.0,120535.0,79872.0,342567.0,210824.0,274.0,3464.0,484065.0,3365.0,56511.43900046418
2022-07-13T00:00:00.000000,2567.0,352,2214,1387.0,54.0,205.0,624907.0,394226.0,2750888.0,1478357.0,88773.0,51574.0,399290.0,265854.0,325.0,3335.0,511123.0,3266.0,62691.560397250985
2022-07-14T00:00:00.000000,2485.0,330,2153,1589.0,52.0,180.0,686837.0,448900.0,2641522.0,1337128.0,125654.0,82697.0,373274.0,251073.0,251.0,2862.0,433631.0,3314.0,63080.197125611
2022-07-15T00:00:00.000000,2355.0,321,2030,1227.0,50.0,168.0,662076.0,438080.0,2738018.0,1486682.0,124458.0,79562.0,329183.0,212790.0,235.0,2912.0,444626.0,3111.0,57144.23940263682
2022-07-16T00:00:00.000000,1473.0,201,1271,811.0,25.0,97.0,382090.0,233494.0,1716527.0,947818.0,63186.0,40136.0,191010.0,120545.0,150.0,1812.0,285209.0,1959.0,40593.49392123816
2022-07-17T00:00:00.000000,1372.0,194,1178,782.0,44.0,108.0,352010.0,220949.0,1563342.0,823349.0,94145.0,66203.0,195352.0,121740.0,161.0,1911.0,193974.0,1849.0,38756.09362049108
2022-07-18T00:00:00.000000,2482.0,336,2143,1341.0,51.0,182.0,670594.0,430847.0,2623348.0,1418409.0,93353.0,55855.0,402025.0,274654.0,263.0,3141.0,649064.0,3304.0,56643.39359105779
2022-07-19T00:00:00.000000,2720.0,366,2354,1399.0,54.0,186.0,651431.0,390290.0,3002503.0,1621535.0,92714.0,53029.0,344709.0,206329.0,262.0,3280.0,572375.0,3605.0,61684.35163806871
2022-07-20T00:00:00.000000,2640.0,388,2248,1592.0,60.0,228.0,834775.0,546933.0,2763036.0,1504328.0,110044.0,66197.0,500490.0,335995.0,332.0,3662.0,616377.0,3700.0,58369.10770489501
2022-07-21T00:00:00.000000,3653.0,386,3263,1390.0,60.0,206.0,790965.0,540554.0,4142896.0,2243084.0,128453.0,83722.0,374744.0,243871.0,311.0,4518.0,483219.0,4901.0,83100.7444287515
2022-07-22T00:00:00.000000,2580.0,352,2225,1288.0,53.0,190.0,709616.0,482937.0,2971085.0,1642467.0,133884.0,95844.0,384882.0,259290.0,283.0,2941.0,534633.0,3543.0,45615.981075946416
2022-07-23T00:00:00.000000,1463.0,205,1256,806.0,41.0,109.0,436937.0,274100.0,1751796.0,950525.0,83951.0,49767.0,237117.0,150983.0,149.0,1838.0,180140.0,2036.0,34033.91170212777
2022-07-24T00:00:00.000000,1577.0,238,1339,837.0,30.0,143.0,432376.0,274212.0,1766190.0,911894.0,57861.0,36285.0,251291.0,154272.0,207.0,2133.0,255979.0,2236.0,42047.61599411569
2022-07-25T00:00:00.000000,2494.0,346,2148,1352.0,56.0,185.0,694570.0,475894.0,2700000.0,1496018.0,130698.0,92563.0,331107.0,216295.0,264.0,2875.0,571829.0,3431.0,54697.82361320211
2022-07-26T00:00:00.000000,2747.0,364,2383,1646.0,53.0,197.0,694550.0,445249.0,3044281.0,1682875.0,101251.0,65655.0,333565.0,200173.0,283.0,3238.0,418335.0,3678.0,68561.20181319164
2022-07-27T00:00:00.000000,2732.0,340,2392,1411.0,60.0,178.0,651229.0,431184.0,2997841.0,1660448.0,121538.0,75835.0,314922.0,201215.0,255.0,3561.0,997588.0,3575.0,63528.866832258325
2022-07-28T00:00:00.000000,2640.0,360,2278,1429.0,57.0,190.0,739275.0,473824.0,2774833.0,1474733.0,108253.0,65213.0,374261.0,238070.0,263.0,3117.0,647859.0,3602.0,60023.9682435704
2022-07-29T00:00:00.000000,2163.0,289,1874,1211.0,46.0,147.0,660919.0,457879.0,2416714.0,1302680.0,73368.0,39297.0,413984.0,306329.0,230.0,3060.0,441309.0,2744.0,54232.08244756565
2022-07-30T00:00:00.000000,1506.0,223,1283,790.0,45.0,117.0,501953.0,351117.0,1733605.0,917011.0,89224.0,61029.0,276592.0,191135.0,175.0,1773.0,232526.0,2041.0,36020.2853848631
2022-07-31T00:00:00.000000,1586.0,223,1362,843.0,27.0,136.0,394659.0,244850.0,1767781.0,970110.0,45471.0,28829.0,259522.0,163042.0,201.0,2051.0,216788.0,2253.0,35591.1521443997
2022-08-01T00:00:00.000000,2250.0,278,1968,1466.0,43.0,160.0,499889.0,312032.0,2527107.0,1339275.0,90631.0,58481.0,296399.0,183181.0,207.0,2722.0,336292.0,2920.0,54497.564131435895
2022-08-02T00:00:00.000000,3105.0,404,2693,1381.0,83.0,222.0,860667.0,567344.0,3264296.0,1673865.0,184638.0,116450.0,452893.0,295153.0,324.0,3563.0,504659.0,4432.0,73446.0192172976
2022-08-03T00:00:00.000000,2557.0,375,2182,1377.0,59.0,196.0,744180.0,510653.0,2736763.0,1434836.0,113991.0,71214.0,420217.0,298054.0,290.0,3290.0,426975.0,3497.0,57457.28316529126
2022-08-04T00:00:00.000000,2580.0,381,2199,1371.0,77.0,183.0,794827.0,533986.0,2802649.0,1432017.0,180155.0,123208.0,307488.0,189092.0,287.0,3263.0,551221.0,3381.0,63353.45126247967
2022-08-05T00:00:00.000000,2426.0,317,2109,1320.0,39.0,179.0,626282.0,405027.0,2632218.0,1417151.0,69745.0,39167.0,347773.0,226073.0,266.0,3010.0,587763.0,3283.0,55431.09075273544
2022-08-06T00:00:00.000000,1508.0,224,1284,843.0,42.0,118.0,449388.0,283340.0,1780513.0,1002946.0,102080.0,63719.0,199682.0,120927.0,175.0,1796.0,289720.0,2158.0,39667.273997804215
2022-08-07T00:00:00.000000,1619.0,253,1362,932.0,37.0,118.0,442820.0,279802.0,1914361.0,1059555.0,64699.0,38535.0,185185.0,121302.0,175.0,1764.0,294167.0,2206.0,42780.533751942
2022-08-08T00:00:00.000000,2535.0,384,2147,1330.0,70.0,226.0,703857.0,442826.0,2622197.0,1440580.0,116088.0,70511.0,425926.0,266361.0,360.0,3018.0,425476.0,3386.0,61530.07719461889
2022-08-09T00:00:00.000000,2672.0,407,2262,1386.0,55.0,221.0,748916.0,465443.0,2722216.0,1426425.0,156928.0,107620.0,394198.0,241884.0,318.0,3405.0,511381.0,3482.0,63571.43996789981
2022-08-10T00:00:00.000000,2655.0,345,2308,1420.0,63.0,184.0,634958.0,404337.0,2764361.0,1456377.0,108232.0,66984.0,335905.0,208896.0,287.0,3189.0,397732.0,3546.0,58097.901973076056
2022-08-11T00:00:00.000000,2656.0,363,2293,1416.0,59.0,203.0,710848.0,455954.0,2906970.0,1595317.0,92287.0,58642.0,428038.0,284983.0,306.0,3327.0,548372.0,3454.0,59954.557889022944
2022-08-12T00:00:00.000000,2423.0,351,2072,1458.0,55.0,195.0,705631.0,478681.0,2598263.0,1408485.0,130520.0,93000.0,349279.0,227447.0,282.0,2941.0,465851.0,3202.0,55144.89462406406
2022-08-13T00:00:00.000000,1510.0,231,1277,832.0,38.0,117.0,403790.0,262454.0,1778497.0,963836.0,84332.0,62382.0,192951.0,122911.0,170.0,2016.0,190829.0,2197.0,32515.74030399466
2022-08-14T00:00:00.000000,1396.0,179,1209,766.0,28.0,102.0,439494.0,323713.0,1627263.0,817535.0,52749.0,33208.0,245279.0,178571.0,154.0,1986.0,343262.0,1976.0,29745.313518539206
2022-08-15T00:00:00.000000,2613.0,334,2279,1174.0,49.0,179.0,686474.0,465516.0,2871713.0,1534504.0,102853.0,72995.0,360168.0,237140.0,261.0,3421.0,479123.0,4118.0,65083.779963690016
2022-08-16T00:00:00.000000,2773.0,400,2369,1474.0,57.0,235.0,810128.0,528821.0,2793647.0,1451564.0,137564.0,95220.0,405085.0,238267.0,336.0,3412.0,525412.0,3890.0,65763.31996615465
2022-08-17T00:00:00.000000,2655.0,372,2281,1423.0,52.0,223.0,711873.0,463065.0,2753449.0,1450002.0,133426.0,91678.0,373086.0,231302.0,324.0,3461.0,390430.0,3553.0,64906.13180066563
2022-08-18T00:00:00.000000,2635.0,375,2256,1571.0,63.0,214.0,718495.0,486672.0,2663906.0,1363040.0,158661.0,116206.0,395674.0,272189.0,310.0,3068.0,389537.0,3397.0,62144.214394350696
2022-08-19T00:00:00.000000,2412.0,330,2078,1310.0,59.0,181.0,613272.0,379731.0,2680601.0,1454034.0,122020.0,76727.0,337495.0,209327.0,264.0,2621.0,306536.0,3077.0,51738.9435093289
2022-08-20T00:00:00.000000,1437.0,204,1233,819.0,23.0,102.0,397878.0,255253.0,1724128.0,925531.0,66001.0,44385.0,173304.0,102193.0,151.0,1683.0,263703.0,1945.0,31280.919745374555
2022-08-21T00:00:00.000000,1604.0,214,1390,836.0,29.0,132.0,374648.0,223816.0,1739804.0,925030.0,47688.0,28656.0,232545.0,133478.0,210.0,1977.0,254123.0,1974.0,43682.48508624228
2022-08-22T00:00:00.000000,2360.0,300,2059,1284.0,49.0,168.0,520410.0,325657.0,2431268.0,1239996.0,88796.0,56753.0,309099.0,200607.0,244.0,2871.0,322098.0,3173.0,53033.37383917883
2022-08-23T00:00:00.000000,2614.0,324,2288,1422.0,58.0,153.0,538593.0,329363.0,2745358.0,1448171.0,105315.0,63544.0,243387.0,146898.0,216.0,3426.0,510380.0,3371.0,69659.906836101
2022-08-24T00:00:00.000000,2546.0,372,2173,1381.0,65.0,205.0,756037.0,509825.0,2721982.0,1472801.0,145783.0,95136.0,384765.0,259912.0,283.0,3167.0,372486.0,3590.0,58617.6610326907
2022-08-25T00:00:00.000000,2504.0,391,2111,1363.0,72.0,194.0,765124.0,485300.0,2634723.0,1441031.0,157909.0,89004.0,425725.0,286514.0,288.0,2682.0,391860.0,3494.0,56937.113248896545
2022-08-26T00:00:00.000000,3051.0,400,2649,1279.0,66.0,213.0,730929.0,459452.0,3339525.0,1844044.0,154952.0,102182.0,340632.0,203334.0,296.0,3529.0,443654.0,3923.0,82798.2370324623
2022-08-27T00:00:00.000000,1532.0,205,1327,836.0,33.0,108.0,387901.0,247997.0,1659661.0,878224.0,84452.0,57180.0,164769.0,99419.0,173.0,2313.0,248819.0,2045.0,41549.49594036796
2022-08-28T00:00:00.000000,1586.0,239,1347,872.0,26.0,149.0,376354.0,214475.0,1868254.0,1001529.0,40270.0,19198.0,239443.0,143796.0,203.0,1845.0,217214.0,2239.0,37694.943579923216
2022-08-29T00:00:00.000000,2421.0,316,2105,1268.0,39.0,175.0,625536.0,410464.0,2621795.0,1444255.0,70798.0,43236.0,345560.0,236922.0,251.0,2865.0,411573.0,3117.0,49244.20515302851
2022-08-30T00:00:00.000000,2625.0,350,2273,1383.0,41.0,210.0,767806.0,534120.0,2717401.0,1422358.0,161161.0,123504.0,377272.0,241230.0,299.0,3069.0,311654.0,3602.0,62953.92341264445
2022-08-31T00:00:00.000000,2623.0,392,2229,1577.0,74.0,191.0,670752.0,401655.0,2824562.0,1512619.0,139702.0,88599.0,329295.0,199263.0,283.0,3542.0,349897.0,3841.0,66872.78649344918
2022-09-01T00:00:00.000000,2481.0,349,2132,1373.0,54.0,186.0,616247.0,371374.0,2568855.0,1391395.0,97708.0,61996.0,338734.0,217421.0,288.0,3087.0,419410.0,3470.0,62889.51263742834
2022-09-02T00:00:00.000000,2264.0,302,1962,1274.0,49.0,153.0,510085.0,305003.0,2409952.0,1245704.0,88914.0,54699.0,259700.0,145681.0,244.0,3109.0,478236.0,2876.0,55883.34620318069
2022-09-03T00:00:00.000000,1368.0,169,1199,799.0,26.0,106.0,361701.0,247312.0,1608272.0,851969.0,59163.0,36776.0,241600.0,175902.0,150.0,1757.0,180681.0,1748.0,30600.751511099043
2022-09-04T00:00:00.000000,1493.0,224,1269,817.0,26.0,128.0,475584.0,307542.0,1794079.0,949011.0,93621.0,65921.0,206420.0,118558.0,173.0,2308.0,367273.0,2043.0,38086.270308395666
2022-09-05T00:00:00.000000,2212.0,266,1946,1235.0,57.0,126.0,546084.0,363626.0,2413586.0,1231967.0,137871.0,91202.0,258742.0,176427.0,191.0,2651.0,408862.0,3034.0,53343.2970785782
2022-09-06T00:00:00.000000,2662.0,365,2297,1631.0,55.0,217.0,729064.0,503595.0,2780167.0,1485727.0,129224.0,94921.0,373352.0,241557.0,306.0,3231.0,417456.0,3567.0,63737.056192959055
2022-09-07T00:00:00.000000,2626.0,355,2271,1434.0,57.0,181.0,646919.0,394710.0,2927237.0,1642023.0,158154.0,112667.0,301096.0,181978.0,276.0,3186.0,319883.0,3578.0,65534.300102599205
2022-09-08T00:00:00.000000,3384.0,413,2967,1444.0,64.0,239.0,728074.0,428188.0,3509806.0,1852078.0,108338.0,61220.0,380901.0,214243.0,346.0,3966.0,492270.0,4572.0,81256.92543254016
2022-09-09T00:00:00.000000,2468.0,336,2130,1348.0,47.0,195.0,635569.0,409664.0,2655970.0,1425561.0,135039.0,100660.0,332302.0,207438.0,289.0,2841.0,276891.0,3241.0,59580.89347855916
2022-09-10T00:00:00.000000,1501.0,228,1272,830.0,45.0,110.0,600264.0,446693.0,1864747.0,992180.0,98945.0,69714.0,293870.0,221123.0,157.0,1817.0,267046.0,1915.0,31878.978553828285
2022-09-11T00:00:00.000000,1469.0,201,1266,827.0,38.0,123.0,509509.0,357418.0,1692562.0,883730.0,72026.0,44081.0,353057.0,257063.0,164.0,1725.0,213820.0,2043.0,38848.205736031596
2022-09-12T00:00:00.000000,2480.0,361,2119,1347.0,49.0,202.0,722765.0,463442.0,2742721.0,1526456.0,102360.0,63759.0,414269.0,278559.0,286.0,3060.0,387350.0,3361.0,50960.25352539772
2022-09-13T00:00:00.000000,2687.0,396,2291,1460.0,49.0,224.0,700223.0,433845.0,2823654.0,1519706.0,84574.0,50867.0,422770.0,263502.0,340.0,3478.0,504903.0,3732.0,65135.182618050225
2022-09-14T00:00:00.000000,2599.0,398,2201,1444.0,61.0,220.0,670307.0,414699.0,2663140.0,1439086.0,141918.0,98119.0,329569.0,197961.0,349.0,3004.0,382738.0,3412.0,62107.17377600444
2022-09-15T00:00:00.000000,2817.0,429,2380,1514.0,60.0,230.0,775216.0,480355.0,3084875.0,1674672.0,130708.0,88252.0,413169.0,256924.0,330.0,3148.0,422798.0,3544.0,68029.53242966848
2022-09-16T00:00:00.000000,2521.0,392,2121,1373.0,66.0,210.0,713227.0,443988.0,2702144.0,1452997.0,128987.0,84708.0,371494.0,223968.0,308.0,2948.0,375416.0,3332.0,61995.09124623911
2022-09-17T00:00:00.000000,1596.0,223,1369,887.0,38.0,108.0,445229.0,285277.0,1837810.0,937223.0,56234.0,33141.0,248467.0,164792.0,148.0,1785.0,203671.0,2064.0,37555.91031470914
2022-09-18T00:00:00.000000,1500.0,203,1293,833.0,32.0,103.0,398907.0,248712.0,1873942.0,1026154.0,67134.0,43027.0,213825.0,148528.0,155.0,1630.0,187691.0,2027.0,37197.97500471385
2022-09-19T00:00:00.000000,2537.0,341,2196,1551.0,51.0,205.0,676620.0,436108.0,2756599.0,1494694.0,107800.0,63502.0,413776.0,272659.0,301.0,3824.0,321803.0,3317.0,60052.57066353762
2022-09-20T00:00:00.000000,2385.0,334,2051,1323.0,54.0,189.0,608006.0,382287.0,2649701.0,1502457.0,94368.0,56322.0,340517.0,223833.0,268.0,2644.0,497940.0,3035.0,54540.98488988955
2022-09-21T00:00:00.000000,3107.0,354,2753,1377.0,52.0,184.0,677600.0,449587.0,3613591.0,2035025.0,103556.0,65636.0,325149.0,208226.0,262.0,3363.0,394049.0,3758.0,76050.62686974202
2022-09-22T00:00:00.000000,2626.0,390,2226,1374.0,50.0,213.0,734754.0,472088.0,2770549.0,1462699.0,91151.0,58174.0,393598.0,248261.0,302.0,3229.0,456084.0,3363.0,63928.31579333666
2022-09-23T00:00:00.000000,2335.0,327,2004,1272.0,53.0,193.0,675629.0,452601.0,2506039.0,1300094.0,117339.0,71086.0,437132.0,311513.0,284.0,3024.0,796858.0,2889.0,54410.28882512337
2022-09-24T00:00:00.000000,1504.0,231,1273,863.0,42.0,119.0,480162.0,319937.0,1739548.0,935973.0,119393.0,86971.0,257347.0,171858.0,167.0,2038.0,292530.0,1912.0,40716.625848002324
2022-09-25T00:00:00.000000,1442.0,250,1192,917.0,34.0,152.0,489488.0,308272.0,1696626.0,937175.0,58205.0,31690.0,289305.0,188334.0,219.0,1801.0,276657.0,1868.0,34690.59024048709
2022-09-26T00:00:00.000000,2538.0,366,2172,1374.0,59.0,183.0,675618.0,439776.0,2620723.0,1427121.0,127005.0,82136.0,373621.0,257506.0,277.0,2906.0,368100.0,3267.0,62218.38082514168
2022-09-27T00:00:00.000000,2657.0,361,2290,1417.0,52.0,216.0,631375.0,386905.0,2964279.0,1640737.0,96845.0,53736.0,387454.0,250279.0,304.0,3164.0,500091.0,3453.0,59702.50677011359
2022-09-28T00:00:00.000000,2636.0,369,2265,1444.0,66.0,185.0,724515.0,466380.0,2776101.0,1502007.0,116651.0,68226.0,316499.0,203816.0,269.0,2988.0,360066.0,3286.0,62317.209121480286
2022-09-29T00:00:00.000000,2686.0,403,2281,1458.0,75.0,228.0,848783.0,576392.0,2793904.0,1532589.0,169310.0,118428.0,495717.0,342540.0,325.0,3068.0,349979.0,3753.0,58985.786054898934
2022-09-30T00:00:00.000000,2451.0,356,2095,1320.0,44.0,200.0,690807.0,436238.0,2547333.0,1386920.0,101587.0,61218.0,382271.0,235439.0,288.0,2888.0,415762.0,3225.0,56785.93990439055
2022-10-01T00:00:00.000000,1550.0,194,1356,856.0,33.0,106.0,376213.0,231702.0,1815493.0,936733.0,64886.0,37720.0,208271.0,132427.0,146.0,1763.0,211379.0,1917.0,40071.19189465032
2022-10-02T00:00:00.000000,1580.0,213,1362,884.0,32.0,121.0,453718.0,292725.0,1860568.0,1037841.0,77656.0,46572.0,255397.0,167692.0,189.0,1915.0,280610.0,1941.0,40566.12271319848
2022-10-03T00:00:00.000000,2312.0,309,2001,1263.0,54.0,163.0,603870.0,381356.0,2501473.0,1393917.0,105015.0,61472.0,344834.0,231313.0,238.0,2442.0,316336.0,3035.0,57065.9861343684
2022-10-04T00:00:00.000000,3040.0,348,2691,1325.0,50.0,179.0,594575.0,366717.0,3688369.0,2101068.0,76535.0,47423.0,318615.0,198462.0,264.0,3186.0,386601.0,3966.0,69749.73029011171
2022-10-05T00:00:00.000000,2416.0,375,2037,1299.0,66.0,190.0,783682.0,511542.0,2535804.0,1410249.0,200373.0,151260.0,364856.0,231231.0,246.0,2779.0,342505.0,3528.0,56688.97947926707
2022-10-06T00:00:00.000000,2531.0,366,2165,1428.0,65.0,199.0,740172.0,504298.0,2716400.0,1469210.0,131435.0,85567.0,436255.0,310668.0,298.0,2813.0,363300.0,3316.0,58334.44456856971
2022-10-07T00:00:00.000000,2372.0,339,2029,1519.0,61.0,177.0,706863.0,474527.0,2551007.0,1385673.0,156323.0,107007.0,343176.0,222708.0,256.0,2842.0,314316.0,3105.0,55991.55648318763
2022-10-08T00:00:00.000000,1501.0,202,1297,860.0,32.0,117.0,521465.0,385012.0,1826846.0,987972.0,100413.0,76563.0,232148.0,154718.0,159.0,1655.0,177237.0,1843.0,36792.30855789493
2022-10-09T00:00:00.000000,1446.0,177,1269,823.0,28.0,96.0,359029.0,231137.0,1710474.0,915559.0,52753.0,36382.0,204870.0,133597.0,133.0,1589.0,148953.0,1791.0,34074.586352437465
2022-10-10T00:00:00.000000,2401.0,317,2084,1328.0,54.0,175.0,550451.0,333613.0,2657269.0,1484587.0,89757.0,59582.0,307177.0,177257.0,232.0,3105.0,472339.0,3276.0,51625.33894355519
2022-10-11T00:00:00.000000,2570.0,361,2209,1415.0,73.0,200.0,644627.0,385046.0,2752878.0,1485432.0,135703.0,79732.0,350651.0,205736.0,281.0,2877.0,292733.0,3370.0,64502.11497533314
2022-10-12T00:00:00.000000,2716.0,403,2313,1454.0,58.0,232.0,660509.0,395056.0,2828766.0,1545467.0,110949.0,60284.0,362019.0,215532.0,333.0,3033.0,361880.0,3457.0,69993.327063694
2022-10-13T00:00:00.000000,2639.0,378,2261,1575.0,54.0,212.0,619636.0,378807.0,2846825.0,1569996.0,95452.0,61546.0,331258.0,204721.0,323.0,2905.0,365181.0,3129.0,65128.308353989036
2022-10-14T00:00:00.000000,2465.0,403,2060,1387.0,72.0,204.0,842399.0,575282.0,2557110.0,1390853.0,138664.0,86603.0,406129.0,275995.0,304.0,2672.0,333219.0,3119.0,59783.63325486697
2022-10-15T00:00:00.000000,1597.0,215,1382,874.0,40.0,113.0,403951.0,252027.0,2003311.0,1110959.0,82043.0,53845.0,220557.0,144148.0,164.0,1809.0,203564.0,2015.0,39190.22158716827
2022-10-16T00:00:00.000000,1392.0,200,1192,810.0,37.0,113.0,424090.0,303708.0,1507541.0,796262.0,93670.0,67382.0,251878.0,184886.0,158.0,1463.0,166655.0,1742.0,37791.44913964834
2022-10-17T00:00:00.000000,2552.0,365,2185,1373.0,53.0,189.0,697881.0,433360.0,2605932.0,1357696.0,127254.0,87371.0,308720.0,180018.0,268.0,2836.0,348718.0,3333.0,57875.77640107288
2022-10-18T00:00:00.000000,2778.0,399,2375,1443.0,67.0,203.0,808697.0,526019.0,2849296.0,1529982.0,183690.0,131032.0,387910.0,239009.0,273.0,3359.0,388239.0,3560.0,65514.55641009762
2022-10-19T00:00:00.000000,2795.0,424,2371,1507.0,58.0,238.0,788786.0,511866.0,2979384.0,1646588.0,101208.0,64917.0,406444.0,250625.0,332.0,3073.0,300374.0,3663.0,71154.86893415458
2022-10-20T00:00:00.000000,2784.0,384,2398,1465.0,54.0,216.0,641845.0,388696.0,2907539.0,1610778.0,102641.0,60480.0,364982.0,223188.0,293.0,2936.0,327137.0,3588.0,73331.6774920988
2022-10-21T00:00:00.000000,2331.0,325,2006,1308.0,45.0,186.0,584747.0,363456.0,2565017.0,1406560.0,101805.0,69224.0,323754.0,194555.0,259.0,2576.0,229397.0,2955.0,59913.47627344208
2022-10-22T00:00:00.000000,1549.0,223,1322,891.0,34.0,132.0,434192.0,286052.0,1887118.0,1040207.0,74312.0,44898.0,241216.0,158637.0,193.0,1868.0,185965.0,2098.0,36334.05784671335
2022-10-23T00:00:00.000000,1459.0,206,1253,859.0,31.0,102.0,463924.0,319276.0,1708657.0,908073.0,66397.0,41865.0,243959.0,178664.0,128.0,1738.0,176483.0,1763.0,41084.26853444604
2022-10-24T00:00:00.000000,2536.0,398,2138,1341.0,65.0,226.0,843221.0,558461.0,2603039.0,1355441.0,147953.0,97606.0,457422.0,295877.0,310.0,2640.0,348738.0,3388.0,65465.13393080916
2022-10-25T00:00:00.000000,2522.0,362,2157,1364.0,69.0,181.0,691341.0,430852.0,2668834.0,1416770.0,174598.0,114414.0,321996.0,200504.0,246.0,2805.0,272703.0,3221.0,64160.52794009901
2022-10-26T00:00:00.000000,2757.0,412,2339,1687.0,74.0,204.0,891223.0,567552.0,2991909.0,1643370.0,177930.0,119022.0,440426.0,262445.0,297.0,3044.0,326455.0,3545.0,69684.4501675503
2022-10-27T00:00:00.000000,2630.0,372,2258,1421.0,47.0,219.0,586588.0,347522.0,2864740.0,1533534.0,55943.0,31744.0,355618.0,206457.0,325.0,2936.0,324402.0,3312.0,75818.5281135616
2022-10-28T00:00:00.000000,2966.0,379,2587,1299.0,54.0,183.0,768446.0,483816.0,3195935.0,1749053.0,110374.0,64100.0,369990.0,250736.0,242.0,3641.0,307760.0,3791.0,75737.57508807971
2022-10-29T00:00:00.000000,1360.0,189,1167,812.0,34.0,96.0,331119.0,202496.0,1727911.0,928872.0,75435.0,51774.0,162798.0,99427.0,128.0,1495.0,206465.0,1801.0,34437.452509779316
2022-10-30T00:00:00.000000,1487.0,221,1264,863.0,35.0,115.0,419735.0,266442.0,1689178.0,948425.0,63185.0,38192.0,212644.0,135584.0,164.0,1738.0,386449.0,2063.0,39047.215299044256
2022-10-31T00:00:00.000000,2342.0,337,2000,1282.0,61.0,171.0,594044.0,363045.0,2499078.0,1300517.0,134710.0,88813.0,298067.0,178126.0,244.0,2776.0,349100.0,3235.0,54968.679208522306
2022-11-01T00:00:00.000000,2393.0,374,2017,1483.0,41.0,210.0,690240.0,444222.0,2585925.0,1397202.0,69524.0,42220.0,396650.0,260641.0,305.0,2537.0,508359.0,3000.0,58946.570638496225
2022-11-02T00:00:00.000000,2559.0,372,2185,1416.0,66.0,194.0,663969.0,421728.0,2632516.0,1397435.0,113059.0,67104.0,366173.0,240723.0,282.0,2678.0,362380.0,3366.0,61126.65538950275
2022-11-03T00:00:00.000000,2535.0,344,2189,1429.0,62.0,184.0,600903.0,375188.0,2752801.0,1499411.0,125045.0,84453.0,299844.0,191102.0,253.0,3027.0,445055.0,3237.0,62906.04401300368
2022-11-04T00:00:00.000000,2653.0,410,2243,1417.0,68.0,227.0,777202.0,501589.0,2935466.0,1581942.0,153238.0,105232.0,409524.0,258578.0,301.0,3055.0,376143.0,3555.0,62563.701556298394
2022-11-05T00:00:00.000000,1434.0,184,1246,832.0,26.0,93.0,409321.0,288642.0,1655491.0,887441.0,51351.0,33706.0,201893.0,142151.0,129.0,1658.0,178279.0,1787.0,35540.25480689923
2022-11-06T00:00:00.000000,1562.0,203,1359,867.0,38.0,97.0,358555.0,233482.0,1926879.0,1030293.0,74631.0,48437.0,144389.0,89489.0,145.0,2243.0,322603.0,2067.0,39743.684493194225
2022-11-07T00:00:00.000000,2582.0,390,2188,1566.0,55.0,214.0,653420.0,406674.0,2607835.0,1442782.0,104079.0,65945.0,355852.0,222629.0,326.0,3053.0,489596.0,3182.0,60736.951959939994
2022-11-08T00:00:00.000000,2640.0,377,2257,1427.0,70.0,187.0,694493.0,460390.0,2719856.0,1501407.0,173798.0,118082.0,317924.0,211717.0,278.0,2844.0,529917.0,3373.0,62194.75073558277
2022-11-09T00:00:00.000000,2693.0,415,2276,1437.0,61.0,214.0,671305.0,408385.0,2924219.0,1561743.0,121784.0,80963.0,347256.0,208169.0,286.0,3020.0,558817.0,3275.0,71422.37104152281
2022-11-10T00:00:00.000000,3148.0,397,2750,1420.0,49.0,205.0,717665.0,443406.0,3610352.0,2020398.0,94708.0,57331.0,337815.0,207019.0,275.0,3549.0,497701.0,4247.0,80060.22354241091
2022-11-11T00:00:00.000000,2478.0,358,2118,1351.0,53.0,189.0,712539.0,484017.0,2573645.0,1372607.0,114103.0,79739.0,372967.0,252628.0,290.0,2827.0,440641.0,3288.0,56509.39390763953
2022-11-12T00:00:00.000000,1520.0,203,1316,849.0,30.0,106.0,458627.0,312211.0,1693378.0,957275.0,49713.0,27665.0,246716.0,173091.0,152.0,1756.0,182270.0,1889.0,37776.17270058154
2022-11-13T00:00:00.000000,1648.0,242,1406,1000.0,37.0,134.0,445510.0,304259.0,1828566.0,1022391.0,56016.0,36173.0,250920.0,172840.0,189.0,1740.0,211576.0,2150.0,38062.72803156964
2022-11-14T00:00:00.000000,2529.0,364,2159,1405.0,52.0,199.0,656756.0,418987.0,2626087.0,1420910.0,102002.0,66555.0,337416.0,218951.0,264.0,2776.0,354195.0,3431.0,56064.689004009975
2022-11-15T00:00:00.000000,2763.0,433,2328,1496.0,80.0,211.0,919519.0,591999.0,3035598.0,1677489.0,215778.0,132609.0,415346.0,275261.0,308.0,3408.0,564834.0,3863.0,67883.97602911187
2022-11-16T00:00:00.000000,2785.0,391,2394,1577.0,68.0,219.0,729476.0,472144.0,2862995.0,1514419.0,143095.0,100326.0,407652.0,257482.0,313.0,3310.0,376482.0,3615.0,70836.56751289325
2022-11-17T00:00:00.000000,2825.0,419,2404,1548.0,65.0,216.0,745581.0,478006.0,2883701.0,1559926.0,99080.0,54456.0,406617.0,274943.0,308.0,2940.0,360539.0,3626.0,68396.84002855075
2022-11-18T00:00:00.000000,2420.0,361,2057,1347.0,62.0,177.0,575219.0,351760.0,2482623.0,1358462.0,99221.0,57620.0,296610.0,183656.0,267.0,2736.0,437155.0,3107.0,54537.397761891974
2022-11-19T00:00:00.000000,1545.0,259,1286,956.0,51.0,123.0,555630.0,382941.0,1704307.0,934454.0,117781.0,78377.0,255856.0,178001.0,170.0,1505.0,175748.0,2195.0,38357.06720853045
2022-11-20T00:00:00.000000,1628.0,248,1380,923.0,46.0,113.0,542299.0,357768.0,1849854.0,1031951.0,137664.0,98846.0,204016.0,127361.0,166.0,1855.0,210053.0,2201.0,45042.08605009119
2022-11-21T00:00:00.000000,2585.0,378,2205,1436.0,55.0,213.0,742458.0,469246.0,2744433.0,1455169.0,165504.0,122461.0,387258.0,225984.0,302.0,3104.0,550667.0,3439.0,59313.60910062702
2022-11-22T00:00:00.000000,3529.0,414,3115,1434.0,63.0,237.0,734342.0,451642.0,3786831.0,2052127.0,146516.0,98021.0,387634.0,232320.0,339.0,4096.0,423733.0,4550.0,34316.58923227196
2022-11-23T00:00:00.000000,2637.0,371,2266,1466.0,64.0,198.0,745305.0,492986.0,2724358.0,1451771.0,126536.0,80837.0,407987.0,269619.0,287.0,3016.0,332071.0,3510.0,63231.514645355
2022-11-24T00:00:00.000000,2379.0,359,2016,1322.0,58.0,192.0,656039.0,435045.0,2538235.0,1352838.0,126615.0,86364.0,344301.0,230825.0,259.0,2662.0,353530.0,2972.0,57829.98931767721
2022-11-25T00:00:00.000000,2185.0,307,1876,1377.0,46.0,172.0,587801.0,381342.0,2433784.0,1292886.0,73411.0,42285.0,352749.0,248274.0,239.0,2376.0,297621.0,2614.0,46880.95527326228
2022-11-26T00:00:00.000000,1582.0,224,1358,891.0,24.0,125.0,431661.0,279622.0,1860019.0,1028124.0,86406.0,66063.0,220506.0,130599.0,187.0,1851.0,185443.0,2206.0,35893.42292578017
2022-11-27T00:00:00.000000,1708.0,269,1433,943.0,46.0,147.0,585194.0,388860.0,1999732.0,1053006.0,93874.0,51016.0,363012.0,260221.0,210.0,1829.0,224963.0,2209.0,41832.95782944281
2022-11-28T00:00:00.000000,2615.0,378,2231,1485.0,55.0,209.0,764550.0,482098.0,2915049.0,1568313.0,102741.0,64005.0,422212.0,260741.0,317.0,3100.0,394005.0,3385.0,58199.08274380947
2022-11-29T00:00:00.000000,2628.0,373,2252,1475.0,66.0,206.0,597499.0,373174.0,2909805.0,1568024.0,123855.0,78475.0,318856.0,200996.0,282.0,3023.0,378082.0,3495.0,61136.82652103661
2022-11-30T00:00:00.000000,2565.0,328,2237,1450.0,50.0,179.0,679223.0,441109.0,2812601.0,1526746.0,88049.0,45896.0,346514.0,218952.0,262.0,2899.0,298623.0,3537.0,54519.59098107067
2022-12-01T00:00:00.000000,2530.0,367,2163,1641.0,64.0,180.0,713302.0,489150.0,2850616.0,1528640.0,171060.0,128203.0,325152.0,215616.0,256.0,2629.0,392035.0,3428.0,62854.34981253832
2022-12-02T00:00:00.000000,2499.0,351,2148,1380.0,46.0,204.0,600327.0,366094.0,2903558.0,1598777.0,97775.0,66845.0,311599.0,179895.0,304.0,2783.0,326380.0,3056.0,63869.89679453691
2022-12-03T00:00:00.000000,1536.0,236,1297,885.0,37.0,111.0,538225.0,359373.0,1783234.0,977610.0,74408.0,45363.0,244223.0,164151.0,164.0,1646.0,295011.0,1844.0,39696.35426959541
2022-12-04T00:00:00.000000,1459.0,208,1249,838.0,37.0,107.0,374592.0,236276.0,1741981.0,990973.0,62381.0,37164.0,203315.0,134660.0,163.0,1971.0,280676.0,1711.0,37042.866680156
2022-12-05T00:00:00.000000,3221.0,447,2774,1385.0,57.0,244.0,889765.0,572036.0,3572070.0,1936500.0,152618.0,112165.0,402664.0,239881.0,319.0,3824.0,877008.0,4093.0,73165.12459656272
2022-12-06T00:00:00.000000,2539.0,378,2161,1449.0,65.0,188.0,744096.0,487328.0,2789734.0,1511315.0,160861.0,106741.0,376025.0,251249.0,280.0,2831.0,431521.0,3460.0,56166.357145819384
2022-12-07T00:00:00.000000,2498.0,370,2124,1455.0,62.0,180.0,738293.0,470495.0,2681107.0,1391894.0,95066.0,51105.0,357271.0,225135.0,256.0,2979.0,404364.0,3214.0,56897.335779318106
2022-12-08T00:00:00.000000,2469.0,387,2080,1450.0,68.0,171.0,744810.0,457809.0,2850022.0,1611071.0,117177.0,67134.0,321656.0,199251.0,266.0,2868.0,347432.0,3176.0,55816.981567961324
2022-12-09T00:00:00.000000,2240.0,329,1911,1313.0,45.0,177.0,634497.0,409811.0,2657799.0,1461066.0,110827.0,74955.0,355807.0,238300.0,242.0,2437.0,318833.0,2857.0,49917.25050387095
2022-12-10T00:00:00.000000,1437.0,225,1209,834.0,43.0,119.0,468456.0,321637.0,1573119.0,820873.0,81521.0,52721.0,255222.0,177600.0,165.0,1597.0,172978.0,1787.0,34514.89450410273
2022-12-11T00:00:00.000000,1453.0,206,1245,840.0,34.0,110.0,403791.0,265154.0,1697266.0,905440.0,73826.0,48064.0,181831.0,107462.0,144.0,1636.0,282822.0,1734.0,36909.824554744715
2022-12-12T00:00:00.000000,2586.0,402,2184,1436.0,62.0,208.0,693118.0,426834.0,2707185.0,1431709.0,119609.0,73884.0,304317.0,173760.0,287.0,2999.0,380015.0,3334.0,64688.7550108093
2022-12-13T00:00:00.000000,2543.0,392,2151,1422.0,60.0,219.0,709848.0,437212.0,2823440.0,1490271.0,122347.0,83425.0,380687.0,224435.0,332.0,2923.0,778134.0,3342.0,60454.963584109784
2022-12-14T00:00:00.000000,2519.0,373,2142,1638.0,59.0,211.0,838220.0,556530.0,2830047.0,1477727.0,125675.0,81681.0,501372.0,326455.0,290.0,3013.0,414745.0,3256.0,52230.84289779739
2022-12-15T00:00:00.000000,2544.0,388,2152,1411.0,63.0,203.0,667377.0,404003.0,2691072.0,1442126.0,114008.0,72153.0,362169.0,221050.0,282.0,3517.0,484272.0,3343.0,55628.361174628444
2022-12-16T00:00:00.000000,2272.0,324,1947,1345.0,61.0,164.0,652435.0,417050.0,2579388.0,1370828.0,134896.0,92065.0,313871.0,196823.0,226.0,2667.0,361510.0,3051.0,52450.801742419855
2022-12-17T00:00:00.000000,1419.0,205,1211,831.0,33.0,91.0,389022.0,250795.0,1638204.0,837244.0,58184.0,32334.0,195844.0,139555.0,125.0,1611.0,180831.0,1872.0,33370.00000612994
2022-12-18T00:00:00.000000,1657.0,204,1451,811.0,27.0,115.0,386479.0,253321.0,2125737.0,1212207.0,50251.0,28988.0,187212.0,121220.0,148.0,1888.0,157940.0,2092.0,41199.98686493553
2022-12-19T00:00:00.000000,2267.0,357,1909,1298.0,46.0,197.0,780344.0,539040.0,2409433.0,1318845.0,120669.0,92333.0,462073.0,320575.0,326.0,3436.0,594888.0,2881.0,43344.11656301824
2022-12-20T00:00:00.000000,2349.0,348,2001,1319.0,57.0,188.0,689360.0,449426.0,2548672.0,1386290.0,103198.0,64281.0,404410.0,274412.0,252.0,2904.0,386489.0,2891.0,46919.331162033384
2022-12-21T00:00:00.000000,2392.0,376,2016,1530.0,57.0,198.0,718311.0,454704.0,2612647.0,1465708.0,144935.0,102349.0,390437.0,248303.0,303.0,2597.0,302139.0,3286.0,49721.30804785725
2022-12-22T00:00:00.000000,2314.0,338,1976,1291.0,51.0,179.0,670513.0,428108.0,2704912.0,1468459.0,109492.0,65751.0,367624.0,244063.0,265.0,2860.0,413612.0,3090.0,45231.10258711853
2022-12-23T00:00:00.000000,1821.0,314,1504,1077.0,50.0,167.0,572157.0,371402.0,2059886.0,1107480.0,124705.0,89350.0,282637.0,177919.0,245.0,2163.0,362452.0,2425.0,40025.02020036454
2022-12-24T00:00:00.000000,1088.0,171,917,684.0,29.0,94.0,343512.0,225637.0,1311320.0,719640.0,48844.0,28871.0,208694.0,144648.0,128.0,1790.0,264412.0,1320.0,30281.943436230467
2022-12-25T00:00:00.000000,990.0,167,819,623.0,32.0,77.0,296387.0,181216.0,1111923.0,624251.0,56582.0,34184.0,119160.0,65934.0,115.0,1216.0,134680.0,1207.0,20287.336231389017
2022-12-26T00:00:00.000000,1467.0,221,1243,870.0,42.0,107.0,460046.0,305176.0,1591588.0,835025.0,130482.0,87586.0,186300.0,115633.0,156.0,1637.0,152838.0,1972.0,31958.672013120547
2022-12-27T00:00:00.000000,1926.0,317,1607,1047.0,62.0,169.0,640553.0,397405.0,1982088.0,1099942.0,136989.0,92491.0,299513.0,171560.0,220.0,2076.0,269848.0,2314.0,41442.858847490235
2022-12-28T00:00:00.000000,2062.0,287,1773,1164.0,49.0,140.0,604721.0,401812.0,2267120.0,1211489.0,96313.0,64280.0,330420.0,227670.0,196.0,2488.0,294609.0,2684.0,41249.19317233918
2022-12-29T00:00:00.000000,2051.0,329,1722,1328.0,42.0,178.0,652890.0,427992.0,2368727.0,1295453.0,108332.0,77591.0,352942.0,226061.0,253.0,2533.0,339155.0,2564.0,45019.002305415124
2022-12-30T00:00:00.000000,1888.0,294,1592,1091.0,37.0,166.0,545542.0,342792.0,2279663.0,1227502.0,109180.0,83411.0,303354.0,188700.0,248.0,3047.0,709170.0,2558.0,38849.27873508978
2022-12-31T00:00:00.000000,1182.0,189,993,729.0,29.0,95.0,356686.0,219053.0,1400300.0,786995.0,51148.0,28817.0,176164.0,107728.0,137.0,1413.0,256345.0,1452.0,27872.754286181884
2023-01-01T00:00:00.000000,1052.0,164,886,654.0,27.0,96.0,342507.0,229883.0,1232136.0,671283.0,65765.0,47217.0,214845.0,149486.0,136.0,1443.0,106683.0,1404.0,24312.922271584062
2023-01-02T00:00:00.000000,1979.0,274,1705,1107.0,40.0,158.0,545568.0,373089.0,2390092.0,1326453.0,84211.0,57219.0,292107.0,196337.0,222.0,2144.0,212940.0,2534.0,43382.363314092545
2023-01-03T00:00:00.000000,3046.0,381,2662,1294.0,68.0,202.0,769545.0,501217.0,3414915.0,1881662.0,127648.0,77113.0,391010.0,252729.0,284.0,4269.0,347620.0,4253.0,68053.47185995341
2023-01-04T00:00:00.000000,2470.0,357,2113,1380.0,62.0,186.0,681808.0,424874.0,2729692.0,1465565.0,115825.0,68872.0,388576.0,257750.0,266.0,2894.0,303515.0,3268.0,47488.05227758211
2023-01-05T00:00:00.000000,2534.0,394,2140,1513.0,49.0,211.0,868050.0,583639.0,2739006.0,1487548.0,123107.0,82935.0,427347.0,283374.0,304.0,2826.0,376847.0,3191.0,51857.605255834904
2023-01-06T00:00:00.000000,2216.0,316,1898,1263.0,47.0,174.0,702009.0,481001.0,2420228.0,1234662.0,135247.0,101629.0,377100.0,250380.0,256.0,2461.0,279766.0,2983.0,48772.40236729445
2023-01-07T00:00:00.000000,1419.0,228,1190,810.0,39.0,110.0,451772.0,297681.0,1715136.0,909601.0,67810.0,42218.0,198634.0,127175.0,162.0,1756.0,180713.0,1894.0,37371.08362741714
2023-01-08T00:00:00.000000,1518.0,251,1262,840.0,33.0,140.0,561425.0,390918.0,1698291.0,899464.0,60182.0,39328.0,300957.0,204569.0,179.0,1730.0,246424.0,1893.0,37273.679130832366
2023-01-09T00:00:00.000000,2334.0,354,1980,1370.0,67.0,190.0,689051.0,437057.0,2527415.0,1325703.0,146593.0,95928.0,358655.0,231731.0,261.0,2438.0,232961.0,3243.0,53673.43538095809
2023-01-10T00:00:00.000000,2421.0,365,2054,1409.0,67.0,186.0,782069.0,513986.0,2708286.0,1438989.0,165972.0,116387.0,381629.0,242140.0,252.0,2621.0,317105.0,3378.0,56778.90199561944
2023-01-11T00:00:00.000000,2552.0,394,2156,1441.0,63.0,209.0,719265.0,442639.0,2845737.0,1502384.0,110717.0,66749.0,379610.0,237742.0,290.0,2743.0,312975.0,3461.0,56212.38356221456
2023-01-12T00:00:00.000000,2536.0,388,2145,1674.0,75.0,183.0,735023.0,461452.0,2890622.0,1573755.0,159320.0,104246.0,335175.0,203928.0,253.0,2943.0,290490.0,3695.0,47766.44471291956
2023-01-13T00:00:00.000000,2354.0,354,1998,1386.0,58.0,197.0,712739.0,443251.0,2675217.0,1402579.0,100987.0,59680.0,400555.0,245915.0,296.0,2788.0,277001.0,3169.0,51495.90907833926
2023-01-14T00:00:00.000000,1276.0,210,1066,746.0,27.0,120.0,436643.0,288357.0,1455808.0,753700.0,82971.0,58107.0,227755.0,152815.0,169.0,1636.0,145334.0,1608.0,29762.535762567426
2023-01-15T00:00:00.000000,1386.0,205,1181,800.0,35.0,102.0,420179.0,275741.0,1692223.0,935305.0,72786.0,42655.0,225860.0,157735.0,144.0,1762.0,99186.0,1738.0,29743.91366584836
2023-01-16T00:00:00.000000,2266.0,357,1909,1319.0,50.0,189.0,689834.0,442685.0,2488933.0,1316980.0,88321.0,51342.0,357843.0,232775.0,269.0,2530.0,357113.0,2963.0,48308.15437421144
2023-01-17T00:00:00.000000,3051.0,411,2640,1420.0,59.0,225.0,815212.0,536604.0,3452333.0,1875381.0,144309.0,100611.0,423646.0,274809.0,309.0,3427.0,319277.0,3837.0,62710.61568598265
2023-01-18T00:00:00.000000,2665.0,440,2225,1501.0,75.0,230.0,815904.0,522507.0,2819179.0,1502514.0,137362.0,83961.0,417811.0,268706.0,322.0,3056.0,528880.0,3422.0,61117.11913956104
2023-01-19T00:00:00.000000,2480.0,388,2090,1636.0,68.0,197.0,823917.0,517690.0,2770777.0,1471550.0,183630.0,131768.0,389153.0,240891.0,280.0,2772.0,422682.0,3319.0,59901.797321235805
2023-01-20T00:00:00.000000,2201.0,326,1875,1280.0,51.0,166.0,611836.0,374423.0,2634105.0,1404102.0,98649.0,62640.0,316273.0,188477.0,241.0,2644.0,272076.0,2773.0,48240.02603987297
2023-01-21T00:00:00.000000,1374.0,219,1155,822.0,24.0,110.0,468698.0,313000.0,1657950.0,924654.0,70969.0,40722.0,221150.0,147257.0,163.0,1391.0,160212.0,1835.0,21996.958178932855
2023-01-22T00:00:00.000000,1360.0,211,1142,836.0,30.0,110.0,433750.0,287132.0,1624145.0,882849.0,77475.0,51535.0,209979.0,135843.0,160.0,1456.0,166802.0,1763.0,27980.16017229811
2023-01-23T00:00:00.000000,2278.0,372,1906,1364.0,54.0,212.0,725041.0,453489.0,2545420.0,1337364.0,115026.0,75030.0,399642.0,239207.0,302.0,2450.0,275300.0,3077.0,49886.634482976406
2023-01-24T00:00:00.000000,2450.0,380,2066,1430.0,64.0,198.0,698811.0,407645.0,2732147.0,1448588.0,109237.0,58847.0,373072.0,213306.0,262.0,2649.0,432150.0,3223.0,53857.78857351423
2023-01-25T00:00:00.000000,2474.0,345,2128,1365.0,65.0,187.0,614116.0,370278.0,2717156.0,1453232.0,110197.0,56392.0,329891.0,207370.0,271.0,2836.0,372680.0,3258.0,55556.370133654054
2023-01-26T00:00:00.000000,2312.0,384,1922,1511.0,50.0,213.0,733388.0,461356.0,2517472.0,1341874.0,152602.0,99051.0,367153.0,225276.0,299.0,2790.0,323236.0,3063.0,55742.5387151146
2023-01-27T00:00:00.000000,2275.0,352,1919,1328.0,52.0,199.0,741386.0,480923.0,2588050.0,1424893.0,88603.0,54863.0,436598.0,290189.0,276.0,2615.0,262823.0,2955.0,51367.60740427974
2023-01-28T00:00:00.000000,1471.0,225,1244,844.0,36.0,118.0,470283.0,298329.0,1870502.0,1007043.0,86682.0,57291.0,228997.0,146620.0,179.0,2222.0,188965.0,1968.0,31668.84265536689
2023-01-29T00:00:00.000000,1487.0,232,1253,889.0,36.0,126.0,465440.0,294254.0,1885619.0,1020541.0,65071.0,43242.0,250943.0,157166.0,181.0,1722.0,238080.0,1886.0,31769.713212570477
2023-01-30T00:00:00.000000,2345.0,353,1992,1341.0,69.0,178.0,608381.0,372172.0,2592871.0,1379811.0,112648.0,64586.0,294959.0,180436.0,276.0,2537.0,249122.0,3253.0,38210.53345228903
2023-01-31T00:00:00.000000,3057.0,441,2610,1451.0,74.0,243.0,891279.0,582448.0,3330330.0,1769788.0,133770.0,77543.0,463362.0,300839.0,342.0,3170.0,423950.0,3987.0,69044.70263190643
2023-02-01T00:00:00.000000,2528.0,389,2139,1429.0,61.0,212.0,761587.0,475258.0,2777123.0,1468534.0,145258.0,97383.0,373551.0,220176.0,291.0,2756.0,319125.0,3370.0,58773.193564006804
2023-02-02T00:00:00.000000,2520.0,369,2151,1594.0,66.0,190.0,830686.0,575859.0,2807800.0,1490334.0,135895.0,92393.0,432093.0,300745.0,309.0,2911.0,418782.0,3214.0,53255.966875440194
2023-02-03T00:00:00.000000,2322.0,369,1950,1327.0,73.0,180.0,742408.0,481554.0,2556197.0,1382332.0,139956.0,90062.0,361296.0,236153.0,245.0,2867.0,290316.0,3119.0,42219.51146213665
2023-02-04T00:00:00.000000,1408.0,207,1199,836.0,27.0,122.0,361056.0,202614.0,1710162.0,920562.0,51033.0,26675.0,212743.0,118055.0,170.0,1464.0,118137.0,1998.0,40082.71140578672
2023-02-05T00:00:00.000000,1340.0,207,1133,846.0,31.0,106.0,371724.0,222789.0,1508239.0,773146.0,63871.0,40163.0,179660.0,102533.0,146.0,1650.0,249298.0,1694.0,31082.792208563307
2023-02-06T00:00:00.000000,2234.0,358,1874,1324.0,66.0,167.0,710242.0,458759.0,2366643.0,1185251.0,163963.0,112059.0,321336.0,212124.0,250.0,2456.0,304669.0,2876.0,48329.35441380214
2023-02-07T00:00:00.000000,2366.0,377,1987,1341.0,54.0,202.0,736544.0,468580.0,2710432.0,1425377.0,88973.0,52403.0,437150.0,290737.0,291.0,2620.0,387507.0,3153.0,50268.233788832615
2023-02-08T00:00:00.000000,2488.0,387,2101,1430.0,75.0,199.0,763918.0,500302.0,2621399.0,1343385.0,159752.0,103237.0,377504.0,248316.0,284.0,2637.0,285346.0,3430.0,55700.24423199049
2023-02-09T00:00:00.000000,2408.0,369,2038,1491.0,68.0,185.0,722954.0,451801.0,2590267.0,1315765.0,129699.0,85283.0,269495.0,141254.0,259.0,2619.0,361552.0,3476.0,54731.63224347
2023-02-10T00:00:00.000000,2213.0,340,1873,1307.0,63.0,172.0,752939.0,495783.0,2647182.0,1435570.0,132604.0,77577.0,393914.0,272616.0,230.0,2382.0,380527.0,2930.0,50592.02993937785
2023-02-11T00:00:00.000000,1370.0,232,1130,809.0,36.0,113.0,534181.0,352072.0,1649395.0,917658.0,102289.0,69395.0,268321.0,184262.0,155.0,1592.0,178268.0,1788.0,31888.98997170825
2023-02-12T00:00:00.000000,1292.0,192,1098,798.0,27.0,102.0,390160.0,246352.0,1487823.0,784758.0,70936.0,52916.0,194510.0,120044.0,138.0,1456.0,115978.0,1714.0,32298.58414020238
2023-02-13T00:00:00.000000,2161.0,348,1813,1275.0,54.0,165.0,663726.0,434345.0,2277019.0,1180344.0,109795.0,72664.0,304288.0,198067.0,232.0,2145.0,378342.0,2684.0,46018.330176152966
2023-02-14T00:00:00.000000,2791.0,369,2419,1320.0,58.0,205.0,834740.0,563584.0,3299907.0,1771870.0,147298.0,101786.0,451088.0,314466.0,275.0,2991.0,287703.0,3607.0,60396.09815396887
2023-02-15T00:00:00.000000,2366.0,367,1999,1391.0,65.0,182.0,782563.0,517426.0,2661767.0,1409874.0,180071.0,123648.0,362521.0,235775.0,247.0,2869.0,337016.0,2975.0,51531.54844759919
2023-02-16T00:00:00.000000,2418.0,349,2068,1578.0,67.0,156.0,696625.0,449973.0,2736125.0,1466965.0,133716.0,78191.0,313830.0,209516.0,233.0,2672.0,260339.0,3141.0,46095.52410178521
2023-02-17T00:00:00.000000,2105.0,344,1760,1243.0,55.0,178.0,715868.0,461651.0,2172575.0,1128037.0,114550.0,75587.0,392451.0,253678.0,250.0,2220.0,268011.0,2681.0,45876.383483828096
2023-02-18T00:00:00.000000,1293.0,187,1106,773.0,44.0,89.0,383707.0,245145.0,1727426.0,923656.0,100925.0,67258.0,191765.0,120382.0,125.0,1470.0,185541.0,1745.0,32471.61654074204
2023-02-19T00:00:00.000000,1325.0,185,1140,773.0,24.0,102.0,371189.0,235353.0,1578613.0,888463.0,40897.0,23180.0,163341.0,92035.0,158.0,1588.0,272095.0,1720.0,28987.138453079857
2023-02-20T00:00:00.000000,2143.0,317,1824,1233.0,51.0,152.0,637967.0,404332.0,2498907.0,1375144.0,109136.0,71716.0,312624.0,200631.0,226.0,2363.0,307305.0,2732.0,48812.11641443678
2023-02-21T00:00:00.000000,2310.0,343,1966,1305.0,59.0,154.0,653565.0,411420.0,2596431.0,1416144.0,129970.0,80937.0,257772.0,158862.0,216.0,2310.0,265098.0,2957.0,47826.205456184565
2023-02-22T00:00:00.000000,2307.0,375,1930,1352.0,62.0,193.0,793248.0,541426.0,2586037.0,1379349.0,114271.0,65818.0,449099.0,325811.0,286.0,2626.0,352310.0,3066.0,51023.09274838993
2023-02-23T00:00:00.000000,2339.0,340,1998,1520.0,40.0,176.0,649230.0,423624.0,2717838.0,1439580.0,71585.0,47119.0,351248.0,229463.0,227.0,2423.0,229469.0,3169.0,52206.74054539515
2023-02-24T00:00:00.000000,2108.0,336,1766,1207.0,67.0,179.0,691072.0,451358.0,2442934.0,1323187.0,133023.0,77165.0,347390.0,221627.0,259.0,2289.0,223902.0,2536.0,42947.71367327795
2023-02-25T00:00:00.000000,1320.0,195,1125,792.0,49.0,85.0,374661.0,241268.0,1607492.0,865758.0,101812.0,69489.0,172008.0,112430.0,118.0,1748.0,246204.0,1712.0,32276.385091354317
2023-02-26T00:00:00.000000,1255.0,217,1034,770.0,36.0,123.0,493047.0,334899.0,1422210.0,761077.0,96465.0,66251.0,261979.0,178306.0,178.0,1444.0,288100.0,1609.0,31928.14511068458
2023-02-27T00:00:00.000000,2104.0,328,1776,1259.0,49.0,165.0,640455.0,408660.0,2378340.0,1257421.0,96111.0,57258.0,336485.0,226757.0,237.0,2133.0,326728.0,2771.0,48576.35205825554
2023-02-28T00:00:00.000000,2774.0,349,2423,1303.0,52.0,172.0,716784.0,478702.0,3316882.0,1786257.0,107899.0,75414.0,313367.0,212748.0,232.0,3284.0,329837.0,3748.0,63732.80082969848
2023-03-01T00:00:00.000000,2365.0,406,1959,1340.0,62.0,204.0,900057.0,613360.0,2666142.0,1499991.0,143671.0,99456.0,456991.0,319483.0,300.0,2611.0,482189.0,3042.0,50318.855371655714
2023-03-02T00:00:00.000000,2268.0,363,1905,1413.0,56.0,202.0,723022.0,470466.0,2479227.0,1323917.0,149511.0,100565.0,338663.0,210520.0,269.0,2484.0,286012.0,2862.0,51164.71899302819
2023-03-03T00:00:00.000000,2054.0,308,1744,1222.0,43.0,176.0,592880.0,370002.0,2280001.0,1200055.0,92432.0,63819.0,337905.0,204818.0,255.0,2199.0,229057.0,2617.0,46750.24793846213
2023-03-04T00:00:00.000000,1309.0,219,1090,768.0,25.0,121.0,500683.0,337956.0,1610749.0,893581.0,43281.0,25821.0,285862.0,197033.0,162.0,1462.0,198129.0,1737.0,31287.652910684425
2023-03-05T00:00:00.000000,1287.0,207,1080,757.0,31.0,100.0,406923.0,276542.0,1490605.0,808976.0,50977.0,34177.0,216816.0,148648.0,126.0,1350.0,186543.0,1501.0,30400.132686209705
2023-03-06T00:00:00.000000,2022.0,303,1719,1199.0,46.0,171.0,566533.0,342228.0,2448492.0,1344537.0,90681.0,58150.0,287491.0,169995.0,258.0,2296.0,395180.0,2592.0,43876.49608286992
2023-03-07T00:00:00.000000,2321.0,411,1910,1347.0,64.0,214.0,818596.0,527371.0,2421527.0,1278457.0,117461.0,73064.0,456524.0,303871.0,304.0,2513.0,400779.0,3095.0,54911.01214666417
2023-03-08T00:00:00.000000,2149.0,329,1818,1266.0,58.0,166.0,642255.0,396690.0,2397124.0,1245597.0,138424.0,89231.0,297981.0,174811.0,240.0,2495.0,415372.0,2949.0,47511.23373569539
2023-03-09T00:00:00.000000,2219.0,356,1862,1281.0,68.0,195.0,784231.0,515741.0,2432346.0,1259694.0,154388.0,100623.0,420926.0,280886.0,280.0,2560.0,346632.0,3077.0,52114.19559347313
2023-03-10T00:00:00.000000,2120.0,353,1767,1353.0,69.0,165.0,639265.0,397530.0,2438572.0,1271085.0,143626.0,90024.0,280288.0,167353.0,256.0,2242.0,452505.0,2938.0,46787.90604563745
2023-03-11T00:00:00.000000,1154.0,163,991,710.0,30.0,81.0,285599.0,175484.0,1521589.0,839222.0,57257.0,33512.0,153246.0,98988.0,107.0,1213.0,143251.0,1471.0,28329.145823926123
2023-03-12T00:00:00.000000,1286.0,215,1066,795.0,35.0,114.0,485233.0,334509.0,1478478.0,806779.0,83667.0,52184.0,247550.0,168609.0,153.0,1365.0,209323.0,1703.0,31423.073361739323
2023-03-13T00:00:00.000000,2006.0,353,1653,1223.0,62.0,166.0,689499.0,444921.0,2151010.0,1142002.0,141512.0,90974.0,345500.0,232413.0,270.0,3002.0,408337.0,2594.0,40439.999223302184
2023-03-14T00:00:00.000000,2168.0,352,1812,1271.0,62.0,187.0,718219.0,448476.0,2354858.0,1253099.0,129217.0,79941.0,400468.0,256594.0,264.0,2419.0,298795.0,2933.0,51628.22263896274
2023-03-15T00:00:00.000000,2526.0,335,2187,1263.0,75.0,169.0,713624.0,470515.0,3114445.0,1669442.0,193861.0,130236.0,339914.0,223335.0,240.0,3272.0,274503.0,3276.0,55858.20217627712
2023-03-16T00:00:00.000000,2136.0,353,1779,1231.0,57.0,189.0,814769.0,544243.0,2411927.0,1312201.0,142240.0,96676.0,431285.0,282388.0,276.0,2632.0,456016.0,2958.0,44150.99823108552
2023-03-17T00:00:00.000000,2071.0,319,1750,1292.0,55.0,157.0,659681.0,434262.0,2281177.0,1206772.0,85398.0,52088.0,318398.0,207349.0,211.0,2452.0,323415.0,2575.0,44422.70711119416
2023-03-18T00:00:00.000000,1177.0,191,981,702.0,24.0,102.0,401200.0,256559.0,1423863.0,761411.0,41109.0,25622.0,187596.0,119101.0,142.0,1540.0,258149.0,1480.0,27682.07356758985
2023-03-19T00:00:00.000000,1123.0,198,925,706.0,31.0,96.0,443704.0,305790.0,1325648.0,708346.0,83282.0,59160.0,194686.0,131931.0,127.0,1273.0,144759.0,1500.0,24115.80371258663
2023-03-20T00:00:00.000000,1955.0,293,1662,1178.0,40.0,152.0,547629.0,345185.0,2342674.0,1243048.0,95745.0,65445.0,270779.0,165948.0,211.0,2141.0,286538.0,2379.0,38506.866348687145
2023-03-21T00:00:00.000000,2141.0,331,1808,1244.0,55.0,174.0,673411.0,433195.0,2546842.0,1376976.0,120234.0,75439.0,337338.0,210891.0,266.0,2302.0,258004.0,2888.0,43855.75422145807
2023-03-22T00:00:00.000000,2045.0,357,1688,1226.0,65.0,170.0,752362.0,492621.0,2279461.0,1187498.0,115579.0,68306.0,344205.0,217774.0,229.0,2332.0,460766.0,2656.0,41526.03095473613
2023-03-23T00:00:00.000000,2012.0,313,1695,1228.0,64.0,162.0,607428.0,374549.0,2335316.0,1240936.0,131856.0,78417.0,330363.0,216728.0,223.0,2233.0,316744.0,2409.0,38642.624653758256
2023-03-24T00:00:00.000000,1951.0,317,1634,1177.0,40.0,183.0,625446.0,410234.0,2331379.0,1264720.0,99202.0,66990.0,311413.0,194448.0,278.0,2270.0,281582.0,2484.0,40801.49958971341
2023-03-25T00:00:00.000000,1192.0,168,1024,726.0,36.0,86.0,393828.0,257199.0,1452346.0,792524.0,108048.0,74230.0,180125.0,113068.0,109.0,1427.0,192504.0,1448.0,27980.78158350694
2023-03-26T00:00:00.000000,986.0,188,798,692.0,39.0,97.0,467289.0,304382.0,1136451.0,577549.0,86232.0,53713.0,274040.0,184690.0,130.0,1155.0,180385.0,1433.0,24376.6152197134
2023-03-27T00:00:00.000000,1860.0,318,1542,1185.0,56.0,159.0,720341.0,478111.0,2215330.0,1156114.0,151295.0,105367.0,310999.0,197822.0,241.0,2086.0,306399.0,2581.0,39890.00483142818
2023-03-28T00:00:00.000000,1960.0,315,1645,1161.0,45.0,166.0,599873.0,387104.0,2200659.0,1165068.0,84979.0,54810.0,352590.0,233057.0,231.0,2154.0,245886.0,2591.0,44738.302770747876
2023-03-29T00:00:00.000000,1993.0,329,1660,1204.0,63.0,177.0,655249.0,421732.0,2303026.0,1257135.0,143133.0,97517.0,343604.0,223106.0,237.0,2333.0,362270.0,2658.0,38518.2643562384
2023-03-30T00:00:00.000000,1974.0,299,1673,1217.0,58.0,143.0,581502.0,358193.0,2295158.0,1159527.0,117138.0,65604.0,263310.0,158418.0,203.0,2133.0,292994.0,2517.0,40227.930849158016
2023-03-31T00:00:00.000000,2184.0,314,1870,1052.0,54.0,156.0,698376.0,462968.0,2752554.0,1516156.0,105762.0,56962.0,362190.0,258069.0,242.0,2681.0,374074.0,2737.0,43291.52746683468
2023-04-01T00:00:00.000000,1060.0,178,882,684.0,40.0,85.0,414769.0,266291.0,1282713.0,687315.0,134900.0,99904.0,162785.0,90468.0,111.0,1460.0,161598.0,1427.0,24516.25673445634
2023-04-02T00:00:00.000000,1035.0,174,857,643.0,29.0,85.0,410807.0,266150.0,1235967.0,668803.0,50079.0,28119.0,206255.0,133289.0,115.0,1093.0,181250.0,1322.0,22889.209224632174
2023-04-03T00:00:00.000000,1739.0,258,1481,1123.0,43.0,138.0,508223.0,326637.0,2084192.0,1063678.0,80874.0,53081.0,278904.0,186103.0,184.0,1875.0,211088.0,2156.0,35873.871976871356
2023-04-04T00:00:00.000000,1771.0,280,1491,1085.0,50.0,148.0,502318.0,306590.0,2097243.0,1139677.0,124319.0,80185.0,232907.0,129298.0,209.0,2045.0,260917.0,2384.0,40984.753766309324
2023-04-05T00:00:00.000000,1905.0,277,1622,1120.0,47.0,149.0,515832.0,327861.0,2225246.0,1195482.0,98210.0,64238.0,257322.0,162973.0,214.0,1944.0,237926.0,2413.0,40003.709253475405
2023-04-06T00:00:00.000000,1789.0,279,1510,1102.0,47.0,140.0,613100.0,397941.0,2133976.0,1161195.0,96543.0,59825.0,324783.0,213046.0,182.0,2200.0,381441.0,2153.0,37023.06328378474
2023-04-07T00:00:00.000000,1510.0,219,1291,918.0,36.0,100.0,448913.0,304701.0,1898170.0,1004261.0,73209.0,48306.0,239377.0,168135.0,142.0,2294.0,341867.0,2068.0,37571.467282174475
2023-04-08T00:00:00.000000,971.0,159,812,632.0,31.0,73.0,366485.0,255957.0,1170481.0,623809.0,75250.0,47760.0,158101.0,110008.0,104.0,1174.0,273741.0,1330.0,17220.26855247352
2023-04-09T00:00:00.000000,948.0,160,788,611.0,28.0,93.0,371523.0,256623.0,1227029.0,720021.0,96327.0,74401.0,211201.0,146809.0,130.0,1088.0,105397.0,1337.0,18973.055939974587
2023-04-10T00:00:00.000000,1557.0,266,1291,951.0,39.0,141.0,614612.0,427816.0,1828510.0,955977.0,71586.0,45434.0,321177.0,216324.0,182.0,1882.0,272530.0,1856.0,30624.16072285429
2023-04-11T00:00:00.000000,1694.0,287,1406,1041.0,59.0,158.0,518649.0,314413.0,1912862.0,1036560.0,103291.0,63886.0,281018.0,173105.0,238.0,1896.0,277167.0,2161.0,34048.048740052895
2023-04-12T00:00:00.000000,1870.0,322,1548,1097.0,45.0,170.0,628009.0,398570.0,2151155.0,1187864.0,97262.0,61327.0,324278.0,199105.0,237.0,2077.0,354185.0,2369.0,40325.55106893372
2023-04-13T00:00:00.000000,1931.0,309,1622,1152.0,51.0,148.0,644042.0,398726.0,2177179.0,1148223.0,118640.0,71940.0,327174.0,209465.0,224.0,2634.0,360268.0,2454.0,32897.59065262833
2023-04-14T00:00:00.000000,1728.0,301,1427,1074.0,46.0,153.0,660714.0,446433.0,2043081.0,1122712.0,98141.0,71187.0,317285.0,203250.0,206.0,1923.0,317957.0,2155.0,38138.43409220981
2023-04-15T00:00:00.000000,1008.0,154,854,649.0,36.0,74.0,356503.0,229326.0,1402172.0,788377.0,81053.0,53426.0,163833.0,105580.0,103.0,1115.0,109613.0,1200.0,23013.94042160705
2023-04-16T00:00:00.000000,1078.0,184,894,647.0,32.0,93.0,349111.0,216165.0,1293566.0,663318.0,65038.0,42858.0,172257.0,101705.0,122.0,1029.0,118721.0,1351.0,21080.60278035854
2023-04-17T00:00:00.000000,1694.0,265,1428,1053.0,53.0,143.0,559348.0,350276.0,2056254.0,1063612.0,158948.0,108180.0,272222.0,173109.0,203.0,1873.0,215540.0,2147.0,37280.288288097996
2023-04-18T00:00:00.000000,1849.0,332,1517,1125.0,56.0,165.0,699635.0,476487.0,2118510.0,1123559.0,158538.0,108644.0,312617.0,213472.0,233.0,1993.0,538769.0,2369.0,34849.57006322858
2023-04-19T00:00:00.000000,2071.0,310,1761,1095.0,50.0,140.0,661631.0,432872.0,2428097.0,1291316.0,147683.0,104756.0,269501.0,163436.0,224.0,2182.0,230511.0,2660.0,40951.28891910534
2023-04-20T00:00:00.000000,1715.0,302,1409,1096.0,59.0,142.0,591782.0,365976.0,2002957.0,1054138.0,116394.0,70498.0,316246.0,209412.0,209.0,2140.0,266860.0,2310.0,37207.45662384836
2023-04-21T00:00:00.000000,1595.0,279,1316,1031.0,53.0,138.0,610487.0,412759.0,1976342.0,1074381.0,122741.0,85947.0,328673.0,227267.0,180.0,1713.0,256266.0,2170.0,33505.033424409994
2023-04-22T00:00:00.000000,965.0,147,818,617.0,22.0,82.0,289414.0,184727.0,1255240.0,698210.0,40432.0,25399.0,161382.0,103835.0,117.0,1307.0,226007.0,1039.0,24150.389564752833
2023-04-23T00:00:00.000000,991.0,153,838,652.0,25.0,83.0,298459.0,190835.0,1264802.0,678633.0,37722.0,20751.0,139178.0,90970.0,121.0,1119.0,180855.0,1277.0,22483.465637089837
2023-04-24T00:00:00.000000,1802.0,297,1505,1107.0,49.0,144.0,647227.0,437885.0,2109155.0,1101865.0,121867.0,85882.0,291369.0,185851.0,219.0,2057.0,222412.0,2216.0,33268.84333971627
2023-04-25T00:00:00.000000,1678.0,258,1420,1052.0,44.0,149.0,598753.0,402749.0,1975019.0,1024096.0,108637.0,70311.0,343790.0,238207.0,201.0,2094.0,226518.0,2082.0,32194.282778838948
2023-04-26T00:00:00.000000,1742.0,269,1473,1080.0,47.0,136.0,529579.0,336990.0,2112785.0,1106028.0,108302.0,72663.0,256841.0,170946.0,188.0,2053.0,299914.0,2136.0,29568.880646799156
2023-04-27T00:00:00.000000,1791.0,314,1477,1122.0,50.0,160.0,693242.0,466266.0,2095461.0,1140600.0,134193.0,92955.0,391975.0,276784.0,232.0,2107.0,303806.0,2277.0,34222.31497859494
2023-04-28T00:00:00.000000,1629.0,276,1347,1027.0,46.0,142.0,497504.0,314064.0,1950924.0,1050461.0,104629.0,68906.0,240037.0,151523.0,215.0,1990.0,269626.0,2000.0,31373.897662123578
2023-04-29T00:00:00.000000,905.0,147,758,592.0,26.0,74.0,286327.0,183780.0,1043459.0,548825.0,58586.0,41801.0,143237.0,93034.0,96.0,1029.0,159199.0,1199.0,20765.568606843128
2023-04-30T00:00:00.000000,943.0,149,794,578.0,26.0,78.0,354018.0,236599.0,1207725.0,643129.0,87599.0,68486.0,152876.0,86891.0,111.0,999.0,87909.0,1234.0,21439.05252355279
2023-05-01T00:00:00.000000,1350.0,212,1136,856.0,37.0,110.0,569185.0,411959.0,1785418.0,931665.0,134482.0,103474.0,289099.0,206587.0,148.0,1448.0,156165.0,1713.0,31905.14541180307
2023-05-02T00:00:00.000000,1755.0,278,1477,1178.0,42.0,140.0,544491.0,324895.0,1990192.0,1010455.0,84988.0,47723.0,302869.0,192536.0,202.0,2007.0,242014.0,2318.0,42212.63077398639
2023-05-03T00:00:00.000000,1726.0,283,1441,1095.0,61.0,154.0,565485.0,360712.0,2057235.0,1156243.0,144184.0,99807.0,296058.0,182057.0,226.0,1900.0,266614.0,2149.0,31132.005405709835
2023-05-04T00:00:00.000000,1771.0,302,1469,1114.0,40.0,170.0,642319.0,419987.0,2038559.0,1065801.0,80915.0,54171.0,371565.0,249417.0,245.0,1899.0,385557.0,2398.0,34210.9817388835
2023-05-05T00:00:00.000000,1584.0,274,1308,1008.0,51.0,134.0,508851.0,324879.0,1858934.0,1034505.0,104690.0,70217.0,234071.0,149451.0,194.0,1689.0,213260.0,1989.0,38038.45076712423
2023-05-06T00:00:00.000000,947.0,138,803,592.0,24.0,73.0,303594.0,200464.0,1143249.0,607056.0,72519.0,46829.0,156731.0,106079.0,97.0,1189.0,275926.0,1169.0,19940.451289561268
2023-05-07T00:00:00.000000,989.0,197,792,636.0,33.0,107.0,423888.0,268934.0,1188420.0,654213.0,53168.0,28961.0,236142.0,149832.0,152.0,964.0,183874.0,1318.0,21196.23272139901
2023-05-08T00:00:00.000000,1517.0,253,1264,974.0,47.0,134.0,594726.0,389031.0,1773703.0,963894.0,81395.0,45734.0,307398.0,200851.0,188.0,1650.0,213867.0,2065.0,32305.566408185594
2023-05-09T00:00:00.000000,2149.0,321,1824,1074.0,45.0,166.0,576096.0,357480.0,2578182.0,1377907.0,74694.0,41505.0,333292.0,218367.0,228.0,2442.0,481390.0,3138.0,44270.4911075329
2023-05-10T00:00:00.000000,1711.0,284,1423,1077.0,52.0,151.0,567468.0,361003.0,2137361.0,1138521.0,68405.0,29149.0,336680.0,221449.0,212.0,2188.0,278927.0,2253.0,33798.59599680527
2023-05-11T00:00:00.000000,1727.0,290,1437,1170.0,42.0,158.0,655829.0,450779.0,2000624.0,1046925.0,105176.0,77664.0,272802.0,158016.0,214.0,1980.0,254414.0,2223.0,29490.41391258131
2023-05-12T00:00:00.000000,1630.0,283,1346,1014.0,58.0,132.0,567497.0,346972.0,1978256.0,1047008.0,139095.0,89910.0,260583.0,160841.0,178.0,1980.0,389903.0,1952.0,37707.726058701846
2023-05-13T00:00:00.000000,882.0,152,728,587.0,24.0,79.0,297175.0,178866.0,1140659.0,639613.0,71900.0,44742.0,150458.0,87886.0,104.0,899.0,137971.0,1060.0,14686.35034615131
2023-05-14T00:00:00.000000,847.0,127,720,559.0,18.0,63.0,320556.0,220313.0,1113949.0,597076.0,40130.0,27809.0,181285.0,129263.0,83.0,1090.0,165382.0,1182.0,20459.034133052977
2023-05-15T00:00:00.000000,1568.0,249,1319,1028.0,48.0,129.0,444331.0,277585.0,1793604.0,917792.0,93041.0,58005.0,212103.0,134894.0,180.0,1822.0,221408.0,1979.0,32763.9007549025
2023-05-16T00:00:00.000000,1734.0,305,1422,1048.0,60.0,157.0,590481.0,363392.0,1922746.0,983173.0,116976.0,68228.0,323879.0,208804.0,213.0,2089.0,334668.0,2367.0,33665.480469458096
2023-05-17T00:00:00.000000,1709.0,297,1412,1060.0,40.0,150.0,637368.0,404726.0,2047241.0,1059959.0,109393.0,76514.0,316744.0,197773.0,216.0,2059.0,292747.0,2026.0,30582.619858145878
2023-05-18T00:00:00.000000,1561.0,260,1301,963.0,46.0,123.0,493665.0,302426.0,1834404.0,959539.0,104975.0,69934.0,235686.0,154137.0,153.0,1527.0,179462.0,1990.0,31760.662125939743
2023-05-19T00:00:00.000000,1449.0,220,1227,949.0,37.0,116.0,381462.0,213044.0,1672710.0,822476.0,64575.0,40328.0,203654.0,118594.0,165.0,1738.0,257849.0,1900.0,27247.735658596222
2023-05-20T00:00:00.000000,846.0,143,703,544.0,20.0,85.0,336341.0,248312.0,1078410.0,542967.0,41781.0,32353.0,151644.0,99073.0,106.0,918.0,105689.0,1054.0,19344.342919434344
2023-05-21T00:00:00.000000,843.0,153,690,559.0,27.0,69.0,362283.0,231684.0,1091928.0,617757.0,99422.0,73204.0,135106.0,88833.0,98.0,986.0,227780.0,998.0,16756.554673993047
2023-05-22T00:00:00.000000,1667.0,282,1379,1150.0,52.0,139.0,626096.0,401824.0,1867105.0,963296.0,121897.0,76490.0,279114.0,170836.0,188.0,1656.0,283822.0,2176.0,34328.12332663339
2023-05-23T00:00:00.000000,1659.0,280,1375,1062.0,47.0,124.0,610259.0,396626.0,1893638.0,975657.0,105699.0,68405.0,255889.0,170937.0,178.0,2074.0,442271.0,2255.0,33564.91222673052
2023-05-24T00:00:00.000000,1567.0,241,1325,993.0,53.0,112.0,457933.0,288458.0,1914857.0,982607.0,129818.0,84074.0,186427.0,115545.0,154.0,1898.0,184989.0,2253.0,27417.21382677917
2023-05-25T00:00:00.000000,1566.0,246,1318,1052.0,44.0,124.0,501915.0,328526.0,1958538.0,1030897.0,130780.0,90718.0,220976.0,137259.0,171.0,1862.0,387070.0,2041.0,29271.95300390137
2023-05-26T00:00:00.000000,1433.0,246,1185,953.0,39.0,119.0,524175.0,341643.0,1643336.0,840193.0,75016.0,48169.0,283283.0,193637.0,155.0,2637.0,184950.0,1932.0,34322.8239403252
2023-05-27T00:00:00.000000,836.0,147,687,563.0,28.0,80.0,385456.0,269833.0,1141575.0,638079.0,59877.0,38231.0,252029.0,188835.0,106.0,874.0,97550.0,1308.0,18623.40191168489
2023-05-28T00:00:00.000000,764.0,112,652,529.0,21.0,61.0,210296.0,128273.0,1004217.0,510633.0,48333.0,32221.0,93188.0,54686.0,82.0,1062.0,124072.0,966.0,20377.436928035146
2023-05-29T00:00:00.000000,1188.0,233,955,823.0,56.0,92.0,454053.0,277744.0,1391138.0,690683.0,130597.0,84405.0,153428.0,91955.0,113.0,1260.0,154047.0,1543.0,19510.738188174477
2023-05-30T00:00:00.000000,2014.0,300,1714,1076.0,64.0,146.0,634253.0,416945.0,2482475.0,1327279.0,125353.0,79192.0,306001.0,195867.0,216.0,2051.0,272492.0,2490.0,42730.039988302065
2023-05-31T00:00:00.000000,1611.0,294,1315,1062.0,56.0,132.0,605586.0,390742.0,1925864.0,1002764.0,117502.0,76191.0,286742.0,190346.0,184.0,1820.0,280306.0,2060.0,30771.930714535112
2023-06-01T00:00:00.000000,1619.0,261,1358,1138.0,36.0,126.0,569808.0,382492.0,2042080.0,1100954.0,89169.0,62629.0,286400.0,195248.0,182.0,1976.0,241079.0,2122.0,31974.034993024703
2023-06-02T00:00:00.000000,1381.0,244,1135,899.0,56.0,108.0,553297.0,374678.0,1596654.0,848278.0,122030.0,75328.0,261420.0,187261.0,143.0,1704.0,213656.0,1736.0,29304.7711508977
2023-06-03T00:00:00.000000,861.0,158,703,570.0,34.0,68.0,372830.0,228126.0,1086110.0,582319.0,75578.0,37627.0,150821.0,88161.0,104.0,1034.0,136918.0,1119.0,16167.365574763317
2023-06-04T00:00:00.000000,760.0,131,629,536.0,39.0,59.0,325173.0,230415.0,881834.0,476761.0,95268.0,64475.0,114583.0,78759.0,76.0,837.0,82150.0,964.0,17643.987685247466
2023-06-05T00:00:00.000000,1521.0,287,1233,1004.0,52.0,135.0,558472.0,344053.0,1693681.0,890859.0,109639.0,70669.0,260519.0,158149.0,203.0,1882.0,349219.0,2059.0,31632.441220444856
2023-06-06T00:00:00.000000,1581.0,307,1274,1017.0,50.0,149.0,687148.0,461682.0,1871687.0,1001384.0,94111.0,55091.0,404290.0,300889.0,220.0,1624.0,230858.0,2161.0,25306.865085980855
2023-06-07T00:00:00.000000,1605.0,306,1299,1040.0,52.0,159.0,632247.0,417565.0,1829227.0,979498.0,127927.0,87341.0,339018.0,230626.0,216.0,1720.0,248522.0,2264.0,30928.883331894438
2023-06-08T00:00:00.000000,1640.0,301,1338,1053.0,52.0,139.0,627517.0,404849.0,1931751.0,1005949.0,119094.0,71360.0,251405.0,150214.0,183.0,1665.0,182181.0,2272.0,30916.86741229973
2023-06-09T00:00:00.000000,1497.0,233,1264,948.0,45.0,109.0,455491.0,294064.0,1840684.0,1002632.0,83439.0,56542.0,205754.0,130360.0,171.0,1541.0,220293.0,1964.0,26438.215034279106
2023-06-10T00:00:00.000000,757.0,124,633,528.0,29.0,60.0,230102.0,134045.0,909809.0,465989.0,66898.0,45297.0,111059.0,57443.0,85.0,866.0,86456.0,1055.0,15708.59014586628
2023-06-11T00:00:00.000000,780.0,131,648,523.0,28.0,72.0,268212.0,170617.0,993822.0,533118.0,57897.0,34917.0,139243.0,88884.0,96.0,922.0,115683.0,1076.0,16285.317500561056
2023-06-12T00:00:00.000000,1613.0,279,1328,1109.0,55.0,132.0,613770.0,379810.0,1834150.0,917638.0,146043.0,103454.0,298460.0,184423.0,176.0,1643.0,218166.0,2142.0,30335.88055179017
2023-06-13T00:00:00.000000,1486.0,252,1234,947.0,39.0,135.0,513039.0,326710.0,1778862.0,953295.0,76805.0,44192.0,282519.0,179005.0,203.0,1760.0,241700.0,1989.0,28190.389362418104
2023-06-14T00:00:00.000000,1706.0,280,1424,1062.0,52.0,136.0,616001.0,401084.0,2021075.0,1020368.0,117166.0,65871.0,279597.0,175096.0,194.0,2088.0,277206.0,2293.0,33826.49689609984
2023-06-15T00:00:00.000000,1421.0,239,1182,930.0,40.0,114.0,500810.0,308657.0,1761512.0,921725.0,84730.0,48008.0,266689.0,177192.0,157.0,1603.0,166001.0,1851.0,30860.069663089813
2023-06-16T00:00:00.000000,1563.0,293,1270,1014.0,64.0,156.0,733208.0,492921.0,1847155.0,963068.0,197039.0,128230.0,344710.0,225419.0,214.0,1768.0,222054.0,1995.0,30003.81074109488
2023-06-17T00:00:00.000000,823.0,162,661,558.0,28.0,77.0,419496.0,290012.0,1028103.0,527475.0,75901.0,54936.0,210671.0,142969.0,105.0,785.0,87079.0,1153.0,11857.781134912215
2023-06-18T00:00:00.000000,805.0,167,636,540.0,27.0,81.0,370621.0,239586.0,994433.0,533634.0,69454.0,40792.0,172117.0,112994.0,116.0,1036.0,134870.0,1130.0,16894.80569767047
2023-06-19T00:00:00.000000,1474.0,225,1249,925.0,42.0,106.0,475279.0,302336.0,1717712.0,921670.0,107997.0,60209.0,218020.0,145093.0,144.0,1390.0,148655.0,1827.0,26388.55765668382
2023-06-20T00:00:00.000000,1847.0,290,1556,1020.0,58.0,158.0,610718.0,402096.0,2340220.0,1250457.0,108418.0,70362.0,350468.0,230684.0,221.0,1810.0,270877.0,2371.0,38691.1871212418
2023-06-21T00:00:00.000000,1691.0,297,1388,1048.0,48.0,154.0,592489.0,388046.0,1913574.0,989892.0,123658.0,91216.0,298875.0,187998.0,197.0,1687.0,236753.0,2307.0,32937.92259901938
2023-06-22T00:00:00.000000,1697.0,292,1401,1128.0,40.0,148.0,595167.0,377906.0,1954398.0,1013441.0,100783.0,64277.0,283074.0,176019.0,212.0,1908.0,182372.0,2366.0,29446.173960332948
2023-06-23T00:00:00.000000,1540.0,264,1276,989.0,45.0,138.0,543575.0,363255.0,1976629.0,1091585.0,100018.0,64489.0,242333.0,152919.0,174.0,1919.0,235525.0,2137.0,27622.315583992946
2023-06-24T00:00:00.000000,840.0,141,698,565.0,30.0,70.0,313036.0,206199.0,1173264.0,636535.0,73825.0,50276.0,148418.0,92961.0,94.0,972.0,100327.0,1182.0,19928.884090737003
2023-06-25T00:00:00.000000,828.0,146,680,545.0,29.0,63.0,345242.0,230573.0,1041123.0,517239.0,63907.0,42336.0,126535.0,81265.0,88.0,1345.0,158498.0,1054.0,18883.858046910922
2023-06-26T00:00:00.000000,1599.0,275,1322,1033.0,59.0,116.0,590128.0,371151.0,1813913.0,940562.0,118654.0,70329.0,265026.0,170928.0,183.0,1752.0,183759.0,2153.0,32165.323187434744
2023-06-27T00:00:00.000000,1558.0,261,1297,963.0,53.0,136.0,535571.0,332466.0,1915015.0,1015833.0,139435.0,91304.0,276072.0,173023.0,195.0,1814.0,179003.0,2044.0,31682.383171792546
2023-06-28T00:00:00.000000,1520.0,260,1258,965.0,51.0,126.0,555005.0,366647.0,1733995.0,886110.0,124462.0,91896.0,237082.0,156037.0,171.0,1661.0,286799.0,2183.0,30160.030718003785
2023-06-29T00:00:00.000000,1502.0,274,1226,961.0,58.0,125.0,584503.0,371850.0,1722903.0,890101.0,143536.0,93717.0,213939.0,124577.0,185.0,1554.0,194529.0,2227.0,34301.51581200844
2023-06-30T00:00:00.000000,1594.0,258,1336,966.0,61.0,127.0,610088.0,418344.0,1948365.0,1046409.0,202136.0,163051.0,236297.0,138195.0,194.0,1744.0,131532.0,2137.0,26967.73687939705
2023-07-01T00:00:00.000000,823.0,160,661,577.0,21.0,78.0,325665.0,204047.0,1033674.0,547236.0,62366.0,45359.0,169592.0,102589.0,113.0,934.0,125553.0,936.0,19892.563864090145
2023-07-02T00:00:00.000000,791.0,133,658,513.0,32.0,68.0,327793.0,221836.0,1013921.0,534966.0,95161.0,70152.0,162385.0,107571.0,89.0,900.0,101624.0,1074.0,12486.537432147412
2023-07-03T00:00:00.000000,1489.0,247,1238,1045.0,44.0,134.0,538908.0,350847.0,1716690.0,910580.0,96605.0,61362.0,273654.0,173280.0,209.0,1570.0,263457.0,1894.0,25354.292878242704
2023-07-04T00:00:00.000000,1478.0,240,1238,920.0,39.0,127.0,557967.0,381035.0,1799131.0,926936.0,78028.0,50221.0,286470.0,195597.0,173.0,2133.0,187368.0,1877.0,31377.384058887237
2023-07-05T00:00:00.000000,1470.0,229,1241,932.0,43.0,109.0,557878.0,378385.0,1656666.0,818611.0,137959.0,100687.0,231625.0,142954.0,149.0,1928.0,211492.0,2076.0,31936.469145665127
2023-07-06T00:00:00.000000,1622.0,248,1374,987.0,41.0,130.0,528517.0,353980.0,1906458.0,970891.0,75639.0,44575.0,336680.0,241768.0,173.0,1713.0,181167.0,2231.0,32961.04717813839
2023-07-07T00:00:00.000000,1467.0,217,1250,959.0,33.0,122.0,530040.0,366818.0,1995208.0,1091035.0,93045.0,72610.0,300565.0,211527.0,174.0,1691.0,196521.0,1978.0,27374.428590504747
2023-07-08T00:00:00.000000,810.0,142,668,517.0,19.0,72.0,316230.0,204695.0,946905.0,526307.0,56587.0,40554.0,159135.0,101545.0,103.0,1028.0,146775.0,1016.0,19038.826950706072
2023-07-09T00:00:00.000000,853.0,157,695,543.0,26.0,77.0,344783.0,223223.0,1127157.0,565079.0,76882.0,55656.0,149536.0,91552.0,103.0,1146.0,153863.0,1245.0,18147.069817299544
2023-07-10T00:00:00.000000,1448.0,225,1221,914.0,42.0,113.0,485420.0,313888.0,1691465.0,888941.0,86381.0,52189.0,215593.0,134726.0,142.0,1414.0,160004.0,1833.0,29962.179235589872
2023-07-11T00:00:00.000000,1515.0,237,1278,940.0,31.0,111.0,477465.0,304281.0,1761579.0,955158.0,69590.0,43844.0,200332.0,123138.0,146.0,1860.0,184152.0,1762.0,31115.870855512687
2023-07-12T00:00:00.000000,1812.0,301,1507,1066.0,59.0,145.0,562015.0,345081.0,2086391.0,1078861.0,107767.0,56709.0,265140.0,167121.0,198.0,1942.0,239805.0,2417.0,36530.114859003916
2023-07-13T00:00:00.000000,1648.0,287,1361,1101.0,47.0,144.0,548654.0,355761.0,1846813.0,966509.0,85926.0,53577.0,258149.0,165713.0,187.0,1634.0,174704.0,2249.0,28099.39756764822
2023-07-14T00:00:00.000000,1439.0,249,1188,882.0,44.0,122.0,519241.0,341940.0,1746585.0,894875.0,100810.0,70676.0,250782.0,162220.0,193.0,1820.0,175446.0,1942.0,29346.271283887247
2023-07-15T00:00:00.000000,808.0,134,674,540.0,31.0,64.0,278046.0,174576.0,1007136.0,524854.0,57512.0,31143.0,122618.0,73658.0,75.0,817.0,90227.0,1024.0,15912.175326816609
2023-07-16T00:00:00.000000,876.0,177,699,556.0,36.0,92.0,399448.0,245598.0,1077185.0,542606.0,100686.0,67935.0,195534.0,121981.0,124.0,1151.0,124559.0,1229.0,21519.957912555034
2023-07-17T00:00:00.000000,1483.0,244,1239,958.0,42.0,124.0,492457.0,300252.0,1758016.0,911136.0,90920.0,62381.0,243417.0,137959.0,173.0,1741.0,323174.0,2008.0,28925.662854977752
2023-07-18T00:00:00.000000,1550.0,240,1307,1021.0,42.0,135.0,544788.0,353446.0,1747268.0,889309.0,82758.0,50995.0,295559.0,184113.0,199.0,1756.0,178453.0,2128.0,31940.97102547813
2023-07-19T00:00:00.000000,1647.0,260,1383,995.0,57.0,118.0,513744.0,343692.0,2027911.0,1110304.0,134194.0,93709.0,240153.0,167734.0,167.0,1690.0,200564.0,2178.0,31438.07175349468
2023-07-20T00:00:00.000000,1524.0,263,1259,1008.0,39.0,136.0,553093.0,371139.0,1757265.0,899087.0,109967.0,80818.0,300308.0,206356.0,179.0,1650.0,185304.0,1998.0,29343.411209081085
2023-07-21T00:00:00.000000,1506.0,258,1248,944.0,47.0,141.0,552103.0,351844.0,1832972.0,965973.0,92336.0,53498.0,291302.0,186111.0,204.0,1678.0,289634.0,1981.0,29709.65845095801
2023-07-22T00:00:00.000000,844.0,132,712,559.0,20.0,70.0,303486.0,192536.0,1178766.0,632402.0,37739.0,25377.0,126732.0,81903.0,79.0,862.0,88166.0,1050.0,16018.995465800379
2023-07-23T00:00:00.000000,860.0,153,703,555.0,30.0,76.0,370706.0,260894.0,1069387.0,580038.0,95853.0,72040.0,166643.0,109105.0,115.0,1060.0,110619.0,1204.0,17641.793129165086
2023-07-24T00:00:00.000000,1539.0,251,1288,1056.0,38.0,127.0,525314.0,331734.0,1798732.0,924597.0,113571.0,78841.0,222965.0,134640.0,197.0,1598.0,252264.0,2168.0,32213.867527667055
2023-07-25T00:00:00.000000,1549.0,278,1271,1005.0,42.0,129.0,540649.0,348414.0,1703484.0,861850.0,71027.0,44073.0,265374.0,173674.0,182.0,1667.0,264431.0,1930.0,29388.817011510826
2023-07-26T00:00:00.000000,1578.0,254,1320,1015.0,41.0,109.0,514067.0,330786.0,1855951.0,978766.0,92617.0,66431.0,206918.0,133437.0,160.0,1712.0,247597.0,2179.0,35574.721891510126
2023-07-27T00:00:00.000000,1450.0,226,1224,957.0,48.0,112.0,453910.0,274848.0,1823102.0,929207.0,96327.0,54982.0,234775.0,145239.0,165.0,1612.0,168916.0,1945.0,32380.26582616958
2023-07-28T00:00:00.000000,1436.0,239,1197,940.0,48.0,114.0,535931.0,355441.0,1732403.0,895606.0,125710.0,89813.0,244319.0,162932.0,143.0,1543.0,204979.0,1946.0,24749.425573127413
2023-07-29T00:00:00.000000,810.0,147,663,545.0,28.0,63.0,308012.0,195533.0,1118678.0,634903.0,66373.0,48747.0,137058.0,82802.0,87.0,902.0,120955.0,1050.0,15907.111076002706
2023-07-30T00:00:00.000000,785.0,139,646,526.0,30.0,67.0,288449.0,184177.0,1062719.0,566724.0,49306.0,28769.0,138212.0,85392.0,90.0,841.0,92933.0,1136.0,16534.53915420581
2023-07-31T00:00:00.000000,1503.0,231,1272,982.0,37.0,123.0,505419.0,321390.0,1766892.0,901569.0,83870.0,58861.0,285465.0,191802.0,185.0,1630.0,284975.0,1948.0,31340.28001611898
2023-08-01T00:00:00.000000,1557.0,253,1304,953.0,48.0,123.0,496430.0,310675.0,1816754.0,964863.0,110406.0,71126.0,196298.0,114728.0,177.0,1854.0,164202.0,2120.0,31094.302615604607
2023-08-02T00:00:00.000000,1726.0,284,1442,958.0,59.0,125.0,550627.0,360042.0,2165947.0,1146687.0,143694.0,101328.0,197623.0,118022.0,174.0,1977.0,180897.0,2625.0,33166.65365891662
2023-08-03T00:00:00.000000,1441.0,228,1213,1044.0,42.0,120.0,412002.0,233406.0,1826466.0,957813.0,98349.0,68544.0,210261.0,113525.0,170.0,1569.0,179031.0,1900.0,26955.48542741871
2023-08-04T00:00:00.000000,1427.0,257,1166,904.0,42.0,122.0,582118.0,392567.0,1655602.0,852731.0,102515.0,70920.0,259420.0,172462.0,157.0,1554.0,256335.0,1789.0,27956.880665996105
2023-08-05T00:00:00.000000,842.0,154,686,574.0,18.0,89.0,333935.0,209176.0,1052112.0,553210.0,42440.0,27635.0,187781.0,112180.0,119.0,1030.0,114505.0,951.0,17611.09365202406
2023-08-06T00:00:00.000000,723.0,126,596,502.0,21.0,66.0,302965.0,197193.0,1010926.0,529307.0,52804.0,33411.0,110848.0,63241.0,96.0,864.0,111856.0,924.0,13197.226964460864
2023-08-07T00:00:00.000000,1445.0,241,1204,915.0,52.0,119.0,548524.0,359283.0,1760828.0,920848.0,131675.0,89591.0,265707.0,172591.0,164.0,1537.0,174421.0,1961.0,27857.59937975519
2023-08-08T00:00:00.000000,1461.0,256,1204,941.0,48.0,141.0,551393.0,365836.0,1671665.0,857777.0,101718.0,60159.0,309003.0,207711.0,196.0,1732.0,204047.0,2036.0,28389.380512498603
2023-08-09T00:00:00.000000,1550.0,279,1271,944.0,44.0,143.0,597549.0,371294.0,1854963.0,930663.0,109049.0,75932.0,308557.0,187247.0,200.0,1886.0,277248.0,2132.0,22615.22592172179
2023-08-10T00:00:00.000000,1476.0,262,1214,943.0,44.0,132.0,647434.0,444070.0,1696845.0,847707.0,120000.0,80930.0,309420.0,208696.0,180.0,1611.0,214689.0,2045.0,23621.269458210903
2023-08-11T00:00:00.000000,1335.0,228,1104,864.0,37.0,112.0,543693.0,368181.0,1731918.0,934998.0,88066.0,60498.0,232599.0,143396.0,161.0,1564.0,166140.0,1754.0,24281.731384181778
2023-08-12T00:00:00.000000,808.0,124,682,526.0,23.0,60.0,299839.0,186147.0,1099627.0,569804.0,50429.0,33253.0,140333.0,79257.0,84.0,815.0,84240.0,1126.0,17166.260575890312
2023-08-13T00:00:00.000000,767.0,136,630,529.0,23.0,67.0,375735.0,261788.0,931575.0,495839.0,57212.0,38782.0,204254.0,153341.0,99.0,758.0,63967.0,1060.0,15819.372195249176
2023-08-14T00:00:00.000000,1372.0,201,1171,932.0,33.0,98.0,443491.0,243302.0,1734168.0,880684.0,113968.0,51841.0,197242.0,116636.0,148.0,1678.0,125504.0,1885.0,28419.82214007608
2023-08-15T00:00:00.000000,1415.0,279,1134,975.0,45.0,140.0,652046.0,413838.0,1592995.0,841579.0,87256.0,40610.0,377090.0,264148.0,185.0,1569.0,209764.0,1870.0,25428.398629507043
2023-08-16T00:00:00.000000,1536.0,272,1263,970.0,54.0,133.0,535592.0,340999.0,1717484.0,890228.0,109019.0,64022.0,245254.0,153964.0,172.0,1515.0,192326.0,1861.0,34076.76901131702
2023-08-17T00:00:00.000000,1472.0,252,1219,938.0,34.0,133.0,545507.0,348667.0,1847960.0,960994.0,89419.0,52125.0,229388.0,139365.0,182.0,1554.0,157986.0,2149.0,25305.689365661776
2023-08-18T00:00:00.000000,1396.0,238,1158,881.0,43.0,126.0,469833.0,287895.0,1760267.0,915990.0,66980.0,36422.0,215638.0,120182.0,200.0,1674.0,292902.0,2010.0,28057.76805503739
2023-08-19T00:00:00.000000,793.0,149,643,518.0,17.0,83.0,366680.0,261940.0,1033879.0,567710.0,18608.0,10281.0,205157.0,145465.0,105.0,811.0,98812.0,1082.0,17036.6609171445
2023-08-20T00:00:00.000000,778.0,130,643,500.0,21.0,68.0,317838.0,219959.0,927922.0,487517.0,37021.0,23022.0,198023.0,144305.0,97.0,898.0,98219.0,1047.0,15854.771639190843
2023-08-21T00:00:00.000000,1469.0,245,1224,938.0,37.0,123.0,605796.0,416062.0,1784373.0,956057.0,110319.0,75739.0,283245.0,185649.0,162.0,1535.0,219447.0,2108.0,28090.31712885152
2023-08-22T00:00:00.000000,1501.0,258,1239,957.0,49.0,119.0,538890.0,330656.0,1805864.0,940642.0,87185.0,46442.0,230525.0,137575.0,189.0,1638.0,425681.0,2097.0,31866.059016633822
2023-08-23T00:00:00.000000,1424.0,249,1175,916.0,51.0,123.0,533052.0,348584.0,1699556.0,847811.0,119298.0,81125.0,219968.0,133259.0,197.0,1631.0,371417.0,2058.0,30223.655193275947
2023-08-24T00:00:00.000000,1673.0,242,1431,909.0,58.0,110.0,486218.0,288403.0,2106405.0,1109349.0,108472.0,60948.0,228368.0,144406.0,138.0,1909.0,193344.0,2252.0,35263.98483462681
2023-08-25T00:00:00.000000,1383.0,238,1141,873.0,40.0,120.0,495419.0,319421.0,1646876.0,875498.0,73749.0,50155.0,269393.0,178722.0,178.0,1347.0,126469.0,2003.0,27435.339406338197
2023-08-26T00:00:00.000000,771.0,137,632,586.0,28.0,69.0,357779.0,253481.0,1123651.0,599678.0,82040.0,60682.0,174742.0,122109.0,88.0,698.0,78998.0,1104.0,10029.066500440393
2023-08-27T00:00:00.000000,705.0,122,583,494.0,26.0,60.0,268609.0,177649.0,910058.0,499544.0,90898.0,68037.0,117315.0,75616.0,77.0,852.0,108608.0,995.0,16872.633734839004
2023-08-28T00:00:00.000000,1324.0,225,1097,871.0,44.0,101.0,505348.0,330556.0,1657074.0,855538.0,67754.0,36757.0,239900.0,164798.0,137.0,1480.0,208268.0,1906.0,17604.62878485624
2023-08-29T00:00:00.000000,1387.0,256,1131,936.0,49.0,137.0,524003.0,351339.0,1633723.0,853102.0,125861.0,87768.0,244225.0,160016.0,196.0,1563.0,297507.0,1731.0,25481.221581026297
2023-08-30T00:00:00.000000,1563.0,279,1284,995.0,42.0,145.0,648384.0,412410.0,1822571.0,896513.0,95498.0,61746.0,358201.0,227452.0,213.0,1942.0,243872.0,2067.0,36107.61140980018
2023-08-31T00:00:00.000000,1387.0,235,1150,917.0,36.0,120.0,555129.0,374410.0,1700674.0,941995.0,79599.0,54514.0,266629.0,180016.0,152.0,1592.0,108861.0,1869.0,29424.665360352705
2023-09-01T00:00:00.000000,1289.0,229,1054,846.0,42.0,130.0,507671.0,326625.0,1594983.0,854464.0,106569.0,69203.0,262377.0,162397.0,185.0,1585.0,233171.0,1717.0,25512.049614829495
2023-09-02T00:00:00.000000,707.0,119,582,491.0,25.0,59.0,281142.0,172028.0,1006447.0,567394.0,81069.0,56850.0,134404.0,84749.0,88.0,715.0,79074.0,976.0,15008.397609134132
2023-09-03T00:00:00.000000,792.0,130,658,525.0,20.0,78.0,288792.0,193500.0,1095060.0,568322.0,56191.0,40977.0,162965.0,113217.0,99.0,869.0,88961.0,1009.0,19466.58522031576
2023-09-04T00:00:00.000000,1287.0,238,1047,831.0,42.0,124.0,508020.0,332724.0,1507159.0,792011.0,101847.0,69599.0,262071.0,172075.0,164.0,1328.0,149665.0,1744.0,24837.593486497386
2023-09-05T00:00:00.000000,1409.0,255,1154,915.0,50.0,124.0,567596.0,381656.0,1625701.0,813200.0,173151.0,131337.0,225326.0,143370.0,176.0,1527.0,206577.0,1964.0,25930.25071303302
2023-09-06T00:00:00.000000,1428.0,249,1176,915.0,59.0,118.0,553472.0,372134.0,1708660.0,871661.0,156998.0,111273.0,242587.0,157922.0,178.0,1769.0,284426.0,2036.0,27779.428593440083
2023-09-07T00:00:00.000000,1500.0,247,1249,1073.0,54.0,116.0,539507.0,350639.0,1897470.0,971784.0,155356.0,106873.0,221731.0,134279.0,161.0,1864.0,169992.0,2004.0,25377.274698041434
2023-09-08T00:00:00.000000,1232.0,191,1041,809.0,34.0,86.0,400765.0,251815.0,1514661.0,791610.0,52949.0,22750.0,176400.0,114682.0,119.0,1273.0,148280.0,1728.0,26017.3526401153
2023-09-09T00:00:00.000000,784.0,136,644,503.0,14.0,81.0,265772.0,153289.0,1008288.0,505948.0,34691.0,22306.0,154679.0,92179.0,106.0,868.0,93866.0,980.0,17324.94016446789
2023-09-10T00:00:00.000000,722.0,135,587,488.0,26.0,57.0,343191.0,242518.0,948073.0,489014.0,64061.0,43739.0,149597.0,111396.0,85.0,808.0,157448.0,941.0,17585.419588710956
2023-09-11T00:00:00.000000,1353.0,227,1126,874.0,41.0,105.0,457466.0,296630.0,1551173.0,788669.0,98135.0,64569.0,219294.0,146257.0,159.0,1586.0,210716.0,1873.0,27017.588584421483
2023-09-12T00:00:00.000000,1435.0,243,1190,888.0,35.0,118.0,483554.0,298054.0,1637472.0,863837.0,59279.0,33437.0,232248.0,144752.0,150.0,1386.0,126896.0,2021.0,24859.16664146399
2023-09-13T00:00:00.000000,1403.0,255,1148,902.0,41.0,120.0,495398.0,319555.0,1768361.0,950435.0,83151.0,54377.0,238561.0,154417.0,172.0,1611.0,220463.0,1943.0,27467.572985031285
2023-09-14T00:00:00.000000,1471.0,260,1209,958.0,44.0,131.0,492551.0,320012.0,1776099.0,886102.0,71786.0,45876.0,270832.0,179832.0,176.0,1586.0,138315.0,2090.0,26679.877881994853
2023-09-15T00:00:00.000000,1276.0,226,1048,836.0,47.0,115.0,493766.0,323938.0,1556959.0,793812.0,119855.0,79275.0,267034.0,182074.0,159.0,1398.0,107485.0,1684.0,24451.353761558068
2023-09-16T00:00:00.000000,801.0,137,664,532.0,27.0,72.0,296178.0,195379.0,998301.0,513947.0,77060.0,55226.0,156107.0,102417.0,102.0,882.0,150540.0,983.0,18555.083080804772
2023-09-17T00:00:00.000000,783.0,122,661,510.0,23.0,57.0,294166.0,190169.0,995123.0,495211.0,52752.0,34183.0,137389.0,85257.0,85.0,844.0,90469.0,1243.0,18263.06305263775
2023-09-18T00:00:00.000000,1598.0,237,1360,873.0,51.0,111.0,461953.0,294800.0,1835967.0,936187.0,115423.0,76164.0,206386.0,131224.0,148.0,1574.0,122668.0,2295.0,34097.37127757796
2023-09-19T00:00:00.000000,1415.0,266,1149,1011.0,54.0,119.0,555390.0,347801.0,1617607.0,837132.0,119519.0,78046.0,263558.0,175193.0,169.0,1527.0,198217.0,1956.0,29966.17886903084
2023-09-20T00:00:00.000000,1461.0,254,1205,971.0,38.0,140.0,533064.0,295953.0,1818213.0,905438.0,75485.0,40282.0,272462.0,166587.0,210.0,1853.0,364508.0,2124.0,32147.124855741815
2023-09-21T00:00:00.000000,1470.0,261,1207,901.0,58.0,120.0,483504.0,296754.0,1724907.0,943831.0,119567.0,76788.0,183066.0,103572.0,168.0,1562.0,207439.0,2215.0,25525.99785272993
2023-09-22T00:00:00.000000,1340.0,254,1086,850.0,51.0,125.0,560460.0,360076.0,1619626.0,827623.0,111567.0,70607.0,239898.0,141385.0,164.0,1506.0,184278.0,1942.0,27222.92634113958
2023-09-23T00:00:00.000000,753.0,129,618,504.0,25.0,62.0,311451.0,217196.0,1013825.0,525747.0,57900.0,39447.0,141535.0,91698.0,92.0,945.0,94871.0,1042.0,18195.92885005029
2023-09-24T00:00:00.000000,777.0,129,644,517.0,22.0,69.0,274321.0,181701.0,1057130.0,558028.0,63504.0,46623.0,141190.0,87989.0,104.0,870.0,68683.0,1074.0,18206.688662887907
2023-09-25T00:00:00.000000,1291.0,213,1068,878.0,43.0,125.0,410614.0,256763.0,1578191.0,787590.0,91997.0,60369.0,225537.0,137318.0,206.0,3375.0,1105766.0,1874.0,29799.65406936647
2023-09-26T00:00:00.000000,1510.0,265,1241,1001.0,63.0,128.0,602602.0,419008.0,1716787.0,880531.0,166168.0,117561.0,272262.0,188032.0,180.0,1820.0,235250.0,2262.0,25811.490141142862
2023-09-27T00:00:00.000000,1447.0,270,1167,926.0,52.0,118.0,669134.0,459523.0,1637065.0,859554.0,99712.0,62488.0,345288.0,246643.0,187.0,1610.0,207396.0,2112.0,22777.950049051615
2023-09-28T00:00:00.000000,1401.0,223,1176,902.0,38.0,118.0,461070.0,291844.0,1627466.0,847716.0,68109.0,40039.0,258597.0,168909.0,166.0,1489.0,175134.0,1905.0,23884.574982006718
2023-09-29T00:00:00.000000,1262.0,226,1036,826.0,43.0,121.0,586821.0,389494.0,1477736.0,746286.0,122231.0,87446.0,297273.0,200244.0,157.0,1396.0,151252.0,1865.0,23921.774459738233
2023-09-30T00:00:00.000000,659.0,138,521,462.0,29.0,63.0,293060.0,191732.0,922900.0,528232.0,48015.0,25788.0,140559.0,92441.0,69.0,710.0,94528.0,947.0,6831.6401278894
2023-10-01T00:00:00.000000,718.0,114,604,516.0,14.0,60.0,227407.0,135130.0,964695.0,496455.0,26377.0,13555.0,134303.0,82085.0,81.0,731.0,74110.0,906.0,16966.051655326675
2023-10-02T00:00:00.000000,1212.0,182,1028,812.0,33.0,86.0,379176.0,229046.0,1492406.0,778246.0,85577.0,51779.0,129861.0,66323.0,141.0,1651.0,280961.0,1548.0,25568.223867586916
2023-10-03T00:00:00.000000,1287.0,223,1062,885.0,48.0,104.0,469533.0,292554.0,1562160.0,808961.0,107209.0,69562.0,214106.0,137165.0,143.0,1314.0,195197.0,1677.0,26903.197264544997
2023-10-04T00:00:00.000000,1397.0,232,1161,918.0,54.0,119.0,481097.0,299866.0,1783491.0,916811.0,109465.0,60425.0,195855.0,111969.0,172.0,1859.0,142987.0,2205.0,29239.01094463345
2023-10-05T00:00:00.000000,1317.0,210,1105,861.0,37.0,99.0,429700.0,276411.0,1582525.0,805874.0,73106.0,46526.0,199776.0,122804.0,139.0,1508.0,211839.0,1816.0,26291.149954512908
2023-10-06T00:00:00.000000,1236.0,201,1035,820.0,35.0,102.0,445129.0,288758.0,1493940.0,761219.0,71259.0,45015.0,221511.0,143345.0,154.0,1315.0,117844.0,1613.0,24106.436748508284
2023-10-07T00:00:00.000000,755.0,114,641,498.0,15.0,58.0,222687.0,138008.0,1061212.0,550861.0,33451.0,20555.0,111916.0,66968.0,64.0,880.0,75517.0,844.0,13948.085019991824
2023-10-08T00:00:00.000000,684.0,132,550,452.0,31.0,70.0,302599.0,182313.0,818027.0,417680.0,61627.0,35936.0,174564.0,100436.0,86.0,760.0,60019.0,1013.0,17109.06956115244
2023-10-09T00:00:00.000000,1254.0,239,1015,839.0,48.0,124.0,478633.0,315333.0,1402147.0,725715.0,80283.0,45988.0,262542.0,173420.0,162.0,1352.0,114973.0,1735.0,26363.79087498971
2023-10-10T00:00:00.000000,1325.0,235,1090,871.0,52.0,127.0,425775.0,268218.0,1542030.0,794557.0,97177.0,54372.0,217028.0,137808.0,164.0,1312.0,145987.0,1783.0,23864.95575296046
2023-10-11T00:00:00.000000,1387.0,234,1143,924.0,38.0,111.0,517803.0,338683.0,1750146.0,905847.0,103931.0,77923.0,232008.0,142506.0,158.0,1377.0,195848.0,1884.0,26414.58656631609
2023-10-12T00:00:00.000000,1659.0,261,1398,924.0,52.0,133.0,497226.0,314370.0,2148438.0,1066375.0,128388.0,95292.0,234699.0,139526.0,180.0,2081.0,219899.0,2218.0,33344.36916993943
2023-10-13T00:00:00.000000,1258.0,192,1064,882.0,34.0,87.0,366718.0,233047.0,1534487.0,783103.0,64387.0,41372.0,167000.0,103458.0,120.0,1257.0,107500.0,1641.0,24367.96096587035
2023-10-14T00:00:00.000000,721.0,123,588,465.0,27.0,62.0,202810.0,112736.0,873683.0,465614.0,55664.0,36028.0,90851.0,46671.0,87.0,763.0,80428.0,982.0,19165.371782792976
2023-10-15T00:00:00.000000,751.0,118,633,505.0,17.0,56.0,271783.0,182866.0,1035613.0,532587.0,33193.0,23312.0,91797.0,56278.0,76.0,977.0,77821.0,933.0,17714.669478914664
2023-10-16T00:00:00.000000,1173.0,230,943,811.0,50.0,97.0,437744.0,267898.0,1381241.0,736996.0,117761.0,78958.0,171707.0,97300.0,130.0,1379.0,223637.0,1805.0,20470.10372957562
2023-10-17T00:00:00.000000,1382.0,259,1121,917.0,51.0,129.0,609253.0,412274.0,1620281.0,863024.0,131204.0,87362.0,301871.0,202591.0,179.0,1454.0,175522.0,1939.0,18175.115921169825
2023-10-18T00:00:00.000000,1309.0,227,1082,892.0,57.0,97.0,509323.0,333851.0,1555166.0,816568.0,161662.0,112469.0,187682.0,116528.0,129.0,1382.0,166463.0,1894.0,22131.06376950615
2023-10-19T00:00:00.000000,1353.0,222,1130,883.0,50.0,110.0,466223.0,301273.0,1589684.0,840992.0,102490.0,59035.0,212069.0,137571.0,160.0,1433.0,200102.0,1765.0,30195.728985596452
2023-10-20T00:00:00.000000,1288.0,223,1065,850.0,40.0,115.0,448474.0,289878.0,1520657.0,775251.0,105063.0,74746.0,201100.0,123630.0,150.0,1240.0,131860.0,1682.0,24286.75172444899
2023-10-21T00:00:00.000000,688.0,112,576,468.0,23.0,52.0,244253.0,158043.0,858225.0,461228.0,52546.0,33688.0,106425.0,71949.0,74.0,708.0,76478.0,827.0,15216.873439926974
2023-10-22T00:00:00.000000,731.0,130,601,494.0,23.0,62.0,277228.0,182937.0,947944.0,527814.0,53044.0,35631.0,119628.0,74468.0,99.0,823.0,100215.0,990.0,11214.014166034642
2023-10-23T00:00:00.000000,1313.0,228,1085,874.0,32.0,108.0,492509.0,323972.0,1416413.0,691979.0,69430.0,45403.0,271910.0,189046.0,161.0,1195.0,138518.0,1755.0,24015.08936123941
2023-10-24T00:00:00.000000,1375.0,241,1128,874.0,39.0,107.0,519863.0,346590.0,1627500.0,830524.0,94527.0,65771.0,212887.0,136896.0,143.0,1310.0,113941.0,1857.0,27472.971696430428
2023-10-25T00:00:00.000000,1406.0,218,1188,913.0,37.0,110.0,463311.0,312770.0,1714936.0,902702.0,83503.0,51922.0,249321.0,174681.0,152.0,1429.0,170329.0,1739.0,27484.447058487916
2023-10-26T00:00:00.000000,1332.0,209,1119,956.0,50.0,89.0,430712.0,272767.0,1599853.0,868272.0,100487.0,59885.0,169244.0,109763.0,126.0,1621.0,128761.0,1730.0,24730.905107665443
2023-10-27T00:00:00.000000,1291.0,215,1076,856.0,46.0,100.0,559848.0,393395.0,1600605.0,869214.0,108469.0,74072.0,275938.0,199406.0,150.0,1466.0,201369.0,1876.0,21850.025150583173
2023-10-28T00:00:00.000000,767.0,136,627,510.0,20.0,65.0,255395.0,161287.0,1013225.0,542150.0,44794.0,23962.0,119279.0,74759.0,90.0,745.0,62494.0,980.0,12656.487534605489
2023-10-29T00:00:00.000000,824.0,160,664,521.0,28.0,75.0,419851.0,295533.0,1039609.0,547311.0,76078.0,52071.0,205303.0,154592.0,103.0,833.0,107438.0,1107.0,13140.216156214847
2023-10-30T00:00:00.000000,1342.0,230,1112,882.0,52.0,97.0,502351.0,328726.0,1600003.0,818539.0,151150.0,100525.0,192639.0,126040.0,134.0,1319.0,244776.0,1733.0,27427.993283748463
2023-10-31T00:00:00.000000,1323.0,218,1105,867.0,39.0,111.0,487752.0,328476.0,1614195.0,857827.0,96696.0,65370.0,232781.0,155057.0,145.0,1350.0,147687.0,1707.0,26231.244497625416
2023-11-01T00:00:00.000000,1199.0,210,988,788.0,41.0,109.0,450536.0,292824.0,1411485.0,712851.0,81214.0,47904.0,219183.0,139223.0,151.0,1264.0,146726.0,1684.0,25570.204305360417
2023-11-02T00:00:00.000000,1321.0,198,1123,883.0,47.0,94.0,428679.0,269148.0,1640781.0,845096.0,102160.0,64297.0,218020.0,139360.0,136.0,1361.0,153904.0,1753.0,23969.492381197364
2023-11-03T00:00:00.000000,1283.0,220,1063,816.0,40.0,108.0,531277.0,356899.0,1515487.0,776940.0,74273.0,40578.0,267627.0,186971.0,144.0,1287.0,193879.0,1688.0,23415.773594633083
2023-11-04T00:00:00.000000,749.0,128,621,495.0,21.0,74.0,297872.0,172274.0,1035486.0,510178.0,51661.0,28515.0,169794.0,95203.0,96.0,825.0,90236.0,928.0,18948.364978685328
2023-11-05T00:00:00.000000,719.0,123,594,503.0,20.0,63.0,240295.0,147193.0,902297.0,478738.0,37606.0,16771.0,124711.0,78942.0,90.0,970.0,63335.0,1016.0,16081.535490855795
2023-11-06T00:00:00.000000,1318.0,228,1090,891.0,43.0,106.0,491113.0,291575.0,1617289.0,858557.0,116495.0,73401.0,228247.0,136368.0,138.0,1421.0,205311.0,1693.0,25168.828778671173
2023-11-07T00:00:00.000000,1657.0,203,1451,890.0,43.0,105.0,526173.0,351234.0,2106191.0,1032997.0,132772.0,97277.0,268280.0,173957.0,137.0,1726.0,119784.0,2238.0,38297.49833038001
2023-11-08T00:00:00.000000,1421.0,240,1176,1009.0,41.0,111.0,489039.0,310191.0,1680513.0,851542.0,93180.0,60754.0,219865.0,141454.0,161.0,1395.0,185673.0,1957.0,24117.198950212223
2023-11-09T00:00:00.000000,1362.0,235,1121,886.0,48.0,115.0,526708.0,339536.0,1586753.0,815039.0,134742.0,85733.0,235865.0,157765.0,147.0,1381.0,136653.0,1817.0,29226.768850974142
2023-11-10T00:00:00.000000,1256.0,233,1021,793.0,40.0,130.0,470434.0,304139.0,1553237.0,820444.0,90067.0,58576.0,292510.0,201183.0,177.0,1522.0,159210.0,1666.0,25777.807763920744
2023-11-11T00:00:00.000000,766.0,118,647,507.0,33.0,54.0,244693.0,161940.0,1039322.0,557825.0,68586.0,46235.0,115574.0,79046.0,71.0,802.0,54144.0,1003.0,19504.305367492027
2023-11-12T00:00:00.000000,686.0,111,575,468.0,22.0,64.0,239399.0,150620.0,872296.0,438926.0,44396.0,24684.0,117274.0,68668.0,90.0,878.0,115907.0,959.0,15346.901613355818
2023-11-13T00:00:00.000000,1264.0,228,1034,839.0,49.0,113.0,494203.0,319341.0,1448509.0,724090.0,132335.0,94079.0,244321.0,162664.0,160.0,1307.0,107413.0,1718.0,26772.300645337848
2023-11-14T00:00:00.000000,1338.0,250,1087,870.0,45.0,128.0,677491.0,445219.0,1576398.0,784308.0,79440.0,36488.0,408918.0,281998.0,184.0,1346.0,187919.0,1732.0,28782.524902333236
2023-11-15T00:00:00.000000,1405.0,251,1154,920.0,35.0,133.0,541463.0,318014.0,1630726.0,870015.0,72215.0,42409.0,291334.0,171395.0,174.0,1711.0,349612.0,1854.0,25983.13359257008
2023-11-16T00:00:00.000000,1369.0,259,1110,911.0,55.0,132.0,587392.0,381660.0,1595683.0,816374.0,130199.0,83600.0,293755.0,188511.0,179.0,1740.0,161892.0,1876.0,24690.770466368398
2023-11-17T00:00:00.000000,1270.0,235,1035,849.0,41.0,99.0,471625.0,310009.0,1551886.0,792508.0,90077.0,60157.0,206629.0,136968.0,130.0,1481.0,129928.0,1712.0,24924.289320111147
2023-11-18T00:00:00.000000,768.0,132,636,524.0,22.0,69.0,253270.0,153523.0,990701.0,520427.0,54905.0,38668.0,138712.0,86037.0,106.0,919.0,269691.0,928.0,18269.492441319013
2023-11-19T00:00:00.000000,789.0,162,627,520.0,30.0,77.0,356347.0,241102.0,978024.0,515306.0,48399.0,26713.0,182081.0,122909.0,107.0,849.0,85347.0,1027.0,16985.42119089719
2023-11-20T00:00:00.000000,1276.0,218,1056,857.0,37.0,87.0,468606.0,303846.0,1570800.0,810121.0,76662.0,49539.0,213083.0,143924.0,135.0,1561.0,294506.0,1765.0,21107.28472955179
2023-11-21T00:00:00.000000,1364.0,238,1126,998.0,48.0,105.0,540013.0,349327.0,1656062.0,869868.0,98220.0,55678.0,216199.0,133286.0,142.0,1268.0,166543.0,1593.0,26618.165065926165
2023-11-22T00:00:00.000000,1362.0,229,1131,887.0,42.0,107.0,528096.0,343490.0,1635835.0,858035.0,134500.0,101372.0,203895.0,124923.0,147.0,1469.0,195355.0,1869.0,24354.99851267027
2023-11-23T00:00:00.000000,1131.0,180,949,748.0,48.0,90.0,417099.0,296295.0,1457443.0,749866.0,171518.0,128382.0,161693.0,107968.0,134.0,1439.0,157503.0,1528.0,18443.073654475804
2023-11-24T00:00:00.000000,1080.0,179,899,745.0,35.0,81.0,521534.0,382214.0,1361521.0,697480.0,96619.0,67636.0,284896.0,224207.0,104.0,1093.0,113702.0,1322.0,21497.90116631701
2023-11-25T00:00:00.000000,670.0,121,549,472.0,30.0,51.0,292049.0,197147.0,900892.0,499313.0,82192.0,56004.0,131148.0,87210.0,70.0,662.0,63926.0,850.0,14095.826060899208
2023-11-26T00:00:00.000000,703.0,120,583,504.0,30.0,51.0,294933.0,212364.0,879854.0,458739.0,97841.0,73880.0,108504.0,76509.0,76.0,861.0,86072.0,725.0,15328.97122366377
2023-11-27T00:00:00.000000,1216.0,188,1026,848.0,38.0,90.0,339792.0,197282.0,1583352.0,852651.0,83783.0,45620.0,154811.0,88174.0,130.0,1227.0,114984.0,1544.0,22609.746978858828
2023-11-28T00:00:00.000000,1337.0,239,1098,899.0,35.0,134.0,528786.0,332047.0,1516862.0,790129.0,76861.0,38397.0,285954.0,191330.0,182.0,1567.0,205073.0,1732.0,24799.302670648132
2023-11-29T00:00:00.000000,1320.0,239,1079,881.0,61.0,107.0,595590.0,402768.0,1668893.0,896536.0,171718.0,115658.0,233273.0,150001.0,139.0,1355.0,139375.0,1789.0,23509.56329211832
2023-11-30T00:00:00.000000,1462.0,255,1207,945.0,40.0,136.0,468970.0,287599.0,1870932.0,1002714.0,81260.0,51879.0,233465.0,136819.0,198.0,1492.0,163736.0,1963.0,30991.830688935548
2023-12-01T00:00:00.000000,1114.0,170,944,761.0,32.0,79.0,373956.0,245523.0,1466192.0,777061.0,57444.0,36205.0,169604.0,104520.0,117.0,1495.0,736768.0,1595.0,18867.22443363109
2023-12-02T00:00:00.000000,731.0,123,608,497.0,17.0,72.0,325119.0,216767.0,1077127.0,581707.0,39352.0,23516.0,183643.0,118809.0,97.0,800.0,52475.0,1030.0,17299.804352424017
2023-12-03T00:00:00.000000,759.0,105,654,455.0,20.0,51.0,201262.0,126023.0,1030142.0,559731.0,43536.0,31495.0,100688.0,60391.0,77.0,909.0,64398.0,1100.0,20003.85271893464
2023-12-04T00:00:00.000000,1117.0,181,936,819.0,45.0,85.0,393722.0,253493.0,1435932.0,745330.0,108824.0,72762.0,200501.0,132868.0,121.0,1245.0,96552.0,1550.0,19879.5349095466
2023-12-05T00:00:00.000000,1163.0,196,965,819.0,39.0,101.0,435222.0,280108.0,1505707.0,809496.0,79883.0,48958.0,215425.0,138284.0,132.0,1204.0,82359.0,1498.0,21490.782081727342
2023-12-06T00:00:00.000000,1230.0,218,1011,834.0,53.0,77.0,426366.0,279903.0,1418538.0,695657.0,109773.0,66988.0,150904.0,103022.0,104.0,1326.0,156589.0,1677.0,26695.759198069423
2023-12-07T00:00:00.000000,1177.0,202,975,764.0,25.0,111.0,410161.0,258516.0,1548040.0,780216.0,46026.0,25412.0,254242.0,172160.0,147.0,1211.0,136722.0,1538.0,20799.750628724472
2023-12-08T00:00:00.000000,1127.0,198,929,727.0,37.0,101.0,404850.0,238878.0,1424108.0,716576.0,77345.0,46914.0,175689.0,98095.0,139.0,1324.0,143974.0,1571.0,20274.994541771965
2023-12-09T00:00:00.000000,682.0,110,572,456.0,22.0,41.0,312093.0,212499.0,974022.0,515898.0,67513.0,43742.0,96897.0,60528.0,61.0,758.0,75766.0,843.0,16792.911117855365
2023-12-10T00:00:00.000000,654.0,105,549,435.0,13.0,46.0,294980.0,208816.0,933178.0,507828.0,19546.0,9238.0,98262.0,59529.0,66.0,799.0,103370.0,827.0,15317.712173983897
2023-12-11T00:00:00.000000,1110.0,185,925,742.0,34.0,96.0,360994.0,203795.0,1447064.0,744177.0,76254.0,41281.0,190239.0,110417.0,131.0,1248.0,128944.0,1385.0,20485.032713100278
2023-12-12T00:00:00.000000,1205.0,210,995,805.0,38.0,104.0,611528.0,448612.0,1561420.0,846065.0,68359.0,41918.0,382120.0,291597.0,133.0,1297.0,128947.0,1600.0,21053.356104192208
2023-12-13T00:00:00.000000,1172.0,214,956,802.0,37.0,107.0,443948.0,262437.0,1299227.0,649132.0,93271.0,61493.0,204463.0,118646.0,139.0,1050.0,123906.0,1565.0,22253.881949971772
2023-12-14T00:00:00.000000,1184.0,203,979,804.0,41.0,88.0,434607.0,270067.0,1509421.0,764395.0,86775.0,57072.0,196426.0,121769.0,129.0,1272.0,182233.0,1619.0,21425.561297851997
2023-12-15T00:00:00.000000,1033.0,173,860,698.0,35.0,81.0,333520.0,202311.0,1451634.0,782579.0,53442.0,23922.0,175924.0,112616.0,106.0,1022.0,86332.0,1445.0,18990.99553626339
2023-12-16T00:00:00.000000,643.0,88,555,444.0,16.0,44.0,172940.0,116550.0,920926.0,486750.0,42822.0,31761.0,88332.0,60475.0,68.0,807.0,33130.0,798.0,19076.860793035943
2023-12-17T00:00:00.000000,629.0,112,513,452.0,23.0,49.0,270322.0,184256.0,845228.0,441655.0,60322.0,41556.0,103021.0,68576.0,72.0,683.0,41219.0,839.0,14738.204129525722
2023-12-18T00:00:00.000000,1124.0,185,937,783.0,47.0,84.0,372631.0,230485.0,1391460.0,694740.0,100227.0,63500.0,169133.0,107534.0,107.0,1200.0,60939.0,1549.0,22425.74727992532
2023-12-19T00:00:00.000000,1160.0,199,959,797.0,38.0,96.0,470518.0,304767.0,1495617.0,797870.0,111333.0,79754.0,206990.0,125716.0,124.0,1198.0,102507.0,1508.0,23292.268386463253
2023-12-20T00:00:00.000000,1250.0,219,1029,833.0,41.0,102.0,447082.0,284308.0,1594287.0,846121.0,90587.0,56442.0,185949.0,114773.0,142.0,1477.0,135999.0,1793.0,24448.275124512907
2023-12-21T00:00:00.000000,1097.0,169,928,740.0,42.0,65.0,390479.0,254789.0,1539523.0,796659.0,98141.0,63439.0,142731.0,88352.0,81.0,1187.0,95104.0,1391.0,21408.410312216547
2023-12-22T00:00:00.000000,1066.0,191,873,698.0,36.0,92.0,461997.0,298137.0,1338675.0,692209.0,101726.0,63840.0,218239.0,145459.0,121.0,1299.0,114597.0,1493.0,16134.244603350984
2023-12-23T00:00:00.000000,528.0,89,439,368.0,19.0,35.0,217802.0,135616.0,827737.0,446839.0,40124.0,23352.0,70921.0,45551.0,53.0,581.0,46724.0,635.0,12316.746179843516
2023-12-24T00:00:00.000000,505.0,95,408,335.0,16.0,53.0,231969.0,145905.0,671399.0,361166.0,28446.0,19623.0,133942.0,87519.0,75.0,555.0,53086.0,620.0,9137.686547490188
2023-12-25T00:00:00.000000,483.0,87,396,345.0,18.0,37.0,197107.0,110564.0,601190.0,291753.0,43182.0,25420.0,90563.0,55950.0,46.0,507.0,43464.0,585.0,9179.20489010774
2023-12-26T00:00:00.000000,716.0,126,590,499.0,23.0,52.0,265084.0,169973.0,938811.0,509087.0,58071.0,39069.0,80455.0,44307.0,69.0,740.0,69258.0,943.0,11563.418817865011
2023-12-27T00:00:00.000000,897.0,133,764,597.0,24.0,70.0,270480.0,169725.0,1139696.0,577218.0,46911.0,31904.0,146410.0,89255.0,104.0,850.0,58936.0,1049.0,15405.143322989205
2023-12-28T00:00:00.000000,903.0,137,761,615.0,40.0,63.0,312311.0,200961.0,1289683.0,699821.0,117803.0,74575.0,129942.0,85866.0,82.0,975.0,90781.0,1184.0,13947.026277862682
2023-12-29T00:00:00.000000,818.0,121,697,576.0,27.0,56.0,309254.0,208490.0,1224173.0,667113.0,72335.0,44502.0,111007.0,68949.0,73.0,824.0,67587.0,1126.0,13737.043849065332
2023-12-30T00:00:00.000000,570.0,92,476,378.0,18.0,47.0,225551.0,147391.0,758044.0,409540.0,33191.0,20898.0,114700.0,76816.0,63.0,713.0,57614.0,669.0,11752.010510454944
2023-12-31T00:00:00.000000,502.0,72,430,360.0,9.0,38.0,180609.0,119965.0,739264.0,410615.0,23477.0,16067.0,116839.0,80423.0,52.0,562.0,53825.0,602.0,8559.708681817863
2024-01-01T00:00:00.000000,569.0,106,463,391.0,12.0,51.0,182584.0,105412.0,763914.0,421819.0,17435.0,7987.0,93344.0,58272.0,88.0,643.0,94856.0,826.0,12725.456058757536
2024-01-02T00:00:00.000000,1045.0,161,884,688.0,29.0,75.0,335011.0,209994.0,1439516.0,803361.0,46119.0,23761.0,174325.0,108917.0,94.0,1156.0,93771.0,1491.0,18475.087708174433
2024-01-03T00:00:00.000000,1219.0,176,1041,712.0,38.0,88.0,390318.0,257018.0,1723273.0,870032.0,96007.0,64646.0,179655.0,111803.0,121.0,1360.0,106100.0,1615.0,21811.76657675542
2024-01-04T00:00:00.000000,1204.0,203,997,883.0,38.0,96.0,476584.0,316368.0,1521081.0,787707.0,99102.0,66046.0,224149.0,142418.0,127.0,1417.0,146890.0,1656.0,22113.921340624147
2024-01-05T00:00:00.000000,1079.0,183,896,730.0,30.0,93.0,392316.0,250131.0,1375942.0,689671.0,70783.0,47196.0,206214.0,133532.0,130.0,1122.0,117463.0,1393.0,15927.815011614777
2024-01-06T00:00:00.000000,663.0,134,529,434.0,22.0,73.0,355341.0,234538.0,904840.0,477403.0,55921.0,37142.0,169038.0,109397.0,93.0,963.0,120146.0,830.0,14068.2892286668
2024-01-07T00:00:00.000000,714.0,125,589,486.0,21.0,66.0,295342.0,198125.0,1019527.0,521795.0,57265.0,31466.0,156102.0,105065.0,95.0,855.0,76669.0,909.0,14716.58712180599
2024-01-08T00:00:00.000000,1054.0,163,889,708.0,28.0,79.0,350291.0,229187.0,1364048.0,717126.0,61308.0,39904.0,207303.0,146492.0,116.0,1191.0,100016.0,1506.0,17662.52564635907
2024-01-09T00:00:00.000000,1274.0,232,1042,847.0,45.0,122.0,426656.0,261895.0,1613041.0,881709.0,86385.0,54124.0,226969.0,141931.0,172.0,1362.0,171874.0,1948.0,25720.569299579605
2024-01-10T00:00:00.000000,1253.0,213,1040,815.0,28.0,109.0,393086.0,244953.0,1558612.0,816151.0,52748.0,33975.0,198625.0,122268.0,156.0,1315.0,109745.0,1647.0,25561.370421295665
2024-01-11T00:00:00.000000,1213.0,221,992,796.0,36.0,108.0,497916.0,327455.0,1538230.0,814170.0,82055.0,46700.0,225204.0,147017.0,148.0,1298.0,168212.0,1940.0,21949.764959174576
2024-01-12T00:00:00.000000,1140.0,190,950,785.0,39.0,104.0,453599.0,277041.0,1391490.0,712407.0,100365.0,66587.0,264431.0,162754.0,141.0,1351.0,129581.0,1694.0,21881.346208998355
2024-01-13T00:00:00.000000,709.0,132,577,472.0,24.0,62.0,338055.0,234791.0,982160.0,509629.0,65688.0,49067.0,132203.0,81519.0,88.0,650.0,106145.0,1046.0,9063.90952367683
2024-01-14T00:00:00.000000,644.0,107,537,445.0,19.0,54.0,248631.0,161145.0,900316.0,435028.0,45673.0,28116.0,98940.0,62563.0,65.0,664.0,55472.0,836.0,14151.86963402845
2024-01-15T00:00:00.000000,1130.0,182,946,733.0,38.0,84.0,487875.0,333995.0,1394924.0,689465.0,117380.0,84465.0,203975.0,126401.0,129.0,1330.0,187966.0,1649.0,21254.448593009172
2024-01-16T00:00:00.000000,1167.0,192,975,788.0,31.0,102.0,399684.0,250544.0,1506539.0,776515.0,58819.0,36580.0,215151.0,132885.0,148.0,1244.0,133368.0,1754.0,25113.25158064913
2024-01-17T00:00:00.000000,1336.0,235,1101,858.0,35.0,117.0,546444.0,356747.0,1820720.0,1044017.0,103505.0,69938.0,256574.0,168038.0,178.0,1332.0,149831.0,1901.0,27128.87301198237
2024-01-18T00:00:00.000000,1322.0,227,1093,925.0,38.0,117.0,546004.0,372776.0,1691125.0,906523.0,81647.0,50592.0,248361.0,169210.0,151.0,1366.0,151865.0,1628.0,27216.50260326598
2024-01-19T00:00:00.000000,1215.0,228,987,807.0,47.0,116.0,485542.0,305215.0,1465118.0,778789.0,97190.0,61839.0,250885.0,154068.0,175.0,1323.0,139051.0,1692.0,20289.83420797183
2024-01-20T00:00:00.000000,719.0,126,593,512.0,25.0,58.0,300354.0,194494.0,926378.0,455213.0,65844.0,42535.0,116329.0,67191.0,73.0,753.0,75269.0,957.0,16331.8835324373
2024-01-21T00:00:00.000000,740.0,139,599,499.0,34.0,65.0,360171.0,218687.0,988136.0,512109.0,90314.0,57205.0,183320.0,102833.0,88.0,756.0,79037.0,1018.0,14861.361885703038
2024-01-22T00:00:00.000000,1205.0,177,1028,811.0,22.0,102.0,411513.0,275115.0,1709693.0,855812.0,44976.0,30656.0,207944.0,125765.0,137.0,1254.0,127789.0,1479.0,19889.09200937731
2024-01-23T00:00:00.000000,1235.0,216,1019,830.0,44.0,119.0,466950.0,305049.0,1665945.0,920363.0,110399.0,75733.0,236932.0,146498.0,151.0,1202.0,121183.0,1677.0,19431.55846478947
2024-01-24T00:00:00.000000,1263.0,222,1039,846.0,54.0,103.0,458168.0,266780.0,1457643.0,754955.0,111655.0,60324.0,223184.0,131933.0,145.0,1253.0,129382.0,1682.0,21676.01064951734
2024-01-25T00:00:00.000000,1222.0,203,1019,819.0,37.0,111.0,469873.0,298852.0,1539153.0,784548.0,95038.0,63781.0,241477.0,145078.0,146.0,1206.0,118701.0,1764.0,23606.828675868757
2024-01-26T00:00:00.000000,1186.0,206,980,777.0,49.0,98.0,438590.0,275209.0,1497893.0,781674.0,113588.0,72678.0,218143.0,139256.0,143.0,1079.0,130340.0,1558.0,20654.770472659548
2024-01-27T00:00:00.000000,638.0,116,520,456.0,24.0,62.0,285920.0,189476.0,798727.0,411247.0,44560.0,24325.0,162572.0,112117.0,83.0,583.0,73232.0,856.0,14855.87130396889
2024-01-28T00:00:00.000000,698.0,139,559,490.0,38.0,54.0,306437.0,194472.0,916204.0,471463.0,92467.0,58722.0,114429.0,73723.0,64.0,738.0,68250.0,1073.0,15960.258791608201
2024-01-29T00:00:00.000000,1269.0,227,1038,845.0,50.0,108.0,515369.0,336499.0,1530938.0,819638.0,125769.0,80930.0,234359.0,146684.0,134.0,1372.0,224715.0,1791.0,26237.698708652668
2024-01-30T00:00:00.000000,1268.0,235,1033,851.0,57.0,115.0,469127.0,290367.0,1509780.0,770775.0,132998.0,89080.0,218608.0,133722.0,155.0,1123.0,82233.0,1791.0,20886.44556155178
2024-01-31T00:00:00.000000,1547.0,229,1318,913.0,51.0,108.0,450982.0,283663.0,2151746.0,1120320.0,125600.0,87269.0,184026.0,106931.0,172.0,1567.0,163565.0,1911.0,27019.194363928167
2024-02-01T00:00:00.000000,1297.0,232,1063,841.0,47.0,112.0,601004.0,413356.0,1596040.0,791631.0,169427.0,125795.0,235783.0,162723.0,146.0,1228.0,121061.0,1771.0,22481.327691811748
2024-02-02T00:00:00.000000,1345.0,239,1106,869.0,47.0,117.0,493373.0,306063.0,1705931.0,929412.0,101358.0,60811.0,245591.0,149199.0,149.0,1399.0,149059.0,1624.0,25478.281368412685
2024-02-03T00:00:00.000000,673.0,100,573,465.0,17.0,44.0,274487.0,168261.0,1002512.0,526177.0,36863.0,23114.0,136237.0,88794.0,53.0,615.0,65537.0,984.0,14857.321018317283
2024-02-04T00:00:00.000000,687.0,121,566,502.0,21.0,58.0,248896.0,145361.0,901720.0,449628.0,45177.0,26061.0,107178.0,67217.0,79.0,732.0,48612.0,924.0,11937.162068932203
2024-02-05T00:00:00.000000,1232.0,222,1008,852.0,49.0,100.0,526012.0,344699.0,1650310.0,866100.0,154264.0,108463.0,215418.0,138697.0,126.0,1234.0,82127.0,1861.0,21096.01232427693
2024-02-06T00:00:00.000000,1327.0,230,1095,853.0,45.0,110.0,481957.0,305379.0,1722679.0,900982.0,106521.0,72362.0,221444.0,145545.0,147.0,1324.0,120853.0,1918.0,23215.738392137566
2024-02-07T00:00:00.000000,1360.0,245,1115,895.0,38.0,114.0,572071.0,370984.0,1737974.0,944283.0,101510.0,66128.0,292415.0,195690.0,152.0,1339.0,140294.0,1853.0,26394.61932076492
2024-02-08T00:00:00.000000,1317.0,243,1074,859.0,53.0,117.0,559134.0,365403.0,1525794.0,794969.0,119033.0,70666.0,322165.0,226621.0,158.0,1288.0,150966.0,1853.0,22551.89175593663
2024-02-09T00:00:00.000000,1227.0,200,1026,800.0,33.0,100.0,500799.0,334426.0,1538845.0,779319.0,83226.0,52785.0,274762.0,187416.0,137.0,1199.0,88991.0,1584.0,20776.358922139454
2024-02-10T00:00:00.000000,665.0,92,573,460.0,21.0,44.0,207601.0,132653.0,1013061.0,539528.0,50153.0,30553.0,109005.0,77481.0,58.0,764.0,46799.0,838.0,14569.171034960862
2024-02-11T00:00:00.000000,678.0,128,548,456.0,28.0,60.0,284661.0,191510.0,913938.0,510037.0,61319.0,38407.0,141583.0,99042.0,81.0,628.0,80775.0,890.0,14189.09088101122
2024-02-12T00:00:00.000000,1118.0,187,931,740.0,29.0,84.0,390458.0,237888.0,1562256.0,832454.0,69296.0,44872.0,153454.0,83355.0,118.0,1012.0,91133.0,1717.0,20559.154690718795
2024-02-13T00:00:00.000000,1216.0,183,1030,800.0,38.0,91.0,437098.0,289888.0,1617469.0,857031.0,130420.0,97206.0,211848.0,144209.0,119.0,1251.0,121505.0,1651.0,22377.408733932236
2024-02-14T00:00:00.000000,1177.0,211,966,849.0,28.0,105.0,383431.0,230662.0,1463655.0,750577.0,50595.0,31353.0,198610.0,120512.0,155.0,1179.0,112500.0,1604.0,18456.69900056987
2024-02-15T00:00:00.000000,1280.0,220,1060,849.0,41.0,111.0,478417.0,305214.0,1543664.0,780467.0,94265.0,57477.0,241450.0,158082.0,142.0,1261.0,102309.0,1687.0,20795.462594736848
2024-02-16T00:00:00.000000,1103.0,185,918,721.0,41.0,89.0,448144.0,290038.0,1377736.0,704063.0,107880.0,74124.0,215457.0,141757.0,116.0,1368.0,131601.0,1332.0,19842.542534662436
2024-02-17T00:00:00.000000,614.0,109,505,439.0,23.0,47.0,306944.0,212710.0,823004.0,456635.0,58755.0,35206.0,161206.0,124089.0,68.0,556.0,40370.0,827.0,12215.76616894222
2024-02-18T00:00:00.000000,625.0,108,516,448.0,22.0,42.0,255352.0,184340.0,850006.0,464088.0,47652.0,30664.0,71296.0,45368.0,66.0,671.0,95897.0,802.0,12000.48032844015
2024-02-19T00:00:00.000000,1159.0,200,955,762.0,44.0,101.0,408132.0,269100.0,1405928.0,750392.0,90815.0,54220.0,212566.0,146807.0,154.0,1239.0,153366.0,1589.0,16483.024818859332
2024-02-20T00:00:00.000000,1249.0,227,1022,844.0,39.0,121.0,504005.0,304046.0,1519280.0,795042.0,119850.0,62364.0,241023.0,148848.0,168.0,1401.0,169928.0,1796.0,24637.48763761277
2024-02-21T00:00:00.000000,1276.0,212,1060,837.0,45.0,105.0,416013.0,260265.0,1587263.0,845774.0,90946.0,60330.0,213296.0,133383.0,176.0,1361.0,552233.0,1599.0,20082.39618107668
2024-02-22T00:00:00.000000,1236.0,218,1016,832.0,40.0,116.0,534129.0,368948.0,1552909.0,852053.0,121848.0,90542.0,274290.0,187393.0,158.0,1211.0,124585.0,1779.0,20734.124585204852
2024-02-23T00:00:00.000000,1180.0,212,968,812.0,42.0,102.0,435983.0,282336.0,1435725.0,716556.0,89818.0,49363.0,221807.0,154498.0,149.0,1298.0,128433.0,1599.0,23777.857256487034
2024-02-24T00:00:00.000000,660.0,107,553,452.0,17.0,47.0,254533.0,166811.0,927060.0,477375.0,41991.0,27660.0,126782.0,90342.0,59.0,648.0,52173.0,825.0,12671.27501767156
2024-02-25T00:00:00.000000,614.0,125,487,432.0,20.0,70.0,316755.0,211696.0,778456.0,403059.0,90079.0,69151.0,159827.0,97555.0,122.0,702.0,113618.0,777.0,13226.886650068216
2024-02-26T00:00:00.000000,1156.0,173,983,795.0,29.0,74.0,326349.0,203219.0,1398182.0,718996.0,62189.0,40224.0,148267.0,94984.0,101.0,1165.0,98870.0,1429.0,22563.505608828676
2024-02-27T00:00:00.000000,1386.0,191,1193,812.0,42.0,103.0,358321.0,217618.0,2014287.0,1054611.0,104059.0,66209.0,170833.0,101410.0,147.0,1445.0,94957.0,1778.0,28121.17284393482
2024-02-28T00:00:00.000000,1302.0,244,1054,901.0,50.0,116.0,560334.0,376066.0,1636508.0,842959.0,95721.0,49632.0,323261.0,239989.0,163.0,1279.0,109215.0,1892.0,18276.67749175616
2024-02-29T00:00:00.000000,1199.0,198,997,801.0,38.0,97.0,402002.0,248098.0,1535120.0,786751.0,85938.0,58900.0,207221.0,128532.0,137.0,1214.0,63758.0,1714.0,22278.393248937944
2024-03-01T00:00:00.000000,1072.0,184,884,759.0,30.0,89.0,384704.0,252312.0,1361556.0,723353.0,78964.0,55301.0,190009.0,124903.0,118.0,1005.0,84320.0,1566.0,14629.413877470633
2024-03-02T00:00:00.000000,644.0,114,528,487.0,17.0,64.0,284591.0,195950.0,882217.0,457861.0,52026.0,34685.0,160400.0,111106.0,85.0,646.0,54070.0,853.0,13366.008163106499
2024-03-03T00:00:00.000000,701.0,131,562,461.0,22.0,74.0,283417.0,171892.0,981756.0,472040.0,38060.0,21985.0,150305.0,87787.0,100.0,750.0,66242.0,987.0,15339.901719409067
2024-03-04T00:00:00.000000,1129.0,182,947,757.0,46.0,68.0,359823.0,220074.0,1458829.0,777391.0,87690.0,50896.0,154703.0,98189.0,104.0,1221.0,70962.0,1517.0,17275.356056779932
2024-03-05T00:00:00.000000,1181.0,211,970,801.0,45.0,104.0,468042.0,311709.0,1474698.0,761137.0,133180.0,99266.0,207242.0,135277.0,162.0,1277.0,84948.0,1757.0,22382.40348133608
2024-03-06T00:00:00.000000,1249.0,214,1032,851.0,45.0,96.0,420171.0,264260.0,1559440.0,846978.0,106326.0,73153.0,206389.0,138522.0,130.0,1316.0,169455.0,1587.0,23941.69465519204
2024-03-07T00:00:00.000000,1181.0,190,990,816.0,35.0,96.0,488084.0,339425.0,1544049.0,788037.0,117714.0,84777.0,242479.0,175807.0,131.0,1213.0,66271.0,1571.0,20139.208028131852
2024-03-08T00:00:00.000000,1115.0,212,901,758.0,45.0,106.0,496231.0,323003.0,1381822.0,737166.0,91804.0,48079.0,250813.0,167784.0,136.0,1103.0,120016.0,1419.0,19534.485225057677
2024-03-09T00:00:00.000000,637.0,105,530,445.0,21.0,47.0,221131.0,129630.0,809775.0,422664.0,39415.0,23423.0,122854.0,72113.0,66.0,729.0,60915.0,718.0,14193.785709452242
2024-03-10T00:00:00.000000,580.0,105,473,419.0,16.0,54.0,241102.0,159600.0,802308.0,438506.0,47539.0,32014.0,115096.0,75249.0,72.0,681.0,45891.0,725.0,13082.996997351383
2024-03-11T00:00:00.000000,1069.0,159,910,760.0,34.0,74.0,364787.0,225615.0,1417278.0,739285.0,70344.0,37499.0,149564.0,85541.0,88.0,999.0,69436.0,1372.0,18581.912947659148
2024-03-12T00:00:00.000000,1132.0,217,915,792.0,49.0,98.0,466534.0,297174.0,1442546.0,809911.0,124874.0,89228.0,189499.0,116777.0,137.0,1081.0,132961.0,1669.0,22973.860234439155
2024-03-13T00:00:00.000000,1222.0,216,1006,835.0,29.0,102.0,407582.0,245020.0,1534531.0,798964.0,43821.0,22901.0,199155.0,119677.0,144.0,1313.0,139369.0,1635.0,20352.16728686744
2024-03-14T00:00:00.000000,1204.0,220,984,835.0,40.0,116.0,468931.0,292434.0,1441981.0,782925.0,105381.0,68675.0,244172.0,148032.0,162.0,1458.0,208519.0,1663.0,21910.067610469472
2024-03-15T00:00:00.000000,1116.0,215,901,771.0,38.0,102.0,542066.0,355940.0,1306293.0,690534.0,135992.0,99552.0,238084.0,139259.0,146.0,1030.0,82869.0,1536.0,19920.31487914418
2024-03-16T00:00:00.000000,640.0,111,529,451.0,16.0,54.0,263332.0,177581.0,916094.0,505788.0,31405.0,17518.0,122814.0,83120.0,76.0,678.0,49015.0,947.0,14798.59640478232
2024-03-17T00:00:00.000000,639.0,129,510,459.0,16.0,66.0,324925.0,212800.0,844458.0,463630.0,35705.0,21723.0,192094.0,136248.0,99.0,628.0,95282.0,875.0,13917.825748820715
2024-03-18T00:00:00.000000,1143.0,182,961,783.0,41.0,82.0,463293.0,308699.0,1483022.0,816204.0,67998.0,37268.0,220696.0,157482.0,114.0,1104.0,76752.0,1581.0,24194.865064014197
2024-03-19T00:00:00.000000,1168.0,205,957,785.0,35.0,94.0,558237.0,367958.0,1598056.0,888601.0,77262.0,46448.0,254914.0,161850.0,134.0,1267.0,95458.0,1571.0,17337.507702459727
2024-03-20T00:00:00.000000,1182.0,196,984,805.0,46.0,97.0,475188.0,309840.0,1591798.0,837172.0,138374.0,92773.0,220954.0,148896.0,132.0,1208.0,81458.0,1669.0,25589.19133126801
2024-03-21T00:00:00.000000,1144.0,208,936,773.0,42.0,100.0,448144.0,277956.0,1514779.0,840768.0,96601.0,54235.0,206699.0,128732.0,135.0,1060.0,78702.0,1518.0,22992.832326412616
2024-03-22T00:00:00.000000,1119.0,204,912,765.0,36.0,94.0,354091.0,198601.0,1437966.0,779809.0,69377.0,37716.0,153468.0,87045.0,138.0,1132.0,90230.0,1495.0,17285.06562620462
2024-03-23T00:00:00.000000,646.0,122,524,459.0,21.0,67.0,254344.0,157488.0,933130.0,507044.0,59404.0,39462.0,130177.0,78023.0,96.0,626.0,48818.0,896.0,13667.11251542821
2024-03-24T00:00:00.000000,654.0,124,530,464.0,25.0,58.0,289251.0,190655.0,867745.0,461244.0,60718.0,37373.0,130612.0,84055.0,75.0,556.0,47495.0,931.0,13161.118786309675
2024-03-25T00:00:00.000000,1021.0,167,852,722.0,35.0,88.0,417588.0,284856.0,1267217.0,654597.0,111947.0,82301.0,209548.0,138396.0,121.0,926.0,62927.0,1363.0,16522.090330300358
2024-03-26T00:00:00.000000,1161.0,195,966,785.0,39.0,94.0,469317.0,318178.0,1466207.0,753227.0,129813.0,99981.0,220776.0,141153.0,131.0,999.0,60038.0,1778.0,19812.468941251424
2024-03-27T00:00:00.000000,1102.0,178,924,821.0,39.0,81.0,349211.0,220206.0,1559049.0,835342.0,81792.0,49224.0,172724.0,115063.0,105.0,956.0,77732.0,1391.0,18775.706659690637
2024-03-28T00:00:00.000000,1090.0,179,907,736.0,41.0,88.0,406300.0,275816.0,1414441.0,728813.0,96966.0,61992.0,179300.0,119703.0,107.0,1372.0,73014.0,1450.0,18924.339380965168
2024-03-29T00:00:00.000000,928.0,156,772,644.0,31.0,69.0,376510.0,246925.0,1287272.0,689068.0,67283.0,41211.0,203668.0,137476.0,99.0,817.0,73289.0,1291.0,15544.333897739007
2024-03-30T00:00:00.000000,529.0,92,435,381.0,19.0,46.0,195515.0,121961.0,756295.0,401038.0,47827.0,33601.0,83273.0,48459.0,59.0,501.0,29944.0,726.0,11821.714274517159
2024-03-31T00:00:00.000000,552.0,95,457,394.0,11.0,41.0,230865.0,164222.0,827436.0,477559.0,28583.0,18361.0,94533.0,69108.0,52.0,449.0,29819.0,776.0,11340.462322857878
2024-04-01T00:00:00.000000,868.0,142,726,630.0,28.0,66.0,374840.0,251393.0,1104811.0,548885.0,79873.0,49903.0,164402.0,111535.0,83.0,791.0,55294.0,1169.0,11323.235949237933
2024-04-02T00:00:00.000000,1122.0,225,895,778.0,48.0,90.0,512154.0,339496.0,1407816.0,691955.0,115474.0,74425.0,193206.0,129189.0,117.0,1050.0,104673.0,1739.0,18150.465109772504
2024-04-03T00:00:00.000000,1161.0,214,945,763.0,32.0,89.0,442356.0,267974.0,1406991.0,724952.0,69121.0,45752.0,208871.0,133922.0,121.0,1132.0,110875.0,1597.0,20987.625800054953
2024-04-04T00:00:00.000000,1084.0,188,896,741.0,33.0,98.0,384643.0,233283.0,1394900.0,763800.0,108013.0,73566.0,186064.0,113741.0,131.0,1036.0,107507.0,1412.0,12518.339110014058
2024-04-05T00:00:00.000000,1039.0,178,861,711.0,41.0,78.0,346564.0,210100.0,1249964.0,672485.0,77839.0,42237.0,143143.0,83368.0,110.0,1063.0,98812.0,1374.0,19645.672939761866
2024-04-06T00:00:00.000000,640.0,103,535,434.0,17.0,53.0,240825.0,156158.0,971457.0,556202.0,45897.0,31306.0,136209.0,88434.0,69.0,656.0,41057.0,845.0,12416.926706098113
2024-04-07T00:00:00.000000,625.0,127,498,439.0,20.0,57.0,319647.0,219281.0,822176.0,460592.0,46429.0,28746.0,137383.0,95539.0,71.0,525.0,50441.0,734.0,10619.981189477567
2024-04-08T00:00:00.000000,1068.0,193,875,755.0,40.0,93.0,464158.0,302321.0,1398878.0,725315.0,109894.0,70035.0,206254.0,133665.0,112.0,952.0,78054.0,1416.0,15083.137412599397
2024-04-09T00:00:00.000000,1078.0,195,883,802.0,26.0,114.0,428295.0,268269.0,1401935.0,788421.0,62973.0,39357.0,277807.0,180519.0,153.0,1020.0,85287.0,1594.0,21890.642370160644
2024-04-10T00:00:00.000000,1072.0,176,894,759.0,34.0,91.0,357865.0,218616.0,1329441.0,677312.0,66756.0,40742.0,169271.0,101304.0,126.0,1046.0,86097.0,1498.0,20164.73319118641
2024-04-11T00:00:00.000000,1045.0,176,869,792.0,38.0,78.0,322702.0,196927.0,1401128.0,792488.0,58754.0,31491.0,155782.0,95974.0,100.0,1034.0,61894.0,1533.0,18346.46180125452
2024-04-12T00:00:00.000000,1030.0,188,841,730.0,42.0,93.0,391294.0,251318.0,1358588.0,719566.0,96111.0,64755.0,164386.0,97245.0,135.0,1117.0,95945.0,1505.0,18949.116617502263
2024-04-13T00:00:00.000000,503.0,78,425,378.0,28.0,28.0,199253.0,118240.0,645647.0,344350.0,79360.0,54906.0,67726.0,29167.0,37.0,490.0,21356.0,787.0,9955.2101380959
2024-04-14T00:00:00.000000,570.0,101,469,409.0,19.0,47.0,215576.0,131609.0,851805.0,464775.0,32747.0,20222.0,108753.0,69035.0,62.0,479.0,34359.0,738.0,12438.145280089868
2024-04-15T00:00:00.000000,1050.0,189,861,746.0,39.0,97.0,396760.0,247731.0,1393235.0,769120.0,107162.0,75881.0,159231.0,91139.0,144.0,912.0,119089.0,1509.0,14431.086699901023
2024-04-16T00:00:00.000000,1146.0,190,954,785.0,39.0,82.0,428529.0,270221.0,1483932.0,799002.0,88769.0,54192.0,178850.0,112628.0,114.0,1020.0,83493.0,1538.0,21955.62136184486
2024-04-17T00:00:00.000000,1122.0,222,900,770.0,55.0,88.0,515770.0,338970.0,1407855.0,769198.0,181164.0,137921.0,178516.0,107295.0,121.0,1137.0,83543.0,1473.0,17744.559063590004
2024-04-18T00:00:00.000000,1236.0,216,1018,793.0,40.0,107.0,439231.0,272110.0,1627355.0,872737.0,80321.0,52143.0,200453.0,127743.0,151.0,1126.0,104676.0,1697.0,21880.459088190757
2024-04-19T00:00:00.000000,1102.0,205,897,747.0,37.0,98.0,442030.0,277731.0,1421419.0,780627.0,114329.0,84304.0,184784.0,101255.0,133.0,952.0,69757.0,1594.0,24044.14486533062
2024-04-20T00:00:00.000000,653.0,140,513,436.0,25.0,75.0,300228.0,200117.0,837757.0,444047.0,37287.0,19866.0,164983.0,113771.0,92.0,575.0,55918.0,896.0,10335.518530894646
2024-04-21T00:00:00.000000,584.0,105,479,427.0,12.0,51.0,255715.0,173947.0,759208.0,391678.0,25183.0,19745.0,125682.0,81160.0,70.0,553.0,54009.0,831.0,12881.032391097855
2024-04-22T00:00:00.000000,1040.0,187,853,753.0,40.0,95.0,464318.0,309834.0,1299074.0,681863.0,110880.0,69081.0,227481.0,163110.0,123.0,955.0,55334.0,1480.0,18121.30169515194
2024-04-23T00:00:00.000000,1118.0,183,934,771.0,29.0,96.0,506586.0,353738.0,1496111.0,774767.0,71853.0,42910.0,256494.0,183027.0,121.0,1008.0,78620.0,1447.0,18299.94246785937
2024-04-24T00:00:00.000000,1112.0,200,910,738.0,28.0,100.0,428045.0,264471.0,1540716.0,822781.0,48867.0,30408.0,214030.0,126874.0,146.0,1208.0,126348.0,1268.0,21142.35117834085
2024-04-25T00:00:00.000000,1068.0,190,878,724.0,32.0,88.0,363808.0,220018.0,1318842.0,711303.0,67729.0,33577.0,177851.0,116655.0,117.0,1043.0,67349.0,1533.0,20819.339224603096
2024-04-26T00:00:00.000000,1111.0,165,940,755.0,34.0,79.0,321230.0,182320.0,1640529.0,932893.0,67926.0,31432.0,156962.0,95144.0,105.0,993.0,43534.0,1640.0,21995.1941924749
2024-04-27T00:00:00.000000,579.0,104,475,402.0,16.0,49.0,294544.0,211410.0,843488.0,462374.0,49307.0,36491.0,126013.0,86736.0,65.0,554.0,43983.0,831.0,10557.405337872258
2024-04-28T00:00:00.000000,559.0,117,442,399.0,23.0,55.0,282261.0,200284.0,665228.0,355560.0,38745.0,21512.0,142287.0,103408.0,78.0,548.0,31960.0,771.0,10381.692652328133
2024-04-29T00:00:00.000000,1007.0,180,827,711.0,31.0,83.0,380872.0,222053.0,1364177.0,697257.0,54535.0,26553.0,195136.0,122271.0,121.0,899.0,76265.0,1305.0,16894.26330783051
2024-04-30T00:00:00.000000,1097.0,185,912,749.0,35.0,87.0,374039.0,223510.0,1362256.0,708850.0,67407.0,35159.0,182714.0,110838.0,110.0,1087.0,65880.0,1495.0,20230.414907134014
2024-05-01T00:00:00.000000,846.0,153,693,585.0,34.0,78.0,367234.0,255067.0,1164396.0,624811.0,68070.0,47405.0,217637.0,153324.0,108.0,859.0,70137.0,1198.0,18516.05716374293
2024-05-02T00:00:00.000000,999.0,188,811,723.0,32.0,96.0,507784.0,345179.0,1305233.0,734309.0,88071.0,54630.0,268706.0,182244.0,129.0,934.0,71525.0,1336.0,18018.145780756964
2024-05-03T00:00:00.000000,975.0,180,794,700.0,39.0,89.0,429638.0,280183.0,1305825.0,703493.0,70207.0,43111.0,265144.0,178387.0,118.0,946.0,42887.0,1226.0,19360.981867284714
2024-05-04T00:00:00.000000,618.0,123,495,429.0,26.0,63.0,269801.0,165665.0,766055.0,392049.0,56371.0,31759.0,134218.0,86750.0,107.0,1080.0,227928.0,844.0,14283.719657175629
2024-05-05T00:00:00.000000,598.0,111,487,411.0,27.0,50.0,199510.0,118840.0,758158.0,390969.0,42052.0,23108.0,88364.0,47281.0,64.0,603.0,39819.0,777.0,12126.2519166762
2024-05-06T00:00:00.000000,951.0,142,809,669.0,29.0,67.0,403190.0,282842.0,1294127.0,697331.0,65012.0,42803.0,198191.0,138461.0,104.0,968.0,76668.0,1276.0,16163.762802441222
2024-05-07T00:00:00.000000,1062.0,193,869,725.0,40.0,81.0,389306.0,231307.0,1288526.0,687248.0,71175.0,38191.0,159924.0,94387.0,116.0,953.0,101345.0,1601.0,17879.10301746993
2024-05-08T00:00:00.000000,1130.0,208,920,736.0,36.0,106.0,493498.0,340379.0,1410902.0,708100.0,92883.0,67282.0,247671.0,171592.0,138.0,1094.0,75079.0,1446.0,23103.370793521597
2024-05-09T00:00:00.000000,962.0,172,790,653.0,30.0,67.0,408415.0,278788.0,1373210.0,731799.0,98400.0,71520.0,157608.0,111029.0,87.0,808.0,85398.0,1203.0,15404.898486136208
2024-05-10T00:00:00.000000,944.0,172,772,676.0,36.0,86.0,352223.0,230823.0,1268281.0,705110.0,86980.0,61116.0,176016.0,115170.0,105.0,906.0,59106.0,1218.0,16071.418031475314
2024-05-11T00:00:00.000000,598.0,102,496,421.0,16.0,51.0,284524.0,192048.0,844360.0,477286.0,36025.0,19610.0,167656.0,125432.0,67.0,571.0,52035.0,846.0,13987.703636226033
2024-05-12T00:00:00.000000,531.0,95,436,425.0,17.0,44.0,235027.0,153895.0,724635.0,408636.0,66755.0,50900.0,77993.0,43471.0,60.0,521.0,54400.0,801.0,11478.16911474063
2024-05-13T00:00:00.000000,1054.0,212,842,721.0,37.0,95.0,413170.0,258593.0,1277627.0,674333.0,67680.0,43033.0,208550.0,135816.0,127.0,1051.0,110244.0,1356.0,17644.979080911453
2024-05-14T00:00:00.000000,1051.0,180,868,732.0,34.0,90.0,407225.0,261694.0,1204236.0,611910.0,76682.0,47429.0,218582.0,145517.0,117.0,934.0,62302.0,1586.0,18169.613223601806
2024-05-15T00:00:00.000000,1068.0,209,859,737.0,40.0,116.0,510077.0,342460.0,1494417.0,876598.0,120093.0,81116.0,288497.0,200122.0,167.0,1019.0,130029.0,1552.0,18076.725360901804
2024-05-16T00:00:00.000000,1056.0,187,869,739.0,51.0,74.0,464738.0,300643.0,1410325.0,774068.0,185657.0,128591.0,141601.0,87950.0,96.0,1091.0,61548.0,1482.0,16622.92633053343
2024-05-17T00:00:00.000000,942.0,173,769,646.0,32.0,91.0,389293.0,240102.0,1241096.0,690571.0,72252.0,44355.0,225912.0,143672.0,127.0,881.0,40188.0,1253.0,16353.16516548902
2024-05-18T00:00:00.000000,462.0,77,385,344.0,20.0,34.0,235009.0,175393.0,677260.0,354739.0,53355.0,34565.0,93769.0,70090.0,40.0,404.0,27324.0,593.0,8510.695742777343
2024-05-19T00:00:00.000000,465.0,83,380,338.0,18.0,41.0,188922.0,126773.0,594757.0,325620.0,44377.0,25252.0,104220.0,78366.0,55.0,476.0,34602.0,610.0,10054.7603671033
2024-05-20T00:00:00.000000,860.0,136,724,616.0,26.0,62.0,332096.0,224517.0,1178767.0,606000.0,89098.0,67462.0,127643.0,82286.0,79.0,818.0,33580.0,1245.0,13458.80636278108
2024-05-21T00:00:00.000000,986.0,181,805,714.0,26.0,92.0,343142.0,211203.0,1220589.0,654642.0,55480.0,29311.0,167387.0,110194.0,122.0,901.0,55003.0,1324.0,20417.443005113546
2024-05-22T00:00:00.000000,1005.0,177,828,677.0,33.0,92.0,344603.0,211900.0,1265285.0,691053.0,50309.0,29404.0,177468.0,108401.0,121.0,1217.0,103293.0,1298.0,21080.969022707875
2024-05-23T00:00:00.000000,981.0,144,833,686.0,25.0,82.0,347398.0,230379.0,1329855.0,728612.0,61166.0,34584.0,179129.0,118377.0,109.0,974.0,73153.0,1439.0,18588.803992946774
2024-05-24T00:00:00.000000,934.0,138,796,653.0,21.0,69.0,270135.0,166689.0,1260406.0,663658.0,31535.0,17750.0,130061.0,78704.0,92.0,906.0,59640.0,1238.0,18224.97184541828
2024-05-25T00:00:00.000000,508.0,82,426,340.0,15.0,36.0,149726.0,85799.0,655170.0,345617.0,35753.0,18821.0,66699.0,40089.0,42.0,472.0,30140.0,565.0,11937.33755648963
2024-05-26T00:00:00.000000,490.0,70,418,342.0,10.0,41.0,142980.0,87342.0,685647.0,379039.0,21123.0,12132.0,86883.0,55598.0,72.0,489.0,24990.0,691.0,10492.782256282155
2024-05-27T00:00:00.000000,898.0,170,728,623.0,36.0,80.0,356103.0,219881.0,1306453.0,756410.0,56182.0,26890.0,183887.0,119240.0,114.0,960.0,54923.0,1331.0,11853.535759251312
2024-05-28T00:00:00.000000,998.0,182,816,740.0,33.0,99.0,374673.0,225036.0,1355091.0,738201.0,87805.0,61927.0,187485.0,103863.0,130.0,1006.0,109380.0,1557.0,18454.955991781484
2024-05-29T00:00:00.000000,1006.0,159,845,684.0,34.0,79.0,315416.0,191696.0,1350515.0,724989.0,76306.0,49568.0,140120.0,81139.0,115.0,902.0,57800.0,1444.0,15966.583386139708
2024-05-30T00:00:00.000000,957.0,162,791,666.0,26.0,82.0,323879.0,204124.0,1329879.0,672790.0,59605.0,40972.0,167563.0,105150.0,115.0,896.0,73445.0,1344.0,13385.75076147896
2024-05-31T00:00:00.000000,943.0,151,792,641.0,37.0,70.0,366584.0,237381.0,1251532.0,643259.0,79202.0,43297.0,155886.0,102416.0,82.0,919.0,47620.0,1268.0,17897.188588367608
2024-06-01T00:00:00.000000,449.0,75,374,327.0,17.0,29.0,180649.0,116130.0,559211.0,290790.0,48329.0,33069.0,78302.0,52625.0,35.0,465.0,22273.0,529.0,6795.014865908053
2024-06-02T00:00:00.000000,499.0,81,418,347.0,8.0,35.0,211974.0,147470.0,693640.0,376103.0,26086.0,15036.0,86247.0,60593.0,45.0,503.0,25699.0,644.0,10499.072569169892
2024-06-03T00:00:00.000000,903.0,134,769,652.0,36.0,53.0,369372.0,245194.0,1232523.0,690716.0,132263.0,99820.0,110628.0,65288.0,76.0,773.0,43256.0,1111.0,15911.244257346872
2024-06-04T00:00:00.000000,982.0,168,814,676.0,33.0,74.0,453822.0,318072.0,1239527.0,671021.0,122114.0,94149.0,139409.0,77616.0,96.0,1094.0,86852.0,1317.0,20823.5830394001
2024-06-05T00:00:00.000000,1008.0,181,823,688.0,34.0,82.0,450044.0,296960.0,1341335.0,733402.0,120277.0,89910.0,192852.0,119299.0,106.0,918.0,54177.0,1399.0,13254.4925587734
2024-06-06T00:00:00.000000,953.0,167,784,679.0,34.0,75.0,384837.0,260364.0,1369331.0,739270.0,109047.0,81699.0,167426.0,112214.0,107.0,1150.0,137266.0,1298.0,16312.684873362474
2024-06-07T00:00:00.000000,850.0,146,704,604.0,37.0,56.0,332960.0,213485.0,1187544.0,668819.0,85627.0,53371.0,115362.0,75661.0,66.0,818.0,43084.0,1183.0,12468.363970238672
2024-06-08T00:00:00.000000,478.0,94,384,333.0,9.0,45.0,247520.0,176803.0,683873.0,354751.0,13814.0,5158.0,127078.0,92809.0,64.0,522.0,48086.0,710.0,9821.464325647552
2024-06-09T00:00:00.000000,455.0,93,362,341.0,20.0,35.0,218080.0,143242.0,659505.0,338534.0,54072.0,35028.0,90405.0,61551.0,43.0,479.0,31300.0,661.0,11287.066839174557
2024-06-10T00:00:00.000000,895.0,150,745,641.0,36.0,71.0,347869.0,247572.0,1216692.0,640501.0,64477.0,40031.0,144490.0,100368.0,105.0,879.0,52664.0,1378.0,14286.776329329548
2024-06-11T00:00:00.000000,914.0,157,757,659.0,30.0,67.0,361814.0,237899.0,1144251.0,610302.0,85134.0,54156.0,129994.0,81805.0,95.0,828.0,55588.0,1186.0,18227.02618103934
2024-06-12T00:00:00.000000,954.0,172,780,665.0,34.0,67.0,372495.0,239216.0,1145213.0,554399.0,81405.0,54288.0,182273.0,126269.0,100.0,990.0,53023.0,1242.0,19834.455708995836
2024-06-13T00:00:00.000000,946.0,162,782,670.0,40.0,67.0,331716.0,194211.0,1162914.0,646310.0,68718.0,37107.0,142782.0,81762.0,95.0,940.0,52647.0,1417.0,20254.786702061218
2024-06-14T00:00:00.000000,879.0,140,739,631.0,26.0,69.0,279710.0,158798.0,1208288.0,609776.0,51649.0,28446.0,144827.0,86453.0,88.0,904.0,34724.0,1218.0,17896.718406645763
2024-06-15T00:00:00.000000,423.0,70,351,344.0,12.0,37.0,196042.0,138257.0,584701.0,309825.0,48179.0,38779.0,79736.0,52005.0,57.0,398.0,38739.0,730.0,10139.965883455548
2024-06-16T00:00:00.000000,426.0,74,352,315.0,8.0,45.0,160294.0,110844.0,578373.0,309486.0,28702.0,22218.0,88390.0,55705.0,58.0,456.0,39699.0,529.0,8452.033052543853
2024-06-17T00:00:00.000000,806.0,161,645,573.0,36.0,78.0,328567.0,202720.0,945372.0,481500.0,84581.0,57018.0,161469.0,101098.0,113.0,979.0,335477.0,1255.0,12681.548219614426
2024-06-18T00:00:00.000000,885.0,153,732,642.0,28.0,76.0,410358.0,282073.0,1207196.0,629574.0,74657.0,48765.0,221425.0,155480.0,111.0,977.0,107263.0,1278.0,16034.450491757745
2024-06-19T00:00:00.000000,865.0,142,723,606.0,25.0,73.0,382028.0,249094.0,1139385.0,569580.0,51229.0,21453.0,171884.0,120902.0,102.0,1039.0,206762.0,1281.0,14384.797277191978
2024-06-20T00:00:00.000000,855.0,160,695,596.0,28.0,76.0,422286.0,305331.0,1117561.0,625194.0,84143.0,60165.0,178021.0,121111.0,103.0,883.0,124284.0,1175.0,14828.148462178426
2024-06-21T00:00:00.000000,852.0,159,693,601.0,25.0,77.0,350451.0,217365.0,1093754.0,553238.0,54577.0,35218.0,161335.0,89654.0,116.0,1187.0,161425.0,1263.0,11650.851355366125
2024-06-22T00:00:00.000000,460.0,75,383,315.0,11.0,36.0,154336.0,90972.0,674591.0,341190.0,23968.0,16183.0,88659.0,52024.0,51.0,416.0,18952.0,635.0,9997.432884639227
2024-06-23T00:00:00.000000,449.0,75,372,315.0,10.0,40.0,207737.0,150874.0,677554.0,376236.0,25103.0,16912.0,112839.0,83226.0,45.0,532.0,23005.0,593.0,9426.136640489949
2024-06-24T00:00:00.000000,794.0,114,680,586.0,17.0,63.0,211748.0,129228.0,1032379.0,537425.0,30706.0,17165.0,113035.0,68332.0,87.0,728.0,34717.0,1217.0,12686.280786027532
2024-06-25T00:00:00.000000,854.0,162,690,620.0,25.0,86.0,478880.0,347941.0,1087506.0,590106.0,60546.0,39602.0,225655.0,159201.0,121.0,814.0,55591.0,1164.0,11833.100634061753
2024-06-26T00:00:00.000000,935.0,190,745,665.0,27.0,93.0,394099.0,253099.0,1285786.0,729449.0,59518.0,39006.0,192935.0,118469.0,133.0,959.0,86138.0,1441.0,10907.800043547046
2024-06-27T00:00:00.000000,920.0,192,726,639.0,39.0,97.0,416129.0,258240.0,1171604.0,585218.0,82440.0,53697.0,197477.0,125444.0,139.0,883.0,67993.0,1415.0,15180.41784825211
2024-06-28T00:00:00.000000,794.0,134,660,578.0,29.0,52.0,329761.0,218475.0,938381.0,461596.0,52582.0,28412.0,121936.0,79040.0,68.0,880.0,39237.0,1050.0,15517.715357744322
2024-06-29T00:00:00.000000,413.0,68,341,323.0,7.0,34.0,155987.0,104486.0,653799.0,325164.0,12525.0,7382.0,83795.0,60937.0,46.0,372.0,25467.0,501.0,8961.694846903927
2024-06-30T00:00:00.000000,442.0,82,358,317.0,13.0,46.0,218458.0,138474.0,592239.0,291334.0,25921.0,11870.0,126798.0,86340.0,63.0,438.0,33406.0,497.0,8742.943011177887
2024-07-01T00:00:00.000000,811.0,150,659,602.0,31.0,64.0,338853.0,225664.0,998552.0,525806.0,62429.0,38027.0,122694.0,72736.0,90.0,796.0,43213.0,1224.0,12517.058810672746
2024-07-02T00:00:00.000000,838.0,153,685,626.0,29.0,69.0,303478.0,178533.0,1109376.0,570421.0,73245.0,44537.0,135015.0,82104.0,85.0,767.0,53673.0,1265.0,13316.64633898542
2024-07-03T00:00:00.000000,840.0,161,679,613.0,38.0,71.0,363748.0,228466.0,1042142.0,558813.0,103582.0,70629.0,143337.0,85933.0,96.0,796.0,57978.0,1358.0,12336.728605675942
2024-07-04T00:00:00.000000,825.0,149,676,588.0,17.0,82.0,358617.0,235438.0,1013438.0,499368.0,38398.0,21746.0,196217.0,133392.0,112.0,672.0,46474.0,1139.0,12265.077122463199
2024-07-05T00:00:00.000000,931.0,132,799,575.0,27.0,65.0,291037.0,175378.0,1243760.0,659706.0,42783.0,20296.0,140513.0,85601.0,81.0,865.0,39833.0,1205.0,19393.71722540244
2024-07-06T00:00:00.000000,437.0,70,365,307.0,10.0,29.0,144413.0,82486.0,590720.0,309350.0,22225.0,10928.0,68763.0,39130.0,46.0,427.0,20480.0,556.0,9972.928020897483
2024-07-07T00:00:00.000000,462.0,103,359,352.0,21.0,48.0,307262.0,191819.0,538486.0,281474.0,87491.0,48611.0,141933.0,96215.0,62.0,406.0,20147.0,567.0,8530.72784926673
2024-07-08T00:00:00.000000,858.0,159,699,612.0,29.0,85.0,384094.0,251399.0,1015592.0,538780.0,70593.0,46845.0,206611.0,141267.0,109.0,947.0,51065.0,1120.0,16350.916597085969
2024-07-09T00:00:00.000000,932.0,159,772,639.0,22.0,81.0,332231.0,200302.0,1238924.0,651860.0,38242.0,21618.0,190748.0,121128.0,128.0,1237.0,229770.0,1299.0,13967.024181763314
2024-07-10T00:00:00.000000,910.0,163,745,590.0,23.0,81.0,340017.0,205968.0,1231792.0,661797.0,55440.0,38863.0,185206.0,103728.0,114.0,894.0,44901.0,1253.0,15864.793861153408
2024-07-11T00:00:00.000000,869.0,158,711,590.0,36.0,62.0,410843.0,281597.0,981547.0,494665.0,127864.0,95622.0,144665.0,95920.0,79.0,747.0,38123.0,1293.0,13028.128977609653
2024-07-12T00:00:00.000000,852.0,156,696,582.0,30.0,82.0,297508.0,178152.0,1075216.0,544433.0,56736.0,32448.0,158301.0,98154.0,110.0,730.0,54279.0,1094.0,15313.42233426234
2024-07-13T00:00:00.000000,442.0,87,355,311.0,11.0,53.0,214884.0,138337.0,608970.0,338456.0,22426.0,16060.0,99546.0,60742.0,65.0,336.0,18923.0,547.0,6648.823857245975
2024-07-14T00:00:00.000000,419.0,83,336,307.0,11.0,44.0,230009.0,153180.0,529325.0,284548.0,26583.0,10869.0,136074.0,100215.0,54.0,380.0,24443.0,592.0,9326.812586795217
2024-07-15T00:00:00.000000,853.0,139,714,607.0,25.0,75.0,267429.0,151696.0,984438.0,509613.0,66591.0,38746.0,137211.0,84104.0,109.0,975.0,77069.0,1158.0,14558.331527028327
2024-07-16T00:00:00.000000,878.0,158,720,626.0,37.0,70.0,367774.0,247707.0,1071121.0,534510.0,74688.0,47377.0,138217.0,88418.0,97.0,798.0,51966.0,1287.0,13390.399876704323
2024-07-17T00:00:00.000000,822.0,161,661,578.0,36.0,78.0,325057.0,195373.0,986236.0,521320.0,58928.0,29258.0,162810.0,103644.0,103.0,707.0,47178.0,1258.0,12797.170427024237
2024-07-18T00:00:00.000000,865.0,142,723,614.0,23.0,70.0,278197.0,160118.0,1140772.0,589520.0,51988.0,27753.0,138115.0,83805.0,96.0,802.0,44442.0,1199.0,15211.528400390924
2024-07-19T00:00:00.000000,796.0,157,637,559.0,39.0,79.0,346363.0,214923.0,1049506.0,582748.0,102888.0,72836.0,157995.0,95127.0,95.0,712.0,54561.0,999.0,11640.042812789701
2024-07-20T00:00:00.000000,446.0,74,372,334.0,10.0,32.0,172577.0,111877.0,655480.0,343896.0,18080.0,9346.0,64642.0,37434.0,41.0,372.0,16135.0,520.0,8065.599125620422
2024-07-21T00:00:00.000000,409.0,79,330,299.0,17.0,36.0,198894.0,127941.0,590455.0,322049.0,64395.0,46205.0,70268.0,37369.0,58.0,365.0,21064.0,571.0,9232.088713846131
2024-07-22T00:00:00.000000,821.0,128,691,614.0,18.0,56.0,283521.0,167538.0,1062020.0,557370.0,64446.0,42731.0,97044.0,59445.0,70.0,744.0,45163.0,977.0,12067.256168742995
2024-07-23T00:00:00.000000,922.0,158,764,639.0,28.0,71.0,300530.0,191470.0,1170841.0,636774.0,56517.0,34071.0,127740.0,79524.0,101.0,825.0,37454.0,1170.0,14565.371577554333
2024-07-24T00:00:00.000000,874.0,157,717,603.0,27.0,82.0,380210.0,236803.0,1145577.0,600398.0,83101.0,56768.0,216032.0,133921.0,114.0,790.0,40452.0,1131.0,13965.393397577629
2024-07-25T00:00:00.000000,803.0,133,670,605.0,29.0,57.0,266418.0,161868.0,1070057.0,603363.0,70644.0,40471.0,95055.0,56364.0,78.0,654.0,23314.0,1028.0,16334.91836265938
2024-07-26T00:00:00.000000,814.0,140,672,590.0,22.0,74.0,288382.0,188328.0,1086935.0,561497.0,33128.0,14914.0,125604.0,73932.0,97.0,651.0,34036.0,987.0,15580.72657715758
2024-07-27T00:00:00.000000,432.0,82,350,313.0,22.0,37.0,209411.0,134857.0,613200.0,342687.0,51226.0,35893.0,94436.0,62076.0,47.0,445.0,18654.0,609.0,10532.30022965416
2024-07-28T00:00:00.000000,405.0,74,327,296.0,9.0,34.0,202900.0,143795.0,626123.0,355148.0,25764.0,17891.0,129481.0,100816.0,39.0,363.0,13253.0,524.0,7211.699809559846
2024-07-29T00:00:00.000000,771.0,128,643,539.0,22.0,64.0,279938.0,184562.0,980818.0,517867.0,68848.0,47207.0,121800.0,76544.0,93.0,799.0,59203.0,1069.0,12076.329109710188
2024-07-30T00:00:00.000000,764.0,144,620,546.0,29.0,63.0,303002.0,175788.0,952610.0,488492.0,67117.0,41466.0,134424.0,69562.0,85.0,760.0,35031.0,1174.0,14741.72809782739
2024-07-31T00:00:00.000000,776.0,165,611,568.0,24.0,72.0,355536.0,215503.0,1030827.0,546995.0,53057.0,29197.0,132570.0,71227.0,89.0,681.0,40101.0,1090.0,16866.106120307715
2024-08-01T00:00:00.000000,815.0,143,672,576.0,24.0,66.0,347660.0,229426.0,1087652.0,566284.0,74158.0,49749.0,151590.0,100435.0,98.0,836.0,57919.0,1136.0,13092.148484447282
2024-08-02T00:00:00.000000,739.0,139,600,543.0,15.0,66.0,313054.0,206828.0,945241.0,488946.0,24034.0,15500.0,168648.0,110711.0,92.0,655.0,60198.0,979.0,14733.328081625832
2024-08-03T00:00:00.000000,423.0,89,334,311.0,21.0,39.0,198955.0,109623.0,516409.0,235639.0,61055.0,42757.0,89290.0,43099.0,51.0,482.0,23331.0,590.0,9573.48948402886
2024-08-04T00:00:00.000000,437.0,77,360,310.0,10.0,38.0,224732.0,130002.0,580152.0,277700.0,24606.0,7883.0,121130.0,82191.0,49.0,478.0,19138.0,596.0,10237.502900687783
2024-08-05T00:00:00.000000,830.0,140,690,596.0,23.0,75.0,352300.0,247590.0,1121251.0,567852.0,66223.0,46020.0,183309.0,122757.0,106.0,894.0,71576.0,1121.0,10901.701215331568
2024-08-06T00:00:00.000000,820.0,158,662,586.0,33.0,68.0,370509.0,232973.0,1023493.0,532498.0,80370.0,51519.0,183001.0,126356.0,88.0,781.0,59543.0,1055.0,11794.901340255248
2024-08-07T00:00:00.000000,858.0,147,711,590.0,27.0,71.0,354618.0,250637.0,1076108.0,572252.0,71769.0,50768.0,164832.0,116533.0,104.0,757.0,38299.0,999.0,15509.570498251018
2024-08-08T00:00:00.000000,837.0,150,687,614.0,40.0,73.0,338449.0,213467.0,1098927.0,576239.0,104300.0,66737.0,164752.0,104411.0,108.0,771.0,42740.0,1206.0,13111.078989040925
2024-08-09T00:00:00.000000,716.0,118,598,529.0,17.0,60.0,271654.0,175134.0,965318.0,514203.0,53348.0,39222.0,132106.0,83796.0,84.0,588.0,24171.0,1028.0,13629.920440100577
2024-08-10T00:00:00.000000,378.0,63,315,286.0,15.0,29.0,167725.0,109070.0,603115.0,320886.0,50161.0,36302.0,67864.0,43499.0,38.0,394.0,15337.0,544.0,6615.308321296871
2024-08-11T00:00:00.000000,369.0,60,309,275.0,8.0,28.0,176478.0,133925.0,559997.0,267413.0,15881.0,10562.0,77004.0,53663.0,37.0,334.0,13137.0,449.0,6356.465991890069
2024-08-12T00:00:00.000000,777.0,148,629,564.0,25.0,70.0,333270.0,218193.0,957892.0,519764.0,53038.0,31360.0,167823.0,112146.0,98.0,657.0,26197.0,1108.0,11290.705931659064
2024-08-13T00:00:00.000000,822.0,148,674,578.0,32.0,65.0,303395.0,186610.0,1078575.0,568439.0,77467.0,47875.0,118270.0,74419.0,97.0,800.0,43438.0,1095.0,13537.77470903803
2024-08-14T00:00:00.000000,823.0,139,682,601.0,25.0,70.0,327559.0,224418.0,1115996.0,608143.0,55331.0,36299.0,152265.0,100808.0,88.0,740.0,29671.0,1150.0,16248.573847836578
2024-08-15T00:00:00.000000,721.0,119,600,531.0,27.0,59.0,253033.0,161047.0,920030.0,473036.0,66744.0,41275.0,124125.0,81556.0,83.0,768.0,50057.0,915.0,14847.263396826145
2024-08-16T00:00:00.000000,675.0,106,569,491.0,18.0,55.0,247907.0,154427.0,1037916.0,571715.0,47158.0,25021.0,142616.0,92405.0,73.0,651.0,25566.0,859.0,9847.29466378097
2024-08-17T00:00:00.000000,335.0,53,280,254.0,7.0,31.0,116609.0,67783.0,481081.0,263779.0,21901.0,9478.0,62554.0,36587.0,37.0,387.0,8551.0,367.0,9096.465883244386
2024-08-18T00:00:00.000000,408.0,76,328,300.0,20.0,35.0,158000.0,90565.0,493008.0,250761.0,39122.0,20146.0,80987.0,51463.0,44.0,357.0,12862.0,454.0,9151.645019403444
2024-08-19T00:00:00.000000,808.0,152,656,555.0,18.0,83.0,315055.0,195548.0,939528.0,476211.0,34232.0,17647.0,186293.0,120132.0,103.0,1123.0,283962.0,1123.0,14404.972363395904
2024-08-20T00:00:00.000000,822.0,125,695,577.0,16.0,58.0,285285.0,171954.0,1132429.0,594494.0,39108.0,21541.0,128062.0,80557.0,94.0,912.0,34930.0,1208.0,17522.594255894048
2024-08-21T00:00:00.000000,848.0,158,690,588.0,27.0,70.0,305533.0,194681.0,1033553.0,531858.0,58255.0,35392.0,124557.0,78577.0,92.0,775.0,55973.0,1199.0,15841.727013536927
2024-08-22T00:00:00.000000,827.0,147,680,576.0,25.0,82.0,333735.0,211448.0,1104694.0,560844.0,56135.0,35881.0,192914.0,124898.0,118.0,847.0,158447.0,1205.0,16018.478899585814
2024-08-23T00:00:00.000000,629.0,109,520,472.0,20.0,54.0,280177.0,170784.0,839411.0,443010.0,47318.0,29797.0,123346.0,67897.0,67.0,500.0,36176.0,957.0,10564.267574494797
2024-08-24T00:00:00.000000,344.0,59,285,259.0,14.0,27.0,115228.0,69836.0,535942.0,278650.0,24606.0,12463.0,54231.0,35152.0,30.0,319.0,9598.0,481.0,8057.380464449423
2024-08-25T00:00:00.000000,388.0,64,322,287.0,7.0,27.0,135948.0,84411.0,507160.0,272186.0,10392.0,4589.0,60575.0,36201.0,32.0,368.0,13438.0,466.0,7941.978692729193
2024-08-26T00:00:00.000000,729.0,134,595,539.0,26.0,75.0,345008.0,224969.0,1004741.0,539335.0,84258.0,59016.0,194762.0,125426.0,105.0,680.0,36445.0,995.0,9817.979129253745
2024-08-27T00:00:00.000000,778.0,138,640,579.0,30.0,64.0,269449.0,153152.0,987808.0,511417.0,88352.0,50584.0,111534.0,60942.0,94.0,784.0,37482.0,1173.0,13957.287613337923
2024-08-28T00:00:00.000000,794.0,152,642,580.0,33.0,73.0,428313.0,289177.0,1079254.0,579249.0,114958.0,83705.0,160191.0,91338.0,101.0,804.0,28377.0,1325.0,10240.461889858134
2024-08-29T00:00:00.000000,756.0,147,609,545.0,28.0,52.0,352473.0,206954.0,1081153.0,569200.0,64298.0,31503.0,110943.0,64451.0,81.0,688.0,38105.0,1059.0,14244.713493191859
2024-08-30T00:00:00.000000,727.0,118,609,528.0,22.0,61.0,319103.0,213175.0,1037678.0,586323.0,83446.0,61559.0,157234.0,100674.0,86.0,729.0,44539.0,1029.0,12160.157469063328
2024-08-31T00:00:00.000000,387.0,68,319,287.0,15.0,26.0,167702.0,115013.0,530534.0,273142.0,32860.0,16120.0,42703.0,27952.0,34.0,345.0,25963.0,569.0,7809.159403064617
2024-09-01T00:00:00.000000,413.0,90,323,307.0,17.0,41.0,228422.0,150493.0,580779.0,302161.0,73299.0,57619.0,88374.0,51343.0,60.0,381.0,25605.0,567.0,7224.249343737609
2024-09-02T00:00:00.000000,633.0,126,507,457.0,22.0,77.0,254750.0,136954.0,901014.0,504652.0,66823.0,45993.0,146553.0,68657.0,96.0,565.0,34792.0,1047.0,12330.379890453527
2024-09-03T00:00:00.000000,752.0,129,619,540.0,20.0,72.0,247921.0,142091.0,1019925.0,547851.0,46255.0,29285.0,150528.0,87954.0,105.0,809.0,30896.0,920.0,14769.757871217696
2024-09-04T00:00:00.000000,825.0,163,662,579.0,25.0,79.0,381734.0,256209.0,1132102.0,612832.0,52666.0,34287.0,213058.0,147630.0,104.0,823.0,44924.0,1049.0,10764.90581543658
2024-09-05T00:00:00.000000,823.0,163,660,581.0,39.0,67.0,418993.0,287488.0,1054322.0,521451.0,104183.0,77218.0,119777.0,67061.0,85.0,778.0,37158.0,1182.0,7542.096575830323
2024-09-06T00:00:00.000000,683.0,126,557,553.0,26.0,61.0,263991.0,156730.0,874278.0,454629.0,46668.0,22442.0,136937.0,83827.0,87.0,642.0,34065.0,944.0,11694.478278758515
2024-09-07T00:00:00.000000,396.0,70,325,298.0,15.0,37.0,154127.0,89086.0,584059.0,284610.0,35156.0,25633.0,78682.0,41419.0,56.0,391.0,20160.0,574.0,8671.992275113591
2024-09-08T00:00:00.000000,364.0,66,298,259.0,12.0,32.0,189698.0,133866.0,509618.0,238342.0,22538.0,13335.0,92151.0,61823.0,50.0,433.0,19881.0,474.0,6337.438934039673
2024-09-09T00:00:00.000000,776.0,139,637,573.0,27.0,69.0,353514.0,246221.0,1044649.0,558332.0,85950.0,63322.0,162852.0,110677.0,84.0,726.0,33891.0,1216.0,13236.517853264184
2024-09-10T00:00:00.000000,743.0,132,611,523.0,26.0,61.0,332221.0,219060.0,938477.0,472391.0,91128.0,69038.0,138137.0,94023.0,86.0,667.0,49864.0,1094.0,11872.163643595522
2024-09-11T00:00:00.000000,819.0,150,669,580.0,36.0,68.0,322178.0,203143.0,1000141.0,514593.0,77083.0,44592.0,143148.0,90684.0,91.0,815.0,36691.0,1208.0,15209.232143418729
2024-09-12T00:00:00.000000,802.0,135,667,556.0,28.0,57.0,253727.0,150217.0,1081138.0,542246.0,45179.0,24116.0,105717.0,57930.0,67.0,800.0,41204.0,1022.0,14921.62063638201
2024-09-13T00:00:00.000000,706.0,125,581,540.0,24.0,55.0,226613.0,132310.0,938737.0,478517.0,55955.0,36903.0,101166.0,57395.0,75.0,702.0,43704.0,995.0,14149.570471153791
2024-09-14T00:00:00.000000,375.0,62,313,276.0,9.0,34.0,125817.0,76300.0,530110.0,288156.0,21005.0,11427.0,66730.0,40251.0,46.0,373.0,34982.0,484.0,6637.58264591413
2024-09-15T00:00:00.000000,382.0,75,307,262.0,12.0,34.0,137908.0,78829.0,526394.0,253924.0,20476.0,8995.0,60926.0,32910.0,46.0,349.0,45554.0,561.0,7916.749874379481
2024-09-16T00:00:00.000000,602.0,96,506,462.0,18.0,51.0,225574.0,149320.0,912094.0,492360.0,56097.0,36889.0,121236.0,82154.0,66.0,661.0,39922.0,900.0,12364.344456938601
2024-09-17T00:00:00.000000,677.0,118,559,501.0,25.0,53.0,260504.0,152681.0,913691.0,470054.0,62305.0,38041.0,132460.0,86137.0,70.0,630.0,24963.0,1014.0,13879.990018163295
2024-09-18T00:00:00.000000,727.0,120,607,540.0,20.0,54.0,334223.0,233294.0,1007841.0,531578.0,93975.0,76646.0,141187.0,93246.0,79.0,661.0,31598.0,1022.0,13022.39430476578
2024-09-19T00:00:00.000000,817.0,151,666,562.0,24.0,73.0,360838.0,247668.0,1181329.0,665198.0,60850.0,39838.0,200007.0,146721.0,93.0,1019.0,77067.0,1286.0,10759.695699059508
2024-09-20T00:00:00.000000,706.0,138,566,531.0,27.0,66.0,328910.0,215871.0,954505.0,505699.0,66471.0,46843.0,143743.0,96152.0,89.0,833.0,40303.0,1007.0,13219.041068186247
2024-09-21T00:00:00.000000,331.0,65,266,249.0,5.0,31.0,227311.0,166083.0,440918.0,233081.0,14942.0,10690.0,57540.0,30048.0,44.0,443.0,31337.0,432.0,6108.1657118772855
2024-09-22T00:00:00.000000,352.0,63,289,251.0,14.0,34.0,110769.0,64304.0,543125.0,283742.0,22721.0,15047.0,55797.0,26984.0,42.0,386.0,10882.0,575.0,6869.316289283433
2024-09-23T00:00:00.000000,701.0,94,605,493.0,21.0,37.0,194106.0,123198.0,906619.0,450255.0,38402.0,23251.0,79981.0,52783.0,52.0,714.0,28551.0,999.0,12308.946618787792
2024-09-24T00:00:00.000000,674.0,129,541,522.0,26.0,71.0,262333.0,151963.0,922168.0,494095.0,71947.0,47084.0,126832.0,69676.0,105.0,712.0,61665.0,1013.0,13772.343457552664
2024-09-25T00:00:00.000000,775.0,132,641,571.0,33.0,58.0,402011.0,290244.0,1058450.0,549592.0,109785.0,75956.0,140097.0,93173.0,87.0,822.0,52270.0,1125.0,11686.755141399093
2024-09-26T00:00:00.000000,763.0,141,622,564.0,38.0,52.0,303308.0,186940.0,994691.0,530364.0,74288.0,35141.0,112409.0,75306.0,68.0,815.0,27550.0,1062.0,12990.162034903207
2024-09-27T00:00:00.000000,692.0,136,556,516.0,42.0,44.0,342498.0,221779.0,891176.0,437697.0,115715.0,79109.0,91442.0,58014.0,56.0,616.0,28319.0,1010.0,13189.42077536017
2024-09-28T00:00:00.000000,422.0,87,335,304.0,27.0,35.0,186595.0,112786.0,595454.0,303923.0,54558.0,32806.0,68700.0,38389.0,51.0,507.0,22025.0,575.0,9143.09956263833
2024-09-29T00:00:00.000000,367.0,62,305,283.0,18.0,25.0,148488.0,95954.0,582005.0,315057.0,40640.0,22838.0,43048.0,22539.0,35.0,499.0,20582.0,591.0,8940.31189897036
2024-09-30T00:00:00.000000,681.0,128,553,559.0,34.0,63.0,236823.0,141716.0,1029183.0,565489.0,69662.0,40298.0,119660.0,72819.0,89.0,686.0,42999.0,977.0,14999.557057159498
2024-10-01T00:00:00.000000,831.0,168,663,527.0,49.0,69.0,369790.0,232044.0,1071627.0,559308.0,109879.0,61915.0,148393.0,95809.0,104.0,968.0,53605.0,1059.0,16760.165277531793
2024-10-02T00:00:00.000000,711.0,156,555,511.0,43.0,69.0,298037.0,181745.0,973061.0,528511.0,92502.0,55303.0,118178.0,72165.0,121.0,723.0,62651.0,882.0,7821.3153136025485
2024-10-03T00:00:00.000000,675.0,122,553,476.0,37.0,49.0,288068.0,184629.0,887192.0,447425.0,111894.0,72370.0,85489.0,49694.0,69.0,591.0,24089.0,904.0,12134.199636128145
2024-10-04T00:00:00.000000,679.0,139,540,504.0,52.0,48.0,320801.0,204384.0,925694.0,464805.0,115585.0,73020.0,117740.0,76653.0,69.0,615.0,30712.0,831.0,12177.874282970075
2024-10-05T00:00:00.000000,353.0,66,287,281.0,19.0,26.0,194769.0,138014.0,475123.0,239441.0,79601.0,64797.0,49973.0,29337.0,32.0,375.0,19503.0,440.0,7872.502712625722
2024-10-06T00:00:00.000000,321.0,64,257,250.0,14.0,34.0,210692.0,154060.0,468609.0,258756.0,61241.0,46037.0,106444.0,78570.0,44.0,409.0,70035.0,479.0,5951.716930288003
2024-10-07T00:00:00.000000,657.0,130,527,506.0,44.0,56.0,306617.0,208112.0,849704.0,439467.0,127917.0,92688.0,119657.0,77402.0,77.0,593.0,21900.0,943.0,10387.552134838059
2024-10-08T00:00:00.000000,728.0,149,579,543.0,47.0,59.0,340200.0,205994.0,1024527.0,586782.0,115200.0,70737.0,154266.0,97024.0,91.0,674.0,27316.0,1099.0,8777.887212497551
2024-10-09T00:00:00.000000,721.0,133,588,527.0,31.0,59.0,353283.0,250247.0,965247.0,509690.0,79536.0,50495.0,184373.0,142210.0,78.0,766.0,37586.0,1091.0,10658.179058720789
2024-10-10T00:00:00.000000,694.0,150,543,517.0,48.0,61.0,338363.0,230171.0,897232.0,441750.0,95851.0,59964.0,160218.0,117332.0,69.0,596.0,22088.0,969.0,11275.06624089443
2024-10-11T00:00:00.000000,606.0,115,489,462.0,40.0,47.0,278733.0,181329.0,818433.0,446846.0,104975.0,64876.0,116204.0,77788.0,61.0,569.0,23072.0,832.0,11736.179837079915
2024-10-12T00:00:00.000000,327.0,61,266,250.0,18.0,28.0,125299.0,75785.0,421399.0,211432.0,34501.0,19284.0,61783.0,41309.0,35.0,326.0,15069.0,516.0,6445.80172795786
2024-10-13T00:00:00.000000,357.0,74,283,274.0,23.0,29.0,184727.0,127057.0,518820.0,264142.0,59540.0,40596.0,63253.0,42313.0,43.0,419.0,19149.0,541.0,5970.0424716128255
2024-10-14T00:00:00.000000,626.0,120,506,467.0,47.0,35.0,238254.0,157458.0,810242.0,388899.0,90192.0,57325.0,63677.0,40580.0,43.0,607.0,24087.0,873.0,10858.057895750773
2024-10-15T00:00:00.000000,794.0,165,629,573.0,48.0,68.0,364435.0,239364.0,1051800.0,527042.0,98974.0,60402.0,132309.0,79439.0,84.0,820.0,99952.0,1151.0,12121.147229847938
2024-10-16T00:00:00.000000,676.0,138,538,506.0,38.0,59.0,319720.0,206399.0,825440.0,418257.0,78121.0,45340.0,143285.0,93710.0,79.0,709.0,43215.0,846.0,9140.320443415329
2024-10-17T00:00:00.000000,718.0,141,577,513.0,49.0,48.0,309530.0,175269.0,970621.0,514020.0,133460.0,67981.0,70032.0,39648.0,70.0,884.0,38605.0,1135.0,8641.055306144732
2024-10-18T00:00:00.000000,680.0,133,547,481.0,34.0,53.0,411533.0,286718.0,912621.0,457825.0,98240.0,61039.0,173166.0,128360.0,75.0,625.0,45389.0,918.0,11584.829848535212
2024-10-19T00:00:00.000000,372.0,88,284,276.0,24.0,33.0,232719.0,165323.0,524139.0,265192.0,70823.0,51468.0,114671.0,88505.0,42.0,349.0,18780.0,428.0,7574.340371854892
2024-10-20T00:00:00.000000,360.0,63,297,270.0,25.0,19.0,151135.0,100416.0,569287.0,296025.0,102114.0,75445.0,22369.0,10293.0,25.0,324.0,11482.0,482.0,8601.140243142205
2024-10-21T00:00:00.000000,697.0,135,562,526.0,32.0,60.0,302479.0,185564.0,960549.0,493758.0,88208.0,57836.0,131402.0,78727.0,81.0,771.0,46002.0,860.0,11327.271288238875
2024-10-22T00:00:00.000000,698.0,140,556,515.0,45.0,52.0,365431.0,250612.0,876191.0,441220.0,98525.0,60421.0,120832.0,82720.0,84.0,639.0,67132.0,934.0,10706.868205089762
2024-10-23T00:00:00.000000,708.0,167,541,533.0,47.0,66.0,352625.0,206423.0,860281.0,440445.0,100517.0,62073.0,126517.0,68034.0,82.0,827.0,46490.0,1057.0,10049.989284969532
2024-10-24T00:00:00.000000,688.0,137,551,517.0,51.0,47.0,282179.0,165073.0,904391.0,431360.0,108482.0,64943.0,101622.0,62273.0,63.0,671.0,34856.0,951.0,10130.17037584509
2024-10-25T00:00:00.000000,678.0,144,534,503.0,43.0,65.0,321287.0,205643.0,868288.0,444253.0,90048.0,60567.0,145273.0,93863.0,100.0,742.0,32960.0,1043.0,12634.254812417881
2024-10-26T00:00:00.000000,382.0,59,321,280.0,13.0,25.0,109627.0,66985.0,527249.0,247743.0,33654.0,22778.0,45071.0,26439.0,29.0,375.0,13319.0,501.0,5690.915852108067
2024-10-27T00:00:00.000000,395.0,88,305,281.0,28.0,33.0,264382.0,170302.0,610186.0,331832.0,96369.0,64547.0,78004.0,46128.0,43.0,435.0,17432.0,623.0,8273.310257924306
2024-10-28T00:00:00.000000,712.0,152,558,513.0,42.0,66.0,359895.0,228965.0,962391.0,518423.0,109867.0,68528.0,143027.0,88329.0,82.0,682.0,33437.0,949.0,11413.768745224228
2024-10-29T00:00:00.000000,682.0,131,549,499.0,41.0,50.0,374688.0,261788.0,863355.0,440585.0,128855.0,88823.0,120811.0,76205.0,70.0,698.0,25187.0,907.0,10258.0041965683
2024-10-30T00:00:00.000000,680.0,126,554,521.0,33.0,55.0,323215.0,214798.0,895784.0,471799.0,87595.0,62505.0,128987.0,88938.0,77.0,631.0,21392.0,976.0,9697.36295761959
2024-10-31T00:00:00.000000,625.0,157,468,475.0,51.0,60.0,377580.0,245968.0,742462.0,380128.0,132290.0,84921.0,156595.0,110054.0,75.0,556.0,35957.0,810.0,11139.599122120357
2024-11-01T00:00:00.000000,559.0,122,437,424.0,36.0,52.0,290546.0,183568.0,712424.0,377611.0,129936.0,98071.0,99489.0,52561.0,68.0,505.0,24766.0,610.0,12326.420781380542
2024-11-02T00:00:00.000000,376.0,76,300,272.0,18.0,44.0,137674.0,68076.0,577248.0,319396.0,42577.0,18835.0,76197.0,38937.0,62.0,409.0,16933.0,527.0,7585.193585488301
2024-11-03T00:00:00.000000,381.0,80,301,284.0,18.0,34.0,158743.0,100104.0,523444.0,294873.0,32627.0,19630.0,79560.0,53899.0,55.0,363.0,18018.0,417.0,8822.695447812677
2024-11-04T00:00:00.000000,640.0,127,513,509.0,45.0,47.0,274819.0,167864.0,837076.0,428949.0,105411.0,64310.0,95660.0,58328.0,60.0,609.0,38216.0,827.0,7662.730474825507
2024-11-05T00:00:00.000000,682.0,131,549,518.0,31.0,60.0,348789.0,240075.0,898764.0,464461.0,86516.0,62856.0,172978.0,122627.0,81.0,625.0,30562.0,919.0,11104.214292494944
2024-11-06T00:00:00.000000,618.0,120,498,466.0,31.0,62.0,257800.0,159676.0,884772.0,495803.0,76139.0,46705.0,129602.0,79021.0,95.0,550.0,20000.0,843.0,11394.400505108792
2024-11-07T00:00:00.000000,694.0,161,533,520.0,41.0,67.0,345153.0,219322.0,871257.0,460883.0,111667.0,78034.0,133751.0,80696.0,84.0,663.0,28926.0,958.0,9246.898232674524
2024-11-08T00:00:00.000000,585.0,102,483,448.0,25.0,46.0,241593.0,165749.0,881935.0,476902.0,74773.0,55760.0,96679.0,64055.0,70.0,602.0,17211.0,842.0,8339.76380699557
2024-11-09T00:00:00.000000,341.0,78,263,266.0,22.0,33.0,202029.0,143585.0,529494.0,283462.0,50964.0,32709.0,91220.0,69826.0,40.0,291.0,9417.0,434.0,5136.105141193128
2024-11-10T00:00:00.000000,371.0,79,290,295.0,22.0,32.0,183917.0,117480.0,504137.0,264742.0,72342.0,47720.0,62272.0,41092.0,42.0,324.0,13052.0,509.0,1856.8074756377832
2024-11-11T00:00:00.000000,623.0,137,486,474.0,44.0,60.0,371114.0,249953.0,896718.0,479573.0,133327.0,90916.0,150397.0,97266.0,95.0,593.0,40022.0,890.0,10302.777370114678
2024-11-12T00:00:00.000000,610.0,133,473,458.0,37.0,55.0,307375.0,192003.0,821620.0,418336.0,112987.0,77016.0,109407.0,66999.0,72.0,584.0,20517.0,850.0,7457.231804094474
2024-11-13T00:00:00.000000,779.0,150,629,535.0,38.0,74.0,324562.0,197845.0,1086506.0,584331.0,80672.0,52170.0,146174.0,87278.0,107.0,805.0,68974.0,1224.0,12447.186656638145
2024-11-14T00:00:00.000000,642.0,126,514,488.0,41.0,48.0,302950.0,190411.0,894951.0,455513.0,100471.0,59194.0,128871.0,83497.0,63.0,614.0,47902.0,903.0,11798.340095673133
2024-11-15T00:00:00.000000,633.0,119,514,477.0,27.0,63.0,253105.0,156123.0,825619.0,437402.0,55023.0,35166.0,117754.0,65020.0,80.0,578.0,34223.0,755.0,7814.080453620475
2024-11-16T00:00:00.000000,349.0,77,272,266.0,20.0,30.0,184802.0,119922.0,531812.0,280988.0,62628.0,42490.0,57355.0,33825.0,49.0,357.0,16127.0,479.0,7224.274272818179
2024-11-17T00:00:00.000000,361.0,75,286,284.0,21.0,35.0,201429.0,134733.0,594377.0,312099.0,52237.0,32484.0,97454.0,62877.0,50.0,376.0,17281.0,465.0,6724.591395991184
2024-11-18T00:00:00.000000,607.0,119,482,460.0,32.0,53.0,235385.0,132794.0,805228.0,400691.0,64291.0,36481.0,102272.0,54170.0,76.0,773.0,75553.0,836.0,11123.477378727219
2024-11-19T00:00:00.000000,774.0,148,626,520.0,45.0,56.0,332669.0,211374.0,1041873.0,557051.0,110174.0,72077.0,116381.0,71550.0,79.0,764.0,40556.0,1069.0,12341.191709753468
2024-11-20T00:00:00.000000,727.0,130,597,526.0,34.0,57.0,287138.0,172270.0,959366.0,484635.0,69009.0,42755.0,139759.0,88602.0,80.0,666.0,33766.0,828.0,14134.377265994195
2024-11-21T00:00:00.000000,722.0,155,567,523.0,53.0,57.0,372315.0,244044.0,918127.0,467766.0,143070.0,102224.0,146013.0,95322.0,74.0,580.0,31049.0,961.0,8698.733198004218
2024-11-22T00:00:00.000000,648.0,137,507,495.0,42.0,47.0,383124.0,274846.0,873586.0,448093.0,145947.0,115374.0,118177.0,81456.0,69.0,500.0,27942.0,916.0,7059.185079610314
2024-11-23T00:00:00.000000,349.0,64,285,267.0,16.0,31.0,154274.0,89129.0,524554.0,262812.0,43203.0,29860.0,63492.0,33114.0,37.0,365.0,10874.0,401.0,8795.01105957982
2024-11-24T00:00:00.000000,347.0,62,285,261.0,19.0,21.0,139419.0,90806.0,494703.0,218449.0,38811.0,27149.0,53123.0,33722.0,31.0,326.0,12156.0,499.0,7775.933242460347
2024-11-25T00:00:00.000000,650.0,130,520,468.0,40.0,54.0,269389.0,169395.0,878715.0,472046.0,81879.0,48427.0,127732.0,81175.0,73.0,704.0,31161.0,919.0,10407.255525919654
2024-11-26T00:00:00.000000,732.0,161,571,543.0,62.0,57.0,384222.0,251066.0,912878.0,469416.0,153894.0,103345.0,160301.0,111108.0,80.0,687.0,38732.0,1003.0,9417.846014844186
2024-11-27T00:00:00.000000,626.0,134,490,468.0,43.0,45.0,293214.0,184196.0,819592.0,409531.0,125361.0,81982.0,79816.0,48049.0,54.0,482.0,27390.0,803.0,8654.077496171414
2024-11-28T00:00:00.000000,584.0,124,456,440.0,33.0,51.0,315287.0,209947.0,682013.0,331644.0,78127.0,45911.0,180458.0,137582.0,68.0,466.0,14017.0,775.0,11827.026521032203
2024-11-29T00:00:00.000000,532.0,105,427,393.0,36.0,41.0,247505.0,150056.0,688453.0,347948.0,95894.0,66046.0,68831.0,35491.0,50.0,426.0,19380.0,690.0,9834.090766730598
2024-11-30T00:00:00.000000,361.0,71,290,268.0,16.0,36.0,273045.0,222628.0,555613.0,294750.0,71428.0,59245.0,137055.0,113603.0,47.0,342.0,8145.0,458.0,4750.001861094407
2024-12-01T00:00:00.000000,343.0,67,274,243.0,19.0,30.0,163217.0,104219.0,423460.0,197324.0,60771.0,47322.0,73470.0,38929.0,37.0,319.0,14768.0,378.0,6472.149083175368
2024-12-02T00:00:00.000000,569.0,113,456,433.0,29.0,40.0,211966.0,122843.0,760376.0,385445.0,62332.0,40624.0,59847.0,28782.0,53.0,575.0,29617.0,719.0,7097.51756224928
2024-12-03T00:00:00.000000,700.0,129,571,522.0,37.0,62.0,259021.0,165769.0,921199.0,453070.0,88658.0,61717.0,118851.0,71537.0,89.0,637.0,20874.0,950.0,13117.231719353498
2024-12-04T00:00:00.000000,643.0,129,513,483.0,37.0,58.0,261742.0,156539.0,856862.0,438366.0,97422.0,67251.0,101939.0,55014.0,73.0,559.0,20217.0,856.0,10649.324226021494
2024-12-05T00:00:00.000000,606.0,118,488,465.0,39.0,51.0,284290.0,196059.0,809112.0,432953.0,112663.0,79922.0,126737.0,89219.0,66.0,537.0,18484.0,668.0,10934.728853450382
2024-12-06T00:00:00.000000,569.0,121,448,413.0,27.0,53.0,267045.0,169514.0,755947.0,370972.0,92870.0,67678.0,107459.0,61777.0,56.0,552.0,31228.0,693.0,9503.003096565366
2024-12-07T00:00:00.000000,345.0,68,277,268.0,22.0,22.0,197970.0,129202.0,499979.0,246211.0,82927.0,53350.0,47835.0,30952.0,28.0,273.0,14287.0,405.0,6658.875548331065
2024-12-08T00:00:00.000000,329.0,65,264,249.0,12.0,38.0,182565.0,127673.0,459186.0,255215.0,45283.0,32050.0,85682.0,54816.0,56.0,359.0,15694.0,501.0,4848.115527019578
2024-12-09T00:00:00.000000,535.0,112,423,412.0,47.0,33.0,288691.0,192196.0,773785.0,379199.0,116921.0,68836.0,70509.0,47524.0,51.0,463.0,20035.0,780.0,5255.732165086647
2024-12-10T00:00:00.000000,632.0,134,498,474.0,54.0,48.0,283860.0,170763.0,819224.0,395348.0,138828.0,85293.0,96018.0,57332.0,67.0,570.0,25373.0,952.0,9791.080598456449
2024-12-11T00:00:00.000000,587.0,120,467,442.0,35.0,49.0,241312.0,136985.0,714119.0,329228.0,64789.0,36128.0,98805.0,53339.0,67.0,665.0,16741.0,893.0,11990.69267078105
2024-12-12T00:00:00.000000,600.0,136,464,480.0,51.0,52.0,325523.0,221535.0,795326.0,412207.0,138090.0,95438.0,101485.0,65353.0,73.0,519.0,21530.0,831.0,11156.717264209661
2024-12-13T00:00:00.000000,572.0,129,443,432.0,40.0,59.0,278374.0,185384.0,729828.0,365716.0,94054.0,61567.0,100018.0,59755.0,74.0,590.0,28745.0,814.0,10922.226245068437
2024-12-14T00:00:00.000000,310.0,50,260,241.0,15.0,23.0,99351.0,63566.0,455480.0,253687.0,46192.0,35609.0,34928.0,19181.0,39.0,316.0,22818.0,294.0,6827.002461881163
2024-12-15T00:00:00.000000,323.0,61,262,239.0,22.0,29.0,185732.0,132639.0,456863.0,220542.0,81060.0,59289.0,77366.0,53768.0,37.0,347.0,11628.0,397.0,7248.672325515024
2024-12-16T00:00:00.000000,545.0,109,436,423.0,38.0,43.0,223393.0,136804.0,763763.0,393660.0,99345.0,64530.0,77129.0,45745.0,57.0,609.0,75794.0,736.0,8276.244037690027
2024-12-17T00:00:00.000000,565.0,115,450,437.0,32.0,48.0,268534.0,168167.0,718242.0,344487.0,73339.0,45796.0,127329.0,82889.0,58.0,587.0,33498.0,761.0,10420.190049330715
2024-12-18T00:00:00.000000,565.0,123,442,424.0,34.0,44.0,273721.0,173101.0,816723.0,399944.0,70329.0,43948.0,76458.0,36123.0,58.0,543.0,19392.0,792.0,11833.460321581544
2024-12-19T00:00:00.000000,531.0,112,419,413.0,37.0,48.0,275143.0,179441.0,667178.0,347721.0,109676.0,75693.0,105717.0,69235.0,71.0,593.0,25316.0,761.0,9983.331075544764
2024-12-20T00:00:00.000000,513.0,117,396,393.0,32.0,51.0,244094.0,142517.0,692748.0,368415.0,73808.0,41448.0,113294.0,75441.0,74.0,478.0,20322.0,663.0,7880.624613214047
2024-12-21T00:00:00.000000,250.0,48,202,203.0,13.0,22.0,100814.0,67517.0,394909.0,206775.0,38060.0,28366.0,45252.0,28453.0,33.0,283.0,8821.0,323.0,5130.1645309263995
2024-12-22T00:00:00.000000,284.0,52,232,220.0,9.0,23.0,146786.0,103018.0,394874.0,203823.0,69121.0,62458.0,39994.0,20400.0,41.0,374.0,37434.0,384.0,6625.37143195488
2024-12-23T00:00:00.000000,461.0,107,352,369.0,29.0,48.0,300081.0,220088.0,647121.0,318776.0,85594.0,64550.0,135964.0,99040.0,66.0,399.0,19496.0,585.0,8564.328240755445
2024-12-24T00:00:00.000000,404.0,91,311,313.0,29.0,33.0,174165.0,97068.0,506092.0,254353.0,55827.0,36045.0,71916.0,38559.0,40.0,380.0,10841.0,530.0,6317.535268354733
2024-12-25T00:00:00.000000,297.0,63,234,213.0,14.0,29.0,202251.0,145912.0,399119.0,185514.0,92284.0,75659.0,67873.0,46736.0,37.0,283.0,10922.0,361.0,5180.371830567114
2024-12-26T00:00:00.000000,370.0,79,289,282.0,26.0,31.0,211426.0,126502.0,495542.0,252513.0,88885.0,67397.0,71902.0,37399.0,39.0,353.0,11788.0,454.0,6837.331325480576
2024-12-27T00:00:00.000000,413.0,94,319,324.0,27.0,32.0,253529.0,164876.0,498741.0,245876.0,65922.0,41034.0,81109.0,52029.0,45.0,370.0,23072.0,564.0,4801.312913743005
2024-12-28T00:00:00.000000,346.0,76,266,243.0,18.0,29.0,176748.0,111557.0,447468.0,243381.0,48049.0,32220.0,67843.0,44500.0,37.0,306.0,13580.0,475.0,6844.900831732442
2024-12-29T00:00:00.000000,287.0,61,222,218.0,16.0,27.0,194221.0,143762.0,374244.0,208726.0,48977.0,28219.0,71131.0,54154.0,36.0,324.0,10001.0,282.0,4159.308143439138
2024-12-30T00:00:00.000000,366.0,67,299,299.0,19.0,27.0,142005.0,88088.0,622991.0,343528.0,34651.0,20818.0,53349.0,34268.0,29.0,362.0,13380.0,625.0,5146.182860330006
2024-12-31T00:00:00.000000,326.0,67,259,257.0,19.0,37.0,134616.0,83446.0,439566.0,248829.0,38162.0,22832.0,68230.0,39889.0,56.0,325.0,14528.0,413.0,6361.4624593766985
2025-01-01T00:00:00.000000,246.0,42,204,203.0,14.0,16.0,118606.0,75042.0,356758.0,193107.0,54620.0,34490.0,37945.0,24821.0,21.0,291.0,8720.0,305.0,3695.2096998917327
2025-01-02T00:00:00.000000,435.0,81,354,349.0,20.0,34.0,230435.0,155432.0,584834.0,272671.0,32922.0,13609.0,110347.0,77952.0,43.0,477.0,14227.0,491.0,9276.567710993915
2025-01-03T00:00:00.000000,486.0,101,385,374.0,23.0,54.0,228732.0,141924.0,714520.0,365827.0,60891.0,39968.0,112801.0,66418.0,71.0,468.0,14522.0,623.0,8840.885084032845
2025-01-04T00:00:00.000000,308.0,56,252,237.0,14.0,27.0,144571.0,88857.0,432437.0,208121.0,38100.0,23101.0,78975.0,49053.0,37.0,364.0,16997.0,437.0,7692.232000719417
2025-01-05T00:00:00.000000,334.0,77,257,246.0,15.0,41.0,236228.0,162424.0,375686.0,179746.0,50150.0,31391.0,112120.0,78686.0,50.0,360.0,12691.0,364.0,4028.0268345069317
2025-01-06T00:00:00.000000,585.0,112,471,428.0,32.0,55.0,292284.0,193543.0,726952.0,373819.0,94311.0,60815.0,130317.0,84550.0,74.0,633.0,28529.0,809.0,9920.330558002508
2025-01-07T00:00:00.000000,567.0,122,445,440.0,30.0,61.0,276791.0,172280.0,775997.0,407298.0,92439.0,67869.0,133737.0,79282.0,86.0,578.0,26187.0,835.0,9590.83161630712
2025-01-08T00:00:00.000000,548.0,103,445,441.0,37.0,40.0,276367.0,176205.0,769572.0,401446.0,113610.0,75849.0,96987.0,56651.0,58.0,572.0,18456.0,878.0,9320.090932237821
2025-01-09T00:00:00.000000,551.0,108,443,414.0,34.0,42.0,289936.0,190412.0,671635.0,350061.0,68395.0,43252.0,153348.0,106085.0,57.0,579.0,18323.0,771.0,10104.565288820177
2025-01-10T00:00:00.000000,532.0,125,407,421.0,41.0,51.0,279605.0,176252.0,652702.0,346272.0,104822.0,68454.0,102364.0,56738.0,75.0,484.0,27580.0,811.0,7725.149215547879
2025-01-11T00:00:00.000000,293.0,61,232,238.0,19.0,23.0,174747.0,128990.0,445115.0,233804.0,31745.0,16940.0,74923.0,56438.0,29.0,315.0,7886.0,423.0,5349.932430662264
2025-01-12T00:00:00.000000,322.0,64,258,248.0,21.0,25.0,126667.0,78293.0,416415.0,221775.0,42666.0,23387.0,61465.0,44152.0,34.0,323.0,9663.0,413.0,7903.199432738832
2025-01-13T00:00:00.000000,494.0,94,400,395.0,25.0,42.0,192086.0,121361.0,710449.0,347979.0,66308.0,45544.0,85104.0,53582.0,54.0,556.0,29948.0,622.0,4482.908123740192
2025-01-14T00:00:00.000000,552.0,125,423,448.0,30.0,52.0,277400.0,164801.0,688814.0,338295.0,84368.0,60786.0,94305.0,51650.0,77.0,540.0,19605.0,770.0,11329.948306411694
2025-01-15T00:00:00.000000,589.0,118,471,464.0,37.0,51.0,285800.0,187170.0,807237.0,406369.0,84845.0,53107.0,122411.0,83464.0,79.0,570.0,19348.0,860.0,12854.494567931592
2025-01-16T00:00:00.000000,710.0,152,558,462.0,47.0,62.0,416274.0,295396.0,906985.0,425868.0,156104.0,114058.0,162966.0,119116.0,81.0,713.0,25985.0,936.0,11747.837572453549
2025-01-17T00:00:00.000000,569.0,118,451,441.0,46.0,41.0,301310.0,209332.0,760650.0,377355.0,114167.0,76340.0,99768.0,68106.0,60.0,624.0,25562.0,801.0,8103.053234290405
2025-01-18T00:00:00.000000,298.0,67,231,227.0,16.0,30.0,195252.0,128336.0,466754.0,268603.0,39456.0,20231.0,111048.0,81445.0,36.0,290.0,9135.0,302.0,6151.349533237392
2025-01-19T00:00:00.000000,325.0,77,248,269.0,17.0,41.0,156134.0,97490.0,432723.0,212194.0,41767.0,30312.0,75708.0,44502.0,56.0,395.0,18721.0,305.0,6087.652594133322
2025-01-20T00:00:00.000000,510.0,108,401,392.0,25.0,43.0,289091.0,197912.0,663428.0,325838.0,93861.0,71467.0,106076.0,70573.0,57.0,542.0,18065.0,730.0,9382.228375005807
2025-01-21T00:00:00.000000,558.0,125,433,430.0,36.0,52.0,243283.0,144699.0,714685.0,342797.0,74373.0,46589.0,87789.0,50568.0,89.0,610.0,34956.0,805.0,10695.019327741977
2025-01-22T00:00:00.000000,600.0,141,456,456.0,47.0,53.0,360309.0,242633.0,722714.0,356840.0,159403.0,118889.0,130807.0,84977.0,65.0,511.0,17152.0,748.0,6986.661708007901
2025-01-23T00:00:00.000000,610.0,113,497,466.0,36.0,44.0,246357.0,147114.0,838783.0,411443.0,79414.0,52598.0,93052.0,46757.0,58.0,609.0,15696.0,877.0,8800.78193629939
2025-01-24T00:00:00.000000,564.0,113,449,428.0,35.0,48.0,236666.0,152391.0,801608.0,414882.0,89070.0,58374.0,82576.0,51680.0,62.0,673.0,16576.0,794.0,10218.444495251499
2025-01-25T00:00:00.000000,318.0,73,245,234.0,15.0,28.0,185727.0,111790.0,529773.0,282467.0,44476.0,28804.0,57918.0,33725.0,42.0,251.0,14542.0,485.0,6284.059632670697
2025-01-26T00:00:00.000000,304.0,59,245,236.0,15.0,24.0,133435.0,75551.0,385054.0,190059.0,27733.0,15081.0,45276.0,28012.0,32.0,335.0,9506.0,393.0,6912.975947426828
2025-01-27T00:00:00.000000,524.0,108,416,400.0,28.0,40.0,238801.0,161048.0,678833.0,359882.0,58241.0,35425.0,91811.0,61515.0,52.0,501.0,22971.0,579.0,8443.414307915446
2025-01-28T00:00:00.000000,581.0,127,454,430.0,28.0,59.0,301610.0,193213.0,809110.0,411512.0,74544.0,51577.0,159009.0,101645.0,88.0,650.0,20891.0,778.0,8667.485450463506
2025-01-29T00:00:00.000000,564.0,118,446,406.0,39.0,42.0,311930.0,222253.0,729226.0,337842.0,123020.0,93716.0,93087.0,63139.0,60.0,538.0,18324.0,845.0,8378.874421832228
2025-01-30T00:00:00.000000,552.0,121,429,411.0,42.0,45.0,269461.0,170430.0,638197.0,322513.0,99780.0,65293.0,112262.0,73442.0,55.0,595.0,16094.0,829.0,8630.251639235386
2025-01-31T00:00:00.000000,515.0,94,421,395.0,26.0,33.0,257906.0,168174.0,746227.0,361088.0,58468.0,33178.0,119290.0,91100.0,43.0,556.0,20931.0,784.0,11803.148658065447
2025-02-01T00:00:00.000000,287.0,62,225,227.0,12.0,33.0,185089.0,127630.0,470266.0,229546.0,25204.0,17710.0,90555.0,56842.0,36.0,290.0,7204.0,364.0,5367.921871379841
2025-02-02T00:00:00.000000,316.0,87,229,230.0,34.0,26.0,217632.0,144014.0,407480.0,206246.0,88172.0,57583.0,72290.0,47456.0,34.0,298.0,17537.0,480.0,5426.959760691625
2025-02-03T00:00:00.000000,480.0,99,381,369.0,32.0,38.0,204095.0,134286.0,665457.0,346801.0,76621.0,55072.0,61588.0,34139.0,52.0,503.0,13574.0,655.0,8213.044767383322
2025-02-04T00:00:00.000000,578.0,134,442,435.0,32.0,63.0,355907.0,233988.0,735012.0,388415.0,84209.0,56682.0,169402.0,113322.0,80.0,651.0,31104.0,808.0,8921.271743811314
2025-02-05T00:00:00.000000,614.0,135,479,481.0,39.0,56.0,296253.0,177862.0,833638.0,401219.0,108483.0,69366.0,108125.0,61743.0,77.0,596.0,17395.0,871.0,8491.440905503945
2025-02-06T00:00:00.000000,615.0,135,480,462.0,30.0,62.0,327109.0,215649.0,761319.0,382668.0,86925.0,60104.0,148744.0,95217.0,89.0,676.0,28744.0,775.0,10988.761578667043
2025-02-07T00:00:00.000000,563.0,130,433,418.0,37.0,64.0,319847.0,203519.0,750991.0,380927.0,97074.0,59934.0,154423.0,98408.0,76.0,648.0,22030.0,809.0,7769.608904620187
2025-02-08T00:00:00.000000,382.0,85,297,286.0,29.0,37.0,186114.0,114678.0,575349.0,320548.0,68256.0,41342.0,71028.0,41971.0,51.0,408.0,13897.0,511.0,8195.339881882042
2025-02-09T00:00:00.000000,335.0,84,251,255.0,11.0,33.0,198067.0,132080.0,398968.0,189384.0,32620.0,25448.0,74814.0,52490.0,44.0,360.0,13991.0,492.0,6643.622856833822
2025-02-10T00:00:00.000000,501.0,103,398,385.0,28.0,45.0,284466.0,195275.0,684799.0,330809.0,90475.0,67600.0,88519.0,53484.0,69.0,438.0,15703.0,648.0,7005.618679999783
2025-02-11T00:00:00.000000,570.0,145,425,436.0,39.0,71.0,353140.0,239129.0,689712.0,369005.0,103133.0,68861.0,170599.0,113121.0,93.0,562.0,26427.0,606.0,11235.72299406825
2025-02-12T00:00:00.000000,583.0,127,456,441.0,37.0,61.0,304538.0,201813.0,799948.0,410032.0,113344.0,84194.0,122811.0,72747.0,87.0,623.0,22169.0,717.0,9713.908066244821
2025-02-13T00:00:00.000000,525.0,103,421,458.0,33.0,52.0,214846.0,129149.0,699556.0,335615.0,63858.0,35220.0,121489.0,79609.0,70.0,606.0,14850.0,683.0,11343.070218897692
2025-02-14T00:00:00.000000,594.0,145,447,409.0,24.0,65.0,357533.0,223378.0,720237.0,361581.0,84971.0,63386.0,161370.0,100619.0,96.0,608.0,27023.0,738.0,11968.808690933494
2025-02-15T00:00:00.000000,280.0,65,215,219.0,22.0,28.0,144796.0,87371.0,445906.0,220973.0,45317.0,22898.0,75908.0,49907.0,38.0,297.0,21352.0,348.0,4068.6773629919844
2025-02-16T00:00:00.000000,338.0,64,270,263.0,11.0,36.0,162743.0,90790.0,523395.0,262213.0,23378.0,12851.0,92223.0,54957.0,58.0,311.0,14033.0,476.0,6140.951096650452
2025-02-17T00:00:00.000000,506.0,104,402,397.0,30.0,41.0,253668.0,160275.0,614094.0,307682.0,77976.0,47081.0,109032.0,74708.0,73.0,697.0,34729.0,623.0,9153.133754058304
2025-02-18T00:00:00.000000,552.0,104,448,414.0,31.0,46.0,279541.0,185124.0,824424.0,457662.0,76554.0,50917.0,152662.0,104029.0,57.0,639.0,22977.0,720.0,6273.36140229617
2025-02-19T00:00:00.000000,559.0,120,439,415.0,27.0,58.0,356094.0,245109.0,798790.0,424345.0,79523.0,50352.0,171184.0,121866.0,80.0,612.0,16998.0,754.0,7882.978354897337
2025-02-20T00:00:00.000000,570.0,118,452,431.0,30.0,57.0,312634.0,190682.0,751110.0,381674.0,63851.0,37089.0,175181.0,116583.0,70.0,587.0,14952.0,632.0,8372.188154470809
2025-02-21T00:00:00.000000,497.0,107,390,393.0,28.0,46.0,227058.0,141083.0,652100.0,350600.0,64193.0,44211.0,93587.0,55078.0,68.0,527.0,16070.0,631.0,7841.284122672077
2025-02-22T00:00:00.000000,268.0,57,211,222.0,19.0,23.0,143296.0,92851.0,410521.0,216484.0,42944.0,28019.0,44624.0,27259.0,35.0,317.0,9253.0,341.0,4964.555358196867
2025-02-23T00:00:00.000000,318.0,74,242,228.0,15.0,30.0,178324.0,106131.0,417049.0,222205.0,39334.0,27883.0,86184.0,46190.0,46.0,307.0,11692.0,300.0,7062.683676105423
2025-02-24T00:00:00.000000,531.0,115,416,412.0,38.0,54.0,284573.0,188910.0,680771.0,343943.0,105725.0,73216.0,129595.0,83630.0,75.0,545.0,22321.0,659.0,5917.725203608632
2025-02-25T00:00:00.000000,594.0,124,468,440.0,32.0,60.0,250461.0,141297.0,746335.0,373819.0,60055.0,31971.0,115689.0,62117.0,83.0,664.0,26161.0,741.0,10630.422884806456
2025-02-26T00:00:00.000000,582.0,137,445,428.0,40.0,52.0,262310.0,147088.0,736063.0,390497.0,84693.0,42970.0,92440.0,55382.0,71.0,536.0,22066.0,813.0,9595.017800662665
2025-02-27T00:00:00.000000,596.0,135,461,448.0,43.0,59.0,331943.0,222391.0,763778.0,399534.0,121455.0,90752.0,127504.0,81355.0,88.0,612.0,21692.0,760.0,11419.826759381014
2025-02-28T00:00:00.000000,503.0,111,392,397.0,24.0,50.0,249316.0,154812.0,681961.0,311295.0,50620.0,32034.0,131932.0,79985.0,71.0,506.0,34603.0,531.0,7561.24289495354
2025-03-01T00:00:00.000000,289.0,41,248,224.0,9.0,24.0,109632.0,71697.0,424409.0,225960.0,18916.0,12716.0,61442.0,40016.0,29.0,353.0,6293.0,342.0,5795.702275919463
2025-03-02T00:00:00.000000,294.0,70,224,221.0,21.0,28.0,152935.0,95831.0,396485.0,195034.0,49112.0,31303.0,52918.0,31211.0,34.0,345.0,6843.0,309.0,7047.022436369414
2025-03-03T00:00:00.000000,461.0,96,365,349.0,30.0,39.0,242053.0,163482.0,638418.0,299653.0,86504.0,59517.0,79498.0,54155.0,46.0,483.0,10998.0,481.0,8528.741309704725
2025-03-04T00:00:00.000000,492.0,110,380,379.0,27.0,52.0,215703.0,134574.0,645707.0,340936.0,79567.0,58238.0,77239.0,39970.0,64.0,476.0,11074.0,596.0,6609.836301975483
2025-03-05T00:00:00.000000,562.0,123,439,427.0,39.0,55.0,238821.0,148188.0,741197.0,360954.0,75138.0,46874.0,103105.0,63929.0,81.0,625.0,15082.0,626.0,8997.689566033268
2025-03-06T00:00:00.000000,554.0,113,441,411.0,29.0,49.0,299972.0,205602.0,748249.0,393023.0,81784.0,55350.0,119234.0,84684.0,77.0,660.0,24011.0,682.0,8724.619332864717
2025-03-07T00:00:00.000000,502.0,96,406,377.0,20.0,41.0,244536.0,155920.0,724702.0,372322.0,76100.0,52118.0,102239.0,67972.0,52.0,548.0,12973.0,644.0,8145.002253873903
2025-03-08T00:00:00.000000,275.0,55,220,217.0,13.0,24.0,136158.0,93670.0,362666.0,162682.0,32941.0,21040.0,78676.0,58928.0,33.0,244.0,9302.0,406.0,5766.160996284007
2025-03-09T00:00:00.000000,302.0,82,220,227.0,17.0,43.0,194884.0,123881.0,400198.0,210685.0,39991.0,27825.0,108863.0,70352.0,61.0,371.0,12364.0,361.0,6273.664539875179
2025-03-10T00:00:00.000000,494.0,89,405,379.0,28.0,33.0,235429.0,160730.0,686629.0,365518.0,86446.0,64431.0,81289.0,56097.0,58.0,560.0,12914.0,602.0,5846.703538053221
2025-03-11T00:00:00.000000,538.0,108,430,406.0,26.0,44.0,239230.0,144426.0,707847.0,361503.0,69767.0,44901.0,83135.0,48493.0,54.0,553.0,11731.0,499.0,10577.325510908922
2025-03-12T00:00:00.000000,525.0,111,414,391.0,24.0,43.0,291482.0,204123.0,804869.0,399385.0,84266.0,60398.0,77411.0,48668.0,55.0,571.0,14814.0,746.0,9721.270864091928
2025-03-13T00:00:00.000000,502.0,104,398,396.0,25.0,45.0,256630.0,169867.0,681425.0,338163.0,66787.0,47687.0,102085.0,64698.0,54.0,443.0,15994.0,613.0,7390.300077332442
2025-03-14T00:00:00.000000,480.0,107,373,377.0,37.0,41.0,227262.0,141423.0,685060.0,352639.0,91758.0,59994.0,84069.0,49991.0,56.0,443.0,10871.0,616.0,5810.073335874192
2025-03-15T00:00:00.000000,265.0,61,202,202.0,13.0,26.0,231559.0,168967.0,413696.0,227235.0,26352.0,15153.0,133703.0,107164.0,38.0,260.0,6568.0,291.0,5281.941675428338
2025-03-16T00:00:00.000000,274.0,69,205,206.0,13.0,35.0,165607.0,107743.0,405011.0,206513.0,35125.0,25573.0,96662.0,63295.0,39.0,303.0,8036.0,338.0,4763.873017937233
2025-03-17T00:00:00.000000,475.0,89,386,382.0,15.0,48.0,209454.0,132966.0,639520.0,329600.0,25782.0,15035.0,87598.0,48262.0,71.0,485.0,11618.0,573.0,9957.815356375866
2025-03-18T00:00:00.000000,531.0,110,421,381.0,28.0,43.0,230257.0,153522.0,680880.0,333759.0,93784.0,71727.0,60150.0,37254.0,55.0,459.0,25274.0,574.0,9779.077253477484
2025-03-19T00:00:00.000000,480.0,94,386,372.0,34.0,33.0,285173.0,191869.0,735976.0,395209.0,110141.0,81367.0,108441.0,71600.0,50.0,462.0,8694.0,653.0,7890.220852900423
2025-03-20T00:00:00.000000,599.0,118,481,386.0,34.0,57.0,309748.0,188136.0,923820.0,504022.0,68245.0,38603.0,164381.0,98807.0,83.0,679.0,11720.0,747.0,10709.127243601528
2025-03-21T00:00:00.000000,471.0,108,363,360.0,29.0,39.0,311626.0,213973.0,601869.0,326273.0,99134.0,65869.0,96677.0,61666.0,53.0,533.0,15729.0,648.0,7091.167614462069
2025-03-22T00:00:00.000000,285.0,64,221,233.0,20.0,28.0,141799.0,84395.0,406546.0,197539.0,36566.0,22247.0,70327.0,39236.0,39.0,323.0,15184.0,367.0,7307.083348297024
2025-03-23T00:00:00.000000,247.0,48,199,211.0,13.0,16.0,133267.0,89936.0,359090.0,182412.0,27346.0,16319.0,37917.0,23125.0,20.0,245.0,5078.0,250.0,3602.7197826173933
2025-03-24T00:00:00.000000,474.0,107,367,346.0,29.0,47.0,284316.0,203097.0,573368.0,297524.0,118477.0,96769.0,107041.0,73402.0,70.0,475.0,14070.0,495.0,7171.507882769824
2025-03-25T00:00:00.000000,561.0,112,449,431.0,29.0,40.0,223138.0,142667.0,805966.0,428731.0,83435.0,61561.0,70409.0,38279.0,62.0,625.0,19163.0,739.0,9322.96123929005
2025-03-26T00:00:00.000000,507.0,96,409,390.0,25.0,42.0,219244.0,138125.0,645231.0,313557.0,74212.0,49031.0,81514.0,50791.0,59.0,432.0,9950.0,593.0,10420.920062859766
2025-03-27T00:00:00.000000,509.0,121,388,373.0,32.0,53.0,260504.0,154909.0,662388.0,340755.0,64277.0,37190.0,102375.0,61777.0,74.0,549.0,13044.0,564.0,9160.661333548858
2025-03-28T00:00:00.000000,444.0,107,337,350.0,29.0,43.0,233490.0,142165.0,576923.0,285188.0,92881.0,72662.0,63357.0,35651.0,63.0,492.0,16099.0,505.0,7537.718737798626
2025-03-29T00:00:00.000000,283.0,61,222,216.0,15.0,27.0,97407.0,52984.0,421411.0,224142.0,20391.0,8901.0,58138.0,34393.0,34.0,332.0,7938.0,310.0,6435.651151523212
2025-03-30T00:00:00.000000,232.0,40,192,179.0,6.0,18.0,82489.0,53074.0,386744.0,204718.0,6409.0,3078.0,42677.0,26897.0,24.0,224.0,4195.0,368.0,4837.190010191261
2025-03-31T00:00:00.000000,438.0,103,335,351.0,32.0,29.0,269247.0,183821.0,643819.0,348669.0,99590.0,66404.0,75213.0,54505.0,39.0,358.0,8067.0,606.0,5007.735290241697
2025-04-01T00:00:00.000000,401.0,89,312,326.0,27.0,40.0,203263.0,126283.0,603727.0,337801.0,44218.0,25216.0,114712.0,73092.0,52.0,411.0,13114.0,520.0,6842.233687937944
2025-04-02T00:00:00.000000,449.0,79,370,353.0,21.0,36.0,165311.0,102058.0,657484.0,309571.0,56927.0,40161.0,69772.0,39293.0,45.0,495.0,9102.0,584.0,5259.0460247698775
2025-04-03T00:00:00.000000,434.0,87,347,346.0,31.0,33.0,193900.0,112498.0,662706.0,378552.0,77717.0,49466.0,71028.0,40046.0,45.0,472.0,8230.0,520.0,8340.251126631856
2025-04-04T00:00:00.000000,429.0,86,343,325.0,23.0,34.0,194780.0,131947.0,635090.0,327060.0,48268.0,32391.0,71667.0,49385.0,50.0,394.0,9886.0,465.0,6403.913767603051
2025-04-05T00:00:00.000000,249.0,55,194,203.0,13.0,20.0,133138.0,86450.0,402833.0,229934.0,29805.0,17980.0,46609.0,32495.0,28.0,341.0,6298.0,365.0,3554.2437011505635
2025-04-06T00:00:00.000000,222.0,58,164,190.0,19.0,24.0,126648.0,69208.0,274163.0,132372.0,29943.0,15236.0,67952.0,40280.0,32.0,259.0,9038.0,293.0,4144.653624257973
2025-04-07T00:00:00.000000,388.0,90,298,314.0,27.0,31.0,213652.0,146658.0,502517.0,253042.0,71970.0,50579.0,62531.0,39246.0,38.0,428.0,11817.0,522.0,7222.308264408508
2025-04-08T00:00:00.000000,461.0,94,367,358.0,24.0,34.0,227932.0,143392.0,660769.0,309809.0,62544.0,36002.0,70760.0,46427.0,47.0,490.0,12715.0,538.0,7395.58773316713
2025-04-09T00:00:00.000000,432.0,82,350,346.0,22.0,34.0,187821.0,108177.0,612083.0,320869.0,46221.0,24845.0,75315.0,48867.0,44.0,541.0,8529.0,636.0,8694.107048187545
2025-04-10T00:00:00.000000,393.0,80,313,301.0,22.0,29.0,164007.0,98144.0,564168.0,278151.0,40320.0,25390.0,64437.0,33906.0,37.0,419.0,9639.0,535.0,10370.718265561916
2025-04-11T00:00:00.000000,422.0,84,334,330.0,25.0,45.0,187189.0,117232.0,552624.0,278090.0,45369.0,27185.0,108287.0,76288.0,55.0,475.0,11562.0,593.0,9358.193329342606
2025-04-12T00:00:00.000000,262.0,42,220,184.0,5.0,23.0,83297.0,41707.0,421948.0,224843.0,14301.0,6054.0,46805.0,24533.0,28.0,268.0,4422.0,311.0,5140.193074083075
2025-04-13T00:00:00.000000,232.0,55,177,168.0,6.0,32.0,151129.0,105714.0,275390.0,124497.0,9923.0,6772.0,88044.0,63055.0,43.0,237.0,8485.0,198.0,5245.105851335478
2025-04-14T00:00:00.000000,431.0,89,340,321.0,23.0,41.0,230604.0,144091.0,562771.0,317319.0,68798.0,48221.0,78671.0,43309.0,48.0,469.0,10707.0,520.0,5163.162297468654
2025-04-15T00:00:00.000000,353.0,83,270,266.0,30.0,27.0,197635.0,118859.0,469052.0,267067.0,83472.0,54976.0,69601.0,44560.0,40.0,421.0,9871.0,457.0,6171.04714071675
2025-04-16T00:00:00.000000,387.0,83,304,302.0,22.0,41.0,196565.0,117186.0,511947.0,264416.0,54605.0,32590.0,92530.0,53775.0,52.0,453.0,7882.0,486.0,6750.398036818649
2025-04-17T00:00:00.000000,363.0,84,277,278.0,22.0,32.0,189857.0,122797.0,466929.0,230004.0,72896.0,53086.0,72144.0,46567.0,37.0,474.0,11871.0,498.0,7260.167293187519
2025-04-18T00:00:00.000000,313.0,67,244,236.0,18.0,33.0,240864.0,184232.0,418822.0,224960.0,67392.0,51969.0,121606.0,89863.0,50.0,354.0,8882.0,414.0,5756.34236271646
2025-04-19T00:00:00.000000,184.0,26,158,154.0,4.0,13.0,75163.0,48697.0,316029.0,156667.0,11790.0,8268.0,38378.0,26746.0,19.0,258.0,3436.0,276.0,3813.1871135926453
2025-04-20T00:00:00.000000,180.0,43,137,148.0,15.0,16.0,90880.0,56390.0,246008.0,125350.0,46356.0,32564.0,25532.0,12736.0,19.0,257.0,6085.0,235.0,3462.1607242391588
2025-04-21T00:00:00.000000,310.0,48,262,247.0,10.0,21.0,109649.0,64683.0,488180.0,263252.0,15984.0,6844.0,49592.0,30895.0,30.0,481.0,10518.0,339.0,7246.91918487018
2025-04-22T00:00:00.000000,378.0,73,303,290.0,19.0,38.0,156815.0,97067.0,497165.0,258250.0,36392.0,20514.0,71056.0,40792.0,55.0,479.0,9886.0,507.0,6642.575401329608
2025-04-23T00:00:00.000000,352.0,75,277,278.0,20.0,32.0,221606.0,152152.0,494416.0,247969.0,75133.0,55839.0,80982.0,55737.0,49.0,507.0,11440.0,432.0,3567.1508468906545
2025-04-24T00:00:00.000000,397.0,96,299,311.0,22.0,36.0,251288.0,168848.0,439750.0,209837.0,72694.0,55393.0,88838.0,53190.0,57.0,449.0,10571.0,535.0,6747.583529008074
2025-04-25T00:00:00.000000,368.0,73,293,292.0,22.0,28.0,188666.0,112180.0,460068.0,224343.0,62389.0,41238.0,74474.0,41284.0,36.0,582.0,8791.0,444.0,9020.813868807685
2025-04-26T00:00:00.000000,261.0,59,200,189.0,13.0,27.0,182145.0,128401.0,375911.0,201518.0,41669.0,27851.0,60214.0,37484.0,38.0,364.0,10849.0,367.0,5132.974683587413
2025-04-27T00:00:00.000000,192.0,38,154,162.0,10.0,16.0,121890.0,86940.0,324782.0,161552.0,42801.0,30423.0,28550.0,18700.0,31.0,363.0,8707.0,231.0,4264.341151955124
2025-04-28T00:00:00.000000,341.0,76,261,257.0,17.0,34.0,148361.0,79711.0,447807.0,236992.0,31887.0,18749.0,68997.0,36309.0,47.0,421.0,8940.0,448.0,6035.328274966739
2025-04-29T00:00:00.000000,376.0,78,298,286.0,24.0,28.0,164826.0,86257.0,485483.0,247616.0,66143.0,34023.0,58993.0,34054.0,34.0,442.0,7870.0,521.0,6390.120365576129
2025-04-30T00:00:00.000000,391.0,89,300,308.0,27.0,35.0,194701.0,112068.0,527824.0,273628.0,58283.0,35372.0,54156.0,28279.0,49.0,548.0,17099.0,495.0,8660.456649742535
2025-05-01T00:00:00.000000,246.0,49,195,197.0,14.0,26.0,103927.0,63445.0,320974.0,146495.0,25026.0,15765.0,66327.0,40539.0,37.0,307.0,8170.0,283.0,4344.26585977215
2025-05-02T00:00:00.000000,298.0,66,232,252.0,17.0,33.0,185685.0,128283.0,435923.0,228032.0,67348.0,48059.0,85859.0,59794.0,49.0,468.0,7813.0,475.0,6220.876868061895
2025-05-03T00:00:00.000000,184.0,40,142,139.0,13.0,16.0,119826.0,81908.0,252317.0,127107.0,50316.0,37476.0,49261.0,38768.0,18.0,233.0,4337.0,232.0,3950.4840429582546
2025-05-04T00:00:00.000000,191.0,49,142,147.0,16.0,17.0,148670.0,105342.0,268343.0,130099.0,72562.0,58021.0,35836.0,20018.0,27.0,244.0,7847.0,240.0,3039.9647248707874
2025-05-05T00:00:00.000000,301.0,71,230,246.0,24.0,29.0,154629.0,82222.0,403933.0,197404.0,64396.0,37908.0,57918.0,27106.0,46.0,315.0,8821.0,405.0,4120.711655384583
2025-05-06T00:00:00.000000,347.0,89,254,272.0,29.0,34.0,226263.0,149615.0,454042.0,255490.0,73459.0,51666.0,99542.0,66864.0,42.0,416.0,10608.0,549.0,5673.802841576265
2025-05-07T00:00:00.000000,381.0,96,285,309.0,28.0,43.0,214383.0,140140.0,512203.0,245525.0,67552.0,48078.0,96001.0,59054.0,61.0,531.0,11225.0,590.0,7059.663222011133
2025-05-08T00:00:00.000000,357.0,78,279,275.0,17.0,36.0,204817.0,140545.0,476281.0,251058.0,44702.0,27040.0,108218.0,78076.0,57.0,441.0,16363.0,564.0,6127.214011673638
2025-05-09T00:00:00.000000,361.0,82,279,281.0,21.0,43.0,212554.0,138871.0,530735.0,285904.0,56788.0,35508.0,110100.0,73011.0,55.0,473.0,16995.0,456.0,6533.864586470631
2025-05-10T00:00:00.000000,209.0,46,163,166.0,11.0,23.0,102646.0,60122.0,385290.0,190436.0,35870.0,23389.0,37527.0,19436.0,27.0,222.0,6706.0,189.0,4328.918706427288
2025-05-11T00:00:00.000000,198.0,42,156,163.0,15.0,19.0,141627.0,106053.0,313704.0,154880.0,44459.0,30626.0,62388.0,47743.0,23.0,217.0,4228.0,277.0,3985.704506283471
2025-05-12T00:00:00.000000,315.0,55,260,257.0,11.0,25.0,156714.0,104022.0,465616.0,252191.0,54320.0,40804.0,34871.0,17043.0,31.0,357.0,9858.0,365.0,7569.0510957225815
2025-05-13T00:00:00.000000,366.0,82,284,286.0,21.0,39.0,174484.0,105906.0,492789.0,250521.0,55019.0,37124.0,85191.0,53577.0,63.0,407.0,8265.0,537.0,6675.625802500587
2025-05-14T00:00:00.000000,364.0,77,287,293.0,15.0,35.0,175010.0,109834.0,539389.0,265790.0,36952.0,25289.0,77695.0,49357.0,48.0,470.0,7882.0,548.0,5689.7436501733155
2025-05-15T00:00:00.000000,384.0,75,309,285.0,22.0,27.0,169787.0,101281.0,556725.0,288656.0,69435.0,44905.0,50198.0,27133.0,38.0,384.0,7649.0,488.0,4603.171077192974
2025-05-16T00:00:00.000000,361.0,82,275,270.0,25.0,37.0,172819.0,109252.0,427832.0,212713.0,53159.0,33124.0,76323.0,52573.0,54.0,381.0,8567.0,395.0,8289.046180859632
2025-05-17T00:00:00.000000,221.0,40,180,165.0,10.0,19.0,96694.0,66103.0,324234.0,153366.0,27966.0,16039.0,36620.0,23878.0,29.0,288.0,23687.0,267.0,3334.7482614230366
2025-05-18T00:00:00.000000,164.0,34,130,138.0,9.0,19.0,83113.0,56083.0,250038.0,109473.0,21821.0,11814.0,41801.0,29424.0,25.0,206.0,3829.0,215.0,3435.9035509350874
2025-05-19T00:00:00.000000,285.0,57,228,239.0,14.0,30.0,106531.0,59863.0,369974.0,169311.0,33693.0,23886.0,47784.0,25102.0,43.0,312.0,8619.0,329.0,6275.691988431253
2025-05-20T00:00:00.000000,328.0,68,260,249.0,13.0,34.0,186040.0,133703.0,412606.0,220526.0,69419.0,58665.0,79913.0,54970.0,50.0,640.0,97115.0,419.0,6573.6296547897
2025-05-21T00:00:00.000000,340.0,81,259,255.0,27.0,31.0,176170.0,108107.0,472350.0,241874.0,85745.0,59890.0,46640.0,22309.0,40.0,353.0,9312.0,462.0,5448.6263357076805
2025-05-22T00:00:00.000000,360.0,82,276,261.0,20.0,34.0,165528.0,88747.0,521447.0,253726.0,47388.0,29267.0,56514.0,23604.0,44.0,464.0,9777.0,517.0,6940.295999008611
2025-05-23T00:00:00.000000,358.0,88,270,265.0,24.0,41.0,217583.0,144329.0,456433.0,227469.0,49434.0,29247.0,91769.0,59541.0,55.0,345.0,9883.0,450.0,5881.9541609469015
2025-05-24T00:00:00.000000,196.0,31,165,141.0,8.0,20.0,62413.0,35310.0,308826.0,159400.0,20573.0,12238.0,39908.0,22676.0,27.0,198.0,3308.0,260.0,3648.635061125507
2025-05-25T00:00:00.000000,183.0,40,143,147.0,11.0,17.0,71548.0,44250.0,273748.0,136800.0,10758.0,4285.0,29108.0,17571.0,23.0,184.0,6403.0,212.0,2420.5696558299733
2025-05-26T00:00:00.000000,300.0,66,234,217.0,23.0,29.0,198682.0,133208.0,355601.0,181040.0,100419.0,76579.0,69049.0,40463.0,41.0,333.0,9777.0,398.0,5704.668579536911
2025-05-27T00:00:00.000000,303.0,59,244,240.0,14.0,29.0,138544.0,84928.0,506706.0,276452.0,41419.0,27835.0,76638.0,46973.0,42.0,409.0,18163.0,418.0,6322.186804302681
2025-05-28T00:00:00.000000,339.0,76,261,268.0,23.0,32.0,221022.0,131491.0,457064.0,221784.0,61058.0,30351.0,83696.0,52084.0,47.0,485.0,8770.0,498.0,7205.880769505177
2025-05-29T00:00:00.000000,294.0,51,243,236.0,19.0,19.0,172301.0,119263.0,458125.0,219122.0,77387.0,51070.0,51738.0,34354.0,21.0,322.0,3639.0,353.0,3795.4688208378147
2025-05-30T00:00:00.000000,266.0,61,205,217.0,19.0,31.0,136732.0,89123.0,387692.0,185423.0,58422.0,40620.0,46987.0,26979.0,40.0,317.0,9492.0,411.0,5153.7239069145235
2025-05-31T00:00:00.000000,190.0,43,146,150.0,12.0,20.0,134043.0,91121.0,287139.0,138364.0,40355.0,24361.0,51789.0,35198.0,33.0,285.0,4373.0,298.0,3523.4515494016878
2025-06-01T00:00:00.000000,194.0,36,158,157.0,7.0,16.0,106861.0,76801.0,266488.0,140912.0,11247.0,5123.0,69830.0,53499.0,17.0,206.0,4080.0,222.0,2979.5242494748163
2025-06-02T00:00:00.000000,265.0,52,213,229.0,13.0,15.0,130807.0,82286.0,364774.0,181386.0,34407.0,22492.0,29911.0,15893.0,17.0,262.0,6505.0,439.0,4049.9009019377163
2025-06-03T00:00:00.000000,318.0,66,252,250.0,18.0,29.0,143272.0,89855.0,408493.0,215720.0,42561.0,26720.0,69137.0,47866.0,35.0,434.0,6702.0,422.0,5646.23154618702
2025-06-04T00:00:00.000000,359.0,89,270,277.0,26.0,48.0,192658.0,112985.0,477058.0,251161.0,58243.0,32881.0,101082.0,58103.0,62.0,438.0,12654.0,593.0,5672.391356014057
2025-06-05T00:00:00.000000,366.0,81,285,279.0,15.0,36.0,233435.0,149814.0,471939.0,222070.0,53857.0,34084.0,98362.0,66943.0,54.0,478.0,7228.0,417.0,7085.560763604195
2025-06-06T00:00:00.000000,264.0,59,204,221.0,13.0,20.0,139794.0,86144.0,342724.0,165968.0,39459.0,26955.0,51992.0,32930.0,24.0,320.0,8744.0,364.0,4284.9006211467195
2025-06-07T00:00:00.000000,154.0,37,117,124.0,7.0,16.0,94939.0,54148.0,261200.0,134497.0,16067.0,6125.0,38741.0,18415.0,18.0,212.0,3604.0,188.0,2350.963101183225
2025-06-08T00:00:00.000000,187.0,44,141,140.0,12.0,19.0,79033.0,36847.0,293988.0,158510.0,25183.0,12833.0,28284.0,11132.0,28.0,204.0,4019.0,256.0,5186.746365107611
2025-06-09T00:00:00.000000,266.0,51,215,204.0,19.0,10.0,108231.0,68361.0,362479.0,189494.0,40078.0,22317.0,18473.0,11217.0,15.0,238.0,6191.0,314.0,3539.086670780832
2025-06-10T00:00:00.000000,293.0,73,220,247.0,20.0,26.0,191068.0,131305.0,380321.0,197047.0,49639.0,27396.0,52636.0,32962.0,42.0,430.0,12990.0,508.0,6139.9861438977005
2025-06-11T00:00:00.000000,318.0,76,242,241.0,24.0,32.0,150019.0,86897.0,469822.0,240948.0,61706.0,40181.0,55202.0,29721.0,48.0,369.0,20709.0,458.0,5973.951005192325
2025-06-12T00:00:00.000000,282.0,62,220,235.0,17.0,25.0,151138.0,94241.0,377278.0,176384.0,50968.0,36098.0,58094.0,35211.0,33.0,436.0,10881.0,501.0,5205.39974761729
2025-06-13T00:00:00.000000,244.0,59,185,203.0,20.0,21.0,152603.0,99467.0,349647.0,169951.0,51763.0,32918.0,58338.0,39718.0,23.0,221.0,7086.0,382.0,4557.046062128449
2025-06-14T00:00:00.000000,169.0,40,129,130.0,8.0,18.0,81196.0,56281.0,218518.0,117608.0,9572.0,5340.0,41966.0,28434.0,26.0,178.0,9823.0,214.0,3798.8089568674195
2025-06-15T00:00:00.000000,127.0,25,102,104.0,2.0,14.0,52140.0,28269.0,205195.0,98060.0,8960.0,6779.0,19299.0,11411.0,20.0,182.0,5452.0,181.0,3632.16427556424
2025-06-16T00:00:00.000000,325.0,77,248,256.0,15.0,41.0,226134.0,154013.0,383150.0,178843.0,47490.0,34392.0,92588.0,54106.0,50.0,378.0,7058.0,482.0,6786.554300158246
2025-06-17T00:00:00.000000,307.0,57,250,229.0,11.0,30.0,144303.0,96402.0,407969.0,187189.0,49948.0,42724.0,55020.0,26446.0,53.0,330.0,7019.0,429.0,7430.661086076041
2025-06-18T00:00:00.000000,303.0,70,233,232.0,20.0,26.0,179561.0,126759.0,418859.0,220574.0,44782.0,28895.0,75759.0,55296.0,37.0,346.0,7794.0,536.0,5337.425024064192
2025-06-19T00:00:00.000000,281.0,71,210,234.0,16.0,29.0,170511.0,107625.0,392947.0,204113.0,39910.0,24525.0,56313.0,36889.0,41.0,248.0,7368.0,448.0,5163.825333468171
2025-06-20T00:00:00.000000,247.0,57,190,196.0,19.0,23.0,176618.0,118508.0,379633.0,189652.0,79075.0,59610.0,63627.0,38658.0,35.0,305.0,6261.0,330.0,3547.67523944658
2025-06-21T00:00:00.000000,149.0,41,108,113.0,11.0,22.0,91942.0,52299.0,249929.0,144246.0,38154.0,28772.0,41773.0,19001.0,37.0,174.0,6640.0,226.0,3492.598601188329
2025-06-22T00:00:00.000000,137.0,28,105,117.0,11.0,13.0,54670.0,32907.0,218888.0,93409.0,20238.0,11963.0,26615.0,16984.0,16.0,212.0,3793.0,190.0,2220.9359144915243
2025-06-23T00:00:00.000000,255.0,40,215,204.0,10.0,16.0,112079.0,66304.0,462669.0,261912.0,36987.0,22372.0,28039.0,14960.0,22.0,397.0,6146.0,423.0,7296.445432580858
2025-06-24T00:00:00.000000,300.0,67,231,227.0,11.0,31.0,191955.0,129941.0,344555.0,169190.0,41364.0,30120.0,91445.0,68039.0,48.0,393.0,13338.0,413.0,5257.874627531033
2025-06-25T00:00:00.000000,260.0,52,206,221.0,15.0,20.0,116837.0,77028.0,357740.0,174000.0,43032.0,29074.0,25565.0,14083.0,22.0,360.0,4713.0,430.0,5585.693026460454
2025-06-26T00:00:00.000000,305.0,70,233,245.0,18.0,32.0,219405.0,160984.0,536592.0,277717.0,35147.0,22027.0,119763.0,90524.0,45.0,376.0,5623.0,473.0,4621.69245317573
2025-06-27T00:00:00.000000,245.0,59,186,190.0,18.0,27.0,108430.0,60664.0,351202.0,161367.0,43759.0,28512.0,45908.0,23559.0,35.0,266.0,5935.0,426.0,4932.195239076499
2025-06-28T00:00:00.000000,171.0,44,127,135.0,8.0,14.0,97523.0,51826.0,241600.0,123881.0,21019.0,12758.0,25370.0,12608.0,19.0,144.0,9044.0,244.0,4509.419472619457
2025-06-29T00:00:00.000000,156.0,28,126,128.0,11.0,13.0,58165.0,31881.0,249070.0,137554.0,25420.0,13252.0,29444.0,17336.0,18.0,174.0,2658.0,193.0,3466.770190565222
2025-06-30T00:00:00.000000,237.0,46,191,193.0,12.0,19.0,95159.0,56226.0,381529.0,201394.0,35177.0,22133.0,31959.0,19122.0,26.0,300.0,4584.0,318.0,7049.084248275351
2025-07-01T00:00:00.000000,231.0,49,180,175.0,10.0,21.0,105327.0,60998.0,404562.0,173187.0,17974.0,9969.0,49118.0,28319.0,24.0,510.0,14844.0,292.0,4999.669176478788
2025-07-02T00:00:00.000000,278.0,67,211,224.0,19.0,27.0,118935.0,61193.0,370588.0,196146.0,31147.0,12741.0,51507.0,28868.0,31.0,334.0,9049.0,430.0,4899.848759230974
2025-07-03T00:00:00.000000,259.0,68,187,199.0,23.0,20.0,144891.0,87647.0,341016.0,153776.0,60282.0,40263.0,39577.0,21647.0,29.0,305.0,9065.0,433.0,4656.878441538446
2025-07-04T00:00:00.000000,201.0,44,155,155.0,12.0,25.0,79836.0,47404.0,310768.0,146416.0,25369.0,15357.0,40908.0,22185.0,32.0,268.0,3496.0,280.0,4302.739893095619
2025-07-05T00:00:00.000000,162.0,33,129,121.0,10.0,16.0,129206.0,95525.0,214575.0,97416.0,28006.0,17481.0,86696.0,71166.0,18.0,360.0,9935.0,214.0,3544.859050192318
2025-07-06T00:00:00.000000,161.0,28,131,115.0,7.0,12.0,53350.0,33485.0,263558.0,123388.0,14762.0,8324.0,18408.0,10271.0,15.0,207.0,5614.0,245.0,3215.1920449657678
2025-07-07T00:00:00.000000,278.0,57,220,211.0,12.0,33.0,149104.0,100402.0,414158.0,203083.0,30434.0,21102.0,99462.0,69497.0,50.0,260.0,8187.0,403.0,4133.858698647449
2025-07-08T00:00:00.000000,259.0,54,205,199.0,7.0,33.0,124190.0,77177.0,369214.0,185835.0,10589.0,5859.0,88378.0,59919.0,43.0,284.0,6298.0,343.0,4891.612966787054
2025-07-09T00:00:00.000000,290.0,68,222,225.0,17.0,28.0,147859.0,86740.0,375812.0,185484.0,35395.0,20432.0,60265.0,36788.0,37.0,304.0,6804.0,324.0,5668.743826552649
2025-07-10T00:00:00.000000,247.0,54,189,189.0,16.0,22.0,125151.0,86136.0,309300.0,156429.0,58093.0,44195.0,42881.0,26994.0,27.0,220.0,7756.0,327.0,4389.362485784768
2025-07-11T00:00:00.000000,247.0,59,188,209.0,19.0,28.0,198006.0,126969.0,450534.0,220852.0,97880.0,71811.0,73613.0,40094.0,43.0,280.0,5194.0,421.0,5784.475112960289
2025-07-12T00:00:00.000000,122.0,22,100,95.0,3.0,15.0,45500.0,30448.0,157261.0,78112.0,5197.0,3149.0,29878.0,19771.0,16.0,136.0,2227.0,162.0,2800.255480797102
2025-07-13T00:00:00.000000,114.0,22,92,95.0,6.0,10.0,50980.0,28437.0,189970.0,88644.0,13843.0,9417.0,28307.0,15552.0,13.0,138.0,1769.0,125.0,2165.2619771591067
2025-07-14T00:00:00.000000,225.0,46,179,175.0,8.0,20.0,179168.0,81029.0,282080.0,133692.0,16155.0,8864.0,62281.0,32086.0,31.0,238.0,6837.0,288.0,4691.406171063471
2025-07-15T00:00:00.000000,262.0,72,190,208.0,20.0,33.0,157840.0,101661.0,376571.0,175501.0,36342.0,19581.0,54740.0,32606.0,46.0,296.0,20356.0,410.0,5926.427185436601
2025-07-16T00:00:00.000000,269.0,62,207,202.0,11.0,29.0,139940.0,74334.0,382414.0,203333.0,25225.0,15061.0,65537.0,33118.0,36.0,312.0,5498.0,370.0,5553.620167084014
2025-07-17T00:00:00.000000,227.0,56,171,177.0,10.0,28.0,118890.0,68815.0,318803.0,143171.0,15825.0,7977.0,59027.0,36453.0,34.0,256.0,6080.0,256.0,4225.712072308474
2025-07-18T00:00:00.000000,237.0,51,186,176.0,17.0,19.0,196942.0,139689.0,317759.0,160462.0,41394.0,27964.0,84941.0,55583.0,27.0,263.0,7522.0,307.0,2312.284487904289
2025-07-19T00:00:00.000000,151.0,36,115,117.0,8.0,18.0,92140.0,63697.0,192932.0,103072.0,26145.0,18512.0,45473.0,31657.0,18.0,129.0,2921.0,183.0,2895.9147503556446
2025-07-20T00:00:00.000000,148.0,32,116,119.0,10.0,13.0,76940.0,48053.0,196692.0,96201.0,28221.0,17345.0,29769.0,17048.0,17.0,207.0,3537.0,174.0,3465.8051597636777
2025-07-21T00:00:00.000000,219.0,56,163,185.0,8.0,28.0,203159.0,139603.0,243245.0,121773.0,11983.0,5253.0,119136.0,79509.0,37.0,341.0,7439.0,347.0,2863.827644739552
2025-07-22T00:00:00.000000,248.0,50,198,212.0,14.0,24.0,104070.0,65967.0,316197.0,152410.0,25388.0,12591.0,53226.0,38213.0,35.0,292.0,6370.0,323.0,4920.465816989502
2025-07-23T00:00:00.000000,233.0,56,177,196.0,21.0,22.0,115456.0,68084.0,286722.0,151318.0,43603.0,24461.0,43466.0,25733.0,32.0,297.0,4521.0,313.0,4135.020290643923
2025-07-24T00:00:00.000000,206.0,39,165,173.0,9.0,19.0,90210.0,53785.0,282587.0,139271.0,19121.0,10112.0,49004.0,32251.0,24.0,325.0,6480.0,265.0,4049.9897009899255
2025-07-25T00:00:00.000000,236.0,69,167,184.0,21.0,30.0,168149.0,97996.0,281737.0,144482.0,48735.0,24746.0,88120.0,56537.0,43.0,313.0,5789.0,329.0,5023.365815561274
2025-07-26T00:00:00.000000,127.0,28,99,107.0,8.0,12.0,93844.0,54919.0,199194.0,106654.0,17273.0,11757.0,36101.0,14730.0,18.0,165.0,3000.0,185.0,2848.8366957801645
2025-07-27T00:00:00.000000,137.0,30,107,112.0,6.0,17.0,84365.0,56585.0,207085.0,98615.0,10330.0,6050.0,64412.0,44310.0,26.0,215.0,4944.0,219.0,2815.064607703991
2025-07-28T00:00:00.000000,217.0,50,167,174.0,3.0,27.0,150405.0,107359.0,287117.0,140253.0,14951.0,11738.0,80288.0,60773.0,47.0,231.0,5614.0,368.0,4811.215827338245
2025-07-29T00:00:00.000000,233.0,51,182,184.0,10.0,24.0,96231.0,52176.0,291224.0,121228.0,22499.0,11713.0,48366.0,29536.0,39.0,295.0,5889.0,324.0,4631.5514058344
2025-07-30T00:00:00.000000,224.0,56,168,181.0,14.0,21.0,143045.0,88826.0,287462.0,144480.0,40574.0,28272.0,41188.0,21507.0,35.0,284.0,6337.0,344.0,3884.019193915101
2025-07-31T00:00:00.000000,233.0,51,182,183.0,11.0,21.0,111528.0,62131.0,321360.0,162713.0,25623.0,17420.0,43748.0,20205.0,26.0,254.0,5365.0,383.0,4947.477953301245
2025-08-01T00:00:00.000000,191.0,47,144,164.0,17.0,16.0,112397.0,71028.0,290843.0,139701.0,38222.0,22662.0,33748.0,21149.0,21.0,246.0,6339.0,337.0,3959.522305769591
2025-08-02T00:00:00.000000,105.0,16,89,84.0,2.0,5.0,37303.0,24910.0,176367.0,90353.0,3738.0,1827.0,13063.0,8233.0,5.0,152.0,1471.0,96.0,2219.62470668937
2025-08-03T00:00:00.000000,126.0,25,101,95.0,6.0,16.0,44112.0,25822.0,185882.0,79389.0,11977.0,6930.0,27381.0,16634.0,22.0,177.0,4220.0,158.0,3402.5370809380315
2025-08-04T00:00:00.000000,217.0,63,154,160.0,17.0,25.0,135701.0,80090.0,279713.0,157327.0,47508.0,30136.0,61886.0,37185.0,36.0,259.0,7040.0,253.0,3751.3059909479725
2025-08-05T00:00:00.000000,223.0,54,169,184.0,17.0,22.0,115571.0,69165.0,407810.0,188165.0,46346.0,31778.0,36230.0,22153.0,25.0,243.0,5435.0,223.0,2516.698766741123
2025-08-06T00:00:00.000000,225.0,61,164,177.0,16.0,23.0,161937.0,112189.0,320377.0,176779.0,56468.0,39749.0,67469.0,47696.0,29.0,269.0,5768.0,394.0,3853.267882180343
2025-08-07T00:00:00.000000,243.0,54,187,190.0,17.0,24.0,131399.0,74556.0,392308.0,194143.0,41708.0,23745.0,51862.0,29940.0,36.0,435.0,7778.0,393.0,5180.2717200360175
2025-08-08T00:00:00.000000,182.0,45,137,148.0,18.0,12.0,120983.0,69377.0,252301.0,113060.0,69275.0,40933.0,26990.0,14589.0,13.0,249.0,4505.0,284.0,3358.4798642767228
2025-08-09T00:00:00.000000,111.0,29,82,85.0,4.0,17.0,54850.0,31467.0,188926.0,92117.0,7702.0,3881.0,31397.0,18170.0,24.0,185.0,3402.0,164.0,1680.7387765563647
2025-08-10T00:00:00.000000,113.0,22,91,93.0,7.0,5.0,55650.0,31726.0,209856.0,104895.0,29558.0,18333.0,10459.0,6050.0,6.0,169.0,2436.0,188.0,2789.390457011331
2025-08-11T00:00:00.000000,182.0,40,142,153.0,8.0,23.0,93576.0,54497.0,242154.0,116897.0,26536.0,18148.0,42782.0,20171.0,28.0,242.0,4472.0,233.0,2805.788968896641
2025-08-12T00:00:00.000000,199.0,44,155,162.0,13.0,20.0,123674.0,84108.0,275430.0,140576.0,41103.0,29703.0,51403.0,31339.0,23.0,211.0,4894.0,295.0,4540.509355553695
2025-08-13T00:00:00.000000,195.0,44,148,170.0,11.0,16.0,76610.0,37012.0,296649.0,157258.0,15874.0,7624.0,31366.0,15862.0,24.0,266.0,5066.0,288.0,3549.2559329152386
2025-08-14T00:00:00.000000,223.0,62,161,172.0,24.0,26.0,163556.0,110955.0,306074.0,147741.0,65106.0,44924.0,65177.0,41882.0,34.0,250.0,6105.0,321.0,4455.834468312701
2025-08-15T00:00:00.000000,211.0,51,160,154.0,12.0,24.0,171627.0,114093.0,348908.0,194919.0,42073.0,27852.0,61769.0,37115.0,34.0,317.0,5461.0,371.0,5507.047284586273
2025-08-16T00:00:00.000000,125.0,24,101,106.0,7.0,13.0,68593.0,44874.0,221886.0,108441.0,20189.0,12751.0,33435.0,22283.0,19.0,154.0,2457.0,147.0,1836.4040638646338
2025-08-17T00:00:00.000000,106.0,24,82,87.0,6.0,10.0,75763.0,53504.0,160746.0,65397.0,12431.0,6207.0,18834.0,10170.0,18.0,135.0,2440.0,128.0,1213.405209653765
2025-08-18T00:00:00.000000,213.0,48,165,169.0,14.0,20.0,148937.0,101698.0,252212.0,121918.0,64825.0,46990.0,52897.0,37280.0,34.0,227.0,4368.0,335.0,2421.2575492121405
2025-08-19T00:00:00.000000,206.0,48,158,164.0,10.0,21.0,111908.0,66274.0,307384.0,164344.0,26517.0,16713.0,45692.0,24503.0,32.0,237.0,5019.0,276.0,5284.210856369215
2025-08-20T00:00:00.000000,206.0,39,167,173.0,11.0,17.0,85563.0,53698.0,307549.0,165640.0,20514.0,12112.0,48918.0,33216.0,25.0,227.0,3812.0,335.0,4236.986160756861
2025-08-21T00:00:00.000000,205.0,41,162,159.0,12.0,16.0,105668.0,78262.0,266608.0,136765.0,13500.0,5453.0,39796.0,29005.0,20.0,210.0,3197.0,260.0,4112.562628124547
2025-08-22T00:00:00.000000,189.0,46,143,153.0,11.0,17.0,148833.0,110250.0,276329.0,142425.0,33338.0,23902.0,57215.0,42935.0,23.0,224.0,4779.0,298.0,3649.9976421852216
2025-08-23T00:00:00.000000,143.0,36,107,105.0,9.0,16.0,105134.0,63406.0,259790.0,133855.0,28323.0,17422.0,47461.0,24663.0,20.0,173.0,4114.0,215.0,1814.2756938137686
2025-08-24T00:00:00.000000,139.0,24,115,106.0,3.0,12.0,87604.0,64585.0,209694.0,97367.0,21309.0,18954.0,33317.0,20822.0,40.0,291.0,8574.0,276.0,807.26052362822
2025-08-25T00:00:00.000000,189.0,32,157,150.0,6.0,14.0,95853.0,69956.0,299726.0,170015.0,32432.0,26350.0,25783.0,15205.0,18.0,212.0,3559.0,275.0,1995.2554129475402
2025-08-26T00:00:00.000000,196.0,40,154,157.0,14.0,17.0,69373.0,36362.0,256205.0,124195.0,23221.0,13388.0,27856.0,13644.0,24.0,214.0,3729.0,239.0,3774.005536293514
2025-08-27T00:00:00.000000,234.0,60,172,178.0,21.0,26.0,165556.0,112288.0,356230.0,181030.0,65977.0,43882.0,77611.0,56648.0,37.0,364.0,7778.0,374.0,4887.184797055261
2025-08-28T00:00:00.000000,236.0,66,170,184.0,16.0,24.0,188429.0,131861.0,315046.0,152676.0,44656.0,32501.0,49290.0,29941.0,30.0,208.0,8469.0,412.0,2903.3594718511636
2025-08-29T00:00:00.000000,223.0,61,162,172.0,19.0,27.0,148964.0,101227.0,337738.0,181478.0,50560.0,33718.0,79627.0,56516.0,39.0,269.0,5224.0,350.0,3840.0264729560918
2025-08-30T00:00:00.000000,119.0,28,89,103.0,10.0,13.0,56274.0,31841.0,153315.0,73508.0,20383.0,12415.0,21525.0,7638.0,17.0,149.0,2183.0,125.0,2270.0262773912295
2025-08-31T00:00:00.000000,108.0,19,89,87.0,10.0,6.0,64784.0,47128.0,168522.0,92150.0,32202.0,21659.0,30787.0,24917.0,10.0,133.0,1761.0,164.0,2321.6830833712966
2025-09-01T00:00:00.000000,173.0,37,136,141.0,14.0,12.0,79563.0,44565.0,279982.0,156269.0,38413.0,21594.0,19626.0,8285.0,15.0,238.0,3222.0,227.0,3715.786305873259
2025-09-02T00:00:00.000000,203.0,35,168,171.0,16.0,9.0,110779.0,75980.0,398625.0,196336.0,55394.0,40513.0,23886.0,14799.0,17.0,325.0,2750.0,305.0,3547.4756827056967
2025-09-03T00:00:00.000000,222.0,61,161,184.0,23.0,22.0,126622.0,71501.0,334414.0,156267.0,44457.0,25182.0,33704.0,17703.0,27.0,241.0,5455.0,350.0,4027.049876515281
2025-09-04T00:00:00.000000,185.0,38,147,151.0,14.0,13.0,103532.0,68658.0,259754.0,126934.0,22313.0,10415.0,32949.0,21130.0,23.0,200.0,3113.0,353.0,3445.665410742304
2025-09-05T00:00:00.000000,178.0,50,128,143.0,17.0,12.0,117282.0,65830.0,323793.0,185781.0,45368.0,23012.0,25554.0,12934.0,17.0,188.0,4949.0,303.0,2293.4769207003737
2025-09-06T00:00:00.000000,127.0,20,107,111.0,6.0,8.0,41692.0,29387.0,206832.0,88734.0,11242.0,8908.0,20844.0,14248.0,12.0,172.0,1769.0,140.0,3043.0927807724374
2025-09-07T00:00:00.000000,88.0,17,71,72.0,9.0,4.0,37506.0,24094.0,159364.0,78516.0,15519.0,6959.0,7466.0,5806.0,5.0,174.0,1480.0,183.0,1631.3037416212026
2025-09-08T00:00:00.000000,203.0,40,163,151.0,10.0,24.0,76627.0,43112.0,351732.0,166174.0,15688.0,9864.0,50014.0,28037.0,34.0,243.0,4900.0,292.0,5208.848061071518
2025-09-09T00:00:00.000000,163.0,31,132,139.0,15.0,9.0,63492.0,35158.0,244145.0,129930.0,29940.0,17648.0,12407.0,6025.0,21.0,214.0,4546.0,279.0,4081.9311688811845
2025-09-10T00:00:00.000000,176.0,36,140,145.0,11.0,14.0,71015.0,39474.0,279259.0,127494.0,18213.0,12145.0,34687.0,17918.0,16.0,185.0,2420.0,212.0,3144.187822473378
2025-09-11T00:00:00.000000,204.0,50,154,170.0,18.0,20.0,121637.0,76725.0,305700.0,161137.0,45659.0,25433.0,50957.0,34465.0,31.0,263.0,3994.0,277.0,2844.7978587445664
2025-09-12T00:00:00.000000,206.0,49,157,163.0,16.0,15.0,138624.0,74778.0,311270.0,160632.0,37407.0,15861.0,53863.0,35314.0,20.0,242.0,5255.0,336.0,2276.717895314179
2025-09-13T00:00:00.000000,138.0,28,110,105.0,10.0,8.0,85484.0,55839.0,224046.0,107995.0,14786.0,7149.0,18394.0,9755.0,13.0,176.0,2359.0,237.0,2671.9556968070838
2025-09-14T00:00:00.000000,118.0,25,91,98.0,12.0,6.0,60936.0,44034.0,204934.0,105006.0,32951.0,24102.0,15324.0,13051.0,7.0,123.0,1849.0,130.0,2318.362303356354
2025-09-15T00:00:00.000000,205.0,44,161,170.0,10.0,18.0,131715.0,91159.0,306745.0,159428.0,17153.0,9568.0,70655.0,53983.0,27.0,346.0,5397.0,402.0,4310.815633669224
2025-09-16T00:00:00.000000,209.0,52,157,162.0,15.0,21.0,112345.0,66434.0,253935.0,134510.0,24796.0,12555.0,56187.0,34924.0,39.0,317.0,5490.0,420.0,5390.321587164733
2025-09-17T00:00:00.000000,217.0,56,161,178.0,22.0,14.0,138413.0,87616.0,277420.0,140186.0,60129.0,38757.0,24222.0,15180.0,21.0,225.0,3492.0,283.0,2186.0192481912395
2025-09-18T00:00:00.000000,210.0,52,158,178.0,20.0,15.0,198262.0,140780.0,291815.0,146796.0,67055.0,43702.0,90201.0,71874.0,19.0,222.0,3294.0,267.0,3007.7168649181035
2025-09-19T00:00:00.000000,217.0,49,168,172.0,14.0,18.0,123672.0,86487.0,334770.0,180367.0,25491.0,15226.0,56590.0,39423.0,25.0,260.0,5813.0,315.0,4828.026965914943
2025-09-20T00:00:00.000000,121.0,20,101,88.0,6.0,4.0,67557.0,43801.0,191484.0,97617.0,24202.0,19136.0,22052.0,14066.0,4.0,184.0,1329.0,149.0,2928.2338581638946
2025-09-21T00:00:00.000000,96.0,13,83,85.0,6.0,4.0,43952.0,36781.0,158006.0,74638.0,10045.0,6546.0,14124.0,12386.0,4.0,79.0,865.0,108.0,1580.0652639217494
2025-09-22T00:00:00.000000,201.0,57,144,166.0,23.0,18.0,109825.0,60212.0,255138.0,118012.0,61624.0,39523.0,29154.0,13747.0,23.0,236.0,4100.0,312.0,3084.612760599083
2025-09-23T00:00:00.000000,213.0,48,165,177.0,11.0,20.0,100489.0,64929.0,301961.0,138038.0,33433.0,26233.0,31711.0,16578.0,30.0,198.0,3730.0,268.0,4894.402704865363
2025-09-24T00:00:00.000000,222.0,56,166,183.0,22.0,22.0,105697.0,57142.0,343668.0,176323.0,41178.0,23356.0,40994.0,20201.0,28.0,262.0,5849.0,288.0,3252.3959290796097
2025-09-25T00:00:00.000000,226.0,67,159,178.0,33.0,12.0,147522.0,91012.0,290983.0,130994.0,67995.0,42168.0,33651.0,17971.0,26.0,270.0,6214.0,433.0,4069.0499052222735
2025-09-26T00:00:00.000000,189.0,42,147,152.0,13.0,11.0,109496.0,67646.0,280541.0,147793.0,30479.0,18986.0,17160.0,6857.0,13.0,169.0,2230.0,225.0,3839.844331361944
2025-09-27T00:00:00.000000,131.0,33,98,105.0,14.0,12.0,111416.0,72449.0,242680.0,158323.0,55415.0,40025.0,35510.0,22924.0,14.0,130.0,2071.0,200.0,2939.9071198634747
2025-09-28T00:00:00.000000,132.0,28,104,104.0,18.0,4.0,51395.0,25919.0,172710.0,79413.0,29669.0,10517.0,11744.0,8765.0,6.0,99.0,1439.0,136.0,2542.3610007557077
2025-09-29T00:00:00.000000,203.0,48,154,157.0,16.0,9.0,100876.0,62297.0,271393.0,133283.0,35833.0,22585.0,14282.0,7952.0,12.0,150.0,2912.0,218.0,4652.312563233556
2025-09-30T00:00:00.000000,222.0,66,156,177.0,30.0,13.0,155667.0,100715.0,278549.0,134512.0,61431.0,33978.0,20977.0,12862.0,27.0,168.0,3776.0,304.0,4329.111918846712
