UserId,cluster
23001,3
23005,4
23078,3
23097,4
23171,3
23173,3
23180,3
23209,15
23229,3
18159,3
23249,3
23265,4
23290,3
24684,3
24690,3
18163,3
23304,3
24723,3
23350,3
18224,3
23373,3
23390,3
24733,3
24745,3
24753,3
24758,4
24762,14
18297,3
24795,4
24826,3
24827,16
23399,16
7659,3
7676,3
-1,-1
8,3
2596,16
18398,3
2626,3
2633,3
2643,16
18424,3
21674,3
21699,3
2656,3
18467,3
18473,4
23431,3
23439,3
12384,3
12386,3
18479,4
21719,3
21733,4
2689,3
12415,16
18550,4
18553,3
24908,16
21779,3
21783,16
23522,3
2757,3
2785,3
24947,3
24958,3
12416,3
12426,3
12434,3
2820,3
21810,4
21813,3
21820,3
2835,4
2838,3
21844,3
25077,3
23546,4
12448,16
12490,3
18647,-1
18659,3
2879,3
2884,3
2893,3
23565,3
23566,3
33,3
18685,3
21919,3
21929,4
21946,16
23611,3
12523,3
12542,4
22004,3
22016,3
22020,3
18761,16
18796,-1
22059,3
56,3
22062,3
22064,3
18817,4
2905,3
2906,3
2907,3
2915,3
2926,3
2927,15
2933,3
89,3
22102,4
25313,3
2938,3
2941,3
2947,3
96,3
18880,3
120,3
25334,3
25363,4
22196,3
130,3
136,3
12559,16
18908,3
18942,3
152,3
25375,3
25384,3
25389,3
22255,3
18966,3
18972,16
18986,3
22270,16
25406,3
163,3
173,3
22296,4
18993,3
19006,3
196,3
205,3
25445,3
22335,3
19055,3
210,16
232,3
22366,3
237,3
241,3
242,16
246,3
22388,3
7719,3
7721,3
7731,4
264,3
19147,3
22430,3
273,16
274,3
275,3
25539,3
19178,4
299,3
25554,3
25556,3
25581,-1
25589,3
3035,3
3041,3
22473,3
308,3
312,3
22491,3
3060,3
331,3
336,3
346,3
25632,3
22513,3
354,3
355,4
359,3
3111,3
367,3
22551,3
25649,3
22583,3
398,3
400,3
404,3
409,3
7859,16
7871,3
7882,3
413,3
428,4
441,3
442,3
12590,3
12594,3
7932,3
7933,3
448,3
455,3
462,3
12623,3
12642,3
475,16
7960,4
3148,3
3157,3
3163,3
498,3
12652,3
12655,-1
3196,3
3217,3
3225,3
548,3
3296,3
25732,3
8071,16
8081,3
565,3
22656,3
22675,3
23786,3
12686,3
12706,3
586,3
589,3
23794,16
23805,3
22701,3
612,16
619,3
620,3
19266,3
19298,16
622,3
628,3
630,3
632,3
633,3
640,3
19328,3
19331,3
19341,3
19345,3
19352,3
642,3
647,3
660,3
19379,3
12810,3
23875,3
3301,3
25795,16
25805,3
669,3
685,3
688,3
3341,3
23890,3
23894,3
3416,3
3425,7
695,3
702,16
707,3
19412,3
19421,3
19430,3
715,3
19440,3
19446,3
19464,4
23931,3
23936,3
23939,16
23951,3
19473,3
19498,4
742,3
751,3
752,3
12880,3
12885,3
19524,17
19532,16
19538,3
19542,3
774,3
785,3
22772,16
22773,3
19588,3
22796,3
23974,3
12932,3
19609,3
12952,3
19651,3
22857,3
22862,3
19661,3
807,4
822,3
22912,3
19687,-1
19691,4
19700,3
22933,3
22943,3
3456,3
857,3
870,16
873,3
875,3
3483,3
8157,3
3515,3
890,3
30382,3
19786,16
19799,3
19807,3
30402,3
19850,4
19855,13
941,3
954,3
8229,3
24089,3
24108,4
24113,3
30481,3
8267,3
8268,3
8269,3
8271,3
8297,3
8309,3
8311,16
26091,3
30525,3
984,3
24168,3
30598,3
998,3
1009,4
1016,16
26175,3
26188,3
30622,3
1028,16
24187,4
24205,3
19950,16
1070,3
26204,3
1100,3
26254,3
26267,3
1138,16
1149,3
1154,3
3557,3
20008,3
26304,3
26306,3
26325,3
26327,3
3567,3
1171,3
20033,3
26366,3
26369,3
12981,3
12992,3
30711,16
30735,3
8357,3
8374,4
30813,3
30821,-1
26501,16
3643,3
1195,3
8394,3
8421,4
1242,3
8457,3
26622,3
3733,3
1257,3
1277,3
1281,3
26632,3
26651,3
3736,3
8508,3
8514,3
26698,4
1307,16
1321,16
26724,3
26728,3
8530,3
8575,16
3790,15
3820,3
1356,3
1358,4
3835,3
3852,3
3862,16
1374,3
3901,3
3915,3
3918,3
3936,3
8581,3
1421,3
1438,3
30836,3
30856,3
30860,3
30865,3
30866,3
8667,16
8671,3
26854,3
1457,3
4009,3
4025,4
30935,3
1489,16
1507,3
1508,3
1509,3
1523,3
30952,3
30953,3
30981,3
13079,3
13086,4
13120,3
13121,4
31007,3
1543,3
1551,3
26872,3
8875,3
26904,3
4088,4
4099,-1
26920,3
4154,3
24461,3
26949,3
31046,3
26986,4
31117,4
31132,3
31136,4
27016,3
27030,3
27054,3
31165,3
31167,3
31190,3
4253,3
4256,4
1596,3
20236,3
27140,3
1618,3
1625,4
1650,3
31228,3
27150,3
27151,3
20321,16
1702,3
27193,3
27197,3
24563,3
1714,3
31254,3
27256,4
1726,3
31264,3
31291,3
1752,3
1767,3
1778,3
27349,3
24619,3
1792,3
1818,3
31363,3
1827,3
37193,3
37216,3
8880,3
8884,4
8897,4
8916,3
1878,3
1884,3
27454,3
37244,3
37254,-1
1896,3
1908,3
1919,3
31458,3
31462,3
31498,3
31522,4
27496,3
37308,3
1961,-1
1963,4
1984,3
8931,4
8955,3
27542,3
8964,3
8983,4
27609,3
27624,3
27642,3
2002,16
27659,16
27675,4
31677,3
31682,3
9003,3
9035,3
27729,3
31693,3
27742,3
27743,3
31740,4
31744,3
27774,-1
27786,3
27826,3
2199,3
27879,3
2206,3
9157,4
9176,3
9192,3
27899,3
13130,3
13147,16
27934,4
27973,3
27978,3
9223,3
9235,3
9246,3
2236,3
2246,4
13160,4
13181,3
2287,3
4280,16
4284,3
4308,3
31917,16
13230,3
4341,3
2323,3
2331,3
27996,3
27997,3
37404,16
31941,4
2336,3
13272,3
2439,3
2459,3
13293,3
13321,4
32037,4
2473,3
2479,16
2481,3
37436,3
37470,4
32077,3
2501,3
2513,3
13352,3
2535,3
2538,3
13374,3
37566,3
4394,15
28111,3
37628,3
28159,4
4437,3
4460,3
9325,3
4483,3
32089,3
32123,3
9340,3
9361,3
32209,3
28256,4
28270,4
2563,3
4553,4
4554,3
4565,3
28293,16
4583,16
28325,3
28338,3
28343,3
4623,3
28372,3
28375,4
4675,3
32285,3
4726,3
32305,3
32337,3
28463,3
28481,15
4781,3
32384,-1
32397,3
32419,3
28503,4
28513,3
28530,16
4829,16
4876,3
28533,3
28545,3
28555,3
28556,3
4890,3
4923,3
4930,3
4959,3
32489,4
32491,3
32497,3
4992,3
4997,3
43219,16
43226,3
43239,3
5049,3
5051,3
5073,3
9601,4
9602,3
9605,3
32565,4
32580,3
9666,3
43288,3
9693,3
32619,15
37763,3
37764,3
43329,3
9754,3
5079,3
5103,3
9759,3
32766,3
43376,3
9787,3
9791,3
9814,3
9823,4
32803,3
32820,3
32826,3
32841,3
37839,3
9832,4
9849,3
43450,4
37872,3
9863,3
13487,3
32937,3
32941,3
9911,3
5155,16
32967,3
32971,-1
9973,4
33015,3
10014,3
5191,3
5209,3
5211,3
37954,4
20413,3
20414,3
13524,3
20468,3
37974,16
13534,3
13556,4
13559,3
10063,3
10076,3
10085,4
20552,3
43491,3
28641,3
13630,17
10120,3
10126,3
20569,3
28743,3
28751,3
13640,3
20614,3
28798,4
13675,3
43535,3
43555,3
43565,3
20667,3
28816,3
28852,4
13698,4
28868,3
28900,3
20744,3
20762,16
5266,3
28915,3
10216,3
5306,4
5316,3
28956,3
33022,3
33057,3
33079,3
29038,3
29059,3
38034,3
33182,4
33194,3
33201,3
5416,3
5418,3
43587,3
43608,3
10400,3
5491,3
29145,3
29156,3
20792,3
33238,3
38182,3
10443,3
10463,3
10479,3
20891,4
38217,3
38218,3
38239,3
38246,4
29267,3
29283,4
5531,3
5546,3
29335,3
29356,3
38265,3
20974,3
33307,3
29388,3
38279,4
10513,3
33337,3
29453,3
29460,4
29473,3
33383,3
43747,3
43773,3
33433,3
29505,14
29507,3
43813,3
33475,3
29547,3
21050,3
38366,3
5556,4
5558,3
29575,3
29598,16
5602,3
29633,3
10553,3
33570,3
33572,16
21163,4
21171,16
21215,3
38442,3
29751,3
29754,3
29755,3
29780,3
29783,3
29785,4
33640,3
29789,3
33692,3
33700,3
33715,4
29854,3
21241,3
21266,4
33757,3
33764,3
38524,3
38525,4
43899,3
33785,3
10584,16
5680,3
29892,3
33814,3
33817,3
33826,3
33855,3
33868,3
29940,3
29949,3
10604,4
33890,3
33907,3
29966,3
29980,3
29999,3
33929,3
10651,3
33954,3
33968,3
38567,3
5754,3
10676,3
10704,3
38584,3
5798,3
30116,3
30132,3
38633,3
21361,3
21365,16
5875,4
5882,3
5887,3
5894,3
21412,3
10735,3
43946,3
43949,3
21417,3
10746,3
21466,3
30184,3
38653,3
38671,16
21480,3
21495,3
30195,4
30222,3
30229,3
10785,3
10799,3
10809,3
21550,3
5919,3
5952,3
21571,16
45386,4
5959,3
5965,16
5991,4
13854,3
34276,3
49068,3
49070,3
49082,4
10832,3
10838,3
45396,3
45404,3
6049,3
10869,16
45443,3
45470,3
34287,3
34309,3
34335,3
34355,3
34365,3
34371,3
34392,3
10916,3
10918,3
45539,3
49109,3
49126,3
49143,4
45601,3
49167,3
38724,3
34495,3
13977,3
13985,3
49227,3
49270,3
45731,3
45736,3
34533,16
45772,3
49329,3
34603,3
14010,-1
49342,3
34662,3
11014,3
11030,3
11047,4
11069,3
11072,3
11073,3
34735,3
34761,3
49487,3
44121,3
14096,3
14097,3
14102,4
14111,1
34810,3
49542,3
44163,3
14133,3
34842,4
34870,4
44209,3
11107,3
34904,3
49572,3
49584,3
49592,3
49610,3
34930,3
14144,4
14162,3
11123,3
11127,16
49660,3
44291,3
49680,4
34973,3
34974,3
45859,3
45878,3
45880,3
6075,3
35016,3
6112,3
6153,3
11172,3
11197,3
35083,4
11206,3
11207,3
11210,3
11211,3
11226,3
11239,4
49780,3
49783,-1
49795,3
35151,3
49818,3
46034,3
35213,3
46080,3
6266,3
6279,4
6310,16
6321,3
35283,-1
14284,3
14321,3
6400,3
49975,3
49989,3
49995,3
35357,3
14344,4
35376,3
35388,3
35400,3
14397,4
11245,3
11248,3
11258,3
50005,3
50080,3
11265,3
38823,4
11300,3
11323,3
46215,3
46236,3
6441,4
6460,3
50197,3
35416,3
11347,3
50229,3
35436,-1
50254,4
50256,3
46252,4
46257,3
46273,4
44372,3
44376,3
35525,3
35530,16
46295,4
14464,3
14493,3
35564,3
11420,3
46341,3
14557,4
35584,16
11450,3
35652,-1
14578,3
50427,3
6509,16
35706,3
50526,1
6608,3
6616,3
6622,3
6667,3
6708,3
50589,4
35791,16
35820,3
14615,3
14657,16
50655,3
6786,3
6792,3
6811,3
14658,3
44383,3
47748,3
50776,3
14699,3
14732,4
47771,3
47790,3
50838,3
47797,4
44448,4
35995,16
6876,3
6882,4
50948,3
50949,3
50951,3
50953,3
6920,3
6925,3
6928,16
6948,3
50986,16
44523,3
47907,3
47922,4
47926,3
11560,3
11584,-1
11591,4
47944,3
6982,3
36155,3
47967,3
47992,3
47993,3
7011,3
7012,3
7028,4
51074,3
36182,3
36189,3
36246,3
36248,3
36288,16
38933,4
38936,3
44654,3
44669,3
36340,3
48181,3
11604,3
11619,3
36355,3
36369,3
14827,3
14832,3
11628,3
36394,3
36398,3
38982,3
38985,4
14855,3
14860,3
14861,14
14862,3
51145,3
48197,3
48208,3
48224,3
48235,3
11666,3
11667,3
7062,3
7072,3
7085,3
39106,3
48280,3
11711,4
51148,3
51161,3
14893,3
14900,16
7112,3
7138,3
14921,3
14937,16
11763,3
7156,3
7162,3
7163,3
7192,3
39174,3
7200,3
7202,3
39212,3
39222,3
7243,3
7250,3
48329,3
48341,3
48364,3
48394,4
7266,3
7281,3
39228,3
11853,3
11860,3
39261,3
39281,3
7325,3
7327,3
7329,3
7354,4
7367,16
11867,3
11888,3
11897,3
48410,3
36530,3
36551,3
36566,3
39285,3
39290,3
48461,4
36578,3
36594,-1
15012,3
11921,3
11928,3
11929,3
65930,4
65951,16
65955,3
65974,3
65976,3
36658,3
36660,3
11955,3
48510,16
48533,3
48535,3
36678,3
7386,3
36713,3
36718,4
36745,3
66024,3
66028,3
11994,3
66069,3
15140,3
48558,3
48563,4
36789,3
36796,3
36803,4
48606,3
15172,3
66096,3
36865,4
15175,3
15180,3
15183,3
15194,-1
66158,3
36908,3
36924,3
48713,4
12007,16
12042,16
37007,3
37022,4
7530,3
7534,3
7540,4
7574,3
66241,3
37058,3
7605,4
7606,3
37092,3
37097,3
7624,4
37110,3
37116,3
37122,3
37136,3
68482,3
68485,3
66309,4
15274,4
15279,3
39367,3
80091,4
12165,3
12191,3
12210,3
15329,3
15330,3
80188,-1
68567,3
15367,16
39415,5
80251,3
80254,4
80264,3
68686,3
15379,16
15381,3
39454,4
39490,3
15416,3
80377,4
12290,3
12291,3
12298,3
80405,3
66416,3
66420,3
58610,3
58615,3
58629,3
66512,3
66561,4
44821,4
66607,3
39526,3
39537,3
58697,3
15500,3
15519,3
69781,4
66665,16
44877,3
44883,3
66711,3
80535,3
80544,3
69810,16
69855,3
44941,3
66778,3
48890,3
39598,3
39599,3
39600,3
66793,3
66802,3
66849,3
39621,3
48970,8
49003,3
72219,16
39674,3
39676,3
39690,3
80708,3
45008,3
58742,3
80734,3
80762,3
72257,3
80812,3
66856,3
72280,3
72285,16
72288,4
58776,4
58818,3
39752,16
39780,3
72316,3
72325,3
72329,3
72335,3
45082,3
72361,3
58845,3
58864,3
66912,16
66917,3
15562,16
58890,16
15588,3
39781,3
39834,3
80910,3
80932,4
67070,3
80939,4
67071,3
67101,3
72499,16
81032,3
67189,3
15643,3
15660,3
81163,3
15692,-1
70037,3
81176,3
81217,3
67330,16
45256,3
72599,3
81247,3
81250,3
67388,3
72631,3
72661,3
81266,3
81291,3
81306,3
45310,4
72686,3
81333,3
15730,4
81360,3
81381,3
81405,3
70119,3
70123,3
70134,3
72719,3
72736,16
51343,3
51370,3
51373,3
58951,3
81422,3
15751,3
58955,3
70202,3
67536,3
72850,3
72858,3
81525,3
81560,3
67576,3
72915,16
81567,3
81595,3
58994,4
58995,16
59014,4
59037,3
72968,3
72995,3
15786,16
70262,3
67710,16
67724,3
67746,3
67750,3
73025,3
39948,3
67790,3
67809,3
73061,3
73076,4
73078,4
39970,3
73099,3
15847,3
70305,3
70316,3
81625,3
81663,4
67842,3
67848,16
67852,16
67863,3
70350,4
51387,3
51400,3
59101,3
59136,4
40061,3
67892,3
67933,3
15863,3
70462,3
15923,3
73222,3
73235,3
70509,4
81720,3
40119,3
40130,3
40141,4
73275,3
81773,0
70606,3
81790,3
15941,3
15951,3
81839,16
40220,3
59157,3
81870,16
81884,3
59213,16
59216,3
59223,3
59234,3
70664,3
70687,3
40276,3
40278,4
68024,3
68036,3
59240,3
15984,3
16006,3
68055,4
82038,15
73295,3
73302,4
73328,3
40335,3
16033,3
16046,4
16048,3
73364,4
73373,4
73382,3
16063,3
16078,3
82092,3
70857,3
70877,3
73448,4
40391,4
41394,3
41415,3
41421,3
82134,3
82146,3
73467,3
73469,3
59304,3
59314,16
59326,16
82218,4
73561,3
82255,3
16143,16
41488,3
41494,3
16191,3
16192,3
16211,14
59329,3
59343,4
73573,4
73577,4
73593,3
41541,3
41548,3
59379,16
59407,4
82393,16
82404,3
59418,3
59429,3
59435,3
51462,3
41563,4
41587,3
59482,3
59483,4
68092,3
68107,3
68123,4
59495,3
59510,16
68145,3
41622,3
41633,0
70917,4
73626,3
68188,3
68196,4
16332,4
59556,3
59572,3
59575,3
71031,3
71045,3
16343,3
16356,3
68263,4
68301,3
41672,3
41686,3
16397,3
16399,3
68307,4
68308,3
59638,3
68356,3
73723,3
68387,3
16418,3
16422,4
16423,3
71151,3
71175,4
71180,3
68455,15
84186,3
73817,16
73823,3
16490,3
59704,3
82564,3
82607,3
71204,3
73862,3
73894,3
73908,3
84253,3
59734,3
82615,3
82617,4
82641,16
82654,3
84284,3
71260,3
73934,16
73946,11
71289,4
16497,3
16506,3
59796,3
59800,3
59801,3
84460,3
84473,3
74045,3
74061,4
74114,6
84560,16
71348,16
71356,3
82793,3
71371,3
71418,3
51547,3
74128,3
74139,4
41841,16
41872,3
74166,3
74183,3
74199,4
82929,3
51574,3
74272,4
74285,16
82950,4
82961,3
82976,16
84617,16
71458,3
71490,3
74309,4
51601,3
71562,3
71568,3
74333,16
74343,16
83029,3
84672,16
74360,16
74366,16
74378,3
60079,3
60099,3
60112,3
60174,3
71667,3
74489,3
74496,4
71731,3
71769,3
74513,3
83272,3
41972,3
74556,3
74615,4
51744,3
83316,3
74648,3
71809,3
71829,3
71850,3
42060,3
74720,4
74726,3
84907,3
84917,3
71887,3
83386,4
83392,4
83396,3
74755,3
83420,3
71940,3
83471,3
83478,3
74848,3
74862,3
83502,3
51807,3
74895,-1
42154,3
83558,3
83567,3
83584,3
42176,3
83591,3
71963,7
72031,3
60260,4
60273,3
72041,-1
83696,3
72102,3
74979,4
75007,16
51816,3
84942,3
84971,4
83720,3
83730,4
83742,3
51855,3
83796,3
83800,3
84972,3
84997,3
85024,3
75072,4
51922,4
42242,3
85065,4
72124,3
42267,4
60335,3
51936,3
60355,3
60361,3
85136,3
75215,3
75217,4
75218,3
72149,3
85217,3
83860,3
83876,3
83884,3
83893,3
90137,3
85277,3
60500,16
85306,3
85343,16
52042,3
16611,3
85353,3
85365,4
60518,3
16629,16
60559,6
85418,15
90235,4
83914,4
83963,7
83966,3
52159,3
52174,3
52177,3
60586,4
84067,3
84075,4
85555,3
60670,4
90263,4
84081,3
85628,4
90296,3
90300,15
90309,3
90328,3
84126,3
84156,4
75339,4
75356,16
75376,3
85661,3
52265,4
92427,3
90371,3
90375,3
85707,3
60713,3
92456,3
92475,3
85774,3
60748,3
85788,3
85818,16
92561,3
52330,3
85836,3
85862,4
92589,-1
92608,3
85896,3
85898,3
52369,3
52394,3
52406,3
92628,16
92646,3
85907,3
75406,3
75410,3
52447,3
52450,3
52454,3
92674,-1
75429,3
16741,3
16753,4
60835,4
60860,3
92741,3
85966,3
16823,3
60870,16
60900,3
92861,-1
86007,4
86009,16
86013,3
60914,3
60930,3
60941,3
75565,3
52523,3
52543,3
92897,3
92915,3
86043,3
90543,3
90545,3
52569,4
92956,15
75606,3
75616,3
75619,3
75630,4
86115,3
86130,3
86132,3
86146,3
86163,4
92982,3
16878,3
16881,3
16886,3
52647,16
60983,3
93102,3
52694,3
52706,1
16921,3
93155,4
90586,3
90598,4
75745,3
61030,3
61045,3
16991,3
75794,16
75808,3
93252,3
86335,3
17010,3
86383,3
75817,-1
90658,3
90675,3
86418,3
86421,3
75857,3
75861,3
86425,3
93271,3
86447,3
86449,3
86459,3
90698,4
75923,3
86507,3
86515,4
75937,3
52847,3
61149,3
61151,3
75975,-1
90763,4
86570,3
86575,3
93385,3
90839,3
52878,16
52893,3
52912,3
93448,3
93500,3
90841,3
93506,4
93509,3
17061,7
76035,3
76063,3
93546,3
17092,3
17111,3
52991,4
86747,16
86776,3
86777,3
17139,3
90962,3
90996,3
90997,3
90999,3
93666,3
93671,3
86795,3
86801,3
61250,3
86837,4
86846,3
86856,3
93706,4
42323,3
61307,3
86887,3
86896,15
42344,3
42351,3
86925,3
86940,3
17247,3
87023,3
61384,16
61397,16
61421,3
93918,3
87069,3
93935,3
53093,3
53113,3
93983,16
17319,4
17338,3
17341,3
76172,3
94021,3
17369,-1
87086,4
94110,3
76258,3
17384,3
17411,3
87206,3
53124,3
53159,3
17432,4
17433,16
17445,3
17459,3
42510,4
91013,3
91015,4
94159,4
94173,3
53195,3
53203,16
53208,3
91076,4
87239,4
17462,4
17463,3
91103,3
91108,3
91110,3
91126,3
94237,3
87311,3
87323,3
87355,3
53254,3
91164,3
61501,3
87392,3
53268,3
53283,3
53287,3
53294,3
17506,4
87400,3
87420,16
94401,3
87430,3
87453,3
17537,3
87511,4
17596,3
42566,3
17622,3
87579,3
42574,4
87638,3
61604,3
61651,3
94539,4
94551,16
87680,4
87690,3
87697,3
94624,16
42661,3
87730,3
53464,3
42723,3
42725,3
91195,3
91216,3
87768,3
87778,3
53500,3
42745,4
42760,16
91247,4
53537,16
91299,3
94696,16
53560,4
53573,3
42781,3
87819,3
87839,16
94746,3
61681,3
61682,16
61691,3
76284,3
94807,3
94810,4
94817,3
94841,12
42830,3
91358,15
91360,3
91364,3
76327,16
94873,3
91378,3
91380,3
91411,4
91416,16
87880,3
42912,3
42926,3
76420,4
76444,3
94971,3
94997,3
76466,3
95044,3
95054,3
91474,3
91508,3
76513,3
95131,3
88081,4
42962,15
42969,3
42974,3
53662,3
53673,-1
17693,4
88132,3
95146,3
95162,3
95176,4
17730,3
17736,3
53733,3
95258,-1
95277,4
88198,3
76706,4
95369,3
76758,3
76802,3
95396,3
76821,3
76869,3
17760,3
17776,3
17786,3
76881,4
53802,3
53832,4
88262,16
17796,3
88291,4
76945,4
76965,3
61916,4
88320,-1
88336,4
17853,3
17868,3
62009,3
88386,3
88398,3
53893,16
53896,4
62054,3
88475,3
17925,4
17929,3
53976,3
88519,3
17955,3
17966,3
53993,3
43020,4
43048,3
88544,3
88545,3
88566,4
76987,3
76998,3
77017,4
17976,3
17980,3
54050,3
54060,4
88582,3
88597,3
18058,3
95556,3
88637,4
88679,16
88689,4
88705,3
62116,4
95586,4
43136,11
88745,3
88748,3
88753,3
95649,4
95662,3
95668,3
43179,3
43193,3
62153,4
91603,3
91608,3
43208,3
88848,3
77146,3
77187,3
91696,3
91741,3
91763,11
91784,3
88878,3
88896,3
54178,3
18076,3
54230,3
77314,3
18124,3
95860,3
95893,3
95894,3
77352,4
77363,4
98199,3
98214,3
54329,3
95972,3
96003,3
98230,3
77439,3
77458,3
96046,3
96057,3
54348,3
54368,3
91818,3
96076,3
88981,3
77541,4
89049,4
77571,4
108500,3
108514,3
89084,16
89121,16
89122,3
54435,3
54455,3
96244,4
89160,3
54472,3
54478,3
54517,3
108562,3
77680,3
96250,3
96265,16
96289,3
89222,17
89259,3
98369,4
54563,3
54568,16
54574,3
54580,3
96314,3
62328,3
96384,3
96393,16
96402,3
98414,3
89344,4
89359,3
77767,4
77808,4
77812,16
96447,16
96462,-1
96501,3
98434,4
98449,3
98450,3
62443,3
54636,3
96577,3
96609,3
96614,16
54675,3
62468,3
62477,-1
96639,3
98577,3
78006,3
89371,4
89374,3
62500,3
62533,3
78024,3
98615,8
98636,3
98653,3
96731,3
96763,3
62552,3
91863,3
91884,3
78162,3
89483,3
89516,3
96816,3
96831,3
91951,3
54708,3
54738,3
62598,3
54744,3
89581,3
54797,3
54804,4
96933,3
91974,3
91982,3
91985,3
89603,3
89671,3
54824,4
108709,3
108739,3
108744,3
92018,3
92038,3
89789,3
62686,3
89840,3
78295,3
78329,3
54913,3
98783,16
98814,4
97045,3
108794,3
108806,3
89879,3
54924,3
97072,3
97093,3
62698,3
62745,-1
78420,3
78421,3
89922,3
89940,4
97129,3
92042,4
92067,3
78451,3
78463,3
78464,14
97188,3
97236,3
90040,4
90044,3
55051,3
97283,3
97288,3
97300,4
119068,3
119075,4
78627,3
78637,3
97325,16
97339,3
119093,8
119124,16
92108,3
92112,3
92124,3
92129,3
119166,3
92135,4
78700,16
119196,3
119222,3
119230,3
92207,3
55205,3
55209,3
119277,3
119285,3
78768,15
97517,-1
55235,3
78807,3
78851,3
97620,3
109021,3
109037,3
119376,3
119385,3
97662,3
78870,3
78897,3
109103,3
97728,3
119440,3
98987,3
99017,-1
55312,3
97750,16
119479,4
119481,4
119483,3
119497,4
97827,4
97835,3
78946,3
78967,3
78996,3
79021,3
62839,3
92239,3
119537,3
62874,3
109212,3
92273,4
92276,3
79043,3
79069,3
92329,3
92355,3
62876,15
109247,4
112357,3
62940,3
62967,16
97983,3
109317,6
109318,3
98077,3
55515,3
55527,3
63003,3
98101,16
98106,3
98107,3
98120,4
55540,3
119611,3
119616,3
55577,4
63050,3
109355,3
119650,3
79301,3
79303,3
109451,3
127529,3
112478,3
119659,3
99142,3
127600,3
119722,3
99169,3
99220,3
119753,3
119775,3
119786,4
127684,3
127714,3
55677,3
99271,4
99289,3
127752,4
127754,3
127777,3
56710,4
56747,3
127842,3
99303,3
119923,4
109643,3
109649,16
127899,3
63256,3
120032,4
127959,3
127973,3
63290,3
112537,3
128037,3
120109,3
120111,3
112610,3
120123,16
120141,3
128057,3
99428,3
99437,3
109665,3
109670,16
128197,4
120252,3
109683,3
99475,4
99484,15
56813,3
56819,3
63343,4
128323,3
99503,3
112757,3
120292,4
56859,3
56861,3
128410,3
109865,3
128422,4
128456,4
120353,16
128505,3
128517,4
63384,3
56922,3
56935,3
112865,16
112884,3
128546,3
120386,3
120397,3
128599,3
56960,3
56971,3
109908,3
112915,3
99630,3
99649,15
79587,3
79593,3
57007,3
57015,4
57021,3
99669,4
99694,3
57054,4
79666,6
79695,3
109962,3
79741,3
79762,3
110081,3
128761,4
99745,3
99778,3
128804,3
110120,3
128818,15
128832,16
99795,4
99796,7
99804,3
120588,3
128913,3
128942,3
113061,3
113101,4
99872,16
99885,3
128988,3
120633,4
128989,3
129017,3
99921,3
120682,4
63659,3
110208,3
100040,3
100051,3
120721,3
120724,3
120753,3
58216,4
58219,3
58220,16
120815,3
129267,3
79846,3
63756,4
63762,3
79927,3
129335,3
120911,4
79963,3
129372,4
80031,3
80032,4
129418,3
121008,3
110313,4
110324,4
80045,4
129455,3
129473,3
121049,16
121060,16
100167,3
100192,3
148446,4
110348,3
110426,3
121097,3
129535,3
148510,3
148513,16
148520,3
121124,3
58278,3
148555,3
148606,16
129649,3
129670,4
129683,3
58294,3
58320,16
110516,3
148666,3
63905,4
63933,3
113207,3
113214,3
113241,3
148682,3
148685,3
121248,3
129756,3
148733,3
58354,16
58355,16
58398,3
129797,4
58401,16
129901,3
121348,3
121378,16
121411,16
100361,3
113331,3
113354,16
113376,3
121451,3
121469,3
121474,4
121481,3
58484,3
63995,3
64009,3
113448,3
113451,4
129912,3
100376,3
100405,4
148833,3
148873,3
110630,3
110643,3
110654,3
58526,3
64017,3
130022,3
58554,3
121663,3
121671,3
58577,3
58583,4
136110,3
100448,3
121706,16
121714,3
136128,3
121748,4
130309,3
64206,3
121847,3
121851,-1
121882,3
113565,3
110736,4
130503,3
64253,3
64271,3
121883,3
121890,3
121893,16
121903,3
148998,3
149000,3
149038,3
136241,4
130594,3
100694,4
113664,3
110821,3
110831,3
149178,3
100779,15
136318,3
136325,3
121950,3
121988,3
100833,3
100839,3
130765,3
130776,3
130778,3
149368,3
110943,4
110953,3
110962,4
122043,3
130817,3
130843,3
64337,4
149422,3
149436,3
149458,-1
130875,3
130887,3
64414,3
64415,4
100908,4
100951,3
149499,4
130953,3
122131,3
122132,3
136381,4
149586,3
64437,3
64460,3
130992,3
122150,4
113691,3
113700,8
113703,16
113708,3
113711,4
149608,3
149620,4
122187,3
113720,4
113721,3
113757,3
131129,4
131137,3
149668,3
149674,4
122251,3
122262,3
101035,3
149735,3
149795,3
64494,3
122424,3
131172,3
149896,15
110995,3
111012,3
101096,3
101140,3
122489,3
149912,3
149934,3
131259,3
122558,3
64543,3
64546,3
122612,3
122648,3
150020,4
131319,4
131327,3
131333,-1
131337,16
136523,3
113908,3
113934,3
113969,16
113988,3
101171,3
101178,3
114036,3
114049,3
114073,4
122715,4
122718,3
101234,3
101239,3
131454,3
131509,3
150142,3
150157,3
150190,4
111150,3
114080,3
114097,3
122813,3
131525,4
131537,3
122865,3
114200,3
122892,3
111159,4
111167,3
111169,4
131630,3
114249,3
114279,3
122916,3
122921,3
150273,3
136544,3
114354,4
123039,3
123043,3
123045,-1
64556,4
131717,3
150362,3
101418,16
101420,3
111244,3
111262,3
123083,5
131762,3
114427,3
114428,3
131822,3
131853,4
114453,3
64601,3
64618,3
64624,3
131857,3
131887,3
111285,3
151433,4
114509,3
114519,4
114521,3
123166,16
151464,3
123214,3
123230,3
64718,3
132007,3
151481,3
123265,4
123290,3
123292,3
123308,3
151552,3
136693,3
136707,3
132141,3
151610,10
151611,3
151612,3
64803,3
64809,3
64810,4
151705,3
111494,4
151732,3
151735,3
151763,3
151778,3
151782,4
151800,3
111541,16
123465,4
123497,3
132296,16
123504,16
64888,4
136773,3
136789,3
136806,3
136820,4
151875,3
151893,3
64944,3
151931,3
64972,4
123645,3
151988,3
123685,3
65018,3
65034,3
114588,3
101622,3
101645,4
132412,3
132456,3
132487,3
123782,3
136828,3
136853,3
136857,3
114599,9
101661,3
114655,3
114670,3
65078,16
65100,-1
123905,16
123923,15
101698,3
101701,3
132619,3
132641,3
132655,3
123960,3
123963,4
136920,3
124031,3
124047,3
132744,-1
114878,3
65223,3
65267,3
136945,3
114910,3
114928,3
124095,3
124104,3
132791,3
115026,3
101768,16
65280,3
132859,3
124184,3
124216,3
115112,15
115115,16
124297,3
101896,3
133030,3
137065,16
137116,4
111594,3
152030,3
137175,3
133152,3
133161,4
152111,3
115197,3
115257,-1
115266,4
102011,3
102019,4
65388,3
152169,3
133206,4
65418,3
65427,3
133248,3
115328,3
115376,3
152225,3
152265,4
115395,3
65474,3
152299,3
152317,16
133465,-1
65502,3
65518,3
65526,3
133505,3
111671,3
111705,3
133582,3
65548,3
152424,3
111712,4
111778,3
133606,3
137210,3
137216,3
137248,3
115608,3
115634,1
124367,3
111833,6
115668,3
115670,3
115698,3
115703,3
124430,4
152519,3
133669,4
137263,3
137273,3
65622,3
115734,3
133698,3
124497,3
111897,4
124554,4
102198,3
137402,16
137416,3
124626,3
133895,3
133918,4
133929,3
133935,3
115823,3
124639,3
133980,3
124697,3
137463,4
137476,4
137485,3
137487,3
137499,3
115937,3
134030,4
137514,-1
137524,3
124777,3
115986,3
115996,16
134070,4
102337,3
137622,3
134117,3
134138,16
111900,3
111920,3
111924,4
111946,3
116066,3
124875,3
124881,16
124899,3
134209,3
152568,3
124925,4
124970,3
116153,3
125008,4
125022,3
116224,4
134293,3
102484,3
125067,16
116246,3
134325,4
134362,3
134374,4
152676,3
137739,3
65702,3
65729,3
156174,3
134447,3
134481,16
134488,3
125291,3
134507,4
134550,3
134552,3
134579,15
125329,3
102585,3
125420,16
134639,3
134655,3
65827,3
65848,3
65854,3
137839,3
65876,3
65903,16
134791,3
116321,3
152715,3
137911,3
137930,3
112045,3
112064,3
102761,3
102763,4
102781,3
125521,3
125597,3
152744,3
152770,3
156333,3
156339,3
156350,4
125639,4
125666,3
152810,4
152846,4
156400,3
138018,16
152868,3
152870,-1
116490,3
112144,4
125861,3
156504,16
134907,4
134915,16
134942,3
112232,4
112233,3
125912,4
125918,3
125919,3
152976,3
156590,16
153012,3
153036,4
126073,16
135088,3
135106,16
160705,16
160725,3
160731,3
153069,3
153075,3
153118,3
138129,4
138171,3
135172,3
135204,3
126154,3
126163,4
135266,3
153126,3
138181,3
138229,4
116533,3
116549,3
135297,3
135298,3
135305,3
135314,3
160887,3
116591,3
126248,3
126250,4
135367,3
135386,4
156758,3
126321,3
102864,3
135451,3
135457,16
156795,3
156803,3
156808,3
102904,4
135511,4
135520,3
116602,4
156886,3
156887,3
116651,3
116701,16
116704,4
156945,3
161005,3
126538,4
156979,3
156999,3
135579,8
135583,3
135585,3
135626,3
116766,16
126569,3
161022,3
161047,14
102970,4
135689,3
102988,3
102989,3
103017,3
135758,3
153212,16
153217,3
103085,4
103096,3
161134,3
161158,15
161175,3
157068,3
157069,3
103120,3
138240,3
138249,12
138298,3
138303,4
103198,3
153275,3
153292,4
157116,3
157130,3
157134,3
138311,3
138382,3
116886,3
116903,3
116923,3
116929,16
157188,3
157203,3
153315,3
116930,3
116937,3
103277,3
153429,3
126807,3
161400,3
136041,3
117002,3
117021,3
117023,3
117027,16
126887,4
138538,3
138554,4
157312,3
157345,3
117061,15
161426,3
117102,3
117154,3
171192,3
171196,3
153485,3
153521,3
138627,3
171248,3
117221,16
171314,3
157485,3
157486,3
157489,3
117283,16
127116,3
127148,3
127158,3
171354,3
157545,3
127204,4
138663,4
171392,3
127234,3
127263,3
157606,3
157614,3
157618,3
157662,16
171547,3
171560,3
171575,3
161475,3
157701,3
157755,3
171591,4
171627,13
153646,3
117375,4
117379,3
117401,3
127439,3
127445,3
127468,3
171684,3
171697,4
117426,16
117451,3
117452,3
181463,4
153693,3
153694,3
161483,3
161490,3
181469,3
161538,3
161555,3
161569,3
103313,3
161576,3
161623,3
138892,3
138894,3
138901,3
138918,16
138929,3
157862,3
161648,3
161650,3
171839,3
157905,3
181563,3
103374,3
161684,3
161705,3
157949,3
157962,3
181639,16
181692,3
153757,-1
171927,3
171930,3
171939,3
181739,3
103440,3
103490,3
172043,4
117522,3
117529,3
181810,4
158083,4
158122,3
158125,3
153843,3
172109,3
172142,3
103554,-1
103590,4
103591,3
158175,3
172181,3
153881,4
158213,3
158241,3
161742,4
172289,3
172305,3
181915,3
153899,3
158269,3
158293,3
117673,3
153934,3
153963,4
172426,3
159429,4
117698,3
117720,-1
117727,3
139014,3
181968,3
181986,3
154051,3
154060,3
117814,3
117818,16
161898,3
154113,3
154155,3
154168,4
172553,3
172564,3
172588,3
172599,3
139123,3
161951,4
154194,3
154239,3
117828,3
159452,3
159517,3
182091,3
182099,3
182284,3
159566,4
159567,3
172735,3
139241,3
139270,3
159577,4
159592,3
154280,3
103836,3
172816,3
172823,3
182383,3
182409,3
154308,3
117904,3
117909,3
139342,3
172843,3
172849,0
172897,3
117933,3
159665,3
159669,-1
139391,3
139426,3
103871,3
182500,3
182510,3
117974,3
159739,16
162091,3
162105,4
103943,3
182584,4
182603,16
162158,3
162162,3
139449,3
118030,4
118047,3
159814,6
159822,3
103997,4
159855,3
159886,16
159888,3
159894,4
162212,3
159964,16
104041,3
118055,4
118056,3
160018,3
118081,3
118091,3
172917,3
162300,16
162322,16
160110,3
172988,3
183812,3
160136,-1
173070,16
183917,3
183924,3
139776,3
173147,3
118156,16
173201,2
118193,3
118194,3
118203,4
118235,3
118237,4
184057,3
184069,16
160241,4
160247,3
104171,3
173284,3
173286,4
160261,3
160269,3
160300,3
160301,3
160307,3
162363,3
162365,4
139835,3
139851,3
139853,3
173329,3
118252,4
118272,3
104220,3
104273,3
118296,3
118300,3
173347,3
173350,3
173351,3
162444,3
173410,3
118348,4
118359,3
118366,3
160393,4
162453,3
162474,16
139920,3
139921,16
184194,3
184201,3
184261,4
160448,3
173502,15
162506,3
104288,4
104294,4
104300,3
184275,3
184313,3
118539,3
160565,4
118564,3
118574,3
139971,3
160624,3
160630,3
173662,16
184439,16
184454,3
173753,3
154392,3
184528,16
184551,3
154427,15
118746,4
118748,3
118763,3
118770,3
118773,3
163648,3
163681,3
188789,4
188810,3
104468,3
184589,3
184596,16
154452,4
173820,3
173841,4
173851,3
140138,15
140156,3
184711,3
188927,3
154508,3
154545,3
189036,4
104576,3
154568,3
163691,3
173855,3
173868,16
173897,3
189087,4
154636,3
163745,3
163751,3
163806,3
173926,3
140308,3
189130,16
173984,3
118798,3
163818,4
174035,3
185047,3
104667,4
163862,3
174116,3
189185,16
185093,-1
185102,3
185110,3
163930,3
154802,3
154805,3
154826,3
185138,3
154879,4
185235,3
185237,3
185241,-1
185252,3
189330,4
174229,3
104770,3
164025,3
164033,3
164036,3
185305,3
185307,3
185317,4
174346,4
164079,3
185359,3
140316,16
140327,4
174380,3
140351,3
189555,16
154939,3
185441,3
185442,-1
174432,3
174435,3
118811,4
189645,3
140393,3
140396,3
118910,3
174539,3
174546,3
189703,3
164207,3
140475,3
104867,3
104880,-1
104897,3
104930,3
118955,3
174696,4
174697,3
140492,3
119020,4
164237,3
164272,3
189736,3
174773,3
174800,4
104938,3
164325,3
174904,3
197545,3
174927,3
174970,3
175001,3
175006,3
189901,3
140640,3
140669,3
197667,3
197678,3
105069,3
155028,15
189945,3
189951,3
189978,4
164436,3
175036,3
140776,3
140778,3
155062,3
155065,3
185619,3
185631,3
197701,3
197705,3
197741,3
197773,3
190023,3
190056,3
190065,3
197817,3
155122,3
155134,3
105100,3
105106,3
105112,4
105127,16
105136,3
190080,3
197849,3
197864,3
164575,3
164604,3
197925,3
197928,3
197946,3
164625,3
175104,3
190152,4
198038,3
164699,3
164728,3
190174,3
190181,3
155214,4
155230,4
155260,3
175219,4
175247,3
198155,3
140933,4
175291,-1
190319,3
190328,3
175325,-1
175386,11
175429,3
190401,3
141033,3
190421,16
190431,4
198202,3
190483,4
198234,3
190548,3
190563,16
164860,3
164875,3
175570,3
175602,3
155406,16
175673,3
164933,3
164946,-1
164955,3
175709,3
175736,4
141184,3
155509,16
190784,3
175780,3
175786,4
190787,3
190809,3
185808,4
141240,3
198422,3
198496,-1
185854,3
141253,3
141257,3
175922,-1
175933,3
190900,4
185924,3
198528,3
185993,3
105401,3
175951,4
175960,4
175979,4
186030,3
105410,4
105416,3
176025,3
176036,3
186064,16
176095,3
105496,3
155549,3
176136,3
165013,3
141424,3
141434,3
198592,3
198612,3
191011,3
186200,3
176231,3
155591,4
155608,3
198664,3
191112,3
155622,3
155629,3
165038,3
165060,3
165061,3
165066,4
165080,3
198721,4
198724,4
191154,3
155673,3
155689,3
191197,4
191238,4
191246,3
198741,3
198791,3
141614,16
165144,3
165159,3
165163,3
155741,16
141623,4
141642,3
141649,3
165177,3
165200,3
186403,3
198903,4
176416,3
155789,3
155795,3
155821,3
155834,3
165227,3
176482,3
141741,3
176561,3
198978,15
186575,3
191378,3
198998,16
165321,3
165323,3
176588,3
186604,3
199075,4
199096,3
165347,3
165354,3
165356,3
176668,3
141841,3
155881,3
155893,3
155902,3
186708,3
186711,3
176736,3
191404,3
191425,3
155917,3
156008,3
191435,3
176824,4
186740,3
186772,3
186776,3
191618,3
191658,3
186817,3
105625,3
176964,3
186892,3
186900,3
186910,3
186953,3
142030,16
142040,-1
186962,3
186998,3
191872,3
105670,3
105699,3
176997,3
177070,3
191922,4
156150,3
187114,3
187120,3
187128,3
165646,3
200455,3
192086,3
165684,4
165685,3
165701,3
177082,3
177110,3
105854,3
187299,3
187302,4
187345,3
165722,3
200513,3
187368,4
142385,3
142419,1
165783,3
187406,3
142446,3
142448,3
177358,3
177376,14
165858,16
165867,3
187461,3
192336,3
177399,3
165915,4
192386,3
192408,3
142487,3
142518,3
142528,3
142544,3
187521,3
187568,3
177447,3
177453,3
177455,3
142550,3
200599,3
192519,16
187648,3
187663,3
166094,3
187745,3
177507,3
212682,3
187765,3
192566,3
105986,3
212738,3
212743,3
177577,3
142617,-1
142624,3
187812,3
187867,3
192634,16
106050,3
177599,3
177667,4
142677,3
142684,3
142700,3
106067,3
106074,3
177747,4
200650,3
142719,4
142720,3
142729,3
187940,3
106102,3
106118,3
188022,3
177777,3
142775,3
142797,-1
200682,3
200703,3
200723,5
200749,3
212906,3
177867,16
192709,3
142817,3
142842,3
142843,3
106213,3
106217,4
106222,-1
177912,3
166180,3
166193,3
166201,3
188110,3
188128,3
188154,4
177987,3
213008,3
142952,3
178043,3
143009,3
200750,3
166218,3
166229,3
143070,3
200809,3
200890,3
200905,12
200907,3
200908,4
200928,3
213139,3
213158,4
192721,3
192724,3
188245,3
188263,3
143085,3
143108,4
143136,16
178210,3
178256,3
106306,3
166288,3
166289,12
166305,4
166353,3
213257,3
188291,4
178266,3
178298,3
201006,3
201018,3
201040,16
201051,3
201058,3
188361,3
188367,3
178347,4
178368,15
213300,3
213308,4
201077,4
201094,3
188415,3
188432,3
178464,3
143228,3
143237,3
143250,4
143257,3
192914,3
192945,4
106433,3
166385,3
178570,3
201130,4
201140,4
201158,3
192968,3
143296,3
143317,3
143331,3
201177,16
201204,3
193034,3
193067,15
166410,3
178643,3
178668,3
193096,3
193152,3
213457,3
188569,3
188574,3
166535,3
106550,3
213497,3
213517,3
166580,3
166602,4
188609,3
188611,3
188658,3
213599,3
213607,3
143413,3
106586,3
166616,3
178811,3
193199,3
107639,3
107678,4
178841,3
178864,3
213627,3
213634,3
213654,3
193232,3
193233,3
193243,3
166694,3
166713,3
143498,4
188767,3
215976,3
215986,3
216021,3
216023,4
166743,3
166757,3
193295,3
193319,3
166791,16
166803,17
193386,3
107693,16
107723,4
201426,3
201437,3
201441,3
201444,4
179053,3
213667,3
213690,3
213691,3
166817,3
216087,3
216098,4
179093,3
179156,3
166876,3
166898,3
143679,3
217212,3
179211,3
166912,4
201497,3
193591,3
179269,3
179291,3
179297,3
213738,3
213758,3
179361,3
179397,3
179404,3
193686,16
201575,16
213798,3
217343,3
201597,3
213828,3
213842,3
213886,3
217370,3
217387,4
217408,4
167097,3
179442,3
179461,3
217461,3
167112,4
167131,4
107918,3
107952,3
217519,4
217520,3
217555,3
167153,3
213926,3
213939,3
201731,3
201735,4
143872,16
143880,4
143884,3
143912,16
167197,3
179660,3
167227,3
179690,3
217622,4
108039,3
201817,3
201832,4
143993,3
217681,3
217700,3
217718,3
201873,3
144040,3
167297,3
193970,4
108128,3
108129,3
108142,3
217745,3
144128,3
179940,3
217789,3
167374,4
217837,3
217843,3
217856,4
179985,3
214121,4
194164,4
194169,3
194193,3
217910,3
180058,3
214149,3
214159,3
217987,3
214209,3
214222,3
218036,4
218048,3
144248,3
218101,4
218127,3
214254,6
108274,3
218158,3
218171,3
218189,3
144267,3
144272,4
144328,3
144332,4
218264,4
214353,3
218312,3
218337,3
201993,3
218401,3
218419,3
202051,4
214422,3
180309,3
180332,3
144421,3
108405,3
180406,16
214490,3
167630,3
167648,4
180454,3
180495,4
180500,15
167656,4
180527,4
180574,3
144455,3
167701,3
167714,3
180648,3
194491,12
167793,3
180668,3
194587,3
144600,4
180743,3
218794,3
218809,4
228382,4
167818,3
167819,3
167838,3
167843,3
194605,3
202090,4
202111,3
180760,3
180792,16
144633,17
144646,3
194697,3
214602,4
214604,3
144660,4
202135,3
202152,4
202159,3
202187,3
202204,16
167895,3
214628,3
180885,3
180904,3
180934,3
194727,4
194736,3
218877,3
144766,3
180951,3
181004,3
167982,3
168011,3
218931,3
218945,3
194826,3
194864,3
181046,3
214711,3
214721,3
202234,4
202250,3
202257,16
218956,3
218967,3
181098,3
181099,3
228481,3
168051,3
168053,3
181126,3
219060,17
219071,4
168114,16
214811,-1
202348,4
202361,3
219126,4
202408,4
202425,3
214813,4
214818,3
214843,3
195155,3
195183,16
219176,3
168187,3
168204,3
168209,3
181349,4
228583,3
219243,3
219277,16
228611,3
228620,16
228661,3
214956,3
202466,3
202469,3
168243,3
168311,4
168323,3
195296,3
195308,3
195334,3
195344,3
219420,4
202542,3
228746,3
228772,4
195368,3
195378,3
219483,3
219489,3
228787,3
228795,3
215002,4
215011,16
219537,4
144897,3
215082,3
243059,3
168375,4
168398,3
168433,3
219559,16
219583,3
243106,4
243111,3
243139,3
144937,16
144992,3
202583,3
243144,4
219708,3
228959,16
202729,3
243259,3
243281,3
219756,13
228969,3
228972,3
219783,3
145042,4
229036,3
229064,4
229072,3
219836,4
219850,3
219868,3
219877,3
195667,4
195683,3
195686,4
243413,3
202791,3
195731,3
243477,3
243495,3
202820,3
202838,3
202857,16
202869,3
202886,3
219988,3
219993,3
219998,3
243510,3
243513,3
168595,3
168630,3
229134,3
229174,4
202952,3
195808,-1
195829,3
168654,4
168672,3
220102,3
220142,3
220145,3
195865,3
195868,3
195881,4
195911,4
243676,5
243692,16
168676,3
168690,3
168700,3
168701,4
203008,3
229191,16
229197,3
243803,4
168744,3
203035,3
203054,3
168758,3
229240,3
195961,3
195968,3
220250,3
243884,11
243889,3
145119,3
145126,3
145141,3
215257,3
215263,4
196032,16
168822,15
168842,4
168849,4
168859,3
243942,4
243946,3
203149,3
215359,16
168886,3
229289,16
220293,3
220324,3
168956,3
215405,3
215418,3
215454,3
196248,3
203197,3
244115,4
244119,4
229373,16
169041,3
145325,3
169053,3
169059,3
169068,3
169085,3
196351,3
196412,3
220391,3
220421,15
229471,3
229476,4
229480,3
229485,3
203369,3
244251,4
244263,4
169114,3
169160,3
220515,4
169193,3
169199,3
145388,3
145410,3
215489,3
244297,15
196502,3
196524,4
244403,3
244406,9
220596,4
220623,3
203407,3
203411,3
203427,3
229673,3
229701,3
220642,3
203452,3
203474,3
169316,3
196660,3
196668,3
169336,15
169337,4
220813,3
220841,3
169366,4
169367,3
196736,14
244562,16
229776,3
220891,2
220920,3
229794,3
229815,4
229831,3
145661,4
244647,4
169394,3
220949,4
215513,4
215560,3
244709,3
196858,3
169507,3
244765,3
244783,3
145687,16
145698,3
221027,16
244826,3
244847,4
215617,3
215626,3
196956,4
196971,3
169554,4
169560,3
169567,4
203542,4
244898,3
196979,4
244966,3
244997,3
215690,4
215707,3
215714,4
197045,3
197052,4
203665,3
245104,16
245129,3
245133,3
221185,4
221198,4
221205,3
221219,3
203705,3
169579,15
245168,3
203721,4
145848,3
245249,4
169681,3
221315,3
221357,3
145892,4
197288,16
245314,3
221374,3
221420,3
169704,3
169735,4
145972,3
250122,4
215754,3
221471,3
221503,3
245491,3
203947,4
203965,3
250170,3
250206,4
245577,3
169770,4
169780,3
169789,3
221546,4
221562,3
203998,4
221633,16
221638,3
250220,3
250221,3
146125,3
146134,3
204063,3
221738,3
221748,3
204109,3
250334,3
169840,4
169859,4
169870,4
146211,4
204161,4
204172,3
204209,4
250365,3
250375,4
215900,16
204219,3
204225,4
245611,4
245618,3
245643,3
215924,3
215936,3
215955,3
169908,16
169914,3
246810,4
246831,4
146290,3
204426,3
169961,3
246859,3
169978,3
221800,3
246902,3
246959,4
170024,3
170038,3
221811,3
221836,3
245727,3
204438,4
204448,3
221865,3
245806,4
245822,3
245823,16
170092,3
146393,16
146398,3
204459,3
204460,3
204468,-1
204496,4
222048,16
250596,3
247066,4
247100,4
222146,3
222151,3
245965,3
230268,3
170149,16
170207,3
246011,4
246051,3
230329,3
222187,3
222189,4
222203,15
222204,3
170228,3
170231,3
170240,3
246087,4
246090,3
246104,4
146435,-1
146439,3
230412,3
230452,3
246148,4
170323,3
146470,4
146517,4
222366,4
222369,4
230490,3
230501,16
246205,3
246221,3
246246,3
170363,4
146587,3
246268,3
246278,4
246279,3
222466,3
170418,4
246324,3
146607,4
222566,3
246383,15
246388,3
246414,4
246425,4
222609,4
230586,3
170518,3
246449,3
246452,3
204508,16
204533,3
204539,3
204572,4
170571,3
170576,3
246513,3
247200,3
247205,16
246641,3
246650,4
246654,4
170605,3
246783,3
247291,3
250849,3
250854,3
146817,3
222867,3
247349,15
247390,3
250927,4
146891,3
223002,3
170726,3
223025,3
223051,3
204671,16
170765,3
230679,4
146990,3
254777,4
223191,3
254828,3
254837,3
170849,3
170862,3
170874,3
170878,4
204721,4
204750,4
204753,3
230737,3
254873,16
254895,4
254913,3
170882,3
170887,3
170895,-1
170918,3
204796,4
247396,3
247403,3
247413,3
254965,4
230807,4
247499,3
247503,4
170969,3
223258,4
250972,3
255054,3
255055,3
255061,3
247519,3
247555,3
223289,3
255082,3
255098,3
255099,3
255108,4
170997,4
251053,3
230893,4
255155,4
251099,4
251116,3
251123,3
223388,3
223401,4
251189,3
223526,3
251199,4
251210,3
255289,3
255320,3
251261,15
251280,3
230996,3
223565,3
255344,3
255347,3
255353,3
251330,3
251360,3
223597,3
223599,3
251380,3
251394,3
223701,3
251469,-1
255452,3
171065,3
223737,3
223786,3
255544,3
255550,4
147053,3
171159,3
247843,3
247868,3
247883,4
247892,3
223794,4
223829,3
255569,3
255605,3
251551,4
223845,7
223915,16
147138,3
147163,3
255648,3
255664,4
223919,3
223925,3
255696,4
247922,3
223974,4
224008,4
255727,3
255730,3
251663,4
266087,3
266100,3
266106,15
266110,3
266118,-1
204929,3
204937,3
231098,3
255785,3
147253,3
147280,4
147283,3
205000,3
255873,16
255884,3
255889,3
248010,3
266200,3
147318,4
147341,3
147357,16
147367,4
255913,3
255927,-1
255949,4
255975,4
255977,3
256001,3
251696,3
251740,3
266243,3
147390,3
147391,3
147439,16
231244,4
256061,16
205145,16
147470,16
231260,1
205183,3
266348,3
248134,3
248138,3
248205,3
147529,14
147538,-1
224137,3
231351,3
231358,16
231386,3
256128,3
266435,3
251825,4
251826,3
251847,3
206273,8
206275,3
206304,3
206309,3
224147,3
256234,4
256253,4
266489,4
256305,3
231514,3
266512,-1
256329,16
256333,4
256337,4
256345,3
256351,-1
256367,3
256378,3
231608,3
231634,4
248217,3
248223,3
248257,3
251898,3
251928,3
206350,0
266586,14
266611,3
224230,3
231664,3
231700,3
248286,3
248332,4
251995,3
147693,3
147730,3
206395,3
206402,3
224305,3
256501,3
248387,3
206488,3
206491,16
206499,4
256522,4
256525,3
266711,3
224454,3
224467,3
206581,16
147810,3
252026,3
252037,4
252071,3
267804,3
256585,4
256631,3
224564,3
252146,4
248455,4
147817,3
147872,3
147873,3
224612,11
267844,3
252171,4
252194,3
206669,3
206670,3
256698,3
252221,4
252240,3
206708,3
206724,3
206726,3
206747,3
224688,16
248555,3
248558,3
252284,3
224757,3
224759,3
147939,3
256834,3
256861,4
224824,4
252340,-1
248595,3
248602,3
206834,3
224852,3
224914,3
224915,4
224918,3
206936,3
206957,3
225011,3
248639,3
248650,4
248683,4
257092,3
207050,3
225156,3
267875,16
257111,16
267917,3
225184,4
257176,3
257183,3
267957,3
267981,4
148155,3
207124,4
207153,3
207155,4
207162,3
207180,3
257253,3
268021,3
268050,3
207183,3
148192,3
257346,3
207264,3
207277,3
148256,3
148265,-1
268070,3
268078,3
207316,16
148283,4
148344,3
207328,3
252495,3
252507,3
231756,3
257404,3
268134,3
268164,4
252564,3
148379,3
148400,3
252636,16
252641,3
252653,3
252656,-1
252672,3
268188,4
268193,4
249018,4
249040,3
225416,4
273366,3
273396,3
252750,16
252756,4
231937,3
249119,4
249159,3
252844,16
225540,3
225568,3
225606,3
257484,4
257488,4
257503,3
268259,3
268283,3
268300,3
268333,3
268334,3
268374,3
207505,3
252927,3
268428,3
273514,4
225743,3
249258,3
225805,3
252953,3
252983,3
268526,4
257672,3
207686,4
207707,3
207734,16
273596,3
257734,4
257736,3
225911,3
268602,3
257820,15
225970,3
249288,15
226018,3
253073,3
268604,3
268632,3
273678,3
253140,3
232094,4
232119,16
232121,3
273712,4
273756,16
226212,16
232151,16
268684,3
268702,16
226287,3
226288,3
226362,3
232335,3
249419,3
268802,3
268821,4
253273,16
253299,4
249434,4
249512,3
249517,3
226480,4
226511,3
226532,3
253312,3
253313,0
268900,3
257909,3
257943,3
207874,16
207877,4
253359,3
253367,3
253398,4
249524,3
249557,3
257955,3
268957,4
249620,0
249653,3
232437,3
207912,3
207930,3
258025,3
253433,3
253451,3
226578,3
273941,3
258088,3
253523,4
249710,3
208020,4
258142,4
226659,4
226665,3
226682,3
258202,3
253620,4
258280,4
258282,3
253727,4
226798,3
232542,3
208141,-1
208175,3
226824,4
226863,3
253787,3
232580,3
232583,15
226937,3
253807,3
258445,3
274058,3
226969,3
227001,3
258508,3
253940,4
253943,3
253944,3
274113,3
208225,3
227073,3
227082,3
227122,4
253958,3
253966,3
253991,3
258571,3
232664,3
232687,16
227228,3
254056,3
269050,3
269063,3
269098,3
227259,3
227280,3
227286,3
254063,3
254075,3
254076,3
232754,3
274235,4
274249,3
208255,16
208270,3
208289,-1
227323,4
254175,3
258741,3
227375,3
227389,3
258800,3
258815,4
258845,16
227487,3
258870,3
227498,4
254198,3
232889,3
232891,4
227568,4
227612,3
269173,4
269196,3
258987,3
249938,3
227652,3
269220,3
232969,3
249960,16
259091,4
227748,4
227789,3
250009,3
250032,3
269314,16
259154,13
259163,4
227840,3
233021,3
233046,3
233058,4
233077,3
259199,4
259209,3
250056,3
250074,3
269375,3
259262,3
233132,4
233141,3
259327,16
259363,3
227920,3
259392,3
233179,4
254227,3
269518,16
254283,3
259493,3
208427,3
208498,3
254304,3
259584,3
259604,3
259624,3
227967,3
227996,3
259671,3
254490,3
260750,3
228045,3
228056,4
260791,4
260838,3
282534,3
254577,4
254598,3
208581,3
269595,3
269616,4
269624,3
269638,3
228182,3
254628,3
254665,3
233540,3
208645,3
228274,3
228310,3
269726,3
233578,7
260886,3
260904,3
286445,3
290357,3
260963,4
286509,3
290413,3
290438,3
261022,3
208755,3
208789,4
282695,3
274518,15
274536,3
261058,3
282731,15
282747,3
274582,16
290550,3
286677,3
274595,3
282796,3
282821,9
282842,3
290603,4
290638,3
261157,3
282869,3
282897,4
286862,3
208804,3
290932,4
261373,3
261385,12
290972,3
290989,4
290994,3
269764,3
269771,3
269790,-1
269791,4
274910,4
274918,4
274944,3
261461,3
291058,3
291063,16
274987,3
274996,4
275005,3
261514,3
291100,3
233735,4
269841,3
261622,4
283095,7
208939,3
275096,4
261643,4
208983,3
261702,4
261710,3
291153,3
291177,3
291195,4
291201,16
291228,7
291242,3
209006,3
261757,3
209092,3
269937,4
261826,2
261831,3
291416,-1
291456,3
269966,3
283213,4
283224,3
233820,3
291504,3
261904,3
261912,3
261949,3
261956,3
287040,3
287067,3
283264,3
283283,3
275241,3
275251,3
275273,4
233836,3
233856,3
233857,3
270079,4
270082,3
270091,3
209130,3
209150,3
275313,3
209224,3
262121,3
270127,3
275386,-1
275424,4
291757,4
291786,3
209286,3
287178,3
287257,3
287326,3
291842,3
291880,-1
270179,3
270202,3
270215,4
283383,3
283390,3
283397,3
262184,3
287362,3
287369,3
262231,4
262241,4
270290,16
287437,3
287441,15
234042,4
234055,3
262269,3
262275,4
283433,4
283442,4
287518,3
287531,3
262330,3
262362,16
262369,3
275602,3
287543,3
283487,3
283529,4
292133,3
292168,4
287621,3
287649,3
262457,3
283563,3
209350,3
270320,3
287688,3
262519,3
262543,16
262545,3
270376,3
287765,3
292310,3
234239,3
262659,15
262660,16
262683,4
292333,3
287868,4
287872,4
270496,4
270500,3
262741,16
262769,3
287928,3
275654,3
275679,3
234337,3
262835,16
287982,3
283634,3
292431,3
292464,3
234410,3
234414,3
262884,3
288096,3
270636,4
262953,16
262954,4
283720,3
292507,4
292522,4
292527,3
288125,3
288138,3
263023,3
270689,3
270702,3
292584,3
288222,4
263092,3
270778,15
270779,3
263118,4
283780,4
209647,3
209671,4
209710,3
263152,3
263159,3
288277,4
234483,3
288300,3
292781,3
234541,-1
292812,3
288347,3
283936,4
263325,3
275726,4
275747,3
263392,3
288417,3
293005,3
293055,3
293063,3
283981,16
293077,3
284057,3
293121,3
293177,3
275915,4
263461,3
284108,3
234587,4
234608,16
293243,4
209790,3
209809,4
288487,3
288506,3
275940,3
275959,3
275967,4
263495,3
263547,3
234668,3
234688,3
288555,3
209895,3
209913,3
293373,4
293424,3
293439,4
234743,3
276033,3
209947,16
209963,3
209967,3
234803,3
293467,3
210012,3
276060,3
276097,3
276134,3
263634,3
263651,4
263664,3
293509,3
293545,4
271097,4
234835,3
263729,4
293580,3
284272,3
284284,3
293624,3
293630,4
210087,16
284331,3
288798,3
263904,4
284387,4
284417,3
284422,3
288805,4
288843,3
288890,4
288918,3
288922,4
288925,3
276272,4
276277,3
234949,3
234971,4
264013,3
264042,3
264070,3
288995,3
288996,17
276331,3
264138,3
264140,3
289014,4
293716,4
284451,3
235053,4
235058,3
235069,3
235078,3
210095,3
293794,3
293803,3
276347,3
276406,3
276414,3
264217,3
210189,3
210190,4
293846,3
293853,3
284504,3
284531,3
264269,3
293908,3
271255,3
264375,16
293967,3
284619,3
284622,4
284625,3
276455,4
264438,3
294061,3
264509,4
289114,4
294159,3
264561,3
284640,11
284665,3
284685,3
284693,4
271404,3
210295,3
294209,3
276524,3
235096,4
235123,14
235128,3
289137,16
289142,4
294257,3
294274,3
294285,3
276572,3
235130,3
235172,3
264713,4
294338,3
294350,3
294354,16
294365,3
289201,3
289217,3
294442,4
235192,3
235207,3
235224,3
271452,3
271471,3
271486,3
271526,4
210368,3
210391,3
210401,3
294517,3
289422,3
264791,3
264798,3
264821,3
264837,16
294594,4
294602,16
276773,3
271610,3
271652,4
235366,-1
276846,3
210525,3
235392,3
235425,3
271660,3
265087,3
265128,16
265137,3
294695,3
294784,3
294785,3
271783,3
289663,3
289690,3
210610,3
276873,3
210629,3
210651,3
289713,-1
289721,3
284903,3
284915,3
265281,3
210719,3
284952,4
284967,3
265333,3
294986,3
295012,3
271796,4
235587,3
285049,3
265466,3
235627,4
235644,3
285105,3
265530,3
265564,4
235690,3
276986,3
295110,4
265617,3
289799,3
289804,3
289829,3
210780,3
289911,3
289929,3
289937,3
289953,4
289965,3
271971,3
271972,3
295130,4
265691,3
295214,3
210883,3
265735,3
265765,3
265767,3
295281,3
295294,4
235796,3
290029,4
265820,3
265849,3
272126,4
272127,3
285167,3
295420,3
211022,3
272149,10
272162,3
277043,16
266041,16
266049,3
266055,4
298360,3
277089,16
277111,3
277114,3
236048,3
236067,3
295659,4
211144,4
236070,3
236091,3
277182,3
211240,4
277258,3
285234,4
277327,4
295755,3
295756,3
290058,3
211463,3
211474,3
285313,3
285331,4
272297,3
295791,3
295867,16
295871,4
290127,3
290168,9
290189,3
211551,3
272410,3
290223,4
290240,3
295927,3
295928,-1
236271,3
306138,4
295952,3
295959,3
295977,4
272494,3
285401,3
285416,3
285433,4
306192,4
306200,11
306207,3
285482,3
285501,4
277479,-1
296104,15
296126,3
298680,3
272522,3
272526,-1
272553,3
277566,3
211650,3
237359,3
296182,3
298781,3
306319,3
306321,3
296231,3
296257,3
306426,3
298838,3
298866,3
298867,16
296345,3
306462,3
306540,3
306553,16
272722,4
272768,3
285657,3
285672,3
211748,3
272774,3
272831,3
272844,3
298887,3
296426,3
306685,3
306724,3
272871,3
298967,3
298984,3
298992,3
237431,3
237455,4
272918,3
272929,3
306753,3
277830,3
277839,3
277873,3
237522,3
306834,4
211789,3
211805,3
299107,3
296650,3
306898,3
296767,4
296771,3
299163,3
299215,3
277932,3
299233,3
299238,4
296882,3
306998,3
307005,4
277973,3
296922,3
296925,3
296957,3
299328,4
237678,3
307205,3
278017,3
278029,3
297017,3
237775,3
237785,3
297060,3
297080,16
278144,3
299459,3
299465,4
273202,4
273220,3
273242,16
307247,4
237842,4
297116,3
299492,3
273275,3
273331,4
299515,3
299529,16
212096,4
212102,3
307301,15
307312,3
299582,4
299591,4
299599,16
237849,3
307340,3
307348,3
307383,3
278223,3
297213,4
297221,3
299678,4
278244,3
278251,4
212159,3
297270,3
307490,3
278298,3
278299,16
299698,3
297308,16
297350,16
212263,4
307559,3
238057,3
307640,4
299952,3
299960,3
307663,3
297472,4
297483,3
319381,3
319396,3
319402,4
319412,3
238156,3
307720,3
307745,3
278461,3
300026,3
297577,4
278540,4
300126,3
212326,16
212337,4
286021,3
278573,3
278575,3
212371,4
300257,3
212426,3
278611,3
278627,3
286107,4
286139,3
286149,4
307944,3
307971,3
300377,4
327402,4
327443,3
238191,16
319576,3
319580,4
308022,3
300506,3
327455,3
327482,3
327486,3
327493,16
278710,3
278734,3
238307,3
238328,3
308167,3
300700,16
300708,3
300754,3
300778,4
300783,3
297852,3
327566,3
286348,3
286385,16
297873,15
297884,4
297894,3
300871,4
278901,4
278932,3
300881,3
300912,3
308200,3
297895,3
297916,3
327652,6
308263,3
308280,3
339573,3
319730,3
238417,3
308333,3
327665,3
327700,11
297998,3
339622,4
339640,3
339658,3
327744,3
238419,15
319848,4
308485,3
278990,3
339733,3
327842,4
327850,4
298172,16
319888,3
319903,3
308576,3
298222,3
298272,16
327882,4
327909,3
301089,3
301095,3
319991,3
301120,3
308745,3
301156,16
279035,3
279070,3
349735,3
349773,3
349785,3
308753,3
308771,3
339790,3
301192,3
301197,3
301204,3
327910,3
327918,16
327944,16
327952,6
320063,3
308827,3
301250,3
339839,3
308928,4
308929,3
349865,3
349878,16
301381,3
308971,3
308985,3
308987,4
327991,3
327996,3
328023,3
238708,3
238755,3
238765,3
339958,3
309041,3
309042,3
309055,3
309061,3
238799,3
350022,3
350024,3
309094,3
301495,16
301549,3
301554,3
301562,16
279178,4
279205,3
309157,3
350165,-1
350166,3
309209,3
301607,4
301652,3
238928,3
238932,3
309279,3
309286,3
350195,3
350214,16
309360,3
309361,-1
320126,3
328044,4
328062,3
309395,3
238986,4
239005,3
301712,4
309444,3
340174,3
328173,3
239024,3
239046,3
301739,3
301741,3
301742,3
328199,3
239081,3
328232,4
328249,3
239200,4
239222,3
301884,3
328307,4
320207,4
309482,4
239293,3
301937,4
340217,4
340245,3
328394,4
239358,3
350359,16
309548,4
309566,3
320267,3
320275,3
301966,3
301977,3
279267,4
279280,16
279330,3
309603,3
309615,3
328442,3
328459,3
328520,3
239442,3
239463,3
328574,4
302046,3
320350,4
320377,3
350427,3
350433,3
328630,4
302121,15
302140,4
320458,3
309766,4
309784,3
302172,3
350505,3
350521,4
320500,3
328757,4
328767,3
328798,3
279609,4
279637,3
279670,3
239646,3
328846,3
302341,6
302349,3
350635,3
309820,-1
309858,3
279687,4
302403,16
340418,4
328952,3
239679,15
239682,3
309916,3
309917,16
279811,4
302523,3
350751,3
350772,3
310005,3
310013,3
310030,3
350803,3
350817,3
279869,3
279914,3
340516,3
310031,16
310062,3
310068,4
310078,4
350885,4
279966,3
302692,3
302694,3
340550,3
329177,3
310143,3
239763,3
302736,3
302737,4
320796,4
280002,3
302779,3
302781,3
302797,3
340630,3
329219,4
329240,3
302812,4
310244,3
302867,-1
280079,3
280080,3
310304,3
310334,16
302955,3
280126,3
280168,3
340686,3
310381,3
310385,3
280187,4
351240,3
310432,4
351322,3
303051,3
303072,3
303111,15
303122,3
280308,3
280317,15
280318,3
280339,14
340789,3
310515,4
310528,3
303170,3
329376,4
329385,16
329389,4
351401,-1
351413,3
351421,3
329415,3
310615,9
321022,3
351467,3
303204,3
303240,3
240038,4
240067,3
351498,3
280396,3
280419,16
303275,3
303300,3
303340,3
303349,4
340854,3
321120,3
321149,4
321150,3
280510,3
240154,3
303465,4
351559,16
351576,3
351579,3
329569,3
329586,3
280532,4
310768,3
310801,3
310820,3
240172,16
240181,4
351606,3
310858,3
240232,3
240276,3
310871,4
340940,3
340970,3
340973,3
340986,3
310935,3
310969,3
351701,0
351735,3
351737,4
351750,15
303595,4
321251,4
321264,3
321266,16
341019,16
351805,16
329752,3
329754,3
329767,3
329781,3
311013,3
311024,3
321299,4
280619,4
280637,3
303627,3
303666,16
351823,3
351828,3
351836,4
351870,3
329831,3
311112,3
311113,3
329905,3
329924,3
329937,4
311163,4
280682,1
280712,4
303760,3
329991,4
341106,3
311209,4
311215,3
351961,3
303793,3
303806,0
351989,4
351999,3
311244,4
311276,4
303887,3
330025,4
341146,3
341191,4
352034,3
311327,3
303925,4
352080,9
352091,3
352108,3
304018,3
352130,3
321541,3
330171,3
330188,-1
341246,3
280789,3
304150,3
352274,3
352288,4
321587,3
311441,-1
311445,3
321627,3
352301,3
352304,3
352306,3
352325,4
352341,3
311589,3
311593,3
330319,15
330321,3
304260,11
321708,3
321758,3
352368,3
352381,3
330413,3
304290,3
304326,3
311660,3
341324,3
304353,12
304374,3
304381,3
352431,4
352435,4
352445,3
280981,3
281004,3
330494,0
330495,4
330501,4
304506,9
352534,3
311744,3
304517,3
304570,4
352595,4
240288,4
240304,3
304587,16
304598,3
281070,3
304629,3
304635,3
240387,3
311895,3
304700,4
281089,4
281166,3
321914,4
311916,4
311926,3
240398,3
341519,3
311977,3
352736,4
352746,3
281176,4
304784,4
330745,3
352851,3
322038,3
341547,4
240562,3
330764,3
312033,4
312120,3
312147,3
312149,3
352911,4
352912,3
322139,3
330814,4
312208,3
312214,16
281357,3
353005,3
353008,16
322210,4
330941,3
330964,3
312338,4
353127,3
305037,4
353141,3
331029,4
305054,4
305090,0
305102,3
240707,16
281377,3
312406,3
322225,3
322239,4
305114,15
353222,4
281471,3
305200,3
312481,4
312484,3
312495,3
240768,3
240784,3
353289,3
305215,3
331034,4
312560,3
312568,14
312594,3
312636,4
353461,4
305369,4
305381,-1
312683,3
353469,3
353494,3
353527,16
281516,4
281546,3
305431,-1
305434,4
240876,3
353567,4
353576,3
312790,4
312791,3
341649,3
341668,4
353586,3
353607,4
341715,-1
341737,4
312900,-1
331140,3
322359,3
353702,3
353741,3
312991,4
313012,4
313015,3
331245,3
241032,3
322421,3
305671,3
241100,15
241117,3
241132,3
331293,3
331304,13
305759,3
322450,3
322499,3
305862,3
305878,3
353874,4
341911,3
313229,3
341955,3
341987,3
331405,3
281700,3
331538,3
331549,3
342007,3
331600,3
342063,3
322516,3
322545,3
322566,4
331636,4
331661,16
241144,3
241153,16
241178,3
241223,3
322609,3
354034,3
331739,4
313346,16
354113,3
354124,3
354126,3
313386,3
306026,4
306068,4
313467,4
314475,4
322722,3
322735,3
354232,11
362534,3
314538,3
314569,3
314582,4
362568,3
342242,3
342250,3
362595,3
362604,3
362627,3
354304,3
331816,3
354367,3
362669,3
314721,3
322919,3
314798,3
354484,3
354508,3
342338,3
241555,4
241583,3
241591,4
331849,3
354521,3
354584,3
314849,3
314867,17
342380,3
342421,15
362735,4
362748,4
331914,3
331933,4
314957,3
331963,3
241632,3
241648,3
354636,3
342430,4
342439,3
342494,4
314970,3
354681,3
282087,3
362861,3
362866,3
362881,0
362883,3
322967,4
315054,3
315082,3
282113,3
315149,3
362911,3
362915,3
241738,15
315150,4
315206,3
354745,4
315209,3
315234,3
315246,3
323049,3
362967,3
363017,16
363048,3
354840,3
354846,3
354855,3
315306,3
332197,3
332200,3
332224,3
363092,16
282204,3
315356,16
315369,3
354912,4
354937,3
363153,3
342636,3
342704,4
363179,3
354971,6
355016,3
315449,3
315454,3
363222,3
365566,4
365597,4
365615,3
355036,3
355041,4
315531,3
355109,4
342736,3
332311,3
332326,3
315540,3
355123,3
355149,3
332382,3
332390,3
365679,3
332450,3
363381,4
363396,4
363417,4
363457,3
315627,3
315659,3
315660,16
315755,3
363499,16
332594,3
342834,3
342837,4
315847,4
365761,3
342906,3
315876,4
365780,3
365787,4
332720,3
332763,3
316003,3
342925,-1
342943,3
332790,3
365833,3
365871,4
365899,3
332836,11
342995,4
323384,4
332878,3
332885,4
242080,3
242089,3
343052,3
343076,4
343082,3
332966,3
323432,3
242105,-1
316069,4
316073,4
363720,3
363728,3
363735,3
355316,3
355318,4
316128,3
363778,16
363838,4
343147,3
355349,3
355389,3
363840,3
355418,3
355419,4
355450,3
365905,3
365922,3
365925,3
363922,3
363928,3
355502,4
363968,3
316232,5
316296,3
343169,4
343199,4
355535,4
333148,15
365974,15
365982,16
355583,3
364121,3
366054,3
366057,3
366088,3
333223,16
333232,3
333236,3
316409,3
364204,3
364232,3
242386,3
316430,4
316490,4
343280,3
343293,3
343314,3
343322,15
333294,3
333322,3
333347,4
355682,4
333392,3
364318,3
364333,4
364346,3
364370,3
316527,3
316579,3
355805,3
355815,3
355822,3
355823,3
366186,4
366201,3
333517,3
355834,4
355839,3
355873,3
355874,3
355878,3
364462,4
364497,3
316634,3
333560,3
364521,3
364527,3
366281,3
355946,3
355949,4
355956,3
364586,3
242402,3
366312,3
333711,3
343481,3
343511,3
364687,4
364691,3
364717,3
356000,3
333729,3
333743,3
333765,3
333769,3
316704,4
316713,3
333837,3
333842,3
356073,3
343590,4
333911,3
356108,3
356126,4
343642,3
316749,3
333943,4
333981,3
366404,3
356190,3
356211,3
343666,3
343691,3
364802,3
316778,4
316780,3
356222,15
356230,6
356244,3
334090,3
356300,3
356308,3
356329,3
334134,3
334143,3
316874,-1
316878,3
364946,3
364974,3
334171,3
334182,3
343798,4
343799,3
366527,16
366538,3
334300,3
334325,15
356417,3
323555,4
356452,3
365135,16
316992,3
356532,3
356536,3
356537,3
365198,3
365199,3
242505,3
242559,3
242564,3
242589,3
242655,3
317042,3
317063,3
317064,16
356594,3
365224,4
317129,3
356645,15
356647,3
356648,3
366588,3
366605,3
366645,3
334337,3
334366,3
343859,4
317162,3
317176,3
343924,4
242850,3
242855,3
356728,3
356740,3
356741,3
317234,3
242892,3
242913,4
365426,3
365433,3
365473,3
334458,7
334463,3
343996,3
356835,3
334505,3
375132,15
242929,3
242941,4
356910,3
356912,3
356933,3
344019,14
344044,3
375200,4
356961,3
344083,4
323623,4
375256,3
344112,4
344133,4
357047,3
357064,3
344157,3
317327,3
357154,3
334611,3
334615,3
334625,3
344198,-1
357211,3
334698,3
344246,3
344266,3
323744,3
317381,4
357269,3
357279,3
357287,3
357329,3
344300,4
317425,3
334732,3
368875,3
368897,3
334775,3
334795,3
317480,3
317506,4
317530,3
357335,4
344354,4
344362,3
366883,3
366886,3
357390,3
375496,3
334847,3
334851,3
344407,3
366931,4
368939,3
344468,3
357501,16
368995,3
375549,3
344516,4
317602,4
317603,4
323798,3
375589,3
344571,3
375683,4
367062,3
369150,4
317822,16
375741,3
344623,4
323893,4
317854,3
317861,16
317868,3
317889,3
317895,4
375772,3
367131,15
334993,4
317912,3
317938,4
335006,4
375843,16
375866,3
317987,3
357635,3
323978,3
345792,16
357672,3
357680,3
357708,4
357717,3
335079,3
318071,4
318073,3
375991,3
367188,4
318136,4
376048,4
357838,16
335138,4
335163,3
369188,3
369232,4
376104,3
335205,3
357854,3
357891,4
376132,4
376156,15
376175,3
367259,3
357924,3
318261,4
318301,4
324052,3
369285,3
369288,15
357967,15
376200,3
345868,4
345902,4
335331,3
324147,4
376256,4
358059,3
345945,-1
345964,4
376317,3
376343,3
367302,4
367317,4
358112,4
318321,16
318329,3
318351,3
318363,4
318370,3
318407,3
335371,4
376378,3
376385,3
376398,3
358145,3
345983,3
346005,3
318467,3
359215,4
359249,3
369315,3
318560,3
318584,16
359284,3
359315,3
359332,-1
376572,3
324226,9
369375,3
369395,3
346068,16
318610,4
318659,0
376599,3
376651,3
359447,3
324371,4
324389,3
359491,3
359512,3
369474,3
367464,4
367470,3
318752,4
359562,3
335442,3
318802,3
318803,3
318847,3
318852,4
376702,3
359605,3
346075,4
346117,4
346132,4
359649,3
324424,8
376748,3
376772,3
367493,4
367517,4
359691,3
359711,3
335502,3
319008,3
346138,3
346149,16
319071,3
319080,4
319152,3
324519,4
367678,4
359825,3
359852,3
359858,3
376908,4
376930,3
346273,-1
346298,3
359871,3
359886,3
359907,4
319283,3
377020,3
335589,16
359940,3
359965,3
335662,3
324616,3
377049,3
346318,3
346326,3
369646,16
319307,3
319340,3
360063,3
377134,3
377144,6
377162,3
346358,4
346385,3
346402,3
367767,3
384082,3
360121,4
367816,3
360179,3
360185,4
335742,3
377287,7
360238,3
367853,4
367873,14
335804,-1
335814,9
360262,3
360300,4
369762,4
369768,3
369791,3
369800,3
360316,16
360338,3
367976,3
377411,3
377450,4
335934,3
377493,3
360408,16
384118,3
384119,3
369847,16
369884,3
369908,3
360447,3
377505,3
377508,4
377514,16
377528,3
377536,3
360475,3
360509,-1
384153,4
346478,3
346515,3
346530,3
377609,3
377630,-1
346546,3
346595,6
377664,3
377690,3
377691,3
377704,3
324777,4
377712,3
377722,4
377743,3
384334,3
370084,4
368167,16
360748,3
360752,3
360787,3
360795,3
370113,3
346836,3
346851,3
377834,4
377870,3
377899,3
377907,4
336195,3
336203,3
336213,15
336222,3
370195,3
370201,4
370214,4
377953,4
368246,4
368269,3
346898,3
346911,3
384471,3
384476,10
384482,3
360947,3
346938,3
346939,3
368315,10
368322,3
368354,3
384502,4
378085,3
361003,3
336293,4
336328,3
378131,16
324846,3
384582,3
370235,3
370245,3
370246,3
378203,4
378214,4
336409,3
336417,3
336421,4
347032,4
378264,3
361031,3
361035,3
361041,3
361060,3
368384,3
336470,4
336499,3
336501,3
361081,3
370330,16
378366,3
378388,3
368425,3
368440,4
370375,4
378445,3
378452,3
347095,4
361196,4
370420,3
370438,4
324871,3
384676,3
384709,4
361250,4
378555,4
378569,3
378577,4
361383,3
361400,3
378597,3
336630,3
336662,3
361437,3
378686,3
384786,3
378720,3
378732,3
378750,4
361497,3
384830,3
361559,3
384903,4
378773,15
378786,3
378793,14
384939,3
361664,3
361668,3
361676,3
378848,3
378881,3
378887,4
378893,4
368472,2
325097,3
325111,4
378942,15
378963,4
378968,3
347282,3
361816,3
378972,3
378992,4
385032,4
325214,3
361867,3
361932,4
361942,4
347388,3
361958,3
385097,4
362009,3
362026,3
362029,3
362041,4
379191,4
368579,3
368605,3
368628,4
385153,3
385177,3
385198,4
325338,3
325348,3
362080,3
379250,3
379299,4
362193,3
362208,3
362210,4
347563,16
379360,3
379392,4
368641,3
385216,4
385240,4
385254,4
325426,3
347605,4
347628,3
379412,16
385299,3
370737,3
347663,4
347666,3
385322,3
368735,3
385404,3
347678,3
362247,3
370805,3
370828,3
336907,3
379604,4
379685,4
379693,3
385494,3
325560,-1
370927,3
368769,3
337025,3
337044,3
379771,7
379799,3
347741,3
347779,4
362303,3
362310,3
379827,3
379844,3
379853,3
370982,3
337097,3
379902,4
379922,3
379926,3
371033,3
362378,3
379989,16
368816,4
368820,3
368822,1
362405,3
362441,3
347840,3
347842,4
380037,3
380038,3
380059,3
347860,3
347866,3
385681,4
395047,3
380117,3
380124,-1
371083,3
380154,3
395099,3
347967,4
388061,3
388069,4
388113,3
395176,4
337265,3
337283,3
337290,4
371211,3
371215,4
371231,3
380302,3
385702,3
385707,3
395210,4
380344,3
395239,3
395241,3
380395,3
380397,3
395289,4
337331,3
385781,3
385825,4
337368,3
337391,3
325791,9
325808,3
325812,3
348015,4
348034,3
348041,4
348046,4
371341,4
395372,3
325884,3
325898,4
371419,3
385944,4
348091,4
380473,3
371438,3
371458,3
371467,4
371473,4
371474,3
348121,-1
395530,3
395553,3
348209,3
325930,3
325938,3
395616,4
395633,4
395637,3
325960,3
380717,16
395665,3
395676,4
326028,3
326036,3
326053,3
380749,4
380787,4
395731,3
395748,3
337577,3
380828,3
388248,4
371648,-1
386077,3
386115,3
380889,4
348240,3
348249,4
371718,3
381010,4
395767,17
386136,3
386152,3
381016,3
381027,3
386171,4
386180,3
386188,17
386192,4
388410,4
388411,4
388424,4
337728,3
386221,3
386270,3
395906,1
388484,3
337814,3
381158,4
395988,3
396012,3
348354,3
386294,3
326087,3
388554,3
388563,3
337888,3
337960,3
396112,4
371769,3
337971,3
338002,3
381317,3
381345,3
348382,4
396170,3
396191,4
388615,3
396214,3
396233,10
326159,3
326210,3
396236,3
396262,3
386453,11
386478,3
386491,4
386492,4
338051,3
338069,14
381394,4
381421,3
381431,3
381482,4
396317,3
348401,3
348408,3
381572,3
396417,3
396435,3
326267,3
326275,4
388737,3
386626,4
386635,3
386652,3
326292,3
371910,3
371942,4
381631,3
348477,3
348488,4
326349,9
326373,-1
381701,3
381707,3
326399,4
396515,3
396534,3
348534,4
338131,3
338136,3
338156,3
338164,3
381898,3
348630,4
396657,3
381970,10
381975,3
338187,3
338194,3
338209,3
348680,4
396668,3
396690,3
386677,3
386693,4
338268,3
382088,4
382109,4
348724,16
348740,4
386719,-1
386744,3
386752,-1
386763,3
386771,3
382125,3
382135,0
382136,4
348775,4
348779,4
396756,4
396761,3
386794,3
386798,3
372147,3
382174,4
382218,3
388851,4
372157,4
372201,3
348868,4
396883,3
382314,11
348923,4
348926,3
372280,9
388924,3
388944,3
382410,3
348937,3
382453,5
338369,3
382566,8
349029,3
386889,3
386919,4
386931,3
396925,3
396945,3
388990,4
338530,3
349094,3
397021,3
397024,3
349102,3
349141,3
326607,4
382600,-1
387039,15
397041,5
338724,4
387048,4
397125,3
349166,4
349167,3
372516,4
372582,3
338774,3
326757,4
349206,3
382651,3
382729,4
382746,3
388998,3
389017,3
387146,3
387147,3
338840,4
338847,4
338856,4
397318,3
397319,16
372596,4
372604,3
372639,3
382813,3
382832,16
349351,3
349364,3
382873,4
382892,3
397348,3
389088,3
349400,3
397386,3
397396,3
382895,3
382945,3
326784,4
372659,3
372663,3
349447,4
349501,3
382963,4
338895,4
326865,3
326880,-1
397504,3
397525,3
389113,4
389127,3
397540,3
383078,3
383084,4
339053,3
339070,3
397590,3
383143,3
372823,3
339097,4
383207,3
383221,4
389185,3
387172,3
387176,3
387205,4
383297,4
383320,3
372907,3
339160,4
339164,4
339168,4
339200,3
327042,3
327047,3
327091,3
383417,9
383464,10
387260,3
372973,3
349591,3
349608,3
397666,16
387304,4
387324,3
373041,16
387386,3
387394,3
389232,3
397764,4
383663,3
339225,3
383735,4
327149,-1
327157,3
387445,3
397862,4
397879,3
389331,3
373149,3
389376,3
397991,4
397996,4
389413,4
387639,4
398085,4
398087,3
398099,4
339347,3
383775,3
383786,3
383796,4
383821,4
398185,3
398209,4
398215,-1
383944,4
327359,3
327391,3
464226,3
464250,3
389582,3
389592,3
398253,4
398280,4
398284,4
398298,4
384019,3
339371,3
339398,3
464279,3
339429,3
373416,3
373424,4
384029,3
384031,3
384034,3
398324,4
389601,3
389626,-1
339484,3
339485,4
413376,16
413395,6
521808,4
521809,4
521821,4
567393,1
567412,3
567425,3
373534,4
398423,3
373546,10
464350,4
567445,3
567479,3
398505,3
387739,3
387740,4
521880,4
567504,4
567523,3
567525,3
413494,3
567595,0
464411,3
464413,4
398538,-1
398546,3
398562,3
387850,3
387858,4
389674,4
567629,4
464464,4
464466,15
567636,4
567640,4
387962,3
464495,3
464503,3
464511,3
373817,3
373827,4
521980,3
522080,3
522096,3
413636,4
373927,3
373936,4
453640,3
464580,3
464587,4
567854,12
389735,4
373966,3
373972,4
567882,3
567889,15
567966,4
389754,4
389759,4
389777,3
453776,3
453800,3
567984,3
464681,4
389803,4
522258,3
522280,4
522287,4
374079,4
374095,3
374107,4
374116,4
374139,3
453869,1
398638,4
398657,4
389847,-1
413666,3
413677,3
413679,3
398704,4
398708,3
398713,4
522332,3
464759,3
374166,3
374175,4
522379,4
522381,4
464799,3
464801,3
464804,4
522413,3
398835,3
464866,3
398916,3
454006,-1
454016,4
522504,4
389906,3
389909,3
389952,3
389981,3
389992,3
522558,3
398967,3
464908,16
454063,0
568204,3
568214,4
568223,4
390013,16
390027,3
454069,-1
399054,4
374270,3
568228,4
454123,3
454133,4
399104,3
464935,9
464945,3
464974,3
413830,3
413840,3
522606,1
522630,-1
568322,3
568329,4
454174,15
454200,3
568382,4
399172,3
399173,3
390101,3
522689,3
374385,3
374387,4
374395,3
374410,4
568419,3
399248,3
399255,3
399263,3
399297,3
374432,4
399326,4
390160,16
465014,3
522812,3
568589,14
454365,3
454401,9
399379,3
399400,3
374514,15
374519,3
568617,3
568627,4
568656,3
568659,4
399429,16
399430,3
390180,3
454450,16
522872,4
568735,3
390226,3
454474,3
454493,4
454502,3
568783,4
399515,3
399529,4
399559,16
399562,3
454507,3
568788,3
568797,3
568801,12
568810,4
454574,16
399625,3
465126,3
568844,1
568850,3
568863,-1
568901,4
374662,16
399748,16
390338,3
390385,3
454600,4
454602,3
568946,4
374709,3
454675,4
454683,4
399818,4
399820,16
399838,4
466242,3
454779,3
523046,0
568973,3
466270,0
466289,3
454821,3
399922,4
399931,3
466311,15
466346,3
454828,3
454855,3
454863,4
454868,4
454877,7
400016,3
413924,3
523193,3
523196,3
523205,4
523207,4
390485,3
390486,3
454915,3
454931,4
400048,3
400051,3
400081,-1
400089,3
374918,4
523306,3
569011,3
569014,4
569016,3
569020,3
400114,4
400121,3
455027,4
523343,3
523359,4
400152,15
400188,3
374983,3
414001,3
400212,3
400222,3
400240,3
400243,3
455069,1
569092,4
569099,4
523392,4
400256,3
569167,3
523453,3
523465,3
523511,3
523515,3
414065,3
569172,4
569178,3
569221,4
455174,4
400332,3
400350,3
569240,3
569242,4
569253,3
569255,4
455215,4
455216,3
569331,3
390584,3
466361,3
466391,4
455274,4
455299,4
455309,3
569342,3
523583,3
523585,3
455330,3
523614,3
414149,-1
400434,3
569398,3
569408,3
569431,3
523692,4
569492,3
414184,4
523732,4
569522,14
569529,3
390775,9
414214,3
455507,3
569579,3
466465,4
569639,3
569640,4
569642,3
466557,4
400479,4
569661,4
400544,4
523777,4
523781,3
455531,4
523849,4
523874,4
400585,3
523891,14
523913,4
523915,4
455640,3
400710,3
466695,4
569800,10
616573,3
616613,3
400727,12
400776,16
455734,3
466712,4
466737,3
524052,4
390907,16
390931,3
400836,3
390953,3
390981,4
466748,3
455848,-1
400926,16
400967,3
466808,3
391008,17
400986,-1
455889,4
569927,3
569942,3
466850,3
524163,3
455950,3
401037,3
401069,3
616711,8
524214,4
524218,16
401136,4
401138,3
391090,4
391110,3
391136,3
616746,4
466883,3
466885,15
466895,3
524325,3
524335,3
570019,10
570024,3
401264,3
401270,3
414377,3
524378,15
570038,3
570064,4
401277,3
401295,4
524452,4
467003,16
467034,3
467036,4
401358,3
570087,3
570103,3
414420,10
414424,3
456020,3
570197,-1
570216,4
467067,3
391268,3
391281,3
391296,4
570278,4
524463,3
524495,3
401381,4
456114,3
570298,3
570315,4
570328,3
524515,3
467133,4
467139,3
616791,3
616834,3
414513,3
414530,3
401447,15
467182,4
524604,3
524659,3
401492,3
401518,3
401520,3
570404,3
570415,3
570419,3
570438,3
456212,3
456230,3
616925,3
391371,-1
391381,3
524674,3
524692,3
456256,3
467240,4
391404,3
391446,3
456289,3
467244,4
570520,4
401659,15
524834,3
524837,3
456328,4
401677,3
401695,3
401696,4
401702,15
401705,14
456386,3
456411,3
616946,3
616958,4
570605,4
401766,7
401784,16
570684,3
616991,3
616996,3
617006,3
414550,3
414603,4
467320,4
467323,4
467327,3
570709,4
570715,4
456457,3
401871,4
456460,4
456465,9
391593,3
391602,4
391612,3
401920,3
401942,3
401944,3
524916,3
456519,4
456548,3
456565,4
391641,16
524935,3
524944,4
401952,16
467435,4
467442,3
456582,4
456604,4
570800,15
570843,4
525047,3
525078,0
525079,14
570889,3
617069,4
467444,3
467484,4
402046,3
525157,4
570942,3
456753,4
456758,3
456797,3
391801,3
391830,4
391838,3
391841,3
391842,3
402152,4
402166,3
570990,3
570998,3
525188,3
402183,3
402193,16
402211,3
402216,3
571059,3
456867,3
617173,3
617185,3
617212,3
571090,3
571095,4
525288,3
617236,10
467675,3
467694,3
456950,3
456957,3
391916,4
402313,3
402318,3
402319,3
414610,3
617280,3
525384,3
392000,4
571279,4
571291,4
617376,4
457089,3
457091,3
571309,3
571314,3
571321,3
457110,4
457120,4
457145,16
457156,16
617446,16
392043,4
392077,3
571367,-1
571370,3
571399,3
571402,4
414704,3
414708,3
414719,4
414743,4
402543,3
467761,4
617472,3
617498,4
571433,3
571438,3
457161,3
457168,4
457169,3
457183,3
402582,3
402583,4
402601,3
525497,6
525519,3
402644,8
457233,3
571545,3
392180,3
414776,3
571569,3
571583,15
571588,4
467813,15
402735,3
392214,7
457308,4
457317,3
457322,3
525711,3
571643,3
525782,3
414819,3
414840,4
571665,3
402830,3
525830,4
467879,3
467909,3
457432,3
414884,16
525884,3
457476,3
402940,4
617623,4
617634,16
402982,3
525906,3
525917,3
525941,3
571756,4
571775,3
402997,3
403033,4
525966,3
571834,3
457609,4
571839,4
571868,3
571886,3
403092,3
403108,3
457678,3
617653,4
617660,3
403136,3
571907,4
571943,4
415056,4
403180,4
571963,3
526038,3
571986,4
572048,3
457729,5
457743,4
392384,4
392394,4
392398,3
392404,3
526127,3
526135,4
617686,3
617709,4
457779,3
572096,4
572107,4
403236,4
403242,3
403274,3
415177,3
526180,-1
457825,16
457882,4
457895,3
572231,3
572243,4
617769,3
617775,4
415193,4
572257,3
572258,3
572276,-1
415255,4
572327,3
468313,3
468329,3
468334,3
403504,3
403528,3
403541,11
392507,3
572366,3
403557,4
403566,3
403569,3
403571,3
468350,3
458051,16
403583,3
403615,3
572440,-1
415332,3
415377,16
415381,3
415385,3
415399,3
415406,4
468417,3
403620,-1
403623,3
572464,4
572479,4
572487,-1
526351,3
617868,4
403705,4
468437,3
468438,3
572508,3
572552,4
458104,4
458114,3
617916,4
468493,4
468504,3
415432,3
458137,15
572590,16
572592,3
392559,3
572606,3
572608,6
572622,3
392596,3
617984,3
617986,3
617997,3
617999,4
403840,3
403845,4
468576,3
468595,3
403888,3
403916,3
403946,3
403959,3
403961,3
403976,3
572656,3
572670,4
572682,3
572697,16
572713,3
572734,4
415539,4
458276,3
618087,3
468626,16
468628,1
572778,3
572780,3
404052,4
404063,4
618154,3
468677,4
468680,3
468693,3
526400,4
526427,4
572841,3
572874,4
392714,9
392742,4
468742,3
468755,3
526490,4
618169,4
618171,3
618194,9
415565,4
415567,4
415593,2
572953,4
392803,4
526513,8
618243,4
404162,3
458420,4
572983,4
618284,3
573044,0
573046,4
573047,3
458464,4
468826,3
468837,3
404217,15
404247,3
458519,4
573104,4
392888,4
415701,3
415732,-1
468865,3
458567,3
458574,3
458592,3
392917,3
404331,3
573205,16
526604,3
468922,3
404379,11
468935,15
404396,3
404425,3
392977,3
404455,4
573294,3
573298,3
573321,3
392996,3
469000,3
404488,3
573361,4
415764,4
526693,3
526702,11
526708,3
404560,3
469027,3
404616,3
573482,4
469083,3
469086,4
469093,3
393096,16
393110,3
573521,3
458681,3
404712,3
526868,3
526875,3
573559,4
573569,3
526953,4
526957,3
469108,3
469128,3
404834,3
393170,10
526995,3
415928,3
415941,3
415964,4
469196,3
404858,3
573602,4
573615,4
573633,3
573652,3
618419,3
618437,1
573697,4
404920,3
404944,3
404949,3
573767,4
404964,16
404974,3
573791,3
573812,3
458749,4
458781,4
405016,3
618440,4
618445,3
618462,4
618473,4
618484,4
458802,3
469337,4
458822,-1
458842,16
416074,3
416079,3
573936,-1
573971,3
469354,3
469384,3
458887,4
458896,16
405091,3
405112,4
574005,4
458920,3
458924,3
458952,16
405163,3
405188,3
393259,3
527214,16
527299,4
459002,3
416112,3
527323,3
574074,4
527388,4
469488,4
469492,3
405304,3
405315,3
405325,4
527435,3
405357,4
574185,3
469530,3
469536,4
393329,4
405453,3
527573,3
459155,3
574251,4
405458,4
405494,3
459195,4
459197,4
459205,16
459213,5
405514,3
574318,4
574334,3
574340,3
405572,3
405587,4
416245,3
416252,3
416266,3
416270,4
416273,4
416286,3
527638,4
416294,15
416334,3
574354,3
459228,3
459255,4
527722,4
618646,4
618655,3
393432,-1
618711,13
618728,4
416471,3
618745,3
618752,4
469738,9
469761,3
618817,4
405726,3
469791,3
416552,3
393581,3
618841,11
618863,3
527829,3
527837,4
574517,3
459400,3
405804,3
405819,3
574573,3
574579,4
618904,4
618908,4
527854,3
527868,3
527872,3
527888,3
405827,3
405850,4
405855,16
459435,4
459466,8
459467,3
459469,6
416685,16
527925,0
527942,-1
393634,3
405912,3
405919,3
574646,3
574657,4
574661,16
459527,4
527979,3
574705,4
574715,4
574737,17
574742,16
528011,8
574752,3
528082,4
574848,3
619038,3
619047,6
619069,3
406023,3
528105,4
470055,3
459581,3
459609,4
459610,3
574934,3
574948,3
470072,3
416917,4
574954,4
393714,4
393723,4
393726,3
393740,3
470133,16
619155,4
393774,3
406093,16
406098,3
406125,3
575045,16
575092,4
393795,4
393828,3
470180,3
470184,4
459677,3
575114,3
417020,3
417024,3
393869,3
575134,3
528159,3
528171,3
528191,3
406190,3
528215,3
406254,4
406256,3
619199,3
393925,3
528286,4
528293,3
417076,4
470286,3
470293,4
417087,3
575280,4
528313,3
528344,4
393968,3
393970,4
393979,4
406325,3
406351,3
619244,3
393998,3
394013,3
394023,15
459811,3
459824,1
528366,3
575389,3
619293,4
459862,-1
406445,3
619340,4
619352,3
459902,3
459936,3
406469,3
394072,3
417206,3
528430,3
459963,4
575455,3
575474,4
417260,3
575504,4
619411,4
528488,15
406513,3
406546,3
417308,4
406547,4
406584,4
619510,3
470452,4
470454,3
406622,3
575542,3
575584,3
460031,3
528571,4
528593,3
406729,3
460074,2
460086,4
528629,3
528647,3
394272,4
417353,3
417360,-1
460149,3
406845,3
575647,4
575665,0
394334,3
528716,4
528734,3
528775,4
470584,3
394398,4
575750,4
417435,4
528824,11
460209,3
460224,4
394456,3
575793,4
460271,4
460274,3
528893,3
619642,5
619652,3
619656,3
575862,4
575868,3
417514,4
460322,4
460330,4
406955,4
406987,4
470707,3
575972,3
575977,3
619715,3
575983,3
576009,4
576011,3
470726,3
470733,3
470743,16
460479,15
576042,3
576062,3
576088,3
460531,3
460565,3
576101,4
576114,3
460575,3
460596,4
460622,4
529156,0
529213,4
470813,4
577162,3
529214,3
470829,3
529285,3
529295,4
407165,3
407201,4
577212,4
577214,4
619806,4
460691,3
460705,3
460709,3
417573,4
407223,3
407252,3
470876,4
470904,3
460749,3
529384,4
460763,10
460788,3
577308,3
619855,4
407302,4
470914,3
470938,3
470941,3
460810,3
394573,16
470975,3
577325,3
577356,3
529444,7
529452,4
619948,4
394629,3
394663,4
394668,3
407465,11
417744,3
471007,3
460889,3
460901,3
417792,3
417800,-1
620003,3
620038,4
407545,7
471080,3
394740,3
460959,3
407579,3
394766,3
394771,3
460967,3
460999,3
407654,3
471112,4
529630,4
462018,3
407719,4
471187,3
417843,16
417848,3
417859,3
417861,4
407737,4
529697,3
529704,3
394848,4
394858,3
407833,16
407845,3
529715,3
417942,3
529766,3
529771,3
471269,3
471303,3
577553,3
577566,7
462095,16
529816,3
577622,4
577636,4
462288,3
471317,3
620119,15
462344,4
577663,3
577710,3
462363,3
462370,3
620160,3
577717,3
577763,3
471374,3
471409,3
620222,4
417985,4
660449,4
660460,3
660461,3
577776,4
577792,3
577800,3
620266,3
407998,3
462480,3
462481,3
462489,3
418145,3
418148,3
577897,3
620347,3
408048,3
577902,3
577905,3
577917,10
462531,3
408077,3
620355,3
578004,3
578005,4
578028,3
578052,4
578055,4
660527,3
408160,16
620417,-1
462621,3
578093,3
578096,4
578097,-1
529989,4
530020,4
418166,3
471540,3
578139,16
578147,3
578162,4
578168,3
660614,3
660626,4
660639,16
660653,4
408287,3
578206,3
578225,3
578226,4
620486,3
530109,4
408319,4
620517,3
578268,15
471587,4
471614,3
462798,4
462808,4
462835,4
578328,6
578330,4
578342,-1
578344,4
660691,3
408441,12
462876,3
471658,4
471675,4
462902,4
462944,5
462976,3
620637,4
408562,3
408605,3
530208,3
418296,4
408637,3
578389,3
578394,13
530289,16
620719,3
620729,3
578453,4
578455,16
530336,3
578498,3
408724,3
620753,4
530357,3
530385,3
530398,3
471817,4
578632,3
530405,3
530436,3
530442,4
660884,4
471868,3
471884,3
578639,3
578659,3
578675,3
578689,3
578710,3
463019,3
471959,3
408807,4
408858,3
578742,4
620936,4
620957,3
578823,3
661031,3
463062,3
463079,3
578833,3
578841,16
418479,3
418485,3
661073,4
418533,3
418534,3
418537,16
418542,3
661101,3
409030,3
409051,3
620983,3
620984,3
463227,3
471973,4
471994,15
621032,4
621078,4
661207,4
661231,11
578936,2
578959,8
578974,3
409107,3
409146,3
418560,4
418563,3
418592,9
463368,3
578977,3
578988,3
463377,3
530640,3
530652,-1
530661,15
579016,3
661262,4
661268,3
530713,3
530716,3
463415,3
418629,3
463468,3
463471,4
463487,3
530770,4
579102,4
463511,3
463553,3
661296,11
661300,4
661306,0
579154,3
579177,3
409312,4
409316,3
409319,3
530848,4
530895,3
418667,3
579195,4
579208,4
579210,3
579226,4
409345,3
530905,4
530912,-1
530932,3
409380,3
621118,3
579255,3
661374,1
418702,-1
418711,3
409450,3
472250,3
463555,4
463559,3
463567,3
463578,3
418769,4
530999,4
579315,3
463596,3
463617,3
463623,4
418830,3
661457,3
418857,3
409557,3
472356,4
409619,6
409621,4
409633,15
531015,4
463702,4
463704,16
579423,3
531055,4
531062,3
531063,4
531069,3
472398,3
463790,4
579463,14
579480,3
418909,16
579499,4
579514,4
463794,3
463796,0
579544,3
409742,3
661497,3
661524,3
661526,4
621312,4
621351,12
463884,3
472441,16
472460,3
661543,16
531189,3
531216,15
531227,3
419004,11
419018,3
419035,3
409778,3
409792,3
409795,3
621374,8
621402,4
621407,3
661593,4
409842,3
579758,3
531275,4
531297,3
661685,3
409941,3
472572,3
472587,3
409968,3
579877,4
579878,3
661693,4
661713,3
579901,4
579907,4
579930,3
419177,3
579944,4
463966,3
410047,3
410062,3
464005,3
621606,3
621639,3
580002,3
580005,3
580021,11
580026,3
410107,3
410154,3
621650,3
580078,3
419253,3
419276,3
531423,4
531424,7
472612,3
410237,4
410262,4
464046,3
464054,3
661825,14
464087,16
464094,3
531452,3
531459,3
531467,-1
531470,3
661864,3
472668,4
531483,4
419317,4
531515,3
718339,8
661905,3
661950,3
531544,3
531585,3
472694,3
580217,4
410286,4
419392,3
472765,3
419407,3
621834,16
419433,5
419465,15
531612,8
531639,3
410409,4
472812,3
472818,3
472840,4
580385,3
662108,3
662125,3
410469,3
419491,3
419507,3
419513,3
580423,3
580448,16
580449,3
472892,5
718356,4
621967,3
621985,3
662221,3
662230,3
531674,-1
531706,4
580557,3
662266,3
662270,3
662275,4
472918,3
472931,-1
531735,3
580622,13
662299,4
662316,3
662330,3
419536,3
419567,3
531793,12
622021,16
580635,3
580652,3
662375,4
718509,4
580706,4
580713,4
580734,4
662422,16
662432,4
718552,3
580745,4
580765,3
580771,3
580779,3
419645,3
419677,3
718611,3
580826,3
473030,3
718627,3
580845,4
662499,3
718656,3
718671,3
718674,4
718690,4
410959,4
580908,3
580918,3
622139,4
580974,3
718710,3
622163,3
622170,4
531892,4
531915,3
531927,3
411083,17
411093,11
580993,11
473123,3
473159,4
718761,3
531970,16
411132,4
581056,4
718846,3
718879,3
718906,3
662663,3
411216,4
622262,16
419714,4
419745,3
718919,3
718948,3
581202,2
581242,3
622279,4
473276,16
411359,3
662713,4
662759,4
662766,4
581271,9
419755,4
473315,16
532157,4
719024,4
719033,3
719048,4
662785,3
411542,4
411544,0
411545,3
411548,3
532257,3
419831,3
419833,16
581419,4
719109,3
581451,4
581454,4
662866,3
662881,3
473387,3
473392,4
719117,4
719128,3
719166,4
581496,3
581518,3
581534,3
662911,3
662945,4
532330,8
411597,4
622351,3
622405,4
532352,4
719223,3
532409,3
532419,3
532428,3
532432,3
419906,4
719284,3
719288,3
719291,3
719313,3
622449,4
473500,3
473510,8
473515,4
622509,3
663053,4
663062,3
411639,3
581561,3
622530,4
622546,4
622547,4
663116,4
581608,3
473540,-1
473541,3
473574,3
622592,3
663159,15
420014,3
411785,4
411803,4
411815,4
581643,4
663221,3
532466,3
420059,4
420064,3
420093,3
581674,3
581690,4
581699,3
719454,4
581741,4
719521,13
663256,3
663260,4
622651,4
411883,3
663297,4
719632,3
719645,10
719656,3
411932,4
411935,3
411951,3
581889,4
663361,4
663390,3
663396,4
581922,3
581923,3
473729,3
412016,3
663428,0
622867,4
663455,4
420099,3
420110,14
420113,3
420114,4
420139,1
420141,4
719702,3
719723,4
532569,3
532618,3
412072,3
412110,3
622884,3
622895,3
532625,4
532664,0
473795,3
473813,3
473821,1
412134,3
663571,3
719738,4
719747,10
532711,4
532720,3
412202,3
663596,3
622972,4
622981,4
719790,4
719836,3
412234,3
412263,4
663661,3
623038,4
719852,4
719860,10
719876,3
582182,3
412295,3
412297,3
473972,3
623092,3
623134,3
412365,4
412379,3
582198,3
582205,3
582213,-1
582222,4
473995,4
412427,3
663705,3
474016,6
474021,3
474059,4
663721,4
719902,3
719906,3
720004,4
412455,4
412495,3
420264,3
420267,3
623206,3
720107,3
582302,3
582315,4
582318,3
720116,4
720134,4
582354,3
663858,4
663860,4
474166,3
582457,4
623343,3
412544,3
663924,3
474201,4
720225,3
720226,4
420432,3
412616,4
720288,8
720302,3
720305,4
582552,6
420453,3
420459,3
420470,4
420489,3
582571,4
582590,3
412727,3
582631,3
623457,3
623462,3
664012,4
664031,4
412735,3
720426,3
720427,16
474297,8
474318,3
623519,16
412801,3
532783,3
623571,4
623573,3
664054,4
664068,4
664083,15
582769,16
623609,3
582813,9
720559,4
582859,4
582868,0
664149,3
664158,4
582918,3
582927,3
532870,1
420591,1
420607,4
623665,3
474411,3
664277,11
532931,4
474426,3
474437,3
474449,4
664307,3
623687,3
532949,3
532968,4
532993,3
413179,3
413198,4
474469,3
474480,10
474491,4
474492,4
583016,3
583074,3
413208,3
623726,3
623744,3
623764,3
533009,3
533020,14
664415,3
583122,3
413288,4
623816,0
583187,4
583193,6
474533,11
623850,4
791104,4
583242,15
583253,3
720704,4
623904,3
623908,16
623924,3
791112,4
791114,4
533039,3
474552,3
474578,3
420683,4
583288,3
583317,3
720771,10
533091,3
533098,4
474610,3
474613,3
623979,3
583373,4
533158,4
664485,14
791196,3
791224,3
791229,3
791247,4
420726,4
583398,3
583425,3
791266,3
791277,3
791294,4
583457,3
583480,3
533237,3
533280,3
474713,3
474729,4
474746,3
474756,3
583494,-1
583497,16
583531,3
533294,16
533303,-1
791388,4
720894,3
583565,1
474785,9
720897,3
533375,4
791440,3
791453,3
791458,16
791475,4
791492,3
720932,3
720963,3
720971,4
583618,3
583622,4
583624,3
583648,3
420790,3
420820,3
583667,4
474857,4
474870,3
533395,3
791570,11
791602,3
533446,4
533461,3
533469,4
791617,4
664676,4
583797,3
420882,4
721014,4
791697,3
791722,4
664722,3
583883,3
791747,3
791776,4
791793,4
533493,14
533510,3
533522,4
721050,4
624143,3
420974,4
791797,16
791819,4
791839,16
791850,3
791855,3
664766,4
664767,3
664787,3
533556,3
533583,7
721112,4
721132,4
421007,3
791890,1
791910,3
721177,4
474964,3
474986,3
533599,3
624253,3
624256,4
624283,3
791930,3
791952,4
583993,9
533680,3
791969,3
791990,4
791992,3
584047,4
721221,3
475037,4
792030,0
792038,4
792040,3
664819,3
584077,3
721284,3
721290,-1
533727,4
584090,3
721316,3
721339,3
664849,3
664855,3
664869,4
584134,3
584161,3
721376,4
475077,3
624395,4
664910,4
721434,4
721435,3
421069,3
475145,16
475154,4
792125,3
792133,4
533763,3
533781,3
584237,4
584242,3
584246,3
721479,4
721480,9
792154,4
792155,4
624416,8
624418,4
624428,3
792211,4
475205,4
533786,4
533802,4
533807,10
533809,3
584287,-1
584317,3
721559,4
792258,9
792277,15
533843,3
665034,3
584354,3
584389,3
792302,4
792312,6
792317,4
721615,4
721640,9
721644,3
533869,3
533894,3
624551,3
584396,3
584414,3
421127,3
421130,3
421134,4
721724,3
533943,3
533960,3
624566,3
721735,4
584478,16
665047,3
665065,3
665081,3
792515,3
624671,3
792525,-1
792535,4
792539,3
792546,3
584560,3
584580,3
721803,4
665110,3
665112,9
665125,4
665132,2
792622,4
584630,3
721857,3
792635,4
792661,4
421246,3
584704,16
584725,17
721878,4
721902,4
475303,3
584809,16
421273,3
421286,3
421290,3
665278,4
792702,3
792737,4
534124,4
792769,3
624787,3
721921,-1
721966,4
475359,3
475366,4
475369,3
475371,3
584828,3
584860,3
475398,4
475404,3
475412,3
475443,3
722024,4
475474,3
665440,3
792928,0
584940,3
584952,-1
475505,3
475518,3
792977,4
792996,3
475545,16
475551,4
475575,3
722130,4
722141,4
421394,4
421428,3
584988,4
584997,4
475607,3
722154,4
722188,3
585017,4
585079,3
793015,3
585126,3
421496,3
421500,3
421513,3
421514,3
624889,4
722209,4
722233,3
722236,4
722249,4
534516,3
585146,4
793058,11
793077,3
793079,3
793091,17
534550,3
534560,4
585193,3
624964,4
793137,3
793148,4
793151,3
585259,3
475717,1
475734,3
421535,3
624985,4
585315,4
585316,3
793231,4
475762,3
475798,3
665584,3
665586,3
722263,4
722271,3
534611,4
534614,4
534616,16
665636,3
585349,3
585360,3
585375,3
665667,4
475835,4
475842,-1
585410,3
793338,2
585457,3
585488,3
534666,4
625028,3
625051,3
793349,3
793374,3
793378,4
585490,4
585495,3
534707,3
534712,3
534753,4
585559,3
534834,4
421703,4
793450,-1
793457,4
793477,3
793479,3
585605,4
585628,3
475899,4
625061,4
722462,4
722463,3
722476,3
793517,16
793534,3
585654,15
534898,3
421720,3
421724,4
421747,4
585703,3
475923,4
585735,9
534907,3
722514,3
722523,3
722533,4
665815,3
421790,3
421817,3
793616,4
793617,4
793627,3
793635,3
793655,3
534957,3
665833,4
665841,3
793669,3
475980,3
722603,4
722643,4
665871,4
665908,3
793719,3
793748,4
585840,3
722695,4
793776,3
793809,4
793815,3
793822,3
421890,3
585876,3
585903,3
793837,6
793874,4
625155,4
476070,16
585966,4
722752,3
722754,4
625197,-1
625200,4
421942,3
535163,3
535182,4
535184,3
586016,3
722802,4
722806,3
422019,3
794041,9
586072,1
476121,4
476131,3
535228,4
794078,3
794091,3
794103,1
535263,3
476176,4
666041,3
666049,3
666072,3
586117,3
586119,3
586121,3
586132,3
586136,3
794138,4
794144,3
625288,3
625315,1
794168,3
794182,4
666097,16
476296,3
476300,4
476311,3
586225,14
586232,-1
794212,3
794252,3
666140,7
666150,4
666152,4
794267,3
794291,6
535404,3
535432,4
422048,3
422067,2
666222,3
794324,4
794337,4
535481,4
666262,4
666274,4
625418,3
625459,3
625464,4
722932,3
794435,4
794439,3
666289,4
666297,3
666304,11
666324,3
794509,4
794524,3
625487,3
422221,3
722963,4
722965,3
794555,4
794566,3
794574,4
476357,3
625557,3
794624,3
422338,4
586626,16
723122,3
723141,14
586682,4
723163,4
625706,4
723246,3
723247,3
723250,3
666376,3
666401,3
666404,7
625721,3
422411,4
476484,3
586725,4
666419,4
794674,3
794689,4
723277,3
723300,3
723326,3
535606,3
476514,4
422488,4
422496,0
422507,3
794745,2
794754,3
476548,3
476567,12
422510,3
535738,4
476584,16
476591,3
476617,3
794794,4
422559,4
422570,3
625764,4
625798,16
794823,3
794841,3
794843,3
723370,4
666486,4
586757,3
476681,4
723408,4
586823,5
586833,3
723470,3
625841,3
625847,3
625862,16
794901,4
794907,4
723520,4
586861,3
422612,4
422616,3
666540,15
666544,3
535936,16
535961,3
723574,3
723611,4
586942,3
586948,3
535996,3
586951,3
625973,4
625981,4
625990,3
536011,4
587035,3
723632,14
723686,4
723725,3
587075,3
422808,16
626015,4
626016,3
476800,7
587131,3
587133,3
587134,4
587141,4
587145,16
723755,4
536120,4
795051,4
795063,3
795100,3
626083,3
587161,3
587180,3
536169,4
795105,0
795123,3
422864,3
795173,3
795199,3
795206,3
723869,4
723878,3
587309,12
476841,4
476862,4
626167,3
626198,4
723907,4
587353,3
795284,3
536372,3
422906,3
422916,11
422926,3
587389,3
795337,4
795349,3
536386,3
476901,3
476919,3
626275,4
626305,4
587440,3
536415,3
536450,4
587544,4
587549,3
536550,3
724018,3
477029,3
477037,4
477044,3
666759,4
666766,4
666806,4
795503,3
795513,3
626352,3
626360,3
422999,3
666875,3
587655,11
587692,3
724196,4
587718,3
477061,16
666894,3
666911,3
477129,3
795614,4
795634,3
587803,4
587827,4
795684,3
795691,4
724293,3
536671,3
626542,4
724307,4
587930,4
795732,3
477185,3
477200,3
477210,3
587943,3
795795,3
724342,17
724353,3
724366,3
668040,4
668050,3
588038,3
477240,3
477257,3
626591,4
626599,4
724407,3
724436,3
588068,-1
588077,3
668075,3
668095,3
668110,4
626624,4
626627,-1
626663,3
795842,12
668124,3
668134,4
724527,4
668187,9
588212,3
796015,4
536721,3
588234,4
796060,16
477320,3
477333,3
477343,3
536774,3
588272,3
588314,3
588320,4
796143,4
536816,4
477370,17
588382,16
536876,3
796165,3
796183,3
796184,3
626696,3
423365,3
588405,15
536884,3
626725,3
536961,3
796255,3
668308,3
796287,3
588506,4
588526,3
537079,3
626768,3
626800,3
423422,3
423428,4
796331,-1
796379,3
668325,4
668360,3
626850,9
796393,16
796406,4
796434,3
477465,3
477471,3
537099,0
423484,3
588557,3
588592,4
796440,3
796538,3
796540,3
796545,3
477517,4
477533,4
477539,3
724659,4
724679,3
537235,3
588654,3
588667,3
588669,4
796609,3
796617,3
423544,3
626882,3
477553,3
477581,3
537296,4
588752,3
668492,4
537331,4
537349,3
724711,3
724733,4
796709,4
796736,3
796739,3
796745,4
477624,4
477629,3
423621,3
724752,3
724771,4
588853,4
588859,4
537420,3
668517,15
668525,4
796780,4
796809,3
796852,3
796857,4
477664,3
477687,3
724857,3
724860,3
724868,4
627027,3
724921,3
724933,4
724943,4
796946,3
796983,4
423711,3
423726,3
423745,4
588946,4
588993,3
724970,4
724995,4
725007,3
537499,4
537552,3
537561,4
477746,3
725057,3
797050,3
537646,3
668655,3
668668,3
668700,3
725096,4
725117,4
589056,3
725140,4
725141,3
725169,4
589125,4
797186,16
668703,3
668731,-1
668732,3
589163,3
627062,3
627082,3
725209,3
725224,4
668744,3
668747,3
537764,3
477916,3
477919,3
477927,3
477928,3
477944,15
797246,4
797249,4
725274,14
477994,3
797325,3
725284,4
725293,4
627137,10
668848,3
797395,4
797415,3
589373,3
725351,4
537862,4
797456,3
797461,3
797468,4
725422,4
725426,4
627188,4
589457,11
478044,3
797533,3
797539,3
797549,4
797553,3
797558,4
478087,3
478111,4
797632,4
423827,3
668980,4
669001,4
669011,-1
725445,3
725483,14
797657,3
797671,9
589562,4
423856,15
423880,4
589599,3
589603,4
725564,4
725580,3
423921,4
627361,4
627380,3
797712,4
797749,4
589644,3
669046,4
423961,3
423982,3
423989,4
797778,10
797790,3
797795,3
725666,5
538110,3
478206,4
478226,3
589698,4
669073,3
669119,4
538156,0
725686,4
725707,15
725720,3
589750,3
725757,3
797881,3
424055,4
669122,3
669152,3
669184,3
478336,4
478340,16
725803,3
669221,4
589843,3
589867,3
797921,4
797931,3
424094,4
424099,3
725839,4
725840,3
589893,0
589896,3
627419,3
725905,4
589927,3
589935,13
798039,4
798070,4
424163,3
669259,3
798141,3
424241,4
478449,4
590042,4
798179,3
726016,4
726019,4
424260,3
424335,3
798206,3
798243,4
424391,3
726051,4
726077,3
726086,3
590123,3
798264,3
798284,4
627516,4
726110,3
726118,7
798314,3
478497,4
669408,4
590201,4
798393,4
538339,3
798424,10
627525,3
627536,16
627551,4
590250,3
590259,4
798507,-1
669494,4
669516,-1
627597,2
627612,3
627613,3
627615,2
627617,3
590336,3
590344,16
798546,4
726220,3
538409,3
538417,4
538419,3
478506,3
669545,3
669561,-1
627654,1
726280,-1
726284,9
726289,3
798575,3
478559,3
478581,4
424513,16
424519,4
627720,16
627726,4
627744,16
424554,4
590470,4
590511,3
798629,3
798645,3
798661,3
798668,3
669575,4
669612,4
798694,3
538622,3
590512,4
590516,4
590519,10
590527,4
590528,4
590532,4
590533,3
590549,0
424581,3
424597,4
627797,7
590567,3
726438,4
726451,12
726461,15
798737,3
627817,3
627818,4
538682,3
590617,4
798822,3
424641,3
590679,3
590693,3
590698,4
798900,3
424677,3
590735,4
798929,4
798952,4
798958,3
478765,4
478779,3
590756,4
590794,4
538834,4
538838,3
424709,4
424716,4
627856,-1
627907,3
627913,3
627926,3
669646,3
669661,4
798991,4
726524,3
478866,4
799031,3
799032,4
799034,14
669687,3
669694,4
538934,3
590896,16
799083,4
424790,3
538974,4
539006,3
799148,4
799149,3
590971,3
590980,4
539051,4
539054,4
799183,4
799193,4
799207,3
799231,17
591007,3
591084,3
424854,3
424863,3
669740,4
539130,3
799298,3
799306,4
799307,4
799320,3
628123,4
628125,4
479009,3
591125,3
591155,3
726560,3
539148,4
669810,3
669821,3
726608,3
726650,4
799409,4
539185,3
669844,6
669849,3
799472,4
539252,4
479065,3
591302,17
591310,3
799546,3
799549,3
669913,15
669920,15
726773,4
726781,4
726786,15
726787,4
726796,16
669962,3
424950,3
424978,3
479142,9
628209,4
628212,4
628223,3
628227,4
628229,4
628249,3
425020,-1
799584,4
799603,3
726909,4
425071,3
425072,3
799626,3
799646,3
726980,3
726983,4
726997,4
591506,3
425120,3
425130,3
425131,3
799668,4
799691,3
591534,4
670167,3
799726,4
799727,4
727105,4
591625,4
591632,4
628365,4
628377,4
425177,4
425181,3
799809,3
670245,3
591680,4
591681,4
727141,4
425205,3
799855,16
799866,3
727177,3
727195,4
799890,16
799898,3
799911,16
799923,3
479343,3
425250,3
727251,4
727256,3
670283,4
670296,4
670305,3
479389,3
479421,3
479440,9
591828,4
591832,3
727266,4
727267,15
799988,4
799990,4
670327,3
800035,4
800043,4
800050,3
479465,16
670389,3
591889,3
591896,3
628415,3
628420,4
425365,3
425391,4
425395,3
727310,4
727324,3
591939,4
591967,4
800134,3
800159,4
800170,3
727432,3
727458,3
800177,4
479530,4
727493,4
800246,4
800255,3
800291,4
425573,4
425582,3
800306,3
800311,4
800320,4
592086,4
628519,-1
628523,4
628543,4
670476,4
539780,3
592147,3
800421,4
479683,3
539816,3
670537,3
670540,4
592246,3
628623,4
628642,4
628660,4
628661,4
539860,4
727650,4
727681,3
670590,3
670593,3
479779,4
800474,4
800481,4
800483,3
800519,4
800548,3
539887,16
539931,3
425614,3
425629,3
592278,3
592293,3
539948,3
592365,3
628723,3
670651,3
670660,3
670684,3
670687,3
539984,3
539987,4
628753,3
628754,3
628755,4
628759,3
628781,3
479859,3
592374,4
592387,3
592397,3
800700,3
800717,11
800718,3
425729,11
727735,3
727789,4
540102,3
540105,3
592433,3
592459,4
800738,3
800781,4
727808,3
592479,3
592480,1
592490,3
592491,3
592518,3
628786,3
800825,3
800834,4
592542,3
592565,4
800888,3
479882,-1
479883,3
479898,3
479912,4
479932,4
628860,3
592621,16
592629,3
800897,4
800908,3
800941,4
727946,3
592659,1
800956,4
800989,4
727951,4
728004,5
628892,3
628898,4
628911,3
628914,3
628921,3
628929,3
540252,3
540260,4
540271,4
540275,3
801005,4
801017,3
425951,3
801051,4
801062,3
801074,4
540304,3
540328,3
540343,3
728014,3
728020,3
670859,3
670881,4
670883,3
425970,3
426009,15
801114,3
801143,3
728080,3
728087,3
728088,4
801156,3
801172,3
801202,4
670901,16
670949,3
592777,9
426027,3
426049,3
801243,3
801250,3
801252,3
801261,3
628964,3
480090,4
480092,3
480135,3
592810,4
728230,4
801265,3
801280,3
801288,4
801311,4
629014,4
629016,3
801323,4
801362,3
592905,-1
629058,3
629065,3
801393,3
801432,4
480187,3
426204,3
540449,4
540461,3
540488,3
629123,3
629133,3
728350,4
728382,3
728383,3
426227,4
426245,4
426246,4
670967,3
670977,3
728394,9
593077,3
540574,4
480258,3
480266,3
426261,3
426295,4
671015,3
671043,4
801498,11
801525,11
540632,3
593159,3
593169,3
801574,3
728508,3
728537,4
540672,8
801604,16
801612,4
801621,3
480329,3
480364,3
426335,3
426369,4
426371,4
629202,3
671112,4
671152,17
426396,2
426401,15
480371,4
480381,6
593257,5
593273,16
540763,4
540779,3
728562,9
728591,3
801716,4
801734,4
801761,3
593286,4
593295,3
593296,-1
593312,4
426474,4
480423,3
480425,3
728632,4
728663,3
801772,4
801796,3
593374,4
728683,3
540847,2
426569,3
593400,4
593402,-1
728723,-1
480465,-1
480470,3
801941,4
629306,4
593494,3
426577,3
426612,3
426618,4
593539,9
801967,13
801986,0
802004,16
540853,16
540901,4
728772,15
728796,3
426645,3
802018,6
802031,4
728844,3
802105,3
593668,3
593685,3
728899,4
629362,3
629365,10
671207,3
802169,4
540923,15
593768,3
593786,9
593802,4
802187,3
802215,3
802226,16
728965,3
728983,4
541001,4
729042,12
729050,0
729051,3
629451,3
593862,3
593877,3
802301,3
802314,3
729055,0
729076,15
729109,3
593938,4
541045,3
480731,3
480753,4
729148,4
629485,3
629495,3
629508,-1
593972,4
593999,3
802352,15
802358,3
802392,3
426834,3
426849,3
426875,4
629541,16
629553,3
629562,4
629563,4
802406,4
802422,2
541166,4
671282,3
671329,3
426900,3
594107,4
594120,4
594124,11
729189,3
729196,0
729207,3
480825,3
480840,3
480843,3
729227,4
729241,3
671354,3
629578,3
629585,3
629589,3
629594,3
629625,4
802475,4
802504,4
802516,4
426963,3
426982,3
480881,3
671433,3
671435,3
802527,4
802573,4
427031,4
729328,3
541203,3
541220,3
541237,3
629675,4
594147,3
594177,4
541298,3
541309,3
671477,4
729371,13
594204,3
802630,4
802646,4
802647,4
541317,3
480987,4
729424,16
802723,3
802731,3
427103,3
427129,3
671540,3
671557,3
802748,3
802749,3
802773,0
541375,0
481073,3
594402,3
729484,3
729497,3
729509,-1
729520,3
802801,16
802832,-1
594434,4
729529,3
802858,4
802868,16
594462,4
594484,3
729573,9
802905,4
802914,4
802922,4
541484,3
541513,3
594523,3
594558,3
629709,4
729646,4
481167,3
481169,4
481192,3
803004,16
671583,9
671611,3
671615,3
671619,3
671626,0
729659,3
729664,3
729683,3
729687,4
803031,3
629771,3
542707,3
542712,3
803105,4
803123,4
481242,4
481273,3
594672,4
594680,4
671645,16
671646,3
803145,3
803165,3
803179,3
594721,3
542771,16
542772,3
542795,3
542807,3
671710,3
803212,1
481335,4
594778,4
629790,4
427369,4
427389,3
671747,4
671750,16
671768,3
729730,3
594866,4
594870,-1
427428,3
427446,3
427457,3
481422,3
594887,3
729819,6
729824,17
729827,4
542830,4
542832,3
542848,-1
542862,3
629900,4
629911,3
629915,7
594946,3
481442,3
729889,3
542894,3
542895,3
427488,3
427494,4
427498,3
427505,3
629964,4
629967,3
594988,4
481513,3
542946,4
595027,4
595051,3
595055,3
595057,14
629972,3
729978,10
729980,4
729990,4
729993,16
671827,4
481591,4
427552,9
427553,3
803280,3
803281,4
803323,3
730017,3
595076,4
595084,3
630090,4
630105,3
630109,4
595132,4
595157,4
481606,4
481633,3
803366,0
730060,4
730086,3
730099,14
630131,3
481640,3
481646,4
481650,3
595188,3
427657,3
427673,3
427674,4
543130,9
543136,3
543156,4
543177,3
481713,3
803469,3
803485,4
803496,4
427733,3
671923,6
803521,3
803550,4
803556,4
803557,4
803591,4
595342,4
595360,8
803649,4
803668,3
481742,4
427810,3
427832,3
427836,3
803684,4
803726,3
803727,3
803740,4
427872,3
427898,3
481809,3
630231,3
630236,4
630243,3
595391,4
595399,3
595404,3
595409,4
595412,4
730116,-1
730135,3
671965,3
803779,3
803787,3
803798,4
630261,3
630271,4
630276,4
630281,4
730187,4
427954,4
803828,3
803840,3
543459,3
730204,4
730207,4
730231,4
630304,3
630309,3
630314,10
595478,3
595487,4
595519,3
543503,3
481861,3
481877,4
730238,16
730245,3
730247,4
730257,4
730258,4
730279,3
543570,3
630356,6
630358,3
630359,4
803927,3
730299,3
630383,3
630389,3
595630,4
595651,4
804011,3
804033,3
804038,15
630426,3
730354,4
428004,3
428008,4
730409,3
730450,3
804091,4
804099,3
804124,3
630512,3
543604,3
543634,3
672056,3
595844,3
730504,4
630544,3
630552,3
630580,3
543658,4
482103,-1
672095,3
730542,3
730549,4
804228,4
804243,9
804253,3
543734,3
543735,3
482116,3
730592,3
730604,8
672128,3
428042,3
595942,4
595947,4
482152,4
482159,3
804255,4
804260,8
804298,3
730636,4
543769,3
543816,4
543821,3
804309,3
804318,0
804328,3
804358,4
428145,15
428164,3
730674,4
730679,9
630583,4
543858,11
482214,3
596014,3
730737,4
730740,4
804411,3
672187,4
596035,3
596046,3
596052,1
596065,3
596119,2
596124,4
596131,10
730795,3
804504,15
804515,10
804528,4
730826,4
730835,16
543913,4
630638,4
672267,9
428208,4
730853,4
482357,4
804623,6
804628,3
428263,13
482390,3
804684,5
804689,3
730961,4
672301,3
672308,3
672310,3
482453,3
482469,3
804723,3
804746,3
804781,4
672369,3
672375,3
630728,3
596413,3
730999,4
731047,4
804800,4
482506,3
482526,4
596457,16
672438,12
804856,4
804889,4
482575,3
731073,3
731093,3
596488,3
596533,4
630824,4
672546,4
672548,3
482637,3
804921,3
804922,4
804938,3
804951,4
544059,3
596542,3
630831,3
672549,3
672574,3
672584,3
672608,3
544090,3
544105,3
596609,3
596619,3
630924,3
731149,3
731160,4
544140,15
544146,3
544150,3
544163,15
672636,3
805029,3
805045,3
731169,13
731200,4
596716,4
805060,4
805068,3
805122,3
482670,3
731237,3
731260,3
731270,3
672701,9
596808,3
544207,3
544210,3
428450,3
596837,3
672773,3
596895,3
544313,4
805149,3
805200,3
428487,3
805246,4
672796,4
672817,3
731323,4
731361,4
731364,3
805282,3
805316,4
731384,3
731388,16
672849,3
630990,3
805350,4
731426,3
731433,3
731461,3
731462,3
631035,3
805410,4
805434,4
544390,4
544402,4
731478,7
731479,3
731498,4
482872,4
482896,3
428647,4
805454,4
805461,15
805478,4
805482,3
544425,3
482903,4
544509,3
731556,-1
731575,4
731601,4
672955,3
631113,3
805548,17
805579,3
596993,16
731662,3
673024,16
631189,3
482999,3
805620,4
731695,-1
428659,4
428668,3
428679,4
544605,4
544640,3
597047,3
597050,3
805672,14
805678,3
805686,15
483044,3
544674,7
731756,4
631230,5
631246,3
631274,3
544734,1
428713,3
805784,3
731841,4
805822,3
805828,4
805840,3
483118,3
483139,3
544750,11
544795,4
428771,3
805874,4
805886,3
805902,4
544817,4
597176,4
673047,3
673048,3
673061,4
805916,4
805922,3
805937,4
805938,-1
805948,4
428834,4
428839,3
731909,3
731946,3
544921,3
544924,3
544936,3
805969,4
805984,15
806064,4
597274,3
597318,3
428877,4
483218,3
673136,3
673176,3
731966,4
731967,4
631326,-1
631331,3
428936,3
673190,4
673223,3
631371,3
631387,3
544967,3
544975,3
732032,3
732037,3
806068,4
806115,4
428996,3
673239,4
631449,15
631468,16
597464,3
597491,4
732061,4
732085,3
483338,3
483361,3
597546,9
483398,4
806205,1
597568,3
597601,4
545151,3
429016,3
673374,3
806234,4
806265,4
483443,4
429077,3
806298,3
806299,4
673384,3
806335,4
806341,4
806345,3
806357,4
545270,4
597747,-1
597764,4
806386,4
483530,3
483571,4
545332,3
545337,11
545344,3
631494,3
631517,4
732152,3
429130,3
806432,0
806466,4
429176,15
545403,3
597781,3
597808,16
806489,4
806514,3
806516,3
732165,3
732182,4
673513,3
673515,3
673518,4
673547,4
545437,4
806535,3
732218,4
732230,16
483605,3
429238,4
429245,4
806601,3
732251,4
732273,3
631593,4
732314,5
732325,4
732353,3
597826,16
597847,3
673630,3
673639,3
673659,3
806692,3
806703,3
631638,3
732391,3
806729,4
806752,3
806768,3
806772,4
806777,3
673665,3
631681,3
631697,3
631710,4
631717,3
545558,3
732504,17
732515,3
806837,17
806853,4
545640,3
631742,3
631766,4
631771,4
631772,4
631777,3
806885,4
806902,8
806927,4
483763,3
732532,3
806942,4
806945,9
483813,8
483815,4
597989,3
631781,3
631788,3
598034,6
598057,3
732644,3
631847,4
806983,4
807019,3
807020,4
598083,3
807088,3
807098,4
483887,3
483895,1
732701,4
807115,3
807122,3
807130,4
807142,3
807144,3
807156,4
598157,3
598176,4
483923,3
483925,4
598208,4
598220,4
631880,3
631892,10
631896,3
631915,3
545726,3
807188,4
807203,3
429496,3
631974,3
545750,3
484012,14
807220,4
598347,4
545819,3
673846,4
732778,3
732779,3
807270,3
807285,3
807313,12
807316,4
631987,4
632015,4
545847,3
545854,3
732793,4
732834,4
732835,4
732844,4
732850,4
807331,3
807351,4
807353,4
484083,3
484096,4
807360,4
807379,4
807388,3
732857,4
732860,3
732894,3
429562,15
429590,4
429591,3
484138,4
807444,4
807446,11
484145,3
545914,3
545960,3
732917,3
732945,3
732967,3
733021,16
598418,3
598464,16
807485,4
807500,4
807523,3
484248,3
807565,4
673991,4
674006,3
632089,4
733040,3
733058,3
674058,3
546005,3
546009,4
807594,4
807606,3
598521,3
598556,4
733123,3
807632,3
807659,4
807670,3
674106,4
674120,3
484350,3
484352,3
807689,4
807692,4
807701,0
807708,3
632103,3
733176,3
598645,4
807755,-1
546142,3
546166,3
733211,4
632166,3
484415,4
484423,3
807789,3
807833,4
598715,3
598716,3
674128,4
632239,4
733272,3
733273,4
484462,3
598765,3
598786,3
674190,4
733387,4
674239,4
674271,3
632278,3
733408,4
733421,3
674299,4
674308,0
674318,4
429727,3
807900,4
807903,-1
807905,4
632320,3
598792,3
807973,3
429757,3
429803,3
598942,4
808017,8
632365,4
632373,3
632380,3
598958,4
598997,14
599007,3
674404,3
674430,4
429808,16
429809,4
632414,4
632417,16
632418,3
808107,3
546407,4
429866,4
599056,3
733514,4
733526,3
733540,4
808114,4
808116,4
808138,3
808150,3
808153,3
429893,3
429895,3
429905,3
429914,4
429931,3
546503,3
733605,3
733614,3
733624,3
733632,4
808160,4
808175,16
808182,3
674439,4
733666,3
599209,16
429987,3
429998,15
808242,3
808292,3
674512,11
674526,4
632508,3
546575,15
546590,3
546605,3
632558,4
632580,-1
484561,3
484577,4
808320,16
546616,3
546641,8
546655,3
674553,3
674565,3
632599,3
632636,16
484593,3
546659,4
599310,4
733704,4
733739,3
674571,3
674589,4
808390,4
808396,3
733750,3
733754,4
484637,3
484640,3
808413,4
808442,4
808453,3
599430,16
808494,3
484713,17
599479,3
632752,3
808527,4
808570,4
808590,15
808609,4
808617,3
808628,3
808640,6
599609,10
599614,4
632761,4
632763,3
632804,3
808655,4
546854,4
546862,13
546864,3
484838,3
674789,3
632852,15
430082,3
808689,3
808714,4
674862,4
484875,0
808775,3
632884,3
632888,4
632893,3
632900,4
808819,3
674909,9
674931,3
599706,3
599710,3
599716,3
632927,3
632934,4
632976,4
546930,2
733918,4
430170,4
733963,4
734001,16
546991,3
547001,3
633001,4
633012,3
633018,2
484971,3
734036,3
430258,4
674964,3
633060,3
633069,4
633070,4
808843,4
808868,4
808884,4
547047,3
547066,3
547075,3
734067,3
734102,3
734103,3
734106,4
808904,4
547078,3
485025,3
808991,4
734145,4
734160,3
547158,0
599883,3
734211,4
633137,3
809050,3
675072,4
675096,3
675097,4
734238,4
599959,4
809074,4
809095,3
547181,4
547188,3
547202,3
734257,4
734278,3
599998,4
600009,3
600010,3
600016,3
430364,3
809113,4
809128,2
809133,4
547221,3
547223,3
547245,3
547251,4
633236,10
675145,3
485119,3
633346,3
633347,3
430460,4
430486,4
734385,0
734396,3
675182,3
547331,3
809291,3
675241,4
675248,3
600132,3
600163,4
734431,3
734443,3
430522,3
547466,3
547502,4
430559,3
430594,2
734506,3
600220,16
600223,4
600236,3
600261,16
600276,3
633428,3
633430,3
633445,17
675342,3
547573,4
734573,4
809333,15
809359,3
633468,3
485314,16
485329,3
547617,-1
734596,4
734602,-1
734606,4
734618,4
734635,4
809438,3
600377,3
600397,3
675396,3
675420,4
485385,3
485394,3
809481,16
809487,16
547711,4
675447,3
600505,4
430604,3
430642,3
547767,16
547779,3
809593,4
485416,4
633683,3
547876,4
547890,3
547910,3
809650,13
809658,4
809669,3
809673,3
430690,3
430702,3
547931,3
809715,3
809733,4
547959,3
675626,4
675638,4
675671,3
633714,3
633719,3
675681,3
675689,3
430760,4
430781,3
600625,4
485453,3
485458,4
734780,3
485484,4
600723,3
809744,4
809750,4
633791,4
633799,9
633806,3
548085,3
809803,11
675785,3
485528,4
485558,3
485561,4
548169,12
600835,4
600836,3
600843,4
430789,3
809858,3
809865,4
734946,3
734955,4
600889,3
633848,3
633865,14
809941,12
430846,3
430851,4
734975,4
734979,4
734982,3
735006,3
485588,3
485590,3
600971,3
809951,3
809978,4
809988,14
430906,3
633881,3
633883,4
633922,3
485642,4
485657,3
601060,4
601070,3
601102,4
810054,4
810055,3
810059,2
633945,3
633967,3
548293,4
430952,3
735171,3
810115,3
675882,4
675890,3
675909,4
601199,4
634023,4
430984,3
431028,3
810172,3
601265,0
601281,3
735230,7
735267,4
810226,3
810262,3
601297,3
601316,13
431061,3
810273,3
810296,4
431106,3
431119,4
431122,4
431125,4
601376,4
601390,4
601421,4
735404,3
735405,15
735410,4
548424,3
485813,4
485818,4
735456,3
735461,4
735465,4
735466,3
676022,3
676054,4
601445,-1
601449,3
601468,3
735485,3
735531,3
548455,4
548461,3
601511,10
601518,16
810438,3
810464,16
676072,3
676091,3
431194,3
810489,4
735604,3
735608,3
431248,3
810541,3
601574,4
485901,4
676196,4
676198,4
676204,3
810585,3
810587,3
810632,3
676227,4
634107,4
601608,4
601618,3
601630,4
601636,1
735663,12
485965,3
485979,3
676288,4
676304,3
601672,3
601701,12
548674,3
548704,-1
634171,3
634198,4
634204,4
735723,15
735739,4
735748,4
735766,4
486013,4
486035,11
810703,4
810710,15
810746,3
601755,4
810753,4
810755,-1
810759,5
634219,3
634263,3
548794,3
601766,3
601797,3
735785,3
735797,3
735806,16
735807,3
735821,3
548837,-1
548848,3
548856,3
810818,3
810827,3
601810,3
601822,-1
601841,3
601842,3
548905,11
735870,4
735880,3
810863,3
810869,4
601852,3
601853,4
431530,4
810914,3
810929,3
810939,4
810955,15
548996,4
735930,4
431627,3
431632,3
431636,4
811000,4
549065,4
601957,3
601995,4
735961,4
735978,3
735982,4
811047,4
811066,9
602049,3
602057,4
736005,4
736008,3
736021,3
486205,4
811099,3
811117,4
676457,3
549118,8
602090,4
602131,3
486248,3
811138,2
811149,16
676485,3
602170,3
431674,3
811225,3
676518,3
676546,4
602207,3
602219,3
602245,4
736088,4
811253,13
811288,9
676596,4
549212,4
549233,3
736106,3
602252,3
549264,4
549279,4
549292,4
431778,11
736159,4
811295,4
811345,4
602311,3
602312,3
602319,3
602323,4
602341,3
736203,3
736219,4
736222,4
811375,16
811406,4
431790,4
431793,3
431814,3
431830,10
549313,3
549321,3
549327,4
676682,3
676714,3
634389,4
634403,10
811415,4
811450,3
549379,3
549386,3
602377,3
602386,3
486378,3
736243,4
736249,4
736257,4
736264,16
431882,3
431886,16
549426,3
549428,16
549436,4
736292,4
736313,3
676723,3
676753,4
676771,3
811515,4
811531,4
811535,3
811536,3
634434,4
634446,4
431933,3
431940,3
811568,4
811570,3
811579,4
811580,3
811591,3
736385,3
549513,3
736429,3
486506,3
634495,4
634505,16
736493,15
676808,3
486543,4
602543,-1
602556,4
811660,3
736550,4
602564,3
602566,3
602579,3
811720,3
736560,3
736587,-1
634603,4
602648,3
602651,4
811758,9
811791,3
432064,3
432081,3
634658,4
602669,6
602672,3
602687,3
811831,4
811838,3
432085,3
634699,3
602766,3
811902,4
736634,3
486661,3
736653,3
634758,2
634768,4
811938,4
432130,3
602799,3
736726,3
486736,3
549654,3
549669,4
812013,17
549686,-1
549694,3
634786,4
602867,4
432201,10
736758,3
736765,3
736776,4
602889,3
602919,9
602926,4
634859,4
812075,11
812098,4
602930,4
602936,3
432253,3
736800,4
736809,3
736836,3
634910,3
812123,3
602992,3
432295,3
432312,3
736863,4
736866,3
736878,4
676944,8
812205,3
603093,3
549748,-1
549771,4
549773,3
736894,3
736896,3
736904,3
736913,3
736924,4
812224,3
812227,3
812228,4
812232,3
736955,3
736980,4
736991,9
603174,3
603186,-1
549801,4
432378,3
432405,3
677008,3
736998,4
737038,-1
812349,-1
812378,4
603195,3
603207,3
737057,15
737065,3
737069,3
812406,3
603293,3
603303,3
635050,3
737116,3
737124,3
677124,3
677133,3
486822,4
737126,4
737148,0
737163,4
737179,3
603316,3
812507,15
812550,3
603336,4
677195,3
737200,16
737212,3
549902,3
549905,3
603403,3
603415,4
737240,16
737246,16
549945,3
549970,3
432448,4
432449,4
432478,10
635094,3
486912,3
737314,3
737331,4
677270,3
677282,14
677307,4
550003,3
486949,3
486986,3
635153,3
603456,4
737345,3
737359,3
737368,3
487063,4
677322,3
550071,3
603487,3
603494,3
737402,3
737408,3
550103,3
550152,16
550175,16
677368,3
677388,3
487087,3
487091,3
487098,4
487106,4
812556,4
812558,3
812566,4
812585,3
812597,3
550228,3
432579,2
677422,15
677426,3
677429,4
550255,3
635254,4
677458,3
677471,3
677506,4
812647,3
603720,3
603725,3
635279,3
635287,4
550320,4
487169,3
487189,4
812690,4
432679,3
550369,3
737524,3
737536,3
737560,4
737561,3
812771,4
812773,3
487230,3
737579,4
737585,3
603801,4
603816,4
603822,4
603827,4
550450,3
737600,15
677570,14
677593,3
677611,4
677615,16
677619,4
635319,5
550466,4
737644,3
812850,15
812859,3
812872,4
812873,4
432713,3
677628,3
677672,4
603950,4
603951,3
812916,4
812923,3
812938,4
812939,4
812940,4
812945,4
812951,3
812993,0
812998,3
432762,3
432763,4
432780,3
432784,4
604001,4
635412,3
737710,4
604043,-1
550534,0
550535,3
635439,3
737745,3
737749,4
737771,4
737790,3
604076,3
604113,3
813114,4
813115,3
677727,3
677765,3
635473,11
737799,4
737804,3
737811,3
737848,3
737853,3
604206,3
677838,3
677847,4
813164,4
813175,-1
604218,3
604237,3
604269,4
604270,3
635529,3
432910,3
737914,3
737929,1
813286,4
737950,4
737965,3
737967,3
737974,4
487527,3
550732,4
635569,4
635596,3
813331,14
813339,3
813341,3
813349,7
738042,16
738045,3
487552,4
550783,4
813391,3
813420,3
813439,3
677910,3
738117,4
738146,3
738150,0
738173,-1
738191,4
738204,3
432947,3
550873,4
550874,13
604334,4
604359,4
738227,4
738240,3
738243,14
738245,4
604426,3
604430,3
677974,3
635667,3
635681,3
813467,3
813536,3
433051,-1
678032,4
550904,4
604531,4
813572,4
813593,4
738342,16
738344,16
487657,3
487658,3
487674,4
738387,15
738388,3
738403,14
604561,16
604598,4
738406,3
738418,3
738447,3
433113,4
433127,4
678074,3
604618,4
604625,3
604662,3
550997,3
551009,3
813692,3
813695,4
813708,3
487705,3
487716,3
487743,3
635725,4
635760,3
813732,3
551034,4
551061,3
551095,4
551100,4
635771,4
635805,4
678153,4
678172,3
678209,3
487877,3
487903,4
813768,4
604896,3
551141,3
551169,3
813812,3
813853,4
635903,3
678213,16
678224,4
551240,3
738452,3
738460,0
738481,4
738484,4
738491,4
738501,4
738509,3
433136,3
433146,3
487917,4
604925,16
604942,3
738566,4
738599,4
678267,3
433184,4
488007,7
678288,3
678294,3
678309,4
678312,4
738618,3
738621,4
738625,3
813919,3
813921,4
488033,0
738681,8
738684,9
738685,3
635944,16
488084,3
551420,3
635968,4
635988,4
433274,3
433301,3
488142,3
488160,4
813982,4
636075,15
551440,3
551449,3
814070,3
814107,12
814119,4
738831,4
738836,0
738846,4
433387,4
814152,3
814173,4
551504,4
678481,3
678509,4
551546,3
551567,3
551577,3
488240,4
636110,3
636112,4
738954,3
738973,11
814179,4
814191,3
605202,3
605244,3
551590,16
551592,3
433446,3
739043,3
814260,4
488345,3
488352,3
814286,3
814293,3
814322,4
739065,4
739066,3
739078,3
678528,3
678578,3
814333,6
814341,4
605264,3
605268,4
433496,4
551752,3
678590,3
605397,3
605430,3
605440,16
605442,3
605478,11
814401,3
636226,3
739145,4
739162,4
739167,3
433549,4
433551,4
433554,3
605486,3
814450,4
814458,3
739185,4
739210,3
739219,4
814498,3
739243,3
814529,4
814537,4
488479,3
488522,3
739285,3
636249,11
636281,3
678669,-1
605636,4
433674,3
433681,4
814615,16
814625,3
636386,4
605672,4
605681,4
739360,4
814649,17
814661,14
814667,3
814679,3
551896,16
551902,3
551926,3
605695,3
814690,4
814725,12
814730,3
739371,4
739393,3
605752,3
605766,3
814741,3
678748,1
678760,3
552023,3
636419,3
433698,1
739445,3
739473,-1
678779,4
678788,9
678808,16
678826,3
605845,3
605880,7
636466,4
814838,4
814864,4
814866,3
488677,4
605905,3
636507,3
636525,3
814902,4
814904,3
552041,-1
678833,4
605973,3
739499,7
739518,4
739527,4
814935,4
814944,4
552089,3
552099,3
605996,4
606006,3
606011,3
606016,7
678892,7
678937,3
814980,3
815002,9
606034,3
606061,15
552184,3
815036,15
815048,3
815056,3
815074,3
488720,9
488727,3
606101,4
815080,4
815088,3
636628,3
636648,3
636649,3
606132,3
433808,3
433817,4
815153,4
815162,3
434862,3
815188,4
815234,3
678993,3
679017,4
815252,4
815295,-1
434895,3
488748,3
488761,3
679063,4
606249,3
606252,4
606280,3
606287,3
488807,3
488820,3
679088,3
636758,4
606296,7
606351,4
739551,3
739568,3
815331,3
815362,4
552320,4
606388,-1
815417,4
815424,11
815427,8
815465,3
815468,4
739605,14
739614,4
739619,4
739624,4
739625,4
739627,4
488913,4
488919,3
435068,3
815531,9
606487,3
606501,4
679193,3
679198,4
679219,3
488950,3
488952,3
488976,3
606527,4
552415,4
739767,5
815585,3
815593,4
815638,3
606584,3
606586,4
739818,3
435176,15
606610,3
606644,4
488981,14
815643,4
815649,11
815652,11
739860,3
606687,4
606702,4
679283,4
815738,4
489074,3
815760,3
815761,3
636900,4
815827,4
435198,3
435213,3
435219,3
435223,3
552485,3
606791,3
636964,4
636974,16
552499,4
552522,3
815882,4
489120,4
606842,3
552555,4
815959,4
637008,4
606888,3
679353,-1
679357,3
679385,7
606943,3
606944,4
816045,4
435320,3
435340,3
606973,4
606985,3
606986,15
816052,4
637106,4
679388,4
816151,3
816179,4
816181,3
816183,4
816191,3
816198,3
816205,3
816207,3
435398,3
679456,3
679467,4
739971,4
816238,3
816249,5
552732,4
552735,3
740001,4
740024,4
489194,3
489237,15
607147,4
607154,16
435420,3
435445,4
552795,4
552839,4
679518,4
637150,3
607184,3
607216,4
607258,4
552938,3
740138,3
740148,4
816291,3
816311,3
637210,4
637211,-1
435462,3
435467,3
435488,16
435497,4
489243,16
489262,4
607300,4
740203,3
679568,3
679602,4
679604,3
816338,3
816341,4
816342,4
816382,3
637227,4
637231,4
607384,3
489333,4
816421,4
607429,4
552998,3
553018,8
435527,3
740234,3
816437,3
607452,15
607487,3
816532,4
637368,3
637375,3
607533,4
607539,4
553066,4
553081,3
435603,3
637405,16
553125,16
816547,4
553149,-1
816621,8
816631,3
816647,3
637484,10
679633,3
679634,4
679637,4
679645,3
637522,3
637556,3
816678,15
816690,4
816691,4
489457,4
607629,8
607631,3
816705,4
816709,3
637600,4
553318,3
553350,4
679721,4
740397,3
740412,3
740421,4
740432,2
489482,4
489492,4
816764,3
816799,4
637630,4
637651,3
740528,4
607729,3
816840,4
816856,4
435705,3
679830,4
679837,3
553439,3
553440,4
435731,3
637738,3
740595,4
740610,4
816920,4
607853,3
637787,4
816957,3
816960,3
607892,4
435795,3
435800,4
817011,16
740682,3
740718,4
607939,4
607979,3
817036,15
817037,4
435814,3
435831,3
817058,-1
817094,3
489629,4
740802,4
740807,3
817151,4
489678,4
637847,4
740822,3
740841,3
553507,3
553510,3
435946,3
637933,8
740863,3
489736,16
740931,4
740934,-1
740938,4
435990,4
435992,3
435993,4
740993,4
638019,4
817236,4
817238,13
817258,3
553563,3
817268,4
817283,4
817285,4
489784,3
489797,17
608162,15
608180,4
741032,4
638057,3
638059,4
553649,15
553656,3
817331,16
817350,3
741056,3
741057,3
741059,3
608231,3
608250,3
489810,3
553668,2
553677,15
553764,3
817390,3
817409,16
817428,4
817435,4
741090,4
741127,3
608283,3
608319,14
553799,3
741168,3
741169,3
817477,3
817482,3
436037,3
608383,3
680089,4
638149,-1
638174,4
741206,3
741231,4
817522,4
608435,3
680114,4
680138,3
680146,4
680149,16
638218,4
638227,3
817587,3
817590,3
680204,4
436096,3
436114,4
817617,4
638233,3
680243,3
680279,-1
817677,3
553897,17
741303,4
741307,4
741336,4
817718,3
817754,2
638316,3
638317,3
741429,13
638355,4
817786,4
817802,3
741452,4
741460,4
817828,6
817840,14
608712,3
489992,0
741526,3
817911,4
608817,4
741573,3
741603,4
817965,3
436320,4
436326,3
680379,4
680380,3
638450,4
608846,4
817976,4
818016,3
490058,3
490090,3
818038,4
818051,3
554110,4
554130,3
554144,3
638499,4
741637,3
818110,11
680417,3
680420,4
436379,3
436382,3
436405,9
554199,4
741668,4
741675,4
554220,1
608989,4
741702,4
609020,3
609023,3
609032,3
609101,4
680456,3
680468,3
680471,3
680473,4
741780,3
818183,3
609161,7
490122,3
490124,3
490132,4
554281,-1
436483,3
609176,4
609199,4
490178,10
818293,4
609238,3
818304,3
818308,4
818326,3
490256,3
436557,3
680551,6
680610,3
490301,3
490318,15
609343,3
638711,3
609371,3
490362,11
638765,3
554460,3
554493,3
554494,3
680679,3
609441,3
490383,3
554500,15
554552,4
638778,3
638805,3
741916,16
741925,12
741931,3
741934,4
638814,4
638838,3
638853,3
609520,3
490453,3
741975,3
680696,-1
680716,4
680722,3
818441,3
818447,3
818450,4
818452,4
818464,4
638902,3
436601,4
436619,3
490489,4
742012,3
436688,4
818569,4
638964,4
742102,4
742113,3
818614,3
818617,3
742175,4
742176,7
742188,4
609633,15
609676,3
609681,3
680840,4
680844,3
818648,4
818694,11
490689,3
818701,3
818715,3
818720,11
818756,3
490724,3
490755,16
554694,4
554727,3
609799,3
818765,4
680892,3
680903,4
680917,3
680923,4
680927,3
609808,0
554733,-1
554735,3
554748,4
554753,4
554763,3
554784,4
554789,3
818814,14
818832,-1
818858,4
436852,3
742274,4
742275,4
742314,14
609882,3
490822,3
818862,4
818904,3
818907,3
680991,4
554801,4
639058,3
639061,4
490891,4
609919,4
609959,3
742414,3
436911,3
436926,3
436929,3
742435,3
818925,16
610038,9
680997,15
554875,3
818983,4
818984,4
818986,4
610095,4
436996,3
742526,16
610124,3
681071,3
681077,4
639158,4
437060,4
742561,11
742576,3
742582,4
819114,3
610196,4
610201,4
610202,16
610206,3
610236,3
681126,3
639198,3
639202,3
639238,3
491016,4
491090,3
819195,3
819201,4
819210,14
681177,9
437127,3
437158,8
819214,4
819226,4
819254,3
819261,3
819266,4
742704,3
681197,4
681211,3
681221,3
819286,3
819291,13
819321,3
819322,4
437178,3
437221,3
742733,3
742736,4
742739,3
555014,4
610342,4
819357,4
819372,0
681246,4
491232,3
437265,3
742787,3
742789,3
742800,3
681301,4
681330,3
819436,16
819452,3
610422,4
491274,4
681381,4
555193,4
555229,4
742888,3
742889,3
742890,4
742895,4
742900,15
819497,3
819504,4
819520,3
819525,4
610513,3
610522,3
742942,3
819558,3
819568,3
491301,4
491310,3
743012,16
437359,4
437360,3
437379,3
437380,16
610631,16
610635,4
555241,3
743034,3
743044,3
743057,4
743074,3
491372,3
491379,3
491395,3
491396,4
555283,3
555320,4
610653,3
610664,3
610694,4
610697,3
681427,3
743085,14
743111,3
491450,3
491451,3
610707,4
610712,3
437485,4
555343,4
681499,8
819731,3
610818,4
491483,3
819771,3
819780,4
819784,3
819797,16
639316,3
743181,4
743212,4
681525,3
681531,4
555398,3
555403,3
491518,4
743236,4
743262,4
437562,3
437564,3
437602,4
491561,15
610880,3
610913,4
437620,16
610970,3
610993,4
743332,3
743337,3
639412,4
819937,16
819948,4
743384,3
437701,3
491630,3
491644,3
491647,3
611030,4
555505,4
611086,4
437713,4
491675,3
819999,-1
820003,3
820021,3
820022,3
639458,4
611136,5
555567,3
555598,4
743498,3
743507,3
639530,16
681648,3
743541,4
611171,4
611184,4
555636,7
555643,15
681680,4
681690,3
681699,4
611234,3
743565,0
743579,4
743592,4
639552,3
437815,7
743599,15
743630,3
743636,3
820047,4
555712,3
611349,4
555752,4
555767,4
491791,3
491792,4
491826,4
820084,3
820095,3
820114,3
611386,3
611408,16
820188,4
611425,4
611445,4
555800,4
743701,3
743721,3
743728,16
491852,3
555853,3
555860,3
555883,4
555886,4
555888,4
681797,3
611489,3
820203,4
820233,4
820245,4
491866,3
491899,3
555913,17
555919,3
611509,4
820270,4
820303,4
437988,3
437999,4
611554,3
611558,3
611582,3
611585,1
681835,4
681844,3
681858,9
556040,3
556042,3
611594,3
611619,4
438055,3
820361,4
820395,16
820403,4
743769,4
743797,4
491952,4
681912,4
681920,4
820422,3
820423,4
611719,3
611736,-1
820472,3
820498,4
820506,14
820525,4
743846,4
492103,3
681944,4
820543,3
820568,4
820580,4
743884,4
743887,3
743917,7
743923,3
438089,3
438103,3
438111,3
681984,3
820620,3
820641,4
820642,3
438144,3
438145,4
639665,4
682035,3
682068,4
438184,3
743970,3
438257,-1
820752,4
820783,3
611854,4
611864,3
492243,3
492245,3
820812,4
820827,4
820830,4
682140,3
682141,3
682145,3
682150,3
682152,6
682159,4
438280,3
438298,4
743991,4
744018,4
744027,4
611931,3
820874,3
492327,3
611947,4
611957,4
611975,3
611981,3
820903,3
820922,3
682175,4
438367,3
438378,3
612017,3
492420,3
639787,3
639792,-1
556213,-1
744127,16
612044,4
612053,4
612062,4
820965,3
821026,16
682243,4
744186,3
744207,3
639857,16
821076,3
492489,4
492496,3
744233,3
744244,3
821104,3
438557,3
492527,3
492547,3
682304,3
556297,3
556329,4
821163,4
821178,16
492621,3
744327,3
744329,4
744332,3
744341,4
821203,3
821210,4
640015,3
640032,15
821280,3
821294,5
744401,3
438651,3
438666,3
821304,3
821306,13
821323,4
821325,4
640080,3
640105,4
640122,17
744466,4
682394,3
438686,3
438690,3
744506,3
744526,4
744531,15
556399,3
682434,3
492694,3
492702,3
492712,4
556437,3
556438,7
612458,4
821413,4
821457,3
438732,3
682504,4
492776,4
744541,16
744577,4
612546,3
612583,3
556546,4
556557,4
821548,4
821561,3
821579,4
640154,4
438867,3
612638,3
556667,10
556673,3
744631,4
821645,3
821670,3
744667,3
492887,4
682578,3
682582,3
682588,4
682631,8
821685,4
821699,4
821712,3
438957,0
556753,4
556759,10
556767,3
556781,3
821724,3
612694,3
612713,3
744756,4
492993,-1
492996,3
556825,3
682707,3
640182,4
640209,4
612761,4
493022,3
682733,7
556883,3
556909,4
821878,4
821905,3
821909,3
821927,3
640275,4
640286,4
744787,3
744807,4
821950,3
821955,3
821968,0
821973,3
821980,4
556947,3
744834,3
744839,4
439164,4
640345,3
640356,4
640370,4
822053,3
682779,3
682781,16
682786,4
439177,-1
439188,4
439201,3
556995,4
744941,4
744957,4
744961,3
493162,-1
493191,-1
612798,3
822138,2
493216,3
493232,3
682871,4
612869,3
493256,4
822225,4
682919,4
682920,3
682943,4
439277,4
439282,3
612901,4
493336,16
557123,3
744998,1
682976,3
682990,6
745044,-1
745062,3
745075,4
439326,4
439348,4
439353,3
557201,3
557208,3
557209,4
493344,3
745108,3
822315,4
822335,16
683017,4
683026,4
683044,3
683045,-1
683055,4
613008,3
613011,4
493398,3
745150,4
557253,4
557275,0
822367,14
683102,4
683104,4
613063,3
613073,3
613088,4
613102,3
745219,3
745223,4
745241,4
822443,3
557298,3
640382,3
640401,4
640414,3
640430,4
745252,9
745283,3
439383,3
439402,3
613148,3
613160,3
822493,15
822497,-1
683123,3
683130,3
822508,3
745329,3
745350,3
557380,3
822536,3
439467,3
557397,3
683208,3
683216,3
683233,5
613254,3
613270,3
613277,3
640477,15
640484,4
439496,4
745438,17
613332,3
683247,3
683279,3
822774,4
822790,4
640509,3
613395,3
745503,3
745510,3
439544,4
557476,4
745546,13
745564,3
613446,16
640545,3
557527,4
557543,3
439683,4
822813,4
745622,3
493570,4
557549,3
439707,3
439718,3
745634,3
745668,3
557635,11
822888,4
822889,-1
822893,3
822895,3
822899,4
439762,3
745728,3
745740,4
745786,4
822969,4
822983,13
822994,8
493622,3
557697,3
823011,3
683443,4
613650,3
439848,4
557708,3
557727,4
493639,4
613698,3
745888,3
745892,4
823059,3
823087,3
439879,4
823110,4
823141,4
439920,3
439929,4
493691,10
493721,4
613786,4
613793,4
613804,4
683473,8
683496,4
683499,4
683502,3
823167,3
823177,3
823186,7
823188,4
823199,4
745934,3
745951,4
613844,3
493736,3
439966,4
439991,3
823215,3
493780,3
440020,4
440024,4
440036,3
440045,3
440057,4
823264,4
823293,4
640619,3
613931,3
557780,3
640642,4
640691,3
746048,3
746054,3
823334,16
440107,3
440111,3
683578,3
683608,3
683611,3
557810,16
493793,12
493831,3
493845,4
746095,11
746100,3
640700,4
613987,4
746127,3
823437,16
823441,3
823444,4
823489,12
557871,3
557873,3
557892,3
557904,3
557910,3
640745,2
640747,4
640765,16
823492,3
823495,16
614062,3
640776,3
614085,14
614093,4
823561,4
823569,3
823572,4
614188,4
440268,3
440272,3
823641,3
494032,4
494033,4
494054,3
823687,4
683666,16
614269,3
614287,3
614293,4
683682,13
683690,3
683716,3
683721,3
746303,3
746312,3
614316,4
614328,3
614358,3
640890,4
640892,3
640901,3
640908,4
640919,3
640926,4
683736,3
494118,3
494143,3
823712,15
823763,3
823800,3
558034,4
558040,3
558042,16
746329,4
640930,3
640949,3
640973,16
558071,3
614397,3
614400,3
746405,4
823900,4
614428,3
614460,3
683801,3
440477,3
440507,-1
494227,3
746521,3
746534,4
683936,3
440514,3
440524,3
746565,3
746566,4
824043,4
558350,16
683961,4
683976,3
824064,3
824068,4
824088,4
824094,9
440559,4
558385,3
558396,3
824133,4
824147,9
824180,3
558423,3
558434,3
558460,3
684071,3
684080,3
440634,4
494269,4
494312,3
614585,16
824194,3
824195,4
824216,4
746685,3
746694,3
684087,3
684113,4
746731,3
746732,7
558529,3
558554,4
558562,3
614750,3
494397,4
684148,3
746764,3
746778,3
746785,0
558576,3
558604,3
440783,3
440790,-1
824342,3
614800,4
684173,2
684203,3
684209,3
684214,3
494448,3
440818,4
824358,4
824408,3
494480,3
494498,16
824421,3
824483,4
824516,4
824521,3
746890,4
614912,3
440876,1
824541,4
824552,8
558833,13
558840,4
558859,3
558868,3
440921,4
746899,4
746921,3
746928,3
684268,4
684293,4
684300,4
684320,4
824600,4
824603,14
558874,4
558910,4
684363,3
615024,3
746968,4
641151,4
641185,4
641197,11
684416,3
684417,3
747021,3
747028,3
747029,3
440946,3
615091,3
615102,4
615120,3
824641,4
824661,4
824674,4
494638,3
824733,3
824765,4
684496,9
747174,4
747199,4
747234,3
824806,4
824810,4
684515,3
494675,13
747251,-1
684561,3
747318,4
747338,2
615332,3
615345,4
615348,4
824952,4
824957,4
747360,-1
684646,4
684658,3
615367,3
615391,4
747398,3
747417,4
441131,3
615427,3
615430,3
615440,3
825017,4
825025,4
747484,4
747485,4
494745,3
494772,4
441156,3
441161,3
441183,3
825053,0
747529,3
747542,4
494774,4
825125,3
747579,3
441199,3
441204,3
684731,9
684768,3
747606,3
747634,3
747640,3
747642,4
825158,3
825171,4
825196,-1
559094,10
559101,3
559148,0
559157,3
494885,3
747657,4
825253,4
641477,3
559213,-1
494915,3
825300,3
825302,3
825308,4
825314,3
684785,7
684814,4
747762,3
747783,3
825316,4
615536,16
641481,3
641503,4
615567,3
825385,4
825408,4
641548,0
615601,3
615621,3
615631,3
747831,4
747850,3
684875,4
684877,4
615635,16
615636,3
615660,4
615672,4
559302,3
559306,4
559334,4
641588,4
641591,3
825497,15
825504,3
825517,16
825526,4
495075,3
495083,4
495085,3
495094,4
684891,9
559348,4
559380,4
825541,3
825557,3
641644,3
641655,3
641670,4
641678,3
441341,3
684930,4
684947,3
615761,4
559406,9
559415,3
641706,-1
747857,3
615850,4
684984,3
684991,3
685030,4
441369,6
441372,3
825608,4
825616,3
825624,13
825630,-1
825665,4
825679,4
747998,4
559482,3
748010,3
748059,4
825792,-1
441439,3
441440,4
825828,4
641747,4
685063,3
615951,3
748061,3
825887,3
825926,3
616037,3
559613,14
441548,9
748111,4
825938,3
825954,4
559658,3
685114,3
616072,3
616080,4
559688,4
559730,3
495308,8
826028,4
616113,6
559760,3
559765,4
559787,3
559812,4
616156,3
441594,4
685155,3
685198,3
685199,4
641806,3
826130,4
748269,10
748295,3
748304,3
616247,4
685239,4
685242,1
748335,3
748342,16
616281,3
826227,3
685267,3
685287,4
685294,3
641816,3
641819,3
641820,4
641834,16
748402,3
748421,3
616347,3
616349,3
826236,3
826258,16
685320,3
441710,3
616409,4
559974,3
826296,3
826297,4
826305,4
685352,4
685368,4
685391,3
560000,3
641879,3
641900,4
826395,3
495411,3
748482,3
748511,11
748535,3
826412,9
826420,0
641945,3
495458,15
748572,3
495499,3
642029,3
560135,-1
495551,3
495558,3
748683,4
685412,3
685433,5
685442,4
685444,3
441917,4
748720,4
748740,3
642063,3
642066,-1
442004,4
442014,4
560186,4
495620,3
495656,9
642089,4
642134,4
685451,3
442044,1
442048,3
826548,3
826601,3
826602,5
616467,3
616518,14
685510,3
685512,3
748745,4
748775,3
748778,4
748791,4
442087,3
826677,4
826684,4
642161,4
642187,3
826753,3
442149,4
442154,3
748807,4
748836,4
748849,4
560462,16
560464,3
560477,3
642197,4
642240,4
826765,3
826797,3
685601,4
748899,3
748913,4
895152,4
685635,12
826813,4
560543,3
560555,4
748927,3
748943,3
895189,4
895203,4
685661,4
685665,4
685684,4
685690,11
642262,3
642265,3
560627,3
560634,3
442191,3
826898,2
826906,4
495745,3
895235,3
748964,3
748981,3
748982,4
685741,4
685755,4
748987,3
749007,4
749023,4
749032,4
642294,4
642310,4
560693,4
560714,3
895338,4
826997,3
685776,4
685779,3
895358,3
895369,4
827073,3
827075,3
685805,3
685837,4
827129,3
827153,3
827163,4
642348,3
642385,3
749057,3
827179,4
827184,14
827202,4
827203,3
827205,3
442289,4
642406,4
749105,4
442304,4
827234,3
827235,4
827245,4
827254,3
642479,3
749178,4
685867,4
685899,4
827302,11
827322,3
827332,4
495880,3
495890,4
895421,3
895456,4
749228,4
642493,4
749250,4
749285,3
749291,4
560861,3
560881,3
827400,3
827413,3
749311,4
749315,7
749318,4
749322,3
749338,3
749343,3
686044,4
749369,7
749380,4
749388,4
895555,3
895577,6
827443,4
827487,3
827498,3
827539,4
561015,3
561028,14
442390,4
495988,3
749400,4
749428,3
561042,3
561045,3
561092,3
827564,3
827579,4
827592,0
827596,3
827602,10
827608,4
442405,4
642657,3
749461,3
895640,4
827651,3
496004,3
496010,4
496013,3
895659,4
895662,4
895678,4
749549,3
561164,3
827683,4
827702,10
895710,15
561250,4
686066,7
895770,10
895790,4
827774,3
642724,4
749602,4
496092,4
642733,4
642739,3
827797,3
827843,4
561339,4
496146,3
442515,3
827904,3
827910,3
686134,4
642791,3
642894,3
895834,8
895835,4
895856,4
686165,4
827933,4
442550,3
442587,3
749669,3
827961,4
496195,3
496206,4
895871,4
895874,4
827983,0
827988,3
827999,4
828003,3
686228,3
561583,3
561588,9
442601,3
442606,3
442645,3
895930,4
561639,3
828049,3
895970,9
895973,4
686284,3
686295,4
749699,3
749700,3
828119,4
828127,4
896024,4
896026,7
896028,10
896036,4
896062,14
828164,3
686301,4
686322,3
686323,3
749743,3
749752,3
686384,2
686391,3
686397,3
896120,4
896121,2
496336,3
442773,3
686483,3
686489,4
828272,4
828305,4
896141,3
896150,4
896175,4
896179,3
686504,4
686512,3
686528,4
561830,3
828368,4
643031,9
643059,3
496471,0
561859,3
561873,4
643078,3
442938,3
442946,3
561932,3
496503,3
686550,4
686568,3
896205,3
896232,4
896235,16
643130,3
643186,4
828398,3
828438,4
442962,3
442975,3
562015,4
686590,3
686613,4
896272,3
828460,3
828487,8
828488,4
443030,3
443036,3
562051,3
562074,16
562075,3
643215,3
643222,3
643224,-1
686644,3
686654,3
686663,3
828507,4
562114,3
562131,4
896391,4
896396,4
496598,3
496634,3
686701,4
686727,4
443052,3
443069,3
828558,4
828561,4
828581,4
686748,3
686771,15
828608,3
828618,3
828622,4
896487,4
562206,-1
828690,3
828709,4
896529,4
896534,3
896542,7
562248,3
562249,4
496694,3
896629,4
443099,3
443140,3
828730,4
828739,15
562306,3
562320,3
686881,3
443183,3
496757,4
562330,4
562345,3
643427,4
828773,4
828802,3
896675,3
896686,4
896698,4
443233,3
562386,3
896711,4
896744,14
562431,3
562462,4
562467,3
443272,3
686951,3
643521,3
643562,16
686983,3
686991,3
562511,4
443288,4
443303,4
562556,3
562564,4
562578,4
828897,3
828912,3
828934,4
896767,3
896770,3
896820,15
896823,10
896852,16
643587,3
562589,3
562603,3
896865,3
896868,1
896869,4
896905,4
443418,4
443423,4
829012,16
829019,4
687026,3
896951,4
896959,10
687062,3
687110,3
687114,4
496854,3
897008,4
643645,3
496910,15
897061,3
643678,4
643701,3
643702,3
562671,1
562676,3
496952,3
496953,4
496971,4
496972,3
496988,3
897109,4
897127,4
897135,3
829214,3
829250,16
497005,4
497007,16
897162,3
443633,3
643730,3
897220,4
897222,12
687309,4
687321,3
562709,4
562717,4
562746,3
897233,4
897267,4
897270,3
643786,3
829330,4
687348,4
897298,16
897313,4
897319,3
897326,4
897339,4
497137,3
562757,11
443714,3
643845,3
897367,4
897404,3
497159,2
897416,4
897451,4
687460,3
643882,16
829363,4
829390,4
829404,4
562834,4
687494,3
687501,3
687516,4
497273,3
497284,4
829422,4
897577,4
897585,4
897595,3
643965,3
829467,4
829475,3
829520,4
897631,3
497332,4
443861,3
443898,3
443900,3
687636,4
829561,4
497388,3
643994,4
687669,4
829613,10
829622,4
562936,3
687708,1
829651,3
829652,4
829675,4
897699,3
897777,3
497464,3
497474,3
443999,3
897827,3
829709,11
829735,3
829747,3
562979,3
444012,15
444015,3
444022,3
444046,3
897930,4
897933,4
897934,3
644135,3
687825,3
687835,3
687841,3
898006,3
563059,3
563108,3
563119,4
563123,3
687862,3
898057,3
644209,4
563130,3
563160,3
497635,3
444106,4
444112,3
444114,4
444136,16
898098,4
898102,3
898128,3
687924,3
830016,3
830021,4
830048,3
644236,4
644238,0
644261,3
497717,3
898222,9
563245,3
563255,4
830059,3
830092,4
444199,3
444201,4
497768,3
898254,4
898278,4
898284,4
898288,3
687994,4
830149,14
830156,4
644336,4
644356,4
444223,15
563340,4
563346,3
563377,3
830190,15
688026,5
688031,3
688046,3
898383,4
444298,4
563394,4
444353,4
898462,3
830246,4
830249,4
830274,4
830323,4
898504,3
898545,4
898547,3
444369,3
444379,3
830331,12
644459,4
444418,4
688185,4
688194,3
898561,4
444445,4
644512,4
830440,3
688216,4
688233,3
688288,3
688307,3
830526,3
497898,3
898643,4
444577,3
444628,4
688324,3
688338,4
688347,4
688360,3
497929,3
688391,-1
563565,3
830628,3
830647,4
830656,3
830661,17
898730,4
898744,3
644611,3
688442,3
898801,3
830720,3
688462,3
688486,4
688495,3
688496,3
444725,3
498028,4
498029,3
498039,3
498048,3
563673,-1
563683,3
898872,4
830766,4
830767,3
830774,4
688539,3
498079,4
644700,3
563739,3
563741,-1
898954,3
898962,4
898975,4
898985,4
899012,4
498120,4
830817,4
688577,4
444801,4
688643,3
644773,4
444867,4
830949,3
830961,4
749903,3
749906,3
749944,3
688672,16
688694,3
498242,4
749965,4
749981,3
444890,3
899077,3
899093,3
899137,3
899138,4
830992,4
444923,3
899175,3
831031,3
831045,4
644834,3
750076,4
750089,3
899225,4
899232,4
899247,4
899268,4
899272,4
498377,-1
831100,3
445002,3
563834,4
563844,3
563913,4
445052,3
644885,4
899285,16
899296,3
750142,3
445105,3
899350,3
899380,4
750235,4
688834,3
688856,3
688873,-1
688875,3
688885,3
831142,4
831160,4
831181,3
831183,4
831189,3
831196,9
498394,3
498395,3
498426,3
445119,3
445167,3
899416,4
899419,4
750268,15
750301,4
831210,3
831222,3
645000,4
645020,3
899474,4
899508,4
899512,4
750340,4
831287,4
831304,4
750380,3
445204,3
564056,3
645079,5
645097,3
688906,3
831356,3
750419,0
750434,3
750446,4
564078,4
645129,3
831395,3
750498,4
564174,3
899615,4
899633,4
645154,3
445265,3
750552,4
831450,8
831479,4
899661,3
899676,3
831495,4
831498,3
899692,4
445349,3
645260,4
831563,4
899746,4
445370,-1
445404,3
645316,4
831622,3
831655,4
750656,3
750661,4
689062,4
645372,4
645385,4
645386,4
831678,16
831687,3
831722,4
899883,4
899888,4
899903,4
899906,3
750710,3
750715,4
750729,4
645422,4
645429,9
645440,4
831748,3
831765,4
831800,4
899952,2
899960,-1
899978,4
750756,4
750768,4
750799,7
831829,3
899983,4
900033,4
445538,3
689151,3
831865,4
831874,3
831885,1
831892,3
831901,4
498699,4
831954,4
831960,4
645488,3
645506,3
498717,3
498738,3
564363,4
750848,4
831977,4
831983,3
832015,3
832020,3
645513,3
689255,4
689262,14
689270,4
564470,3
564472,3
832046,4
832054,4
832062,4
900274,4
900276,15
498762,16
498773,4
750868,4
750878,-1
750914,4
900318,4
750930,-1
750956,3
900417,3
900419,14
689368,4
689377,4
689378,3
832094,3
832171,9
645590,4
645597,4
645598,3
498844,3
751005,4
751029,3
564502,3
564535,-1
900470,3
900477,4
832200,4
645602,4
445648,4
445692,4
445694,4
564618,3
689386,3
832272,3
832290,3
751070,3
564651,3
832294,3
832300,4
832353,3
751096,4
564698,3
445726,4
689494,3
498983,3
499017,3
445783,4
445790,4
751198,4
689561,4
900490,3
900492,3
900585,4
900593,3
832383,4
645672,3
751257,3
564766,3
832442,4
900602,4
445809,3
445851,3
445856,4
564801,3
564803,16
564810,3
564825,4
564828,3
689651,3
645735,3
645756,3
645759,3
832489,3
832529,-1
900666,4
900683,4
900689,4
900713,11
689672,3
689681,3
689689,3
445865,4
645813,3
900722,4
900740,16
900743,4
832554,3
832559,3
832569,4
751299,3
751311,3
751321,4
689731,3
689747,3
900767,3
900777,4
900785,4
832600,4
751382,3
645816,-1
645821,3
645823,-1
900821,4
900824,4
900852,4
689811,15
832670,7
832703,3
645853,3
645867,4
900889,12
900906,10
499096,3
564884,3
564908,4
751496,15
645935,3
900949,-1
564961,3
564963,4
832729,4
832743,4
832757,4
645963,3
901030,11
901047,7
499176,3
564978,4
564981,5
565019,16
565071,3
751523,7
751537,13
901070,3
901080,4
901102,3
645995,3
645997,4
689915,7
499195,3
832853,4
832862,3
689945,3
689951,3
901114,3
446038,15
832890,4
832896,3
832902,4
832937,-1
832943,4
646063,4
646072,3
901193,4
901217,3
901223,3
833003,3
446046,3
446049,3
446084,3
901242,7
690004,4
901257,4
901289,4
901303,0
751580,3
690032,3
751660,3
901341,4
901343,3
446182,3
565148,4
646103,4
646141,16
751692,3
751708,3
565193,4
833020,3
690075,4
690083,4
833078,3
833113,3
499337,16
499366,3
499369,4
646183,4
565258,4
751725,10
751736,3
833137,3
833159,3
565298,14
565305,3
499415,4
833177,4
833217,3
446262,3
446283,3
446286,3
499450,3
751843,3
690228,3
690229,3
646219,4
833292,4
833312,3
833317,4
833324,4
751881,3
901472,4
901478,4
901484,3
565407,16
833331,3
751944,4
751946,3
751970,3
901485,4
901510,4
833427,3
751986,4
751996,4
751998,4
752026,4
833470,3
901543,4
901562,4
901583,-1
446416,3
499530,4
752054,3
752066,4
752069,3
565463,4
901602,3
752106,4
752112,4
833541,3
833556,4
833563,4
833576,4
565498,3
565508,4
901673,3
901676,3
901690,4
752158,4
752167,3
565546,4
565583,-1
446543,4
833639,3
833646,4
690301,3
690308,3
690347,3
901709,3
901717,6
901742,4
752193,-1
752215,4
833658,3
833686,3
565588,4
565609,3
446565,3
446583,3
901825,4
565636,4
499678,3
690420,3
901848,3
901851,16
901853,4
901880,3
752243,3
752258,3
446663,4
833760,3
565687,3
565691,3
565701,3
565712,4
752274,4
752290,4
752303,4
752310,3
499716,3
833785,4
833788,3
833796,3
646365,3
752337,4
752348,4
752356,3
646413,3
833828,3
833850,4
565788,4
752381,3
752411,4
752416,4
646449,3
446709,3
446718,4
833894,3
833901,4
833903,4
833904,3
499799,3
646485,2
446764,3
901897,11
901899,11
901933,3
499816,3
499840,4
499854,4
690489,3
565838,-1
565843,4
752452,3
901963,16
499864,3
690540,4
565936,4
833933,8
833941,1
833946,3
833989,4
834026,3
499918,3
565958,3
565985,0
566000,16
646577,3
646608,4
834050,4
834052,3
834062,3
834079,4
834085,3
834094,3
752466,3
752492,4
500007,3
690626,4
690627,4
690646,4
446821,4
446839,3
834117,4
834123,3
834146,4
902101,3
902111,4
902125,3
902128,4
902133,3
902140,4
834157,-1
834187,4
902177,4
902182,6
902193,4
752624,3
752637,3
646685,4
646705,3
566136,3
500150,3
834290,14
834311,4
902241,4
902243,4
902250,4
646720,4
646739,3
752680,4
566190,4
500217,4
834327,4
834387,4
752741,4
902302,3
902315,4
902330,4
902339,3
646858,3
752787,3
752812,4
834499,4
446918,3
446931,4
446952,3
566206,4
566213,3
902349,4
902359,4
566278,16
566303,4
446996,4
500317,4
646930,3
752906,3
566333,3
902466,4
902480,3
902484,3
834633,4
902548,8
902561,9
834658,-1
834692,3
752989,4
753039,14
646985,3
834729,3
834730,17
690859,3
500357,3
500367,9
753059,4
753098,3
834750,-1
834753,4
834757,9
834770,3
834779,3
834787,4
834795,4
902636,4
902654,3
753125,4
753149,7
753150,3
834832,3
834840,3
834844,3
902717,4
902720,4
647067,-1
566578,9
647102,3
753217,3
902747,4
500398,3
566601,3
566642,3
647133,15
647155,3
834867,4
834891,4
834907,4
834919,3
500409,4
753267,16
834963,3
834964,3
834985,3
902825,3
647185,3
647193,4
647224,4
753356,15
691077,3
691096,3
835004,12
835031,3
902893,3
691106,3
691125,3
691131,3
500530,3
835070,4
902980,15
447210,3
447213,3
753429,3
566654,3
903001,4
903003,3
691199,3
691203,4
647271,3
447275,3
447304,3
835164,11
835167,4
903051,4
903054,3
753478,4
835219,4
835238,4
691295,3
903159,4
903163,4
835255,3
835277,4
835283,4
903191,17
903195,3
903232,16
835358,4
447318,3
647294,3
647305,3
647325,3
647369,4
753549,4
566796,3
566798,3
835375,4
835399,3
835419,4
835449,3
835466,4
753637,16
753664,4
753666,15
647388,2
647390,3
647423,15
903323,4
903328,4
903329,4
691426,3
691431,3
691452,3
753747,3
835520,3
835537,4
903364,3
903373,4
903384,4
566896,4
691500,3
691503,3
691508,4
835556,3
835574,4
500757,4
500759,-1
903402,4
903408,14
903414,3
903416,4
903445,3
903458,15
835595,4
835626,4
647466,16
691555,4
835667,4
447520,3
566947,3
566958,3
566959,11
753835,4
836719,4
836730,3
691593,3
903542,4
903576,4
567014,4
836754,4
836770,4
836787,4
500873,13
691629,3
691631,3
691645,3
903584,4
903608,4
836805,3
836812,14
447601,3
567070,3
903652,3
903669,4
567101,11
647535,3
447684,4
567134,4
500943,4
836838,4
836844,4
836850,5
836864,3
903698,3
903714,4
903726,3
500976,3
447745,4
754006,4
754030,3
903745,4
903751,3
567236,4
567267,3
647541,3
647566,4
647581,3
501024,3
501035,3
501045,4
691741,4
754040,3
903874,7
903883,3
647616,3
647619,3
647629,4
903949,3
754099,4
754104,4
754106,4
754118,3
836891,4
836893,9
836925,11
754152,4
754185,3
836929,4
691762,3
691772,-1
691776,3
447764,3
447800,4
501152,4
501171,4
501175,4
904030,4
904062,4
904065,3
754256,4
447814,3
447852,3
691815,2
691828,4
691829,3
647725,0
567304,3
567312,15
837041,3
691857,3
691869,3
691870,3
837075,4
691885,3
647793,3
647800,3
647802,4
447908,4
447928,3
447933,16
754306,4
754319,3
754342,4
754364,4
754365,4
837144,4
837151,4
904132,2
567356,3
567364,4
647858,4
837198,3
837212,4
691980,4
954579,3
954589,11
954606,3
954607,16
448004,3
754387,12
754425,4
754434,3
837264,3
647927,3
647928,3
501239,10
501262,3
904310,3
904319,4
904352,4
954619,3
954620,4
954657,4
954662,4
837286,16
904374,-1
904380,0
754452,3
692006,4
692010,4
692012,3
448042,3
754488,4
837370,4
647971,-1
647996,4
904437,4
904460,4
904465,4
954707,4
954734,4
754554,3
754567,2
754569,3
754575,3
837443,4
837491,3
904470,4
904486,3
692049,10
692074,3
692077,4
954762,4
754593,3
754647,4
837516,4
904546,6
904552,3
692097,16
648089,3
648114,4
954813,-1
954840,4
754658,3
954867,4
954895,1
448123,16
501354,3
904676,4
904677,3
692219,10
954963,4
954966,4
954971,16
501396,4
448217,3
904739,3
904764,4
904774,3
837690,3
837706,3
837711,3
837717,4
837731,0
754761,3
754765,3
955008,3
955015,3
448293,16
692284,16
904782,3
904807,3
754795,3
955060,13
955104,3
501423,3
692291,3
692297,-1
904840,15
904844,3
904879,4
955107,3
955125,7
955144,4
837737,4
837769,0
837773,4
448304,4
837809,3
837829,4
837840,4
501470,10
501509,1
501514,2
904934,4
955172,4
955173,3
955194,4
648152,-1
837854,4
837864,4
837878,3
904966,6
904997,4
905016,4
955218,11
955239,3
955246,3
754867,4
754885,4
837900,3
837926,4
837933,3
692426,4
692461,3
754923,16
754927,3
838013,4
754974,4
692487,3
692511,3
448358,4
448385,3
448397,3
955264,4
955278,4
955289,3
955292,5
955297,11
838048,4
838062,3
755010,3
755026,3
955305,4
955324,4
692545,4
501582,4
501596,3
905078,4
955358,11
692585,-1
755059,3
755101,3
838187,4
448456,4
755179,4
838266,4
501670,4
501685,3
648283,4
905158,3
905177,4
905184,4
905195,4
905196,3
955383,5
955402,3
955407,3
838359,4
955427,3
955429,4
955474,4
501743,3
905214,4
905217,3
838388,4
838393,4
955484,9
955514,3
955525,-1
648375,3
755292,4
501794,3
448559,4
448572,3
905274,0
838474,3
955582,3
955585,4
448693,3
648424,4
648464,3
905328,3
905341,13
905343,4
838519,4
955590,3
955598,4
955610,4
955621,4
501846,3
905418,4
692658,3
648473,15
648499,3
648511,3
838616,6
838649,10
838650,4
905466,4
692723,3
692729,3
448715,4
905467,3
905480,3
905482,3
905522,4
755363,3
955653,4
955668,3
692735,4
692746,4
501968,3
648571,4
648572,4
648587,3
692798,3
755442,13
502021,3
755480,3
755493,-1
755516,3
755520,4
448786,4
905674,4
838661,3
838709,4
838730,3
648629,3
648637,3
955737,3
448811,3
448834,16
448842,3
692892,11
692896,3
755547,4
755562,4
905738,3
905747,3
838802,14
448906,3
755595,4
955748,3
955749,17
955791,3
838881,3
838890,3
838908,4
755661,9
955831,5
955841,16
838949,3
838979,3
692942,3
905886,3
905916,3
905922,5
755665,4
755673,3
955900,3
755737,3
838990,10
839005,17
839015,4
839022,4
839040,4
839041,4
955909,4
906957,7
906963,4
906964,4
906970,3
755749,3
755751,3
693006,3
693020,11
839092,4
502128,4
955954,4
955961,4
755823,3
755833,3
839132,4
839143,-1
839172,3
839174,3
648881,3
448950,4
693055,3
693059,3
839212,3
956026,4
956028,4
956052,3
956060,3
907093,4
448972,3
648911,3
648927,3
648937,4
648947,3
839267,14
755874,4
502179,3
502184,3
907162,3
907167,4
907187,4
907188,4
956074,4
956093,3
956109,-1
648954,1
956117,3
956126,-1
956128,4
956143,16
956158,4
693161,3
693165,3
693177,4
693182,3
839300,3
502246,4
502253,3
907215,3
693249,3
956199,3
839465,4
839470,4
839474,3
839506,15
649062,3
649082,3
907263,3
907272,4
907287,11
907303,3
907308,0
956241,4
956249,16
956250,4
956265,4
956276,4
839539,4
839549,3
839599,3
839606,3
907312,4
907330,4
449062,3
449069,4
693340,3
502324,3
907370,4
907419,4
693361,3
693382,3
693394,2
449114,3
502401,4
907441,4
907465,4
956289,3
956297,3
755941,4
839668,4
839669,0
449150,3
693446,4
956355,4
956367,3
956384,11
907476,4
907499,4
839739,3
839748,4
839760,4
649257,4
502429,3
956406,4
839798,10
839825,4
907569,4
756026,3
449241,3
449267,4
839832,0
839855,12
839875,3
502482,4
502490,4
756049,3
756061,-1
756077,4
907619,3
907635,4
649288,4
839888,3
839914,3
839928,4
449311,16
449318,3
449322,11
907682,4
756109,4
756128,3
756147,3
756153,4
649332,3
502536,3
956445,15
839952,4
839969,4
649363,3
649367,4
907711,3
907740,4
956503,12
956504,3
956515,3
956531,4
449360,16
449369,4
840032,4
649394,16
449390,4
956586,3
956611,4
956631,13
907817,4
907859,3
502581,3
840119,4
840141,4
840155,4
907870,4
907903,3
449468,4
756225,4
756242,3
756249,3
756263,4
649525,3
649536,4
840232,4
840256,3
502642,-1
449515,3
756305,4
756306,4
956642,4
840265,4
840330,4
649615,16
907946,4
907957,3
907969,4
908006,3
908041,15
956693,4
956700,3
956706,5
956728,15
840342,1
840377,4
840381,4
756368,4
756391,3
908064,11
908109,3
956760,3
956768,4
956774,4
956785,3
449556,15
449568,4
449576,3
449595,4
693540,4
840387,3
840432,4
840433,-1
756428,3
908113,4
908119,4
908122,4
693577,3
649658,3
649670,3
956791,3
956811,14
956815,4
956828,3
756473,4
756502,3
756507,10
908205,0
908217,4
908230,4
908234,4
956846,4
956866,4
956881,4
756520,9
649719,4
908289,4
956914,4
956943,3
756590,3
449659,3
956959,4
956962,3
693719,4
693722,4
908338,4
908343,4
908353,4
649783,3
649826,4
957006,3
957031,4
756679,3
908357,4
693756,4
693774,3
908429,4
908463,5
840538,9
840541,4
840578,3
449733,3
693799,3
756766,3
756769,4
649835,3
649843,3
908467,15
908493,4
908498,-1
449771,3
840647,3
840653,4
957112,4
957131,4
957139,3
957144,3
957150,3
957153,4
693846,4
693851,4
756784,3
756825,3
908546,3
908566,3
840686,3
840735,4
649907,4
649942,3
649949,4
957175,13
756859,4
756860,3
908603,4
449818,3
449843,4
449847,4
449862,3
908634,4
908635,4
908648,4
908653,4
908671,1
693913,4
693914,3
840795,3
840798,0
840807,-1
840811,4
840822,4
650015,3
449898,3
908728,11
840872,3
693957,3
693962,3
756944,4
757015,16
957295,3
957300,4
957302,4
957312,4
957336,3
908744,3
908750,4
908761,4
908782,4
908786,3
694027,4
840949,3
757041,3
757046,4
841044,4
449944,3
650028,3
841086,4
841097,4
841117,4
957365,3
450012,4
450049,3
450054,3
757130,3
502890,11
908860,4
908896,3
908948,4
908975,3
841136,3
841137,4
841143,4
757185,4
757208,4
694113,3
694123,3
694146,4
841181,4
841185,4
841197,3
957412,4
757219,4
757234,3
757251,4
841213,3
841225,3
909005,3
909006,14
694151,3
694166,3
650104,4
450085,3
450091,3
841249,3
841261,4
841269,3
757298,3
841303,3
841317,4
909112,4
909136,4
909159,3
909164,4
957477,4
957480,0
957481,15
450138,3
450141,3
841375,15
694232,3
957523,3
957527,2
957528,10
957529,4
450177,4
450201,4
841462,3
909181,3
909189,4
909234,4
957599,3
957600,0
694291,4
694296,4
650194,6
909269,4
957633,4
957642,3
957644,3
694323,15
502929,3
502940,3
502948,4
757425,4
757428,4
957677,4
957695,10
694363,4
694367,4
841505,4
841534,4
841535,4
841561,3
841563,4
502975,3
502981,3
909308,4
909338,4
841573,3
841589,3
841599,4
841616,4
757441,4
757483,4
909354,3
909388,4
909394,4
841658,4
841661,3
957705,4
957739,4
957743,4
957756,15
650339,3
650344,4
450245,3
450246,16
757525,3
757538,3
757546,4
841689,4
841693,4
841725,3
957774,4
957788,7
650396,4
909415,11
909436,3
757564,4
757568,3
957814,4
841766,3
841778,4
650428,3
650431,3
909474,10
909501,4
909515,-1
909520,9
694423,4
757618,8
841854,4
957905,3
957924,4
957928,11
503060,3
503066,3
694435,3
694494,3
757688,4
650479,4
909528,3
909566,3
909581,4
841885,4
841899,16
757708,3
650523,-1
650533,3
650540,3
503116,4
503137,3
757769,4
650570,4
957993,1
958000,4
958033,4
909647,3
909675,10
757821,9
757827,15
757850,4
841935,3
841957,3
841975,3
909693,4
909704,4
757903,16
958061,4
958081,4
958084,4
958089,4
450342,3
841992,4
694557,3
694586,4
909751,4
909787,3
909795,4
503246,15
650645,3
650660,3
842052,3
842098,4
842104,4
757931,4
694612,4
842118,3
842136,4
503280,4
650697,4
842168,4
842193,0
958167,8
958182,4
958184,3
958187,4
958189,3
909806,4
909833,3
909844,4
842198,4
842200,3
842235,4
842238,3
842246,4
909863,3
909868,3
909869,3
909875,4
503335,3
503339,3
503343,4
909894,3
909907,4
650755,4
650763,3
650804,3
842277,9
758016,6
758021,3
758031,3
758086,4
758097,3
758100,3
958212,11
694687,3
758112,3
758116,4
842359,3
842375,9
694726,3
694754,3
694765,4
958281,3
758179,4
758181,4
758193,4
758197,4
758211,4
910059,4
958317,3
958321,4
958338,6
503436,3
910085,4
910130,3
910138,9
910141,3
450544,4
842439,3
503486,3
958353,3
958354,3
958385,4
958391,3
958400,4
758236,4
758270,4
650823,3
910193,3
910194,4
503528,3
503537,4
758275,4
758286,14
758303,4
758310,4
758311,3
758317,4
758318,4
842511,3
842536,4
650867,3
650870,3
694823,3
958408,11
910206,4
910220,4
910231,4
910243,4
842589,4
842591,3
842597,4
694899,3
958472,3
958487,4
910272,4
758391,3
758414,4
842628,15
842645,3
958525,4
958544,3
958594,4
958602,3
910342,14
910359,4
910360,4
910362,4
842659,3
758436,3
758469,3
503581,15
910386,14
910410,4
842706,4
842730,4
694958,-1
694972,4
758502,3
910425,3
910439,16
910446,15
958644,12
842810,4
695001,3
695025,4
695032,3
695034,4
910485,4
910530,3
958652,3
958699,3
958704,4
758600,3
450557,15
450595,3
450605,4
842829,2
842874,4
503630,3
910567,4
695075,3
695089,4
695093,4
758643,3
842928,3
651040,4
910587,16
503680,3
450656,3
450657,4
450658,3
450681,4
958717,4
842961,4
842962,4
842983,4
910685,4
758705,3
758712,4
758761,3
503755,3
450721,3
450722,-1
450732,4
958820,16
843042,4
843043,4
843051,4
758766,4
758795,3
758796,3
758797,4
503799,4
450746,3
843088,3
843108,15
910694,4
910725,10
910749,3
910769,4
910794,4
910804,3
910819,6
695165,14
758843,3
958907,4
958915,4
910855,3
843172,4
958981,4
958989,4
758900,3
695191,3
695196,3
695209,4
910884,4
910886,4
910906,4
843178,3
843208,4
843213,4
843251,3
910965,4
695255,3
503984,3
843289,3
843297,3
843301,4
843305,4
843322,4
450912,3
910986,4
911002,3
911003,8
695287,3
695290,9
759001,3
759021,4
759026,11
959019,4
959025,-1
759087,4
450984,4
651249,4
450991,3
450997,4
451007,3
843371,4
651267,3
651308,4
651310,16
911097,4
843385,9
843402,4
843430,4
759092,12
759130,3
651349,3
651419,3
843444,3
843456,3
843457,3
843467,3
843478,3
695348,4
451147,3
843488,6
843499,0
843511,4
651434,3
651442,4
759197,4
759220,12
843560,3
504002,4
504015,4
504018,4
504047,4
759245,12
843596,4
843605,3
759289,4
759298,3
759311,4
651486,4
451285,4
843647,3
911204,16
911225,4
843729,4
843737,4
843738,4
759400,4
759409,4
759416,4
651586,4
959065,3
911283,4
911298,9
911300,4
843787,4
843794,4
843796,4
843797,16
451403,3
451433,3
451442,3
759435,3
759483,3
759484,3
695505,16
695512,3
843817,4
911324,4
911339,4
695564,4
759526,3
759535,3
451476,4
504126,3
504128,4
504153,16
959108,4
959124,3
959157,4
959196,4
959216,10
843873,4
843875,4
843884,3
843920,16
843922,4
911409,4
959233,4
959244,4
959248,4
651657,4
959273,4
959307,4
959319,5
759547,4
695603,4
695614,11
843968,4
959326,3
959336,3
959346,3
959366,17
651717,3
759620,3
695637,4
959373,4
959409,3
843991,15
911496,4
759669,4
844047,3
844052,17
844062,3
844063,4
844073,3
911563,3
911568,3
911576,12
959471,3
844079,3
844081,4
844118,3
651809,3
651832,13
651851,3
911591,4
911593,3
911599,3
911630,4
695725,11
844145,4
844176,4
844177,4
844191,4
759730,4
695765,3
695809,4
504183,3
844198,3
844207,4
844210,3
959539,16
959549,4
759757,3
759785,15
451673,3
911656,4
911671,3
911692,4
959605,4
759819,3
759833,4
959627,4
959635,4
959645,4
504245,3
504256,3
451719,3
959696,4
911743,4
911784,14
911791,4
759862,4
651929,4
695869,15
959788,0
959831,4
695930,3
695942,4
695952,3
695964,7
911867,3
911880,4
844374,3
844389,4
844397,3
844408,3
844431,4
911940,4
911962,4
695976,3
759940,4
651964,4
651991,3
844467,3
959873,4
652043,3
759956,4
451878,4
911998,4
912007,3
912018,3
844527,15
652077,3
652094,3
652110,4
760009,4
760030,4
451922,4
451931,3
959902,3
959939,5
912055,5
912074,3
844579,4
760075,4
959972,3
844609,3
760114,3
912166,3
844653,4
844691,4
652182,4
652198,4
760153,4
760163,3
760164,4
760167,3
912225,-1
912249,10
844744,4
652258,3
652266,3
452078,3
452097,16
696064,4
696086,3
844798,3
652310,3
652349,4
760201,4
760223,4
760227,14
912309,14
912352,4
960044,3
960082,4
504529,3
696105,4
696142,3
760240,3
760250,7
760279,3
760308,4
844939,4
696179,0
960102,11
960107,3
960109,4
760336,3
504564,3
504578,4
452113,3
760372,4
696205,9
696211,3
696219,3
452162,3
452167,4
844946,14
844953,4
844960,4
760423,3
760441,3
760456,11
696241,11
452179,4
452191,3
960162,7
844988,4
912523,3
912541,4
504606,3
504652,3
960194,4
960197,3
960203,3
452208,3
452213,3
845042,4
845045,3
696271,3
696273,4
696289,3
452236,4
452277,3
452278,4
845132,4
845136,15
845141,9
760483,4
760502,3
960218,4
960248,4
452318,3
452340,3
912582,4
912600,-1
652370,4
652398,3
652430,3
652439,4
652451,3
504718,15
504737,4
760542,4
760556,4
760600,3
912628,4
912638,4
652488,3
452345,4
452350,3
452362,4
845186,3
504755,3
504780,7
696342,3
912709,4
912710,11
912716,4
760607,3
760614,4
760618,9
760629,4
760665,3
960358,4
960361,3
912727,4
960406,4
760674,4
760676,4
760690,4
760701,3
760702,4
760707,16
845226,4
845242,4
845249,3
912786,4
912813,4
504865,3
760766,3
696376,4
696398,3
696409,3
696416,3
912835,4
912870,9
652709,4
960433,3
960438,11
845266,4
845307,4
760784,4
760798,4
760799,-1
760805,11
760823,16
912882,8
912908,3
452446,4
452458,3
696440,3
696461,3
696467,4
912940,7
912958,9
912963,4
845379,3
696484,4
696485,3
696489,3
696501,3
652741,3
912981,3
912987,11
912999,4
913010,4
913023,4
845450,3
652836,4
652841,3
760859,4
452510,3
696534,4
696550,3
913083,3
845513,4
845516,8
960468,3
845576,4
845582,4
913140,3
913165,3
960499,15
960501,3
960506,4
960516,3
960547,4
960554,3
845638,14
760906,3
452601,3
913221,3
913226,1
960602,3
960606,4
845689,4
452655,3
452658,3
452676,3
913277,4
960608,5
960609,4
960618,4
960622,8
960626,3
960628,-1
845740,4
845756,4
760974,3
760987,4
760990,1
760992,16
960682,16
913340,3
761058,3
845798,4
452700,15
960689,14
960692,11
960699,13
761110,4
696612,3
696633,3
913368,3
913382,4
913406,-1
960739,3
913421,3
913435,3
505117,3
505151,4
696689,3
845918,3
845941,4
913451,3
913455,16
913461,5
761182,4
452788,4
452802,3
960871,4
960891,4
960893,4
696712,4
696753,4
845988,4
845991,4
846005,3
846024,3
696760,4
846088,10
761206,3
761215,3
761248,3
761253,15
696836,4
452865,3
913517,3
505237,3
653030,3
653033,14
653040,4
653050,3
653056,3
653067,4
960910,3
960914,4
960946,4
960957,3
960961,3
696856,4
452905,3
452985,4
960981,4
961008,10
761306,3
846100,4
696901,15
696903,3
696905,3
913592,3
452996,4
961057,4
961079,3
961097,4
961110,6
846162,4
846195,3
846202,3
913659,4
913677,3
913679,4
696953,16
961151,4
961165,13
961169,4
653080,3
696992,3
697020,13
505376,3
961196,4
846284,4
846311,4
846328,4
453069,3
913783,16
653140,4
653143,3
653145,3
961260,3
961263,4
846353,3
846371,3
913826,4
653202,3
697107,3
453136,4
453167,3
761403,4
761439,3
961304,3
846450,4
913920,4
961316,4
653268,4
846479,4
453192,3
961370,14
846505,3
846529,4
961436,4
961437,4
961447,3
913983,10
846581,15
961508,4
961509,3
961512,3
961514,3
961518,4
961524,12
697231,3
697244,3
697255,-1
453248,3
453255,3
453263,3
453279,3
846615,7
914054,4
505469,4
505502,4
846708,7
961578,3
961584,3
961598,3
914078,16
914103,4
914113,4
914125,3
961635,4
961652,4
961663,0
961664,2
961670,4
961678,4
961679,9
761446,3
761479,13
761496,4
961699,4
961704,14
846734,4
846758,14
846768,3
846773,3
697335,3
914134,4
914151,4
761522,4
761542,3
761561,-1
697351,4
697367,6
914186,4
914223,4
846787,3
846792,3
846796,3
846815,4
761574,4
761579,4
697395,3
697408,6
697412,3
697418,3
961761,3
505611,3
846838,4
914252,3
914266,4
961821,4
761646,3
761688,3
505648,3
505655,3
505673,4
846887,3
846896,8
846919,3
846922,3
846934,4
914316,3
914321,4
914340,4
697421,3
697433,3
761699,4
761705,4
761744,3
505737,3
914357,4
914358,4
914367,3
914380,4
653334,4
653363,3
847049,4
697491,3
697506,3
697528,3
505744,4
505767,3
961863,4
961873,3
961882,15
961961,3
653400,3
653406,3
653420,3
453364,4
761768,4
761771,4
761793,3
505828,3
961966,3
961999,4
962009,4
914393,14
914394,3
453441,3
453470,3
653443,3
653447,3
761816,3
761820,1
761827,4
847074,4
962021,17
962065,4
847114,3
847115,3
847140,4
453497,1
914470,-1
914484,11
914488,11
914511,4
505846,3
697614,16
697619,3
697636,4
653542,3
847166,4
847169,3
847203,4
847204,4
914515,4
914518,4
962100,4
697652,3
453578,16
761959,3
962125,3
962128,3
962135,4
962149,3
847220,3
847266,4
697705,3
697706,3
914583,3
914625,4
505900,4
762010,3
847299,3
847307,4
847310,14
453614,3
453628,3
697754,3
697762,3
914668,4
762068,3
847338,4
914679,4
505957,12
697799,3
914769,9
987943,3
762081,3
762104,4
847432,-1
847459,3
653575,4
987968,4
914799,3
914824,4
847544,3
762145,4
762153,9
762154,3
653623,3
653637,4
988007,14
988028,4
988029,4
762198,4
914876,2
847549,4
962221,4
962239,2
988056,3
762282,3
762301,3
914913,4
914928,8
914940,4
914950,4
962279,9
962293,4
962296,3
962323,4
962324,4
962325,3
988087,3
988132,3
653715,3
915007,4
915023,4
697869,4
762319,3
762337,3
915039,4
915093,3
697884,4
697903,16
847764,4
962335,4
962345,4
962383,4
762384,3
762400,4
653850,4
915124,4
915144,3
697936,3
697953,3
847816,3
962422,4
762431,4
762456,3
762465,4
697983,16
698007,4
962478,4
962484,13
653863,4
653864,4
653902,3
915160,3
915188,3
988173,5
988192,4
988195,4
962506,4
915239,3
762538,3
762547,4
762555,16
962530,4
698023,3
698024,3
698025,3
698050,3
915283,11
988200,4
988228,4
915316,4
915319,5
698075,4
698085,6
698089,3
698110,4
762610,3
762618,3
988232,16
988245,4
988249,10
962596,16
847981,4
847996,4
653973,9
762623,3
762672,4
962658,4
962673,3
962680,4
848053,4
915354,3
915356,3
915368,4
915375,4
988285,9
988291,2
988305,6
988320,4
654005,3
962701,14
962720,3
962728,4
848092,4
654032,3
654036,16
962735,16
962751,3
915384,3
915385,3
915404,3
915446,4
988344,3
762678,4
762708,-1
762713,3
762714,11
762727,10
848182,4
848215,4
988349,4
698263,4
848233,4
848265,4
848268,3
848283,4
962784,3
962794,4
762734,3
762750,4
762762,4
506139,3
506164,3
698315,3
698323,4
988388,4
506223,-1
848364,9
848371,4
848392,3
915579,4
915591,4
915625,4
915627,11
698385,3
762776,4
762785,3
915660,4
762820,3
762832,4
762846,4
762851,3
962832,4
962833,4
962842,4
988435,14
506295,3
988451,13
654127,3
915689,2
915708,6
988468,0
762882,3
762889,3
848534,4
848556,4
915790,3
915791,3
506310,3
506332,3
506356,4
848628,4
848641,11
915848,3
915849,4
915865,4
915890,3
915895,4
763020,7
848718,13
848730,3
962871,4
962888,4
915917,4
915948,3
915963,3
654304,3
654320,3
654331,4
848746,3
506409,3
763101,3
916005,3
916014,3
654373,4
654375,3
654396,3
698411,3
654406,3
654427,16
962951,4
962953,4
962994,4
962995,4
916067,3
848896,4
988567,4
988575,4
988583,-1
988588,4
988591,13
654482,4
654500,3
763197,4
963008,4
963035,4
506546,3
916144,3
916150,4
963055,3
963060,3
963063,4
763233,15
763260,4
763262,3
848951,3
848976,3
654542,4
963109,3
963119,4
963120,4
988649,4
988652,3
963174,3
963188,4
916240,4
916255,0
916261,4
654562,3
849029,3
849039,1
698573,3
849082,3
654609,4
654633,4
763360,3
698613,3
849134,3
849135,4
849152,3
849155,4
849166,15
916288,3
916302,4
988665,11
506643,3
506645,3
698646,3
698655,3
916339,4
916342,4
916346,4
916369,1
654650,0
654654,3
654659,4
654677,3
654690,4
654701,-1
963227,0
963233,4
849182,4
849183,15
849185,4
849196,4
849218,4
849237,4
988709,8
506709,3
916391,3
916411,-1
849296,4
963265,4
988730,-1
916457,4
849312,7
849313,3
849347,-1
849355,3
849359,3
988751,14
654727,4
654749,3
988775,10
916532,3
763500,3
849372,16
849396,3
849415,4
654814,3
916585,3
849429,4
849449,3
849470,9
849471,4
849476,4
988818,11
698724,3
988828,3
506916,3
849483,6
849513,4
849516,4
763588,4
763595,4
763597,4
763598,3
849521,4
849546,9
654871,4
506961,3
916616,4
916642,3
963329,3
963341,4
963351,3
698794,3
698820,3
506965,3
963409,4
963412,3
763622,3
763630,4
763650,4
849580,4
849583,4
849633,4
849635,3
963419,4
963424,3
963439,3
963448,4
763699,3
698830,3
698864,3
849674,16
849692,4
988884,3
916775,4
963501,4
763728,3
763729,4
763750,4
763762,9
916844,10
916869,4
849719,4
849743,4
963561,4
963599,3
988894,9
988897,4
988903,4
507115,13
507126,4
849791,4
849795,4
849812,3
916919,3
916941,4
916945,3
763785,3
763838,4
963603,4
963622,3
963626,3
963636,10
655021,3
655037,3
655052,3
963666,16
963677,3
916964,4
916972,4
917010,3
507177,3
917059,3
917064,3
507223,3
963722,6
963724,3
963729,4
963750,15
963761,3
963780,4
849935,4
963818,4
698894,3
989004,4
963852,4
963856,3
989015,13
917147,4
917150,4
917161,16
763941,3
989029,11
989047,4
989061,15
989069,3
698917,3
698935,3
850009,4
764006,4
764058,3
507302,3
850056,4
963924,3
963925,3
963936,4
963938,4
963940,4
963942,4
963945,3
989099,3
507311,4
507329,4
850124,3
764109,4
764142,3
699019,3
917242,4
917255,16
917276,0
850167,4
850169,4
850176,4
850190,4
963975,4
963983,4
964001,4
764170,13
764184,3
507382,3
850255,4
764199,3
764216,4
764238,4
655275,3
964053,4
964054,4
850306,4
850313,4
917364,3
917384,4
764309,3
964070,3
964089,4
964103,3
964104,3
850363,3
917412,3
917445,-1
655367,16
850424,4
850442,3
850446,5
917479,3
507556,13
507589,3
850471,4
964151,6
917514,3
917517,4
917518,4
917524,9
917552,3
655415,3
989123,4
989128,9
989166,3
850520,3
850533,3
850536,3
507600,4
507615,4
699126,3
699139,4
699140,3
917580,17
917589,3
917590,1
917597,4
917603,4
917604,3
764325,3
764333,3
764349,3
964191,4
964212,-1
850580,12
850598,3
850628,3
964223,3
964246,4
964273,4
917627,9
917635,17
917638,15
764395,3
764400,15
764425,4
989180,7
989186,3
989222,4
989232,4
917655,13
917672,14
507703,3
764455,2
764465,4
699170,3
699175,3
850699,4
850734,3
917773,4
655480,3
655491,4
764494,3
764500,3
989239,-1
989263,4
964303,11
917799,4
917810,4
917811,4
655531,4
655547,3
655570,3
699230,3
917843,3
917845,4
917858,3
917859,3
917866,3
917867,3
989309,4
964364,4
964371,3
964373,0
964375,4
655621,3
699261,3
699275,4
917916,3
917923,9
764552,9
764602,4
964387,12
964415,4
964417,11
764613,3
764619,4
655660,3
655672,4
850849,4
850857,4
850885,4
989368,4
917973,3
964438,14
964445,4
699330,3
989388,4
989390,4
989392,3
989402,3
989411,3
989418,4
989419,6
764769,-1
764792,14
699381,3
699388,4
850970,4
850989,4
964494,4
989431,14
989437,3
989444,4
989471,15
989474,4
989483,2
989484,4
918089,10
764802,4
764823,4
851035,4
964552,4
964565,1
851072,3
851088,4
764861,4
764878,1
918128,3
918134,8
918140,-1
699489,4
851201,3
851235,11
851242,3
851268,4
764991,3
918243,4
989504,4
989516,10
851327,3
964631,3
964640,14
964648,3
699587,0
699592,4
699618,3
655742,10
655778,4
765031,3
765036,1
765066,4
918332,4
918341,3
851331,15
851346,3
964725,4
964748,3
964751,13
507885,3
699648,4
851396,3
851403,10
851416,3
964769,3
964801,3
964808,9
918366,4
918393,3
918395,3
507947,3
765137,3
851496,16
989540,4
989554,13
989557,7
989579,10
699713,15
918434,4
918437,3
765230,14
765236,0
765248,4
655827,3
655843,4
655854,3
655858,4
851501,3
851513,-1
699749,4
851541,3
851572,4
851581,3
765270,4
765286,4
765303,3
918522,-1
964832,3
964833,3
964853,15
964854,4
964873,4
989636,9
851594,3
851617,3
699797,4
699821,3
964882,4
964890,4
964922,11
964927,9
918582,10
851649,4
851652,3
851657,4
765353,3
765359,3
765366,3
765375,4
765389,4
964974,3
699836,3
699856,4
699879,4
699881,4
964991,0
964993,16
851712,3
918599,3
965041,4
989664,15
699889,3
699891,4
699896,3
699910,16
918657,1
965060,3
765417,4
765434,3
655870,4
965106,3
965114,3
965126,3
965141,4
851731,1
851768,4
989709,4
989715,4
989724,3
989755,3
918725,4
918765,3
918782,3
965154,-1
965189,5
965197,4
851785,3
699976,16
918800,4
918830,4
965232,3
765504,4
851823,3
918880,4
918883,3
656006,3
989775,4
989779,3
918916,4
918933,2
765561,3
851916,2
989797,15
989815,3
989823,16
965319,4
965351,3
508292,3
851930,4
851947,3
851954,4
919023,3
965362,12
965370,15
965394,4
965410,3
765607,11
765618,3
989847,4
989879,3
508368,3
852048,4
852050,4
989894,16
989903,4
765691,4
656085,3
656112,4
919035,10
919055,4
919071,3
508406,3
919089,8
852108,3
852133,3
765770,3
765780,3
989950,4
989964,6
989985,4
989989,4
989992,4
919134,3
919149,4
852181,4
852193,3
700014,0
700025,3
700026,3
700036,3
765815,3
656260,4
990012,3
990016,4
990037,4
990040,9
919228,0
656298,10
656302,3
700078,3
700122,3
852226,3
852227,10
852233,4
852242,4
852255,3
508550,3
508585,12
919245,3
919274,4
765844,9
765852,3
765864,10
852309,3
990097,7
700170,1
919313,4
919320,4
919356,4
656359,3
508623,4
508635,3
508649,4
852332,4
852337,4
852341,3
852370,4
852373,3
990127,4
990133,3
990134,3
656415,3
656438,3
965444,5
965446,10
965462,4
765895,2
765896,4
919388,-1
919440,3
919441,4
919464,4
852408,3
852413,4
765941,3
765961,-1
765966,15
765979,13
765986,4
990174,4
919489,4
919505,3
852474,3
919518,3
919537,4
919545,4
919546,3
765998,3
766037,4
990204,3
990218,4
990223,4
990225,3
990227,3
852522,3
852535,4
766086,3
965485,3
965486,4
965488,4
965498,3
965531,3
700314,3
700350,4
919585,3
919612,4
990272,15
990276,12
990295,12
990296,3
990298,3
990308,4
990317,3
656513,4
656547,4
852585,4
852600,4
852610,4
766117,3
919644,3
965572,4
965577,4
965592,4
508751,4
700355,-1
990331,3
919686,3
919687,-1
919695,4
919710,4
700421,4
656590,0
656597,3
656603,3
656606,3
766185,4
852642,4
700481,4
965626,4
965656,4
919798,4
919818,4
766223,3
656612,4
656653,4
965664,4
965666,4
965673,4
965695,4
508844,3
508873,3
990381,4
990382,4
990408,16
852745,3
852753,4
852778,3
852782,4
766324,3
766340,4
852786,-1
852796,4
852824,4
852837,4
965754,4
965757,3
990435,3
990436,4
990446,3
990455,4
919872,16
919882,4
965792,4
508953,3
508972,3
852864,3
852867,4
852887,3
990494,4
965815,4
965843,9
509018,3
700496,3
700507,3
700519,3
700522,4
700526,4
700538,1
700541,3
919957,12
920017,4
920026,3
920047,3
852914,3
852949,3
852957,4
509052,3
509056,3
700578,3
700592,4
920051,4
965966,3
965973,6
965976,4
965981,3
852976,4
852998,3
853002,12
853012,16
990539,3
990550,3
990551,4
990556,15
990559,14
920147,-1
853034,-1
853045,3
700617,3
966008,3
656797,3
656820,3
656824,4
656836,3
509144,3
509154,-1
509159,3
509160,3
700655,3
700657,3
853099,4
853133,3
656851,4
656871,3
656889,-1
990599,4
700706,3
700733,4
700742,3
853176,3
853178,4
920229,4
920261,-1
920276,3
766460,11
766508,4
509237,3
700758,4
700762,4
700763,3
700775,4
853214,1
853223,3
853226,4
766534,4
766536,17
766555,3
766558,4
766564,4
920298,4
656957,4
700830,10
853254,4
853281,4
766584,15
766587,4
766593,4
766626,3
990625,-1
657027,4
657032,4
853303,3
853315,3
766664,4
700853,4
966054,9
966061,3
966080,15
509327,4
766715,4
700925,3
853422,16
853427,4
853445,3
920458,4
920476,3
920509,4
509383,3
509391,3
990690,4
766784,3
766785,3
766798,4
920569,3
509402,3
509425,4
853518,4
853527,4
990724,4
990727,4
990732,3
657129,4
657144,4
657147,3
920608,4
920629,4
920645,4
920667,4
920672,4
966103,10
966107,3
990813,4
509460,3
657213,3
920701,4
853575,3
853583,4
853595,3
966181,4
966200,3
766861,10
766871,3
766880,4
700969,-1
700974,3
700987,4
990861,4
990862,4
990865,7
990867,17
657254,3
657288,4
920791,3
766928,0
766941,4
966218,4
966250,3
966256,4
853642,3
853653,3
990894,3
920798,4
920831,0
920841,3
920847,4
966267,4
966268,3
966286,4
966293,4
853676,4
853680,3
853707,2
990919,3
990932,4
990933,4
990943,4
990948,4
766997,3
701010,4
966324,3
966370,14
767033,4
767063,8
701065,3
853755,3
853777,4
853794,3
990979,4
991000,4
991009,5
509636,3
509640,4
920875,13
920880,3
920884,3
966405,16
966411,3
966428,4
966429,10
767116,4
920934,4
920937,4
920940,4
920943,2
920944,15
920957,3
657309,3
657325,4
657327,3
657345,4
853873,3
853890,4
767174,4
767178,4
767193,3
509691,3
991025,13
991039,4
991052,4
920978,4
921004,4
853913,3
853932,3
509733,4
921027,4
921068,4
921080,6
767204,4
767215,3
966496,4
657409,3
767288,4
767297,4
991070,8
991077,15
991086,16
991090,15
921109,4
921126,4
854075,3
854097,10
991102,4
991126,4
657460,4
657476,15
657498,4
921166,4
701206,4
701212,3
701246,3
767358,4
991161,4
921229,-1
921271,4
854157,3
854175,4
991196,15
991224,12
657520,4
509762,3
509781,3
921290,1
921291,4
701258,3
701280,4
701300,9
657532,3
657578,3
854260,3
767376,3
921351,4
991241,4
991292,3
966585,4
966593,3
966602,3
854279,2
921384,16
921438,4
657617,4
854309,3
854313,4
509883,3
966646,4
966652,11
966659,14
966667,9
767517,3
854352,3
854357,3
854389,3
921446,3
509935,3
767575,4
854411,8
921505,4
921537,1
966694,3
701312,3
854459,3
657652,4
767593,3
767596,-1
767627,3
657715,16
921603,-1
991304,15
991306,9
991316,4
991320,6
991342,4
991353,3
966736,2
510031,3
854475,4
854483,-1
854517,3
921665,3
701408,-1
701448,4
966776,1
966794,3
966807,15
966819,3
510110,4
510133,3
767716,3
854564,3
921679,3
767772,4
767774,4
966835,11
966837,4
966861,3
854608,4
657789,3
657832,3
921757,4
921782,3
854628,4
854643,4
854667,4
854680,4
701529,3
510186,3
510188,3
966959,4
657874,4
767890,4
767892,4
767900,4
767903,4
767906,4
701541,3
701545,4
701578,16
701596,3
854729,3
991419,3
991422,3
991440,3
991443,16
991445,4
921794,3
921806,3
921815,4
921823,3
767953,4
767985,3
854759,15
854771,3
854772,3
854778,4
854787,3
854791,14
657919,3
991474,3
991491,3
991498,3
991503,4
921890,4
701643,3
854829,4
854847,3
854854,4
510296,16
921895,4
921901,3
921908,15
921911,5
921915,3
967025,4
967043,4
967048,0
967060,4
510314,3
768047,3
768053,4
701661,3
921952,3
921970,14
921985,4
921993,6
967094,4
854972,4
854974,13
967125,12
967152,4
657986,3
657987,4
658008,3
768150,3
855005,9
855014,4
922054,3
922060,4
967203,4
967210,3
658031,3
967228,4
967241,4
967244,4
967264,11
967272,4
658094,3
855108,3
922121,3
922134,4
922135,4
922142,8
922162,3
967301,4
967319,4
967326,4
658124,4
658126,3
658155,3
701765,3
855149,3
855205,3
658171,3
658183,6
855219,3
991517,8
991520,14
991522,4
991528,4
991544,14
991551,4
922243,3
922266,6
510541,3
658253,16
855317,4
510570,3
922296,3
922308,4
922340,3
658258,14
658269,6
658285,4
855319,4
855326,3
855356,4
991555,4
991569,12
991580,3
991596,15
922358,4
922365,14
922373,4
922380,3
922398,3
991640,4
991650,4
922443,4
922467,4
922474,13
967391,4
658345,3
658346,4
991717,3
922514,3
967448,7
967463,4
768307,4
658433,3
658434,4
991725,3
991733,4
991739,4
991762,1
991766,4
768358,3
855428,3
855449,4
855456,4
855462,4
855476,4
855484,3
855485,4
967554,9
967556,4
701890,3
967581,4
967592,4
967603,4
967629,4
922622,4
768421,1
991791,3
991807,4
991812,3
991815,11
991831,10
855494,3
855524,3
701964,4
701966,3
701967,3
967639,9
967665,15
967666,4
967680,4
768494,16
768502,3
922679,4
922703,4
922723,11
855532,3
855536,3
967730,4
768548,3
510788,3
510814,3
768573,3
768580,4
768597,16
768600,4
991855,4
991863,4
991864,15
991871,7
855660,4
855664,4
658485,4
967739,0
967740,4
967760,3
967767,14
967770,4
967772,-1
768632,4
768635,3
768669,3
922762,-1
922790,8
702051,4
702087,3
702091,4
991903,4
967794,3
967810,4
967820,3
967843,4
658498,4
510856,3
855751,9
855752,4
855768,4
855787,3
855795,4
702134,4
967883,4
967889,4
922984,16
922990,3
922996,12
923010,3
923011,4
855890,4
855895,4
855899,3
992000,4
992008,4
992024,4
992041,9
768678,3
658583,3
658599,4
855926,4
855932,3
855955,3
702179,3
967930,10
510949,15
510958,4
510978,3
967965,4
923100,3
855963,3
856003,4
702223,5
702231,3
702247,4
768836,4
923119,4
923123,4
968011,3
968029,0
856038,3
702260,4
702265,16
702280,4
702294,3
768849,11
768856,4
768859,4
768872,9
768874,4
768897,3
968068,8
968102,3
968106,4
923200,4
923205,16
856079,4
702302,4
702317,3
511054,4
511061,3
511078,4
992066,4
768908,3
768915,3
768922,4
768949,3
968143,15
968144,4
968147,3
968161,4
968164,3
702339,4
702362,4
702373,4
923244,4
923246,4
923254,4
923257,3
856123,4
856127,4
856173,6
992115,3
992129,4
992147,4
702413,3
511110,3
968189,4
923293,4
923316,4
923332,4
923344,3
992182,5
992187,4
992211,4
768991,3
768996,3
856284,11
923376,4
658641,3
658664,11
769050,3
769051,4
769055,3
769063,4
923437,-1
923448,4
923458,4
702490,3
702491,4
769100,3
769124,4
856328,3
658729,3
658751,3
658760,3
511216,3
923477,4
923491,11
992236,11
992239,4
702526,3
702548,3
769132,15
769185,6
856390,4
856393,3
658818,3
511224,4
968286,4
923547,4
923549,3
923569,3
856415,4
856431,3
856450,9
968330,9
968335,3
702567,11
511265,3
511268,4
511277,13
511281,3
968372,3
856479,3
923645,-1
511334,3
769222,3
769226,3
992275,4
992317,16
992332,5
992333,4
992334,3
658942,4
658954,4
702673,3
702691,4
702715,16
968380,4
968391,3
968431,3
769269,3
659016,9
511367,3
511380,3
511391,3
511393,16
511397,3
856627,4
923699,4
968458,6
968474,14
968492,8
968496,4
511447,4
769348,3
769376,4
856713,4
968561,3
769421,4
659080,15
659116,4
923727,3
923730,3
923731,4
923754,4
769461,3
702771,4
702781,3
702803,4
968672,15
511528,3
511545,3
856827,4
856852,3
968701,10
968722,3
968724,4
923772,4
923779,3
923806,3
923817,3
659150,4
659155,4
856886,4
769559,4
923821,3
923849,4
923893,4
923929,4
992353,3
992362,3
992380,4
992381,2
769680,4
856995,3
857002,3
923941,9
923974,15
769716,4
769723,13
769726,11
659266,3
659269,4
659280,3
968736,16
968774,3
857055,4
924003,3
924011,11
924026,3
924030,4
857123,3
857136,3
769790,4
924064,3
511659,3
511669,7
857154,3
992396,4
992421,4
992438,3
924117,4
924118,4
924127,4
511696,3
511713,3
857214,3
857215,14
857223,3
857239,4
659435,3
968817,3
968820,4
968842,3
511753,4
659472,3
659485,3
659499,3
704122,9
968868,3
968884,3
968891,4
924242,3
924250,3
924258,4
992496,3
857275,3
857281,4
769834,3
704192,4
511844,8
857348,3
968939,4
924287,3
924290,4
769910,3
769914,3
769937,4
992512,3
992530,7
992532,4
992548,3
857384,3
857388,3
857405,4
924343,13
769947,0
968995,4
969006,3
992551,13
992564,7
992576,4
992604,14
924364,3
924370,3
704255,3
704269,3
924447,3
924448,3
857497,4
511882,3
992613,4
992648,4
992651,9
992659,4
969014,9
969037,8
704328,3
857512,11
924482,3
969042,16
969057,4
969063,4
969069,4
969078,4
857574,4
857578,4
857588,11
969116,4
511957,4
511981,6
857607,4
704427,4
857685,3
992683,3
992684,3
992715,4
992725,3
992727,4
512018,4
512024,3
512032,3
512080,3
512098,-1
857780,3
704464,3
704473,3
992771,4
969170,4
969201,4
969236,8
924606,2
857786,12
857818,3
770154,4
512145,4
512150,3
512154,3
512180,3
992791,4
857884,3
659524,3
770208,4
770219,11
704520,4
924661,3
924675,4
992821,3
992831,10
992835,7
992837,17
512202,4
512230,7
770249,3
924712,3
924720,3
992885,-1
992888,4
992891,4
857993,6
857998,3
512286,3
512290,3
770343,3
770346,3
924792,4
924797,3
858053,-1
858060,4
969303,4
969306,4
704622,4
704628,4
992917,4
992924,3
924817,4
969320,4
858083,3
512360,4
924862,4
924883,4
992969,4
993002,4
993007,8
770507,4
770543,4
770546,4
924914,3
924917,3
924959,4
993033,10
969437,1
969439,4
969443,3
969447,3
924966,4
925015,4
770600,4
704649,3
704651,3
969491,3
925037,13
925038,4
925076,3
993074,6
993081,3
993096,4
858241,4
858244,3
925102,4
925111,4
969576,4
969612,3
969622,-1
969627,9
770708,4
925173,4
969659,3
969667,3
969668,4
969683,-1
512534,3
770775,16
770776,4
770777,4
704733,14
704750,3
858366,4
858397,-1
925199,4
925201,4
925229,3
925241,16
969708,3
969742,4
659634,3
512564,3
858415,3
858459,3
993125,3
993147,3
993159,3
993162,4
993163,3
993180,5
770853,3
704766,3
704774,4
858467,12
659719,3
993188,14
925316,4
925323,15
858583,4
969771,4
969786,4
969787,3
969791,15
969795,15
969805,4
969811,3
512655,3
512663,8
512667,4
512675,3
512679,4
993217,4
993232,4
993242,4
704813,4
704856,3
704857,3
858588,4
858597,3
858615,4
969826,3
969844,6
925435,15
925462,3
770996,3
771011,3
512727,3
858664,3
858693,3
969897,3
969912,4
969928,10
993317,6
993325,3
993341,4
704876,3
704899,4
858704,4
858736,4
925524,14
925542,5
925544,4
704928,3
704937,4
993356,7
993367,3
993372,4
858765,3
858792,-1
858799,3
858819,3
970030,14
970037,3
970043,4
970048,4
970058,3
925552,9
925567,4
925582,8
925594,9
993420,3
993428,3
993435,4
993443,14
858831,4
858842,4
512865,16
512886,3
925601,4
925612,4
925621,3
858873,4
858891,3
993482,4
993498,4
659820,4
659821,4
659829,4
925685,4
925687,4
970088,4
970094,-1
970120,4
771097,4
771098,3
771120,4
993546,-1
993547,9
970148,4
970163,4
925722,3
925763,4
858999,3
513000,3
771177,3
771183,3
771204,4
993602,4
993603,11
993604,6
993608,4
993618,6
925793,3
925795,4
859088,4
513049,4
993623,-1
993645,3
993650,9
993657,3
993671,3
925854,4
925877,4
925899,-1
925924,4
925927,3
993691,3
993702,5
970256,4
970277,3
659966,4
659972,4
659976,3
771305,4
925991,11
859116,3
859120,4
859182,6
993738,3
993759,4
993767,2
513093,3
970297,4
970306,9
970323,3
970342,3
771353,4
926017,3
859242,3
859271,4
993776,16
993787,3
993793,10
970377,4
970393,3
771410,4
771420,4
660074,4
926084,4
926105,4
926112,11
513178,4
771461,3
926136,4
993838,4
993839,4
993848,4
993850,14
993870,4
660112,3
660117,3
926163,4
970473,10
771567,4
771575,4
970523,5
970546,4
660144,3
660184,4
859382,3
970570,4
970579,4
513190,3
771620,4
771671,4
705039,4
970617,4
513275,16
859462,4
859480,4
859489,4
926389,4
993891,4
859540,4
859545,3
970661,4
970683,3
970684,4
970685,4
859565,-1
771705,3
771714,3
970738,11
970742,8
970750,4
926414,4
926443,3
993941,4
993946,4
993957,4
993962,6
993965,9
926461,4
859648,4
859657,3
859662,3
771732,3
771739,4
771764,4
926527,10
660219,3
771793,3
771799,4
994005,0
994013,4
859674,2
859691,4
771850,2
926585,3
859736,3
859737,16
660282,3
660288,3
660302,4
771873,3
926637,12
859811,4
859813,4
994058,4
994062,10
994082,4
771905,8
771911,16
771912,4
771916,4
771919,4
771921,3
771930,3
771941,4
771946,4
705222,3
926708,4
513399,3
859850,3
970758,4
970761,3
970770,7
970786,4
970789,3
970796,1
660310,4
859943,4
859950,3
926730,3
926752,7
926770,3
970823,3
705265,3
705303,4
513468,3
994086,7
994092,4
994111,16
994113,4
994127,4
859981,15
772020,3
772035,4
970907,4
926807,14
926817,14
705325,3
705336,4
705338,3
660415,4
660429,3
926885,11
705377,4
772122,3
705432,3
705433,4
705451,3
860079,3
994188,3
970928,4
926970,4
772237,3
860130,3
860148,15
970936,4
970938,9
970951,-1
970973,6
970985,4
705483,4
927036,3
994228,3
994235,4
994246,3
994249,9
994257,4
994267,14
860210,6
1035317,14
1035320,-1
1035321,6
1035322,7
1035330,6
1035333,13
1035334,7
1035336,4
1035349,4
1035375,13
1035377,4
1035383,16
1035388,10
1035409,17
1035415,11
1035417,4
1035423,14
1035453,4
1035460,3
1035477,4
971034,4
971051,8
927112,10
705529,4
860246,4
860247,4
927151,7
927188,3
927195,3
705580,3
705600,3
705614,4
927204,3
927225,10
927242,4
994277,4
994281,4
994284,3
994301,3
994326,17
1035482,4
1035485,2
1035493,10
1035506,-1
1035507,4
1035511,13
1035527,4
1035528,7
1035543,12
1035545,12
1035552,3
1035568,10
1035574,4
1035577,0
1035580,1
994353,4
994355,3
994373,16
994376,3
860379,4
994393,4
994429,4
994451,4
994463,4
994468,4
994488,1
994493,9
994513,3
994522,4
971092,4
1035594,11
1035596,4
1035597,4
1035611,3
1035614,4
860422,4
860469,4
927255,-1
927275,4
772362,4
772373,7
1035635,4
1035648,3
1035655,3
1035662,12
1035663,9
1035671,11
1035684,9
1035687,11
971103,4
971111,3
971123,3
971126,4
994568,4
994577,4
994612,11
994619,4
860515,4
971183,-1
971213,3
772501,3
860598,4
860629,8
1035708,14
1035718,8
1035720,-1
1035728,4
1035732,0
1035743,14
1035748,3
1035750,4
1035759,9
994660,4
705758,3
860648,3
971214,1
971222,4
971238,4
971241,3
772517,3
772534,3
1035770,13
1035777,11
1035783,14
1035784,2
1035789,11
1035826,4
994691,-1
994695,4
994727,-1
927380,3
927387,15
927399,3
927405,4
705799,13
971300,4
971316,4
772568,12
994743,2
994746,4
860748,4
860799,4
971321,4
971338,4
971342,14
971346,4
772645,3
971371,4
971377,4
971381,4
705845,16
1035842,-1
1035849,4
1035882,0
1035887,4
1035898,16
1035907,10
1035932,9
1035937,8
994801,4
994821,8
971405,4
971409,3
971434,4
971493,3
971499,3
772695,4
927446,4
860863,4
1035955,4
1035960,4
1035961,4
1035979,4
1035980,3
1035987,0
1035997,11
994834,4
994843,4
994846,4
994851,6
994862,3
971522,4
971551,4
772746,3
927469,4
927504,4
860866,4
860890,4
860903,10
860916,3
860922,4
971591,14
971593,3
971627,0
971628,4
705915,3
1036022,10
1036034,9
1036040,14
1036041,10
1036052,4
1036053,17
1036061,4
1036064,4
1036065,8
927574,10
927618,4
927627,4
772784,15
772792,4
860930,4
994896,3
994907,4
994930,3
994934,15
994936,3
927641,4
513618,3
513631,4
772815,15
772835,4
994995,7
772877,3
772893,3
861008,4
861013,3
861032,6
772935,3
772941,4
772944,4
772948,4
1036067,4
1036072,13
1036084,4
1036090,6
1036092,8
1036099,4
1036106,3
1036118,13
772981,3
772991,3
773037,-1
773044,3
773061,16
773088,16
773090,3
971773,-1
971821,4
971825,17
927714,3
927744,7
995002,3
995003,3
995033,16
995038,16
861103,4
861111,10
861125,4
861135,3
861144,10
773147,3
773167,4
773179,15
513646,4
513656,15
513669,4
773196,4
773219,3
773243,3
773281,2
773294,4
861172,3
861177,3
927754,14
927764,4
513723,3
773309,3
773348,4
861248,3
861268,4
1036123,2
1036128,11
1036136,4
1036137,4
1036138,4
1036142,10
1036147,2
1036149,4
1036150,11
1036156,17
1036157,3
1036164,4
1036165,14
706049,4
927807,4
927818,4
927820,4
927833,3
927835,4
861280,3
861285,2
861295,4
861304,4
971835,4
971859,3
971920,10
971927,4
971932,3
971942,4
773418,4
773458,3
927859,4
861334,4
861386,9
861390,16
1036184,2
1036185,4
1036194,5
1036201,-1
1036206,12
1036222,5
1036223,10
1036232,14
995106,3
995116,3
995127,4
927941,3
861404,3
1036247,11
1036255,14
1036279,4
1036282,6
1036289,4
971949,3
971951,9
971952,1
971958,4
971974,3
971994,14
971999,4
972023,8
972029,7
972039,3
995131,3
861510,3
513870,3
928075,4
928098,4
928105,4
928111,3
706149,16
1036300,4
1036314,12
1036331,11
1036335,3
1036344,3
1036347,4
995191,7
995207,4
995217,4
995218,9
972092,4
861524,8
861532,14
928149,4
706207,4
706209,15
773549,4
773572,3
995232,8
995234,4
995245,4
995248,3
995261,4
995265,3
995276,4
513888,3
861600,3
861611,4
928180,3
928208,-1
928224,3
972173,4
972181,14
706295,3
861640,4
995294,4
995324,3
995335,9
928254,4
928274,5
972242,4
861687,3
861709,15
513956,4
773681,-1
773701,3
773714,9
773722,4
773727,3
1036355,8
1036363,13
1036365,2
1036366,4
1036394,-1
1036397,13
1036398,3
1036399,4
1036400,13
1036401,12
1036402,7
1036411,2
1036412,7
972257,0
972265,2
972278,8
861769,-1
861779,10
706424,4
773747,4
972305,4
928297,4
995339,3
995361,6
995373,4
1036417,0
1036421,6
1036422,4
1036438,5
1036440,3
1036443,5
1036448,4
1036450,13
1036454,11
1036461,9
1036464,0
514031,3
514034,3
972368,3
972372,12
861868,15
928337,3
928340,16
928348,4
928372,4
1036476,3
1036483,11
1036492,3
1036495,3
1036498,14
1036501,4
1036504,3
1036510,10
1036517,9
1036519,4
514103,2
928404,14
995405,9
995413,11
995420,11
995433,2
773809,3
1036525,14
1036530,3
1036540,1
1036557,10
1036570,9
1036575,14
1036579,4
972460,4
972473,3
928469,4
861899,14
861936,4
773868,5
861978,3
861980,4
861981,4
773901,4
995498,3
995512,0
972504,12
972517,4
972518,15
928503,4
928512,3
928513,2
928514,12
928530,3
862052,3
862058,3
773926,4
995533,11
995537,3
995541,4
995555,14
995576,11
972538,4
928589,3
928594,4
928596,4
862090,4
862091,3
972572,-1
972600,3
972603,4
972629,4
995581,4
995589,4
995613,3
995631,4
995633,8
995634,14
995640,-1
1036594,12
1036597,12
1036602,5
1036604,8
1036634,6
1036639,1
1036643,3
514231,3
514268,3
774001,4
774003,8
928623,4
928628,3
928655,2
928665,3
1036650,7
1036654,8
1036655,3
1036660,14
1036662,11
1036676,14
1036695,14
1036700,0
706588,3
706591,4
706691,3
514277,4
514323,4
774094,3
774101,3
774103,3
774121,3
928712,4
928720,3
706709,4
706723,4
995691,14
862299,4
928754,5
514365,3
514372,4
995739,4
995743,9
995751,13
995766,4
995778,3
995787,9
995817,3
995819,3
995823,3
995833,4
862320,4
862326,4
862358,3
774139,3
774147,3
774158,4
774163,4
928831,3
928839,-1
928846,3
1036705,10
1036725,13
1036733,4
1036734,7
995841,13
995847,3
995852,9
995869,4
995880,7
706930,3
928926,4
1036744,1
1036756,-1
706963,4
706976,3
928985,4
1036797,2
1036799,9
1036800,2
1036801,17
1036815,3
1036816,4
1036823,3
1036828,6
1036829,14
1036839,11
1036842,7
862425,4
862429,15
995885,4
995911,4
995916,6
995934,9
514490,3
929011,16
929042,3
929091,4
774222,3
862570,4
862585,4
1036859,7
1036871,12
1036875,-1
1036880,3
1036881,4
1036886,14
1036896,11
1036900,4
1036902,4
1036905,0
929123,3
929139,3
929147,4
514496,3
707059,4
862619,17
774242,3
929169,4
995946,4
995962,4
995966,3
996001,4
996006,10
996010,14
996011,4
996033,9
996043,3
1036909,4
1036911,13
1036919,4
1036923,2
1036930,8
1036946,4
1036947,11
1036960,8
774287,8
774297,3
774329,4
862761,4
996054,7
996073,3
996083,7
996086,4
1036967,10
1036968,5
1036972,6
1037012,12
1037023,11
514636,3
514653,4
862793,14
862798,4
707106,4
996159,4
996172,14
996176,4
996181,3
774351,3
774367,3
1037033,7
1037036,12
1037038,3
1037050,11
1037052,-1
1037055,2
1037061,-1
707142,3
996190,-1
996205,4
996219,4
996222,7
862856,17
862871,3
514717,4
929289,3
1037097,4
1037100,12
1037104,4
1037108,6
1037111,4
1037123,4
1037126,-1
996271,3
996278,4
996305,4
996334,3
996355,6
929328,3
862948,4
862950,3
514728,4
996357,13
996363,4
996372,14
929383,3
929417,3
862995,4
514795,4
514798,4
1037146,7
1037147,2
996415,3
996419,3
996421,3
996428,4
996448,4
996485,3
996511,0
996513,4
929467,4
929471,3
929479,15
774483,4
774504,4
514810,16
514894,3
996533,4
996555,4
996575,3
996588,15
929498,3
929503,4
929527,3
929544,4
514930,3
514933,16
514934,3
707163,3
929584,4
929588,3
929597,4
929604,3
863166,4
863176,14
1037160,13
1037161,4
1037166,2
1037168,16
1037172,16
1037180,10
1037185,3
1037206,4
1037207,12
774530,4
996591,4
1037217,0
1037227,4
1037229,9
1037236,2
1037242,3
1037244,2
1037255,3
514960,4
707239,3
929614,3
929622,4
929652,10
774614,3
996694,4
996700,3
515061,4
863249,3
929672,3
929673,17
1037274,14
1037276,10
1037282,8
1037295,15
1037300,4
1037301,11
1037302,0
1037317,11
774663,4
863310,4
863332,4
929760,4
707258,3
707296,3
707302,4
707321,3
707336,11
707342,3
707348,11
996712,4
996729,3
996744,9
996757,14
929782,3
929786,13
929789,3
863402,3
774682,3
774730,4
929842,9
515165,3
515191,16
1037322,7
1037324,13
1037325,9
1037336,3
1038341,8
1038347,4
1038350,3
1038354,0
1038359,3
1038360,6
1038374,7
1038380,4
1038382,6
1038390,8
1038404,4
1038408,4
1038411,4
1038417,3
1038424,4
1038432,-1
1038433,3
1038437,0
929872,4
929874,4
863485,4
996771,4
996788,4
996812,4
996831,7
996834,10
929926,0
863540,16
863560,4
774741,4
774744,3
774764,3
996843,4
996850,3
996879,4
929966,4
929971,4
929972,9
707491,4
996964,3
996966,14
863596,3
863609,3
863615,3
1038439,3
1038450,4
1038452,-1
1038464,4
1038466,11
1038467,4
1038476,4
1038504,1
1038507,4
1038513,-1
1038520,3
1038522,5
1038523,14
1038526,0
1038529,4
1038531,14
1038534,-1
1038538,3
1038541,5
1038544,3
930018,4
930052,4
930070,9
774884,4
515272,3
515289,4
1038548,4
1038556,3
1038557,13
1038573,4
1038590,7
1038593,4
1038594,10
515312,3
515315,3
707553,4
996984,10
996999,4
997010,4
930103,4
930124,4
707594,3
997025,3
997028,2
997034,0
997055,3
930154,3
930175,3
1038596,3
1038598,11
1038623,0
1038646,4
863741,3
863785,4
997099,9
997111,4
997120,4
997121,3
863822,4
774993,4
515393,3
930221,17
930227,4
707618,3
863874,3
863902,4
1038658,15
1038669,4
1038670,4
1038676,10
1038682,12
1038687,3
1038690,4
1038700,4
1038701,4
1038716,6
775039,4
997128,4
997138,4
997142,4
997150,3
997152,-1
997154,4
997176,14
997185,14
997202,3
997232,4
997233,3
997238,17
973082,4
515443,4
515473,3
930241,4
930244,16
930250,16
930254,4
930255,4
863980,4
775079,3
775082,3
775120,3
515527,3
515541,8
775129,3
775137,14
775144,4
997247,4
997279,3
1038732,4
1038734,3
1038735,8
1038748,11
1038762,11
1038766,6
775244,11
775279,-1
515582,4
930327,4
930343,4
930347,4
997321,3
997324,14
997335,4
1038775,11
1038777,3
1038795,14
1038809,-1
864050,3
864062,17
930385,2
930395,4
997351,3
997386,4
997397,4
997401,4
864108,4
864139,3
1038816,14
1038818,14
1038828,11
1038840,11
1038844,7
1038849,4
1038855,7
930436,14
973175,4
973198,9
973200,3
973220,10
864197,-1
930454,4
775334,4
775349,4
1038880,7
1038884,9
1038886,5
1038896,2
1038902,4
1038912,10
1038923,14
1038934,4
997408,9
997415,4
997416,14
997425,3
997426,11
997440,14
997441,11
997443,15
515690,4
515696,4
515732,4
775403,4
864259,4
864299,4
864301,3
930515,3
930563,4
997454,5
997461,3
997463,5
997474,3
997477,4
997483,6
997485,4
707751,3
775423,3
864346,4
864351,4
515769,3
515773,1
973229,4
973237,4
997491,7
997496,13
997522,9
997524,3
775463,15
775480,-1
930603,4
973280,4
973290,17
973297,3
973301,3
515781,3
515785,3
775533,3
775550,3
864446,4
864451,4
707806,3
930623,14
930646,4
930671,4
930673,3
973371,3
864487,4
864508,4
775563,4
775571,3
775582,3
775609,3
707849,4
973416,3
973433,4
930697,4
930712,10
930723,14
864551,16
864573,14
515871,3
515895,4
515900,16
775658,4
930740,3
864581,4
515906,3
515907,4
997556,4
997570,4
997585,3
930811,3
930815,4
930825,3
930827,3
1038937,5
1038948,0
1038949,8
1038958,-1
1038959,3
1038967,17
1038971,6
1038974,0
1038976,9
1038979,0
1038982,0
1038984,13
1038992,13
1038997,2
515971,4
930842,4
930857,4
930871,4
930886,3
707960,4
997604,9
997611,3
997614,4
997618,9
997624,4
997628,13
997640,8
775674,15
973481,4
930898,3
1039009,-1
1039010,4
1039031,4
1039032,4
1039033,4
1039042,4
1039055,3
864652,3
864660,4
864711,4
864721,3
864739,4
864752,16
864755,4
997658,8
997689,12
930969,4
930982,4
775743,4
775794,3
708057,10
864768,-1
864769,4
864784,4
864803,3
997720,-1
997729,3
997745,3
864812,15
864833,3
708087,5
708106,4
708123,10
708127,3
973533,4
1039062,9
1039065,9
1039066,8
1039072,0
1039075,4
1039078,7
1039082,13
1039083,4
1039085,4
1039097,2
864877,3
973543,4
973545,4
973573,8
973586,4
931040,14
708146,4
708157,3
708188,3
516079,3
516102,3
516111,3
775801,16
775832,1
775839,3
864939,4
864951,3
931079,3
931107,3
1039105,11
1039108,3
1039111,5
1039112,9
1039135,2
1039146,9
1039152,9
1039155,7
1039170,3
997778,4
997800,3
973606,2
973648,4
931131,3
865005,3
865025,13
865030,16
516138,3
997806,14
997814,4
997831,4
997840,1
997850,3
997854,4
997864,9
931210,3
708277,4
865041,16
865054,-1
865056,4
973669,4
973678,14
973681,0
973684,3
973696,4
973702,4
516174,3
865089,3
708306,16
931224,4
931238,4
931248,4
931265,4
931271,3
775920,3
865134,3
931299,4
931311,4
931324,17
708373,3
708389,3
997870,10
997873,4
997878,3
997905,4
997909,4
931338,3
931347,4
931352,4
776035,3
776073,4
1039172,4
1039173,4
1039203,4
1039204,4
973708,4
516212,10
516257,16
931404,3
931408,1
931427,4
865288,1
865323,16
776093,4
997911,13
997912,3
997917,12
997924,4
997942,4
997959,14
997965,3
997968,3
776123,4
865361,3
865367,4
1039220,4
1039229,4
1039231,5
1039234,11
1039238,4
1039240,11
997988,0
931498,16
931511,5
931528,3
931538,4
1039267,11
1039274,0
1039287,4
998046,3
998059,4
998060,4
516290,3
973763,4
973783,9
931611,10
776242,3
708533,3
998091,3
998099,4
998108,4
998117,3
865506,4
865539,4
973803,4
973835,3
973836,4
1039313,-1
1039319,4
1039326,11
1039327,14
1039329,3
1039336,9
1039346,7
1039348,17
1039353,3
865558,4
776334,3
973852,4
973873,4
973892,4
931695,3
931719,4
1039355,0
1039373,7
1039393,5
1039397,4
516387,3
973901,4
973904,3
708641,3
708659,3
776367,3
776408,4
931741,4
931768,4
1039406,3
1039408,14
865617,4
865644,4
998140,3
998144,14
998157,4
998193,4
973960,4
1039422,9
1039428,12
1039439,-1
1039442,-1
1039443,17
1039447,4
1039460,14
1039477,3
1039478,4
1039480,14
516412,3
865695,3
865700,4
865701,3
865702,4
865712,3
931789,3
931792,3
931801,4
931805,3
974003,4
974018,4
974034,4
931844,2
931865,3
931866,4
516446,3
516463,16
516480,3
865747,3
974043,10
974070,3
974079,4
974082,6
974086,3
974091,4
776484,4
1039481,6
1039482,9
1039490,4
1039499,5
1039506,4
1039507,4
1039511,3
1039513,4
516512,4
516520,3
516529,-1
776541,3
776542,3
776564,3
865795,-1
974102,3
974120,4
974142,4
1039544,9
1039562,6
1039565,9
865855,12
865857,3
865864,3
865873,4
865877,4
865878,2
516568,4
865890,4
865894,4
998206,4
998214,12
998219,4
998229,3
998233,5
998241,7
1039606,5
1039614,2
1039621,15
865931,3
865941,4
974219,4
974221,4
931949,3
931952,4
931957,3
931963,15
932026,4
932031,4
932039,4
708796,4
516600,3
516604,3
974281,3
974295,4
974303,11
776666,16
776691,6
1039660,2
1039665,10
1039669,17
1039674,3
1039675,4
1039676,3
1039677,4
1039704,-1
932056,14
932086,4
998269,4
998276,9
998296,3
974320,4
974341,4
1039710,15
1039716,3
1039727,13
1039732,3
1039738,3
1039744,2
1039751,14
998310,3
998342,3
998344,7
998356,0
998360,11
866066,3
866087,3
974350,14
974375,17
974400,4
974405,3
932119,3
932150,4
932155,4
776794,3
1039758,4
1039763,4
1039766,4
1039799,6
866131,5
776828,4
932196,3
998368,4
998371,3
998387,4
998395,4
1039814,3
1039817,7
1039825,4
1039833,12
1039839,4
1039844,3
1039851,14
1039853,17
1039854,11
1039856,4
776885,4
932237,3
932244,4
932248,4
932253,4
998417,3
998420,4
998434,4
998454,7
998455,14
708922,17
932270,3
776953,11
866261,4
998465,4
998502,3
998504,9
516686,4
516690,3
932316,3
932318,3
932324,4
777011,3
866286,3
866301,15
866312,4
866341,4
998543,4
998563,4
998573,11
932367,4
932402,3
777020,4
708955,3
708989,3
516691,4
516704,4
516719,3
866383,4
932415,3
932417,4
932458,4
932464,4
777098,4
998603,4
998612,16
998638,14
998664,4
998666,3
866404,3
932473,5
932479,3
932503,4
932523,4
866470,3
777136,4
777148,3
777166,4
974455,14
516760,3
1039872,8
1039874,10
1039879,11
1039884,4
1039886,7
1039901,3
1039907,8
1039908,0
1039911,9
1039924,9
932549,3
932550,4
932553,3
932579,3
998679,3
998694,4
866494,4
974488,12
709065,3
709082,15
709087,4
932588,4
932614,3
932622,7
932626,3
516810,2
516814,3
516816,3
932674,3
932677,3
932679,3
1039935,9
1039940,4
1039945,3
1039947,14
1039961,11
777189,4
777251,3
777255,3
866547,4
866549,3
866551,4
866553,4
866587,4
998762,4
998769,3
998774,4
777306,16
777309,4
1040020,11
516916,3
516924,8
866602,4
866608,-1
777403,3
777451,4
709165,4
709166,3
709183,4
709203,4
709210,3
709256,3
998803,3
998809,-1
998835,7
998844,10
998845,3
998884,4
998890,4
998903,4
932879,4
932915,4
974591,4
709291,4
1040032,8
1040042,11
1040044,11
1040047,3
1040078,2
1040125,2
1040129,17
1040134,10
1040135,5
1040139,4
932963,17
974623,4
974628,4
974634,3
998930,15
998942,3
998945,3
998946,4
998957,10
1040149,14
1040156,9
1040181,10
1040182,15
1040183,4
1040186,7
1040189,13
1040190,6
1040191,9
1040208,11
1040211,3
1040221,8
1040225,3
1040236,17
1040246,11
1040250,4
1040253,3
866742,4
866755,11
866771,3
933011,3
777524,4
1040266,4
1040269,3
1040275,4
1040286,13
1040290,7
1040297,0
1040299,4
1040303,7
998982,14
998989,-1
998996,9
999003,4
999004,3
999020,8
999029,3
999033,2
999034,1
999036,4
866803,4
866805,3
866846,4
866848,3
933084,11
933092,4
933098,4
1040334,14
1040338,11
1040341,11
1040357,1
1040362,12
1040366,1
933115,14
999044,4
999050,4
999051,0
999055,7
999057,2
999081,17
999091,3
999101,3
516996,4
1040389,11
1040395,0
1040408,9
1040412,4
1040424,13
777531,4
974672,4
974723,3
517057,3
777586,3
709433,3
933256,14
1040431,7
1040432,14
1040446,4
1040453,7
1040454,5
866977,15
866998,4
974775,10
867032,3
1040477,7
1040480,4
1040496,4
1040499,4
1040505,3
1040514,8
1040517,11
1040519,1
1040522,13
1040525,10
1040526,4
709463,4
867051,17
867073,3
867096,3
867098,4
974825,4
974838,3
974850,16
974854,11
974855,3
974856,4
933332,5
933343,12
933347,3
933355,3
933385,3
933390,4
999113,4
999124,17
999129,4
999140,15
999145,8
867100,4
974914,3
974932,3
1040540,9
1040549,7
1040556,10
1040564,0
1040566,7
1040572,13
1040573,4
1040574,10
1040578,4
1040581,11
1040583,4
1040585,3
867153,4
974983,4
933427,3
933438,4
999152,4
999156,0
999163,-1
999166,9
999182,-1
999192,4
999198,3
517170,3
517171,3
777783,4
709532,3
709552,4
709559,3
867232,10
867236,12
867241,3
867243,4
975003,0
975016,4
975028,16
975030,4
933451,4
933452,15
933458,-1
999207,14
999214,8
999215,16
999217,10
999218,1
999221,7
999227,3
999242,4
999246,13
999247,8
999255,0
999256,4
999263,14
999268,13
999270,4
999276,4
999285,-1
999286,11
999288,4
999290,13
999295,0
999301,9
999306,-1
999307,3
999311,6
999323,5
999337,4
1040590,9
1040598,13
1040608,11
1040612,10
1040615,4
1040619,6
1040629,4
975051,7
999343,-1
999345,14
999346,3
999354,1
999359,13
999360,4
999365,6
999366,3
999372,8
1040639,9
1040642,15
1040665,9
933575,3
709594,4
709605,9
517256,3
933593,4
933596,3
1040682,12
1040694,4
1040713,4
1040715,14
1040718,17
1040719,6
1040722,12
1040724,8
1040726,4
777813,4
777827,3
777837,4
999412,4
999422,2
999429,4
999433,5
999444,4
999456,-1
867312,3
975093,4
975173,3
975196,4
933642,9
933659,6
933680,10
1040760,4
1040763,13
709624,3
975207,-1
975208,3
975216,2
975220,4
975221,6
867385,14
777854,3
1040771,-1
1040775,-1
1040789,4
999471,-1
999478,9
999485,9
999488,14
999490,4
999498,14
999509,11
999511,4
999512,2
999514,0
999519,11
975254,4
975271,11
975277,3
975285,4
975293,4
867395,15
867427,4
867442,4
1040805,0
1040807,3
1040828,4
1040834,9
1040836,3
1040837,11
975332,3
975335,4
975336,4
975337,4
975354,-1
517285,3
517288,5
517317,4
777912,4
1040857,12
1040863,13
1040874,13
1040885,0
1040896,14
1040900,3
1040910,6
933765,3
933775,4
999521,4
999527,10
999529,4
999545,4
999559,2
709689,3
709703,4
975362,4
975367,4
975377,4
975400,14
975405,4
975407,3
975419,4
778005,4
933882,3
999573,13
999575,14
999579,2
999589,9
999605,11
999616,9
999624,4
999635,4
517394,3
778072,3
975424,4
975439,4
975459,5
975466,2
778129,4
999651,2
999655,5
999664,9
999668,14
999669,4
999672,12
999674,12
999685,11
933935,4
933947,3
933948,4
1040924,3
1040941,12
1040942,10
1040945,7
1040948,3
867493,7
867511,13
778169,4
778190,3
975474,4
975481,9
975500,4
934001,4
1040970,4
1040979,1
1040983,4
1040990,4
1040992,7
1040993,4
1041010,10
1041011,4
975520,4
975523,0
975531,3
934026,4
934053,7
934070,4
934076,4
934080,6
975571,4
975593,3
975594,3
975595,3
975609,4
778237,4
778249,16
778263,3
934100,4
934113,3
934114,4
867627,3
867658,4
867663,2
1041026,7
1041036,4
1041045,14
1041056,9
1041062,4
1041067,7
1041069,3
1041075,13
1041076,3
999698,13
999701,4
999720,10
999721,15
999723,10
999727,14
999738,17
934164,10
934187,3
934195,3
517542,3
517552,3
517558,3
778341,4
778355,3
867761,3
517584,4
517603,3
1041080,1
1041084,4
1041110,10
1041113,3
1041119,3
1041121,4
1041131,5
867777,4
867791,4
867793,3
709857,3
709861,3
934287,3
934294,3
934318,4
975626,3
975653,4
517642,3
999758,3
999760,6
999768,4
999784,11
999786,7
999788,9
999793,13
999794,5
999803,-1
999805,4
999806,4
999807,10
999811,6
999814,4
999817,8
975678,4
975705,4
975725,4
975740,-1
867853,4
709924,4
975745,4
975754,4
975797,4
867903,4
934321,4
934337,3
934350,3
934357,4
517661,3
517676,3
975819,4
975832,3
867938,4
867950,0
778427,4
778439,4
934376,3
934399,3
1041151,10
710038,17
710042,4
868030,3
1041203,4
1041206,6
1041221,4
1041253,7
975880,4
975893,2
975901,4
975903,3
975911,3
975917,12
975920,4
517746,3
868036,4
868038,3
710069,4
710074,3
710076,4
999823,4
999829,13
999847,12
999848,4
999849,-1
999855,7
999856,4
999859,4
999867,4
975978,6
868100,4
868105,3
868121,3
868132,4
868135,4
778490,3
778502,11
1041254,5
1041256,3
1041259,12
1041272,13
1041275,4
1041277,11
1041280,6
1041284,4
517786,3
975982,4
976020,12
976021,7
1041312,1
1041317,11
1041330,14
1041331,3
1041335,2
1041337,12
1041342,14
778594,3
778595,4
934481,4
934485,4
517808,3
868155,3
976034,10
976043,12
976064,4
976076,3
778661,3
778663,4
1041353,4
1041355,4
1041360,10
1041369,11
1041377,3
1041382,13
1041383,14
1041384,4
1041388,10
1041392,4
1041415,4
517892,16
868237,9
868276,4
778716,4
778722,4
778729,1
934557,3
976086,0
976130,3
710225,3
710236,0
868294,3
868310,3
778779,3
999888,9
999890,3
999892,5
999897,4
999927,11
868335,3
868340,4
868352,4
517903,3
517920,3
517936,4
976164,6
976200,4
999965,15
517950,4
517973,3
517974,4
976238,4
976252,4
976255,3
999982,-1
999985,4
999992,3
999993,12
1000002,4
1000003,3
1000006,11
1000013,10
1000014,4
1000022,2
710288,4
1041418,5
1041425,4
1041427,9
1041437,13
1041442,8
1041444,3
1041460,7
976272,3
976274,3
976284,7
868416,3
868426,3
778851,10
778860,4
778877,4
778882,3
778889,3
868454,4
868484,3
518023,3
1000033,7
1000035,14
1000038,4
1000039,3
1000041,12
1000045,5
1000047,10
1000050,-1
1000055,4
1000063,1
1000065,11
1000083,-1
934715,4
934719,6
934764,3
1041493,-1
1041498,10
1041499,4
1041508,3
1041516,4
778929,3
976330,3
976331,4
976339,14
868545,9
778973,15
778989,14
976360,4
976372,4
976400,4
976405,3
1000112,16
1000117,3
1000122,10
1000125,12
710321,2
710372,3
868566,3
868580,4
868595,4
868600,3
868610,4
934856,4
779003,4
518052,3
1000149,7
1000150,7
1000151,4
1000153,1
1000154,4
1000160,14
1000161,4
1000169,1
1000181,9
1000182,10
1000184,14
1000188,10
1000190,9
1000192,4
1041528,11
1041534,7
1041536,13
1041543,13
1041562,4
868635,3
868639,3
934909,4
934921,3
934925,3
934930,3
934944,4
934946,4
779075,4
779079,4
976420,3
1000205,4
1000206,4
1000207,4
1000213,4
1000217,10
1000226,9
1000237,4
1000239,14
1000243,-1
1000244,11
868687,4
779130,3
1041578,10
1041593,8
1041607,4
1041609,11
1041620,17
934956,4
976482,4
976495,4
976528,4
1000248,-1
1000249,14
1000250,9
1000251,2
1000253,14
1000264,4
1000272,6
1000286,4
1000301,9
935012,3
935059,3
710388,4
710421,3
1000303,8
1000305,11
1000306,4
1000312,14
1000316,7
1000320,4
1000327,-1
1000331,4
1000334,14
1000346,15
1000363,9
1000377,0
1041637,12
1041653,4
1041666,4
1041674,2
1041678,14
1041679,4
1041681,4
1041683,3
710455,3
710460,3
935130,3
518098,3
518129,7
868833,3
868849,3
1041699,1
1041702,14
1041713,4
1041714,0
1041719,4
1041738,4
1000393,11
1000396,15
1000411,13
1000413,9
1000414,14
1000435,16
1000437,4
1000438,4
1000443,9
1000444,15
976531,4
976565,4
976566,3
868887,3
868898,3
1041748,17
1041766,3
1041780,1
1041786,1
935238,15
935239,4
935268,4
935279,3
868944,7
868947,15
868951,4
868961,3
868990,14
1000451,5
1000454,4
1000474,4
1000479,6
1000486,4
935333,2
518232,4
518234,3
779269,3
779292,16
1041797,2
1041819,4
1041824,2
1041839,2
976567,4
976568,3
976589,4
976592,4
976605,4
710652,4
710663,3
869067,8
869083,4
869084,16
869090,4
869099,3
869108,4
779323,3
1000509,-1
1000512,5
1000526,6
1000528,4
1000541,11
1000545,13
1041870,3
1041876,-1
1041887,4
1041906,4
1041914,3
1041920,1
1041921,4
937408,4
937448,11
869111,3
869116,4
869120,4
976626,4
976653,3
976685,4
1000551,9
1000559,3
1000571,3
1000575,-1
1000576,1
1000583,4
1000590,6
1000594,3
1000596,4
1000603,5
1000608,4
1000609,4
937455,16
937492,4
710719,3
869173,9
869185,4
869191,4
869220,4
869225,3
976697,4
1041931,4
1041935,4
1041939,-1
1041941,13
1041942,2
1041953,13
1041960,6
1041962,1
1041972,14
779371,4
779382,3
779417,4
937520,16
869237,3
869243,4
869257,3
976754,4
976757,4
976770,6
976786,4
869265,8
869301,4
869302,4
518344,4
937598,3
937612,4
1000614,15
1000621,9
1000625,0
1000629,2
1000638,4
1000646,6
1000648,4
1000654,6
1000657,1
976799,4
976827,3
518399,3
779426,11
779442,3
779461,3
976855,3
976883,4
976887,4
937635,3
937661,3
937663,3
937672,3
1041980,8
1041985,9
1041989,4
1041991,12
1041992,14
1041999,3
1042004,4
1042011,10
1042022,11
1042030,4
1042037,4
869340,3
869370,4
779489,4
779495,4
779518,14
779522,3
710897,3
976947,17
937717,3
937719,5
869450,4
1000658,4
1000659,7
1000668,4
1000669,13
1000681,2
1000698,4
1000704,14
1000705,3
1000711,4
1000712,3
779537,4
779554,4
779573,4
937766,4
869482,3
869491,14
869500,4
1042050,4
1042053,7
1042056,9
1042057,5
1042058,-1
1042068,6
1042070,4
1042073,5
1042074,17
1042079,4
937801,3
869529,3
869530,4
710941,4
711000,4
779694,3
1000728,3
1000736,4
1000762,8
1000768,17
1000772,5
1000779,4
937829,10
937843,4
937869,4
869608,3
1042149,-1
518517,4
937901,4
937903,4
937904,3
869647,3
1042165,1
1042166,4
1042186,4
1042191,4
1042203,-1
976978,4
976981,4
976999,3
937948,4
937970,4
937974,4
937992,-1
937996,3
977009,4
1042208,1
1042215,4
1042220,8
1042222,11
1042226,9
1042230,14
1042242,4
1042248,-1
1042251,9
1042263,9
1000783,15
1000790,17
1000796,6
1000797,12
1000807,4
1000809,-1
1000810,14
1000820,2
1000823,9
1000827,12
1000832,7
1000835,7
938011,4
711093,-1
977115,3
779788,3
779804,4
977136,4
977146,3
977151,3
1000840,2
1000846,11
1000853,10
1000854,-1
1000864,14
1000866,11
1000881,4
1000883,9
1000896,0
518657,3
518664,4
1042300,11
1042306,4
1042312,9
1042320,12
1042326,-1
1042330,4
1042332,3
779860,2
977172,4
977184,4
977210,3
711113,16
711145,4
1000903,2
1000905,7
1000912,6
1000920,7
1000924,4
1000933,16
1000937,14
1000944,12
1000946,7
938059,3
938110,4
869806,4
518676,3
779889,4
779931,3
977219,12
977241,3
977256,3
711175,3
938126,9
938174,4
1000959,14
1000961,11
1000962,10
1000973,8
1000977,4
1000981,7
1000982,3
1000984,10
1000998,14
1001006,-1
1042337,3
1042341,4
1042346,8
1042350,-1
1042361,7
1042371,13
1042376,4
1042382,11
869851,4
869855,15
869868,4
869874,3
977259,15
977267,10
977283,4
977294,3
977316,4
977327,13
977339,12
977346,4
977354,8
938183,3
779996,3
780005,4
780010,4
1001011,3
1001022,4
1001024,9
1001044,-1
977374,16
977394,3
977410,4
869892,4
938280,3
711250,0
869940,3
869952,4
869975,4
977423,3
977449,9
938325,4
938331,4
870026,4
1001056,2
1001064,10
1001079,6
1001083,-1
1001095,0
780142,11
1042410,14
1042417,7
1042418,3
1042419,9
1042420,4
1042424,9
1042442,5
1042443,13
938397,14
1001102,12
1001118,-1
870091,2
938435,11
1001142,14
1001145,14
1001154,14
1001159,16
1001171,12
1001177,9
1001178,9
1001184,10
780264,4
780269,4
780273,3
1042457,11
1042460,1
1042461,4
1042464,13
1042477,11
1042485,8
1042496,0
1042501,14
1042504,7
1042511,13
977478,3
977486,7
938471,-1
518841,3
977550,4
711357,4
711370,3
870236,3
1042520,14
1042526,4
1042540,6
1042546,0
1042552,13
977576,4
977580,14
977583,4
977607,3
977628,3
977633,3
1001204,5
1001219,4
1001234,9
1001244,13
938504,4
938521,3
938545,3
938608,16
938620,4
1042581,5
1042584,17
1042588,7
1042590,6
1042593,9
1042599,2
780299,3
780327,4
977640,4
977662,17
977666,4
977680,10
977687,3
977726,4
870238,4
870285,3
870328,11
780359,3
780366,4
780381,4
1001249,12
1001260,4
1001266,11
1001267,9
1001268,4
1001272,3
1001277,15
1001287,8
1001292,14
1001303,4
1001304,9
1001305,0
1001306,3
1001307,14
977734,-1
977740,16
977758,4
938659,3
938660,4
1042606,3
1042615,10
1042617,4
1042620,4
1042633,15
1042634,3
1042636,4
1042640,6
1042644,9
870351,3
870354,3
870373,3
780394,4
780407,3
780423,4
938675,4
938697,3
977780,3
977790,5
977803,4
977818,4
1042663,4
1042674,6
1042682,4
1042683,3
1001311,3
1001334,3
1001342,-1
1001346,3
1001352,7
1001354,5
1001357,4
1001363,3
1001368,4
1001370,7
870421,3
870422,10
870427,3
780485,3
1042696,14
1042705,0
1042710,9
1042713,10
1042715,3
1042717,10
1042723,-1
1042727,12
1042736,8
1042739,13
1042742,3
1042746,4
977864,3
977884,4
938818,12
780516,4
1001372,14
1001374,6
1001387,17
1001389,11
1001390,5
1001395,4
1001407,4
1001419,11
1001421,4
1001422,4
1001423,0
938861,7
938874,4
870549,4
870582,4
870585,9
711491,3
938914,3
938915,4
938923,3
938924,3
870594,1
1001432,12
1001439,6
1001440,10
1001441,-1
1001453,11
1001464,12
1001465,11
1001467,9
1001468,4
1001470,4
1001477,14
1001480,-1
711521,3
711567,3
938983,3
780568,16
1042757,7
1042762,14
1042771,12
1042776,10
1042791,4
1042800,13
1042812,3
1042816,14
1042845,14
1042853,-1
1042859,7
1042867,3
1042870,3
977896,0
977949,14
780641,4
711585,3
711588,4
711619,4
939041,3
870711,4
870717,3
1042883,11
1042884,3
1042885,4
1042887,10
1042889,-1
1042896,12
1042910,16
939042,4
939068,3
977961,4
977986,4
870755,3
870771,3
870814,3
519006,3
780721,3
519097,3
1001486,14
1001490,11
1001509,6
1001526,3
978020,3
1042929,0
1042936,-1
1042939,9
1042961,8
1042971,17
939109,4
939119,0
939134,5
870825,2
870838,4
870874,13
519124,3
519127,3
978041,10
978043,4
1001541,3
1001546,14
1001552,3
1001554,6
1001558,8
1001559,4
1001563,9
1001574,11
1001576,-1
1001580,17
1001594,7
870902,4
870911,3
1042999,4
1043008,3
1043015,2
1043020,10
1043023,0
1043029,14
1043042,4
519207,3
939219,3
978112,3
870935,8
711633,4
711641,4
711673,4
780786,4
780789,3
870999,4
711706,3
978164,3
978176,4
780871,3
780872,4
1001598,1
1001606,-1
1001610,4
1001614,4
871050,4
871057,3
871084,3
939360,4
978206,9
978211,4
978231,7
1043057,0
1043062,11
1043064,4
1043069,4
1043073,1
1043075,15
1043086,4
1043090,4
1043092,9
519303,4
780918,3
871124,3
939391,3
939398,3
939419,2
939432,4
1043098,4
1043104,6
1043105,3
1043107,-1
1043112,4
1043116,11
1043120,2
1043124,0
1043127,3
1043137,3
1043138,4
1043146,0
780949,3
780950,3
1001635,4
1001637,9
1001645,14
1001647,4
1001655,4
1001660,4
1001661,3
1001663,9
1001668,0
1001670,3
1001682,4
1001692,17
1001693,4
978290,4
978314,3
1043150,9
1043151,7
711748,3
711762,4
1043188,4
1043194,4
1043197,1
1043207,7
1043214,7
1043216,8
1043221,-1
1043225,4
871199,3
871229,3
871268,3
871270,4
939499,3
939504,4
939507,4
939509,3
939528,4
939539,3
1001695,9
1001697,-1
1001700,10
1001710,6
1001712,4
1001719,10
1001736,4
1001740,9
1001751,5
1001752,3
1001755,8
1001758,2
711819,3
711820,3
939564,3
939592,3
939611,3
871318,3
519396,3
519420,3
781048,4
781056,4
781067,3
939623,4
939634,4
939648,4
939677,9
871369,4
871381,3
711836,3
711852,4
978331,3
1001764,4
1001765,3
1001772,4
1001774,8
1001791,4
1001796,15
1001801,8
519451,4
519456,3
519466,3
781129,4
978397,3
978418,3
978439,4
939689,3
939712,3
939713,4
711905,4
711912,4
711918,3
871440,3
871441,4
871445,3
781144,3
519491,4
519494,4
939755,3
939761,3
978464,4
978466,4
978467,4
978474,9
978478,4
978480,4
978481,2
978491,3
978495,14
871496,3
781199,3
781226,3
781248,4
939787,3
939811,4
939826,3
939827,3
978567,4
1001817,0
1001835,14
1001842,13
1001843,3
1001846,7
1001855,11
1001867,1
1001868,4
711979,8
711996,4
871573,16
871584,17
871585,4
939895,3
939896,4
1001873,10
1001876,9
1001878,0
1001881,7
1001884,11
1001895,2
1001899,6
1001908,10
1001919,4
1001925,4
978635,3
871599,4
519542,15
1043250,9
1043260,12
1043263,11
1043264,3
1043267,3
1043270,11
1043271,-1
1043275,7
1043280,3
1043286,3
1043297,8
781258,4
781296,4
939914,4
939929,4
978684,4
871659,4
1001932,14
1001937,3
1001941,2
1001946,12
1001963,12
1001967,3
1001972,3
1001974,8
939963,4
940003,4
940004,4
871717,4
978701,14
978709,3
978718,9
1001982,3
1001986,3
1002011,0
1002012,12
1002019,16
1002026,10
1002032,7
940034,4
940042,4
978757,4
978764,4
781461,3
940065,4
940084,4
519685,16
871843,4
871858,4
978785,16
978820,4
781464,4
781506,9
940152,3
940160,4
940168,3
940171,4
712119,3
712132,3
1002049,4
1002068,4
519743,3
940175,4
781558,4
1002084,8
1002093,12
1002095,10
1002097,12
1002101,13
1002106,4
1002109,9
1002111,7
1002117,5
1002120,14
1002128,4
1002130,4
940243,4
940247,-1
871957,4
871962,4
978837,4
978853,4
978859,14
978865,3
1002137,3
1002144,0
1002147,12
1002152,3
1002156,3
1002158,4
1002159,6
1002163,4
1002180,9
1002181,13
940288,4
940303,4
940312,4
940315,4
940319,3
519832,3
519850,3
781646,3
781671,3
781680,4
978879,4
978902,4
978915,3
712194,3
781693,4
978925,4
978942,14
978967,4
978978,9
978991,4
979008,4
979028,3
1043304,1
1043321,14
1043326,17
1043327,-1
1043328,-1
1043339,4
940349,4
940353,3
940362,3
940370,16
979031,4
979058,3
979063,12
872039,15
872061,15
1002200,4
1002212,-1
1002222,14
1002223,6
1002225,-1
1002229,10
1002231,11
1002237,11
1002241,13
1002242,11
1002249,12
781750,3
781767,3
1043354,3
1043369,7
712277,4
979093,3
979112,3
872099,4
872144,3
1043377,3
1043379,12
1043383,6
1043385,4
1043386,2
1043395,4
1043408,7
1043409,8
1043421,9
519938,3
519950,-1
940390,3
940413,5
940414,4
519955,3
519991,-1
712357,11
1002261,11
1002270,10
1002280,10
1002284,6
940447,3
940503,13
940504,4
781884,0
781897,3
872225,4
872256,4
1043434,4
1043464,4
1043478,4
1043483,-1
1043485,4
1043488,3
979139,4
979141,4
979158,3
979170,12
979171,4
979182,3
712391,3
712422,4
712443,3
940547,12
940554,4
1043522,12
1043525,8
1043528,9
1043530,4
1043533,11
1043538,4
1043539,8
1043544,2
1002319,4
1002337,3
1002341,-1
1002347,4
1002353,7
1002357,-1
781933,3
712448,-1
712464,4
940598,4
940622,4
1002372,8
1002383,6
1002386,4
1002401,9
1002412,4
1002415,3
1002420,4
979241,4
979244,4
979285,4
872448,3
1043553,14
1043557,0
1043564,-1
1043569,3
1043570,6
1043575,14
1043576,4
1043577,3
1043579,14
1043581,4
1043583,1
1043584,10
1043589,9
520038,3
940641,-1
940673,4
781993,3
872477,4
872494,-1
1043613,3
1043624,16
1043636,4
1043642,3
940707,0
782024,4
782070,4
872529,9
872549,3
872569,8
1043652,0
1043669,13
1043671,9
1043674,3
1043679,4
520105,3
940783,3
940801,3
979296,1
782124,3
782135,3
1002428,12
1002429,7
1002433,9
1002436,1
1002445,9
1002446,12
1002452,11
1002453,-1
1002470,6
1002480,0
940806,3
940851,3
940860,4
520112,3
520162,3
872657,-1
940893,4
940905,4
940918,-1
1043685,4
1043704,8
1043705,8
1043718,11
1043725,3
1043739,12
1043743,9
1043750,4
1043756,0
1043764,14
1043769,14
1043785,2
1043793,3
872749,3
712594,3
712612,3
940969,4
782151,4
782181,3
782192,4
1043805,9
1043817,4
1043818,4
1043821,1
1043829,4
1043840,8
1043847,7
1043849,13
1043853,10
1043859,11
979418,3
979455,4
1002502,1
1002503,13
1002509,13
1002513,-1
1002517,4
1002521,7
1002526,10
1002531,17
1002533,2
1002534,-1
1002537,11
940978,10
872775,3
520277,3
712660,4
941040,16
941042,4
872824,3
872827,4
520310,4
782197,4
782199,4
782203,4
782240,4
782242,3
941095,3
941096,3
941119,3
1002551,14
1002554,4
1002555,2
1002568,6
1002572,4
1002574,8
1002583,4
1002589,4
1002590,3
1002591,7
1002595,13
1002604,8
1002606,10
1002607,14
1002609,4
872859,-1
872878,3
872915,3
712699,3
941137,13
941158,11
941199,5
1043871,14
1043874,17
1043876,4
1043881,4
1043882,-1
1043884,6
1043892,1
1043902,8
1043904,14
1043907,3
1043908,-1
1043909,8
1043917,9
872951,4
872958,4
872975,3
979493,-1
979504,3
979519,4
979520,3
979543,2
941222,4
941246,4
1002642,12
520418,8
520432,4
782306,4
1043927,4
1043928,7
1043929,14
1043936,4
1043938,12
1043939,14
1043943,14
1043967,9
1043969,4
1043977,4
782337,4
979557,11
1002701,11
712735,3
872988,3
873016,4
873031,4
873044,6
782368,4
782387,4
782412,3
941276,4
941301,4
873059,4
873070,4
873075,4
873101,4
941323,4
941344,11
520527,3
979677,3
979691,4
979693,3
979705,4
1002714,5
1002719,7
1002725,14
1002731,9
1002735,7
1002743,7
1002746,8
1002747,13
1002753,9
1002772,-1
1043983,4
873113,4
873150,3
873154,4
979722,3
979733,4
782458,4
520563,4
520578,4
941406,4
941407,4
941426,3
1044026,9
1044039,8
1044044,9
1044046,3
1044049,7
1044054,4
1044055,4
1044059,4
1044061,0
1044064,5
1044068,10
979769,9
979775,3
873183,3
941434,4
941444,3
1002774,3
1002811,13
1002814,4
1002819,6
1002822,4
782487,4
941516,4
979868,1
873230,3
873258,4
1002831,14
1002854,4
1002856,3
1002858,11
1002868,14
782556,4
782557,4
782566,10
520668,3
941524,4
941560,3
941572,7
979904,2
979918,4
979922,4
873280,3
873287,3
1002880,-1
1002886,-1
1002888,4
1002895,10
1002902,4
1002912,14
1002921,4
1002931,9
1002938,4
941633,4
979939,3
979967,3
520700,4
520710,3
873339,4
873352,3
1044091,3
1044102,5
1044128,3
979997,4
980008,4
980032,4
1002940,4
1002943,3
1002962,3
1002968,4
1002988,-1
941643,3
941654,4
941656,3
980051,11
980053,3
980085,12
941712,4
941735,4
782689,3
782714,3
1003011,2
1003035,0
1003036,-1
941775,4
782744,4
782769,3
782785,3
1044136,3
1044152,17
1044160,3
1044183,11
1044186,-1
1044190,1
1003046,0
1003052,-1
1003058,4
1003061,11
1003065,4
1003074,10
941842,7
873571,4
873586,-1
873620,4
1003084,8
1003089,13
1003100,3
1003105,3
1003116,9
782828,3
980148,4
980150,4
980163,2
980173,4
980184,3
941856,4
941909,4
873642,3
873644,3
1003131,14
1003135,4
1003142,8
1003147,7
1003148,2
1003151,9
1003185,16
1003195,14
1003197,4
941924,4
941945,4
941953,4
873675,4
873735,3
1044214,4
1044216,2
1044217,4
1044221,4
1044225,4
1044231,4
1044235,11
1044236,4
1044242,3
1044253,11
1044263,13
1003203,4
1003211,3
1003215,8
1003218,3
1003236,7
1003239,8
712796,4
712808,3
712816,15
942019,4
782849,3
782875,3
1003256,11
1003261,11
1003271,3
1003276,4
1003280,8
1003288,11
1044264,8
1044273,10
1044274,5
1044275,2
1044286,10
1044312,4
1044325,7
873808,4
520942,4
520950,4
1003308,10
1003313,17
1003327,13
1003331,-1
1003332,4
1003333,9
1003334,17
1003350,3
1003358,3
1003359,-1
980207,4
980240,3
873881,3
942081,4
942091,3
942114,3
942130,3
1044336,4
1044339,3
1044341,3
1044346,14
1044352,5
1044353,12
1044364,4
520967,-1
520979,4
1003361,5
1003370,2
1003372,9
1003373,8
1003381,6
1003403,12
1003407,3
1003413,-1
1044375,6
1044389,8
1044391,3
1044400,4
1044403,2
1044404,9
1044420,9
942137,3
942148,16
942153,4
712897,4
782977,3
873990,4
874001,3
521041,4
521088,4
1044424,2
1044427,10
1044455,8
1044467,6
1044473,3
1044481,4
1044485,9
874049,3
712926,4
874057,3
874087,4
874094,4
783005,4
783016,3
783020,0
783023,3
1003424,11
1003430,12
1003436,4
1003462,3
1003477,14
980270,3
942230,4
942253,11
942280,14
1044493,4
1044507,9
1044511,6
1044514,3
1044516,3
1044520,3
1044523,2
1044526,4
1044532,8
1044535,1
1044540,7
712987,6
713008,3
980363,4
980394,4
521108,4
521121,3
942304,3
874115,4
874148,3
980406,3
980409,17
980419,6
942364,4
942378,3
942398,4
874172,3
874176,16
1044556,5
1044561,10
1044574,10
1044578,7
1044579,3
1044581,4
874213,3
874243,0
874247,3
942415,3
521162,3
783096,4
783153,4
942443,4
783164,-1
783199,4
783201,4
980500,4
1003489,15
1003493,14
1003496,3
1003501,7
1003503,11
1003505,14
874272,4
713118,11
521201,3
521209,4
942492,3
942499,3
942532,4
942551,4
942553,3
1003515,4
1003519,4
1003529,11
1003533,10
1003536,9
1003544,4
1003548,7
1044607,-1
1044615,3
1044638,1
1044641,4
1044646,4
1044649,5
980543,13
713126,4
713153,-1
874353,4
874361,4
942571,4
942591,4
521247,3
521252,3
783309,4
980581,4
980589,4
980599,4
980607,3
942612,4
942661,12
874374,3
713186,3
713211,3
713215,4
783364,3
783370,4
1044688,3
1044705,10
1044710,14
1044716,4
874429,3
942686,6
942703,4
980623,4
980631,3
980643,4
980648,9
980657,4
713251,4
713267,4
874474,4
874482,3
874516,3
1044733,7
1044737,9
1044753,17
1044756,9
1044761,2
1044765,4
1044768,12
1044770,4
1044781,13
1044785,14
1003571,4
1003573,3
1003580,3
1003587,4
1003594,6
1003611,5
1003614,9
1003618,12
942771,4
713269,3
521307,-1
521312,4
874545,4
874547,4
874549,3
874561,6
874578,4
942799,17
942813,3
783429,4
783470,14
980716,3
713331,4
874603,4
874625,4
874638,3
874640,4
980730,7
1003633,10
1003636,10
1003650,1
1003662,6
1003672,4
1003673,13
1003679,4
1003682,8
1003686,10
1003689,-1
874660,3
874661,3
874698,4
874702,4
713389,3
713392,3
874733,3
874749,4
783573,3
783589,4
942997,3
521440,10
521468,3
521474,3
1003692,1
1003707,4
1003715,12
1003720,6
1003726,11
1003732,4
713426,4
713429,3
713443,3
713460,3
783663,4
943028,4
943030,4
521525,4
1003742,8
1003748,2
1003752,4
1003764,10
1003767,8
1003777,6
1003779,-1
1003794,4
783737,3
943094,3
521566,3
783810,3
874815,4
874816,4
874849,4
1044790,12
1044791,3
1044796,14
1044800,4
1044806,11
1044808,7
1044809,9
1044810,7
1044815,9
1044816,4
1044819,-1
1044825,2
1044836,3
713547,3
713561,4
980797,6
980816,4
980818,-1
874891,4
783853,4
521579,3
521597,3
521602,4
521610,4
1044840,4
1044850,-1
1044866,4
1044867,4
1044871,10
1044896,11
1044900,13
874942,5
1003805,4
1003813,7
1003815,7
1003818,4
1003838,4
1003849,6
1003850,8
783881,3
783884,6
783885,3
783900,3
980852,4
980870,4
980881,4
980886,3
980889,13
943175,4
943203,9
713597,3
713625,1
980900,4
980913,4
980948,4
980951,4
874985,4
874994,3
874995,3
875012,4
1044903,4
1044919,11
1044927,13
1044929,7
1044930,11
943228,3
943240,3
943253,4
980969,4
980970,4
980993,14
980994,4
875026,3
875038,4
875051,4
1003855,7
1003860,10
1003862,11
1003872,4
1003873,6
1003878,4
1003888,0
1003898,4
1003899,9
1003900,16
1003909,11
943295,16
943297,4
713631,3
713635,13
713655,4
981015,4
981050,3
981053,3
875069,6
875086,4
875092,4
875099,3
875120,3
1044963,6
1044966,14
1044967,13
1044979,3
1044993,4
1045001,-1
1045002,4
521633,4
943349,3
943365,3
943366,3
943367,3
943372,3
875123,3
875141,4
875158,3
875169,4
981079,4
981082,4
981106,4
1045031,10
1045032,3
1045033,3
1045037,4
1045039,6
1045040,14
1045041,9
943418,3
875230,3
1003926,4
1003928,9
1003951,11
1003952,11
1003955,4
1003956,9
1003968,3
1003971,7
1003980,10
1003983,4
521710,4
943431,3
875268,4
1045067,0
1045088,17
1045096,3
1045097,0
1045105,7
713711,3
943503,6
1045107,14
1045108,4
1045113,8
1045116,4
1045124,4
1045139,-1
1045141,7
1045145,4
1045146,4
1045147,-1
1045159,4
981172,3
1003994,14
1003995,14
1004003,5
1004010,3
1004029,13
875373,4
981188,4
981215,16
981231,4
713779,3
713785,4
1004036,3
1004058,17
1004060,4
1004068,7
1004071,11
1004073,10
943643,3
875408,3
875429,4
1045169,5
1045196,6
1045198,10
1045199,17
1045200,4
1045209,11
1045210,10
981254,6
713815,8
1004081,3
1004082,2
1004089,4
1004106,14
1004110,9
1004124,4
1004126,9
1004129,4
713859,3
943723,3
943737,3
943758,3
1045223,4
1045224,4
1045227,4
1045228,3
1045232,9
1045241,5
1045245,9
1045258,2
1045263,12
1045274,17
1045275,8
875569,16
1004143,4
1004146,8
1004148,15
1004174,13
943779,2
943781,10
943810,4
875611,2
713929,3
713956,3
943823,4
943863,3
1004183,4
1004184,4
1004196,6
1004199,4
1004200,12
1004201,6
1004213,4
1004221,17
981356,4
943885,4
943903,4
943910,3
1004223,6
1004227,1
1004233,3
1004258,2
1004263,9
1004265,9
981435,4
875730,3
943941,4
943951,4
943988,15
1004281,7
1004285,4
1004302,3
1004321,4
1004322,11
1004327,0
1004332,4
1045278,13
1045283,4
1045285,4
1045314,12
1045318,3
1045322,12
784110,7
784149,7
784162,3
981468,3
944023,17
1045328,13
1045342,13
1045356,9
1045360,-1
1045364,0
1045365,4
1045386,1
1045388,3
1045403,4
1045414,14
1045427,10
1045443,4
784216,4
981511,2
714036,3
714066,3
1045459,3
1045463,14
1045464,3
1045468,12
1045483,3
1045487,7
1045491,9
1045497,14
1045505,10
1045508,17
1045514,9
981566,4
1074044,-1
1074057,14
784246,3
784277,4
1004355,4
1004356,12
1004358,11
1004359,7
1004365,8
1004367,4
1004374,4
1004379,11
1004383,-1
1004384,4
1004385,4
1004392,3
1004393,2
1004395,9
1004398,10
1004403,0
875867,4
714145,15
981600,5
981615,3
784323,12
944049,3
875914,4
875925,4
875952,4
1074074,9
1074076,7
1074079,6
1074080,-1
1074087,0
1074094,9
1074099,-1
1074105,12
1074106,4
981655,3
981671,3
981673,8
981698,3
1004409,8
1004411,17
1004415,11
1004423,2
1004435,4
1004442,0
1004449,7
1004450,11
1004452,4
875997,3
714196,3
714201,4
1045520,14
1045523,4
1045524,12
1045530,14
1045534,4
1045536,7
1045538,4
1045540,2
1045542,1
1045548,2
1045550,4
1045556,4
1045573,8
1045576,-1
1045592,3
1045596,8
1045602,6
1045610,0
1045611,10
1045617,1
1045619,9
1045625,14
1045629,1
1045630,4
1045636,4
1045640,4
1004463,5
1004466,9
1004481,8
1004486,3
1004488,3
1004492,2
1004493,8
1004495,-1
876044,4
1074120,4
1074121,3
1074122,14
1074125,0
1074136,7
1074142,4
1074147,4
1074148,4
1074151,4
1074156,1
1074158,7
1074163,3
981711,4
981734,9
981753,4
981757,4
981763,3
876072,3
876080,4
1045647,2
1045651,4
1045661,6
1045663,4
1045669,7
1045685,6
1045693,-1
1004524,4
1004542,-1
1004554,14
1004560,0
1004564,4
1004570,9
1004572,9
1004574,3
944189,4
981775,11
981780,4
981813,4
981825,2
876118,11
876128,3
876150,4
876165,4
1074178,3
1074183,4
1074184,14
1074204,13
1074205,5
1074206,8
1074213,10
1074216,9
1074228,10
1074240,2
944220,2
944228,3
1045695,3
1045698,9
1045721,13
1045727,4
1045730,1
1045737,4
1045741,-1
1045745,4
1045762,4
1004586,3
1004610,14
1004614,11
1004627,14
1004635,1
1004636,3
1004638,10
1004652,12
1004653,10
1004673,3
1004675,13
1004686,-1
784487,4
784495,16
876182,4
876190,3
981847,3
981869,15
944276,4
944284,16
944307,4
944308,4
944312,4
1004698,4
1004710,16
1004711,9
1004715,6
1004729,10
1004738,8
1004750,4
1074243,12
1074246,12
1074248,7
1074264,9
1074265,3
1074267,3
1074274,3
1074276,9
1074287,4
1074295,-1
1074296,3
876250,3
876257,4
876281,4
944352,6
1004757,4
1004759,2
1004769,4
1004774,4
1004775,13
1004780,4
1004783,11
1004786,3
1004790,1
1004797,4
1004801,10
1004803,3
1045775,14
1045776,14
1045781,3
1045782,17
1045800,2
784576,3
784612,14
784628,3
784634,3
714259,3
876315,4
876324,4
944398,14
1045805,4
1045809,4
1045818,13
1045826,3
1045828,13
1045841,3
1045843,7
1045846,17
1045854,4
1045857,4
1004810,9
1004820,9
1004822,-1
1004828,17
1004847,13
1004853,2
1004863,9
1074321,0
1074327,13
1074337,13
1074357,4
714283,3
944445,-1
944496,3
876381,4
876389,3
1045869,3
1045881,4
1045894,3
1045905,17
981925,3
981932,4
784663,4
784674,3
1074381,1
1074385,4
1074386,-1
1074387,8
1074390,-1
1074397,4
1074398,11
1074400,9
1074410,0
1074411,4
1074412,0
1074414,3
944539,9
944556,4
876436,4
981941,16
981945,4
981951,4
981960,4
784744,4
784750,9
784754,4
714378,3
981968,4
981981,4
981985,4
981986,4
981991,4
1004867,3
1004868,4
1004877,-1
1004878,4
1004880,9
1004883,6
1004903,5
1004906,7
1004907,0
1004909,3
1004919,10
1004921,0
944582,4
944583,4
944587,16
944602,4
944605,1
784761,3
784770,3
784805,4
876486,3
876499,14
1045922,7
1045932,-1
1045933,4
1045934,14
1045935,7
1045961,8
1045964,14
876512,4
876513,3
876534,3
876541,3
876565,4
714425,9
944663,4
1074431,4
1074437,4
1074442,4
1074448,9
1074456,3
1074457,2
1045981,14
1045986,5
1045992,5
1045996,3
1046000,5
1046004,4
1046007,9
1046013,9
944685,4
944717,3
1074467,13
1074468,0
1074472,0
1074477,-1
1074504,10
1074511,-1
1046017,12
1046019,5
1046022,7
1046027,3
1046037,14
1046040,3
1046041,15
876658,4
876680,7
982056,4
982065,3
982086,4
1004931,12
1004937,4
1004956,5
1004957,4
1004959,14
1004962,3
1004963,3
1046047,4
1046056,11
1046059,3
1046063,16
1046076,7
1046094,7
1046097,10
1004972,3
1004976,3
1004986,10
1005013,4
982107,4
982108,14
714494,3
714506,3
714525,4
944798,3
944840,4
982122,3
982158,4
982169,3
1046113,6
1046115,6
1046124,4
1046126,8
1046139,2
1046153,3
1046154,0
1046169,3
876740,3
876769,3
876772,3
714534,4
944861,4
944864,4
944865,3
944872,3
944885,4
944894,8
1005038,0
1005059,4
1005061,3
982194,4
982204,2
982227,3
876799,4
876800,4
944903,9
944931,4
944952,3
1005075,3
1005096,3
1005104,2
1005105,4
1005111,4
1005113,4
1046172,10
1046184,4
1046204,7
1046211,13
1046213,4
1046219,8
876849,4
876855,3
876877,3
1005125,7
1005170,4
1005171,12
1005173,4
1005175,10
982262,10
1074520,8
1074521,3
1074528,1
1074540,3
1074545,4
1074546,17
1074547,0
714668,3
784942,3
784963,3
944979,10
944985,4
1074568,6
1074585,17
1074609,1
1074613,5
876975,4
1005183,14
1005186,4
1005188,9
1005189,11
1005190,14
1005191,14
1005194,9
1005196,12
1005203,17
1005209,12
1005218,4
1005221,6
1006208,4
1006210,4
1006214,14
1006216,1
1006219,4
982365,4
982376,4
714706,16
714716,4
714728,11
945037,9
945054,4
1046242,9
1046257,7
1046259,2
1046270,3
1046273,6
1046275,11
1046276,4
714739,4
714758,4
714770,4
785003,4
785030,4
785034,3
785086,4
945064,4
945091,4
945098,4
945109,14
1074619,11
1074622,4
1074626,12
1074630,14
1074639,-1
1074641,7
1074649,3
1074656,4
1074658,9
1074660,4
1074664,-1
1074668,3
1074670,7
877131,6
1006223,10
1006228,4
1006234,0
1006251,6
1006254,13
1006270,14
1006273,-1
1006274,3
785095,16
785118,-1
945129,3
945148,4
945159,4
1046286,6
1046287,3
1046289,0
1046297,4
1046302,3
1046306,6
1046311,9
1046316,14
1046322,6
1046327,-1
1046334,10
714803,4
714804,9
714812,4
714827,4
785190,0
945179,6
945202,4
877219,3
877223,4
1046345,4
1046354,12
1046366,5
1046371,4
982410,4
714891,4
945279,11
785228,16
982466,4
982474,9
982483,4
982493,4
1006282,3
1006285,13
1006300,3
1046377,9
1046378,12
1046380,3
1046385,14
1046392,3
1046393,3
1046402,4
1046416,7
1046423,10
1046427,10
1074680,4
1074694,9
1074701,1
1074704,7
1074716,6
945296,3
945336,8
785260,4
785267,15
877333,4
877342,4
877360,4
877375,4
982530,4
982544,10
982560,4
982561,4
982564,3
982570,4
1074722,14
1074723,14
1074729,-1
1074736,10
1074744,9
1074747,11
1074748,11
1074749,9
1074754,3
1074757,5
1074761,15
877407,4
877412,16
877430,3
877432,4
877450,4
945390,4
945406,3
945421,3
982579,4
982580,4
982613,3
1074765,0
1074769,11
1074771,4
1074772,-1
1074781,8
1074788,11
1074806,7
1074812,6
1074816,3
1074818,7
785329,-1
785366,4
877469,4
945462,4
945479,3
982624,4
982631,4
982648,4
982665,4
714922,4
714928,3
714963,3
1006313,10
1006314,13
1006317,4
1006318,2
1006330,12
1006332,4
1006336,11
1006344,6
1006355,12
982684,4
982710,4
982720,3
1046445,4
714989,3
715008,3
1074827,11
1074828,4
1074842,4
1074844,5
1074850,-1
1046464,5
1046470,7
1046481,3
1046483,5
1046493,-1
1046494,3
1046506,4
1046509,3
1046510,-1
785392,8
785404,-1
785420,16
877526,11
877529,4
945520,13
945537,1
982747,4
982774,4
982777,3
982778,2
982828,4
785447,3
785482,3
877584,4
877590,3
877624,4
877627,4
877628,15
877631,4
877637,3
945559,4
945566,12
945591,4
945592,8
982847,12
982885,4
982886,4
982888,3
982889,7
1046521,1
1046525,6
1046538,8
1046546,15
1046551,4
1046554,0
1046555,0
1046561,9
1046564,9
1046566,4
785528,3
785529,4
945612,3
945650,6
982895,4
982896,4
1046573,15
1046579,9
1046585,4
1046596,3
1046602,3
1046608,12
1046609,9
1046610,0
1046612,8
1046618,10
1046620,0
785575,16
785596,3
1006368,11
1006385,11
1006389,3
1006396,11
1006398,3
1006403,2
877642,9
877666,4
877678,4
945709,4
1046625,3
1046629,10
1046631,12
1046648,10
1046650,6
1046655,2
1006430,4
1006440,8
1006444,9
1006455,4
1006457,8
1006468,4
1006470,5
945740,16
945744,3
1046658,4
1046667,0
1046669,-1
1046673,3
1046678,14
1046687,7
1046695,14
877715,4
877725,4
1006485,13
1006491,13
1006493,1
1006494,-1
1006499,16
1006500,2
1006502,7
1006513,9
1006515,4
1006528,12
1006529,3
1006530,14
785621,11
785638,4
982969,4
982973,15
982985,3
945804,3
945810,4
1046718,9
1046752,4
1046756,4
877750,4
785729,4
785738,3
785755,4
983011,3
983027,4
945861,3
945884,3
945898,4
877832,3
1006532,8
1006534,4
1006536,4
1006540,4
1006549,4
1006550,4
1006586,0
983059,4
983095,4
983098,4
715110,17
715115,4
1046770,-1
1046771,9
1046785,3
1046787,13
1046804,14
1046806,4
1046814,6
1046823,9
1074960,16
1074974,13
877890,4
877908,3
1074984,11
1074987,4
1074990,4
785800,4
983160,2
983162,4
983167,4
1006596,12
1006602,-1
1006605,11
1006606,3
1006616,4
1006617,1
1006627,10
1006631,7
1006634,0
1006635,7
1006637,3
1006641,14
945924,0
945929,4
945938,4
877941,4
877951,4
785867,4
1006645,12
1006646,3
1006648,3
1006667,4
1006671,13
1006686,-1
1006687,2
1006690,4
1006691,4
1006694,10
878003,4
878012,4
715279,16
1046831,2
1046833,9
1046834,0
1046838,13
1046842,4
1046846,0
1046850,3
1046853,4
1046871,4
1046872,6
1046876,12
878044,4
878058,4
715329,3
1006713,11
1006720,4
1006726,3
1006731,4
1006732,7
1006735,16
1006737,7
785950,3
785972,3
785983,3
785996,4
786017,2
786032,4
983174,4
983191,3
983203,3
983221,4
945948,4
945987,4
1075113,2
715366,4
1075118,10
983224,3
983264,4
946002,4
946023,16
946039,4
878147,3
878160,4
878178,9
983279,4
983308,7
1006767,0
1006768,4
1006771,4
1006776,7
1006777,13
1006779,4
1006782,4
1006784,11
1006787,4
1006789,1
786043,14
786078,3
946053,4
946087,12
878209,3
878233,4
878252,4
1006791,3
1006808,2
1006810,2
1006815,2
1006837,11
1006839,4
1006843,3
1075180,14
786107,4
946117,4
946128,4
1075189,4
878270,9
878297,3
878300,3
786163,4
715404,4
1046882,3
1046889,5
1046890,4
1046892,3
1046894,7
1046895,3
1046897,14
1046907,12
1046909,3
1046910,13
1046913,7
1046917,2
1046920,4
1046921,8
1046932,4
1046942,11
1046947,4
1046961,13
1046964,4
1046973,14
1046979,5
1046989,15
1046990,9
1046991,7
1046993,3
983330,4
878333,4
878335,0
1006860,14
1006861,10
1006865,7
1006884,-1
1006887,0
1006889,7
1006899,7
878401,3
878426,3
1075215,14
715459,3
878433,4
878467,1
878473,4
715494,4
946209,5
946212,3
786272,3
786285,3
1047009,17
1047029,11
1047039,14
1047056,7
1047063,4
1047076,4
1047096,2
1047097,4
1047108,4
1047113,3
1047115,10
1075237,9
1047119,3
1047122,4
1047130,10
1047141,10
1047151,2
1047163,3
1047164,1
1075285,1
1075286,15
1075289,0
878497,4
878501,4
878520,0
983398,4
983408,8
983409,11
983411,4
983422,3
946233,3
946253,-1
946266,4
1075294,14
1075303,4
1075304,4
1075307,4
1075310,4
1075311,4
1075316,8
1075326,-1
1075330,3
1075336,5
1075348,4
946320,4
946323,3
983428,3
983439,4
983446,4
983455,4
946383,4
946386,4
983470,4
983474,4
1075349,-1
1075350,4
1075351,8
1075354,13
1075359,14
1075374,3
1075391,-1
1047175,5
1047182,15
1047197,6
1047203,10
1047209,3
1047214,4
1047217,3
715557,4
878547,3
878569,3
1006929,3
1006934,11
1006960,3
1006963,4
1006967,11
1006969,2
1006970,4
1006974,13
1006983,13
1006992,17
1006998,1
1007000,-1
1007002,11
1007009,13
1007014,13
1007016,13
1007018,2
1007019,3
1007030,2
1007031,12
1007036,14
1007039,6
983521,4
983530,4
983547,4
983559,4
983565,3
983567,4
1047249,4
1047252,1
1047257,7
1047265,-1
1047284,13
786419,3
786424,2
946405,4
946421,4
946423,4
946446,4
983592,4
983617,12
715601,3
715616,4
1047291,4
1047296,2
1047318,4
1047335,4
1047336,1
1047346,13
946450,8
946463,3
946468,4
946483,16
946499,3
878603,12
983634,4
983641,4
983665,4
786441,4
786460,3
715668,4
878656,4
983677,3
983692,4
983708,14
983714,4
786511,3
1075501,13
878724,3
878732,4
878746,-1
878761,4
983748,4
983764,4
1007042,6
1007043,3
1007050,15
1007062,6
1007067,4
1007068,13
1007072,17
1007077,0
1007086,0
1007088,0
1007089,4
1007094,3
1007097,4
1007098,11
1007101,12
878812,0
1047352,1
1047367,13
1047368,4
1047372,6
1047377,14
1047378,14
1047397,14
1047405,7
946611,12
946634,4
983817,4
983823,4
983833,6
983834,3
1047414,10
1047415,4
1047438,8
1047440,0
1047441,5
1047442,4
1047443,11
1047445,4
1047446,11
1047460,11
1047463,3
1047466,9
983843,4
983864,2
983871,9
1075610,7
878839,4
878841,4
878859,4
878865,3
786548,4
715737,3
715771,3
946654,3
946658,3
878888,4
786639,3
786645,3
946707,3
946740,3
946750,4
715794,3
1007113,2
1007127,4
1007147,3
1007150,14
1007153,9
1007155,3
786664,9
786682,3
983913,4
715801,4
715807,3
715833,4
983986,4
983996,4
984000,4
946759,16
946768,4
946772,3
946796,14
1047475,11
1047477,0
1047478,-1
1047479,-1
1047480,11
1047491,8
1047492,4
1047493,3
1047494,10
1047512,2
946828,4
946837,4
1047520,8
1047522,13
1047537,13
1047541,4
1047544,10
1047548,12
1047550,5
1047567,11
879009,3
879021,4
984095,4
984102,3
984128,3
786772,4
879071,4
879076,4
879097,-1
1047583,10
1047593,5
1047604,17
1047606,12
1047620,14
984138,7
984142,4
984146,4
984157,4
984164,4
946875,4
1047625,3
1047631,4
1047637,14
1047640,4
1047643,4
1047645,2
1047647,4
984186,4
715896,3
1007160,3
1007180,6
1007181,17
1007184,7
1007186,10
1007192,3
1007201,11
1007213,9
984231,4
1047652,2
1047657,5
1047659,14
1047665,5
1047673,10
1047684,9
1047688,9
1047690,0
1047692,4
1047695,3
1047696,17
1047701,9
1047702,3
1047704,4
946924,4
946934,4
946946,3
946947,4
879131,4
879150,3
879158,3
879161,4
786809,4
715937,6
984288,4
984325,3
946959,4
946977,4
947002,4
879221,4
786862,4
786888,4
984328,4
984334,4
984335,4
984339,3
786955,3
786976,4
1047707,3
1047712,4
1047716,15
1047727,6
1047730,13
1047735,4
1047748,12
1047754,3
947011,13
879258,14
716008,3
984393,10
1007216,12
1007231,8
1007236,4
1007260,11
1007261,6
1007268,14
1007269,-1
1007272,1
1007287,10
1007301,9
1007303,7
1007315,4
1007318,14
1007322,9
1007337,11
787039,3
1047770,8
1047775,11
1047779,3
1047785,7
1047798,3
1047799,10
1047800,9
1047801,13
1047812,0
947080,4
947091,11
947124,3
947129,3
984430,3
984434,4
984479,0
1007346,11
1007350,9
1007352,9
1007353,6
1007374,10
1007380,4
787073,4
787082,8
787107,3
984519,7
984524,3
716062,4
879412,4
879422,4
879433,4
947145,4
947147,4
947165,3
947170,4
947179,14
984537,3
1007402,4
947186,3
947188,4
947189,16
947206,13
947241,3
984600,4
984608,3
984622,4
1007446,9
1007447,5
1007458,-1
1007467,2
1007468,4
1007470,10
716124,4
716126,3
716144,3
984654,4
1076058,7
984700,4
984708,9
984713,9
984731,4
984742,4
1076077,0
1047820,9
1047826,3
1047829,7
1047841,-1
1047843,5
1047850,11
1047854,9
1047867,13
947315,4
947327,4
787126,3
787128,7
787154,4
787157,4
984775,4
879543,3
879600,3
947379,3
787209,3
879644,3
879647,9
716266,3
716279,4
947436,3
947444,3
787230,3
1047872,9
1047877,4
1047898,2
1047903,3
1047909,8
716302,3
947482,3
947522,3
984842,7
984843,4
1076238,9
1047925,4
1047933,3
1047945,4
1047949,1
1047950,6
1047954,14
1047956,4
1047957,3
787278,3
787289,0
787310,3
947553,1
947560,4
879756,16
879766,3
879778,3
984937,15
716383,3
716397,4
787339,4
1047963,4
1047966,13
1047981,11
1047983,12
1047988,1
1047989,4
1048005,4
1048009,4
1048018,7
1048020,4
1048023,-1
879792,4
879794,3
879810,10
879821,4
879832,13
879837,3
947595,3
787370,4
787380,4
787383,4
787402,14
984967,3
985001,11
716431,3
716446,3
716450,3
985024,-1
985025,4
985044,3
985063,6
985068,4
985070,4
985076,3
985092,4
879853,3
879859,3
879871,15
1076344,7
1007496,4
1007505,4
787501,13
985121,4
1007516,13
1007519,10
1007528,7
1007530,13
1007532,2
1007545,13
1007546,4
879912,3
879925,3
879952,4
985199,4
985211,4
1076408,-1
716466,17
879987,4
880009,4
787572,4
787574,4
1007564,10
1007565,9
1007568,4
1007577,3
1007578,4
1007597,4
1007601,11
1007603,3
1007611,14
1007613,2
1007616,3
985256,4
985270,3
947762,9
947766,4
947795,4
947804,3
947836,4
947850,3
880042,3
787629,3
947864,4
947878,3
947891,4
1007617,7
1007621,-1
1007622,4
1007623,-1
1007638,-1
1007643,3
1007657,8
1007660,0
1007666,4
1007669,9
880099,4
880119,9
716584,3
947929,4
947937,16
947956,0
1076527,10
1076559,0
787699,4
787700,9
787729,4
1007676,12
1007678,9
1007679,14
1007683,0
1007693,12
1007695,9
1007712,17
1007713,8
880199,3
880203,4
880218,6
716601,4
716649,4
1048031,4
1048034,4
1048040,6
1048041,4
1048044,-1
1048048,10
1048055,8
1048061,6
1048080,4
1007729,4
1007730,10
1007742,4
1007746,14
1007757,11
1007761,-1
1007772,11
1007783,7
880246,4
880249,3
880266,4
787738,4
787742,5
787766,-1
1048085,6
1048086,2
1048087,4
1048117,-1
1048129,4
1048142,13
880288,4
948062,4
948065,4
948070,4
948077,3
948081,4
948107,6
1007788,14
1007803,-1
1007808,10
1007812,8
1007814,7
1007824,8
1007825,4
1007830,8
1007831,3
1007835,3
1048148,6
1048152,2
1048154,7
1048174,3
1048176,4
1048183,4
1048194,4
948121,3
948125,3
948151,10
716668,-1
1007848,4
985287,3
985288,4
985297,4
787828,4
948157,-1
948178,4
948183,16
948213,3
1007870,9
1007871,11
1007872,3
1007894,4
1007896,9
1007899,2
1007902,4
1007909,4
787890,4
787898,4
716712,4
1048198,17
1048199,4
1048208,9
1048216,3
1048225,4
948246,3
948247,3
1007912,2
1007918,4
1007920,8
1007938,1
1007941,-1
1007942,11
1007946,4
1007948,11
1007952,6
1007961,13
1007962,2
1007963,11
1007965,2
880416,4
880450,10
880458,12
985373,4
985380,4
948292,4
948307,3
1007974,4
1007977,6
1007979,3
1007981,8
1007982,14
1007988,14
1008007,4
787922,3
787937,10
787944,3
985412,4
985443,4
1008027,7
1008037,4
1008043,3
1008057,12
1008060,6
1008062,14
1008064,4
1008065,4
1008067,4
1008071,4
1008074,4
1008080,10
1008081,10
1008083,4
1008086,2
1008087,8
1008094,11
1008099,3
1008106,4
1008113,12
1008114,-1
1008121,9
1048228,4
1048243,3
1048249,13
1048251,13
1048256,3
1048261,3
1048278,3
948343,9
948386,-1
948392,3
880504,4
880505,3
787958,4
787978,16
985467,5
985494,3
985496,4
985505,4
788011,3
1048289,0
1048298,4
1048299,3
1048304,4
1048307,14
1048313,11
716766,4
716778,3
716783,3
716791,3
948440,14
948446,10
880552,3
985517,8
985523,4
985530,9
985539,4
985555,4
985559,-1
985560,4
985563,4
1076885,10
1076889,4
1048335,2
1048360,4
1048364,13
1048369,6
1048372,8
1048374,11
1048375,3
1008134,13
1008146,11
1008153,8
1008171,6
1008174,4
1008184,6
1008186,4
1008187,7
948458,1
948485,3
948488,3
948501,4
880578,3
880596,4
880630,4
788096,3
788115,3
985572,3
985588,3
985593,3
985601,3
985605,4
985608,4
716888,3
716896,3
1008191,4
1008192,4
1008202,0
1008204,9
1008205,12
1008207,8
1008210,0
1008220,4
1008224,12
1008233,3
1008238,4
880664,4
985627,4
985677,3
985684,4
948527,4
948554,4
788165,3
880686,4
880698,4
1048384,6
1048411,2
1048418,9
1048426,4
1048430,3
985696,4
985733,3
716981,3
716998,3
948575,3
948593,4
948615,3
880744,3
880762,3
1076993,-1
1048441,13
1048444,7
1048449,0
1048473,11
1048487,4
1048493,3
1048496,3
880788,3
880801,3
880812,3
880833,4
948653,4
948671,3
1008248,4
1008251,3
1008264,4
1008268,5
1008276,3
1008277,3
1008278,3
788205,4
788208,3
985754,4
985758,4
985764,3
985795,3
1008292,14
1008298,4
1008312,1
717060,4
717114,4
985869,4
880839,3
788257,4
788262,4
1008344,2
1008345,4
1008349,8
1008350,4
1008362,13
1077178,2
948711,4
948716,4
948720,3
948721,7
985890,13
985936,4
1048513,4
1048518,9
1048524,4
1048529,0
1048540,4
1048541,14
1048549,13
788332,4
788359,13
948729,3
948743,4
948760,3
948763,4
1008381,14
1008391,4
1008399,14
1008404,13
717127,14
717134,4
717169,6
880941,3
788366,1
788382,10
1008405,4
1008416,2
1008419,-1
1008421,1
1008422,-1
1008452,15
985995,4
985997,3
986003,3
1048573,9
1048582,11
1048584,7
1048586,10
1048589,14
1048594,6
1048600,11
1048601,14
1048605,12
1048607,15
1048612,14
880979,3
788459,4
788464,4
788466,4
1077252,4
1008467,3
1008468,3
1008470,3
1008471,9
1008476,11
1008478,4
1008480,5
1008481,14
1008496,6
1008502,4
986050,4
986066,3
986083,4
717205,3
788492,3
788520,3
881026,14
1077307,4
1077334,3
1077339,0
986095,3
986113,3
986114,1
986115,5
986124,4
1008504,1
1008506,14
1008507,4
1008509,10
1008510,15
1008521,8
1008522,13
1008523,-1
1008537,3
1008541,17
1008543,1
1008548,11
788537,4
986184,4
986198,-1
788587,15
788600,3
881098,3
881144,2
1077356,4
1077358,14
1077365,11
1077367,11
1077376,-1
1077381,15
1077408,-1
1077412,8
1008566,8
1008581,3
1008582,16
1008589,0
1008591,4
1008614,-1
881155,3
881176,16
881179,4
1048625,11
1048626,7
1048629,11
1048633,11
1048635,13
1048636,-1
1048652,0
1008626,10
1008638,17
1008639,10
1008641,-1
1008664,4
1008665,11
1008674,4
881205,3
948843,7
948848,0
948851,11
986257,4
986260,4
1077425,10
1077443,3
1048679,14
1048684,-1
1048686,1
1048718,4
788708,4
788724,3
1008682,7
1008698,11
1008715,13
1008716,9
1008725,4
1008729,14
986293,4
717355,4
717357,4
948889,10
1077464,9
1077474,0
1077486,5
1077489,4
1077490,2
1077503,4
1077507,4
1077513,9
1077514,4
986342,4
986343,4
986363,8
1008733,4
1008736,0
1008741,4
1008754,4
1008755,12
717392,3
717427,16
1048725,3
1048734,7
1048750,6
1048757,15
1048761,11
1048764,4
1048776,7
788748,4
788754,3
881358,3
986387,3
986398,3
986425,3
986426,15
986437,4
949005,-1
949007,-1
949018,4
949040,4
1008782,9
1008784,3
1008785,4
1008788,15
1008790,4
1008823,9
1008827,-1
1008833,4
1008840,4
717462,3
881404,4
788798,3
788808,4
788812,3
788813,4
986448,3
986493,3
986494,4
1048787,0
1048816,3
881449,3
986508,4
986522,9
986528,3
986533,4
986542,3
986546,4
881481,4
881512,3
949082,3
1048821,1
1048822,4
1048833,12
1048837,8
1048838,9
1048840,14
1048848,4
1048853,4
1048859,3
1048864,2
1048879,11
1008847,4
1008896,7
1008910,13
1008914,3
1008937,4
1008938,-1
1008939,6
1008941,0
1008943,4
1008945,5
986592,10
986607,16
986622,9
881531,9
881534,3
788843,8
717534,3
717535,4
949104,16
949107,4
949122,3
949131,15
949137,14
1077522,3
1077526,4
1077541,11
1077543,3
1077545,4
1077547,9
1077557,17
1077561,-1
881599,3
881604,4
881619,3
881634,3
788920,3
717579,3
717589,4
949180,4
949218,4
1008948,8
1008949,3
1008950,4
1008956,4
1008959,11
1008967,4
1008968,-1
1008973,4
1008975,12
1008976,11
1008984,2
1008992,13
1008993,4
881657,3
881679,4
881695,3
1048885,4
1048889,7
1048901,4
1048904,4
1048908,-1
1048920,2
1048932,3
717620,3
717622,3
717640,4
717650,3
949242,3
986638,3
986648,12
986673,3
986704,4
986705,3
986712,4
1048936,0
1048946,10
1048950,0
1048951,4
1048952,12
1048956,14
1048961,4
1048965,12
1048968,5
1048971,13
1048975,4
1048991,4
1077580,4
1077590,8
1077594,2
1077607,10
1077619,-1
1077623,11
788999,3
789034,3
881710,4
1009001,4
1009004,14
1009006,0
1009037,3
949319,4
789052,3
986745,9
986746,4
986748,4
986749,3
986772,4
986778,4
1077635,14
1077638,14
1077645,10
1077646,5
1077649,13
1077656,16
1077666,11
1077670,6
1077676,4
1077681,13
1077683,4
1077684,4
881783,4
1009039,0
1009044,2
1009046,6
1009050,4
1009051,9
1009067,4
949359,3
986820,16
1049002,3
1049011,2
1049022,15
1049039,10
1049040,7
1049043,13
789100,3
789133,1
986900,3
949392,4
949397,4
1049085,11
1049090,2
1049092,13
1049093,17
1049095,1
789176,4
789196,4
986926,4
881826,4
881869,4
949485,9
949490,4
1077696,4
1077705,11
1077709,-1
1077716,4
1077721,6
1077723,11
1077727,17
1049103,0
1049117,4
1049123,13
1049132,3
1049135,2
1049144,17
1049148,4
1049149,4
1049157,13
1009087,14
1009105,4
1009124,3
1009131,10
881875,4
881921,7
789219,3
789235,3
789254,4
789257,8
949515,4
949549,11
1077747,2
1077749,17
1077763,9
1077765,0
986997,3
1009132,13
1009136,9
1009141,-1
1009142,4
1009143,4
1009145,4
1009157,4
1009163,4
1009169,2
1009171,4
1009175,3
1009176,4
1009188,4
1009189,4
1009192,17
1009193,7
881966,4
881969,3
789273,3
789302,4
987053,4
987055,4
1049169,2
1049172,3
1049173,5
1049180,4
1049182,4
1049203,11
1049205,4
1049206,4
1049210,3
1049211,0
1049218,17
1049221,4
949574,4
949591,14
1077814,4
1077828,13
1077833,4
1077835,4
1077850,14
1077851,9
1009195,7
1009198,2
1009202,4
1009209,3
1009217,2
1009226,17
1009231,14
1009232,4
1009234,4
1009247,2
1009252,1
987098,4
987103,4
789329,4
1049233,3
1049241,14
1049246,11
1049258,12
1049265,14
1049267,6
987112,8
987117,9
987127,3
789392,3
789446,4
882084,4
1077859,7
1077864,14
1077873,14
1077876,17
1077892,4
1077903,14
1077911,1
1077912,15
1077913,4
1077915,4
717833,3
949618,4
949624,3
789514,4
882121,12
882159,9
789570,4
789572,3
1049277,8
1049280,6
1049282,9
1049287,-1
1049300,-1
1049310,9
987256,3
987258,4
949648,4
1009266,3
1009283,0
1009289,4
789584,3
789603,4
789617,4
882187,3
987307,4
789641,3
789659,3
789693,4
1049333,3
1049339,3
1049343,4
1049346,11
1049350,11
1049355,4
1049358,2
1049360,10
1049366,4
1049367,2
1049383,4
1077935,11
1077938,4
1077942,4
1077943,17
1077946,7
1077966,4
1077969,3
1077972,13
987327,3
1009307,2
1009310,3
1009317,3
1009323,-1
1009333,9
1009342,-1
1009350,5
1009351,8
882253,16
882255,10
949688,3
949718,4
717971,3
717976,3
717997,3
789699,3
789752,2
987389,3
949768,14
1049403,17
1049412,3
1049414,9
1049415,3
1009357,8
1009358,7
1009373,3
1009381,8
1009389,4
1009396,17
882293,16
882308,-1
882314,4
882336,-1
949793,4
949825,3
987438,4
987459,3
1049453,2
1049457,4
1049464,2
1049469,3
1049472,13
1049475,2
789766,4
789773,4
987505,4
987530,4
949857,3
949859,3
1009407,14
1009411,4
1009412,14
1009416,17
1009423,4
1009426,-1
882392,4
1049491,11
1049496,4
1049501,9
1049511,6
1049527,4
1049533,1
1049543,1
1049550,1
949909,3
949920,9
789811,3
789824,3
789837,3
789844,3
789857,4
1009448,-1
1009456,4
1009461,4
1009465,8
1009473,10
1009474,10
1009475,1
1009478,4
1009486,3
949935,4
718099,9
718102,11
718104,4
882444,3
1049560,17
1049569,6
1049571,3
1049576,-1
1049577,2
1049586,2
1049587,4
1049588,14
1049589,11
1049594,10
1049597,3
1049606,11
1049611,9
1049612,4
1049617,6
789859,3
789892,4
789902,4
789913,4
949989,16
950000,4
950002,3
950014,4
882477,3
882485,4
882488,12
1009493,3
1009509,13
1009510,13
1009511,3
1009514,3
1009526,10
1009539,4
718140,0
1077977,15
1077982,4
1077988,7
1077989,3
1078018,13
789922,3
789929,3
789954,3
950040,3
950042,9
950058,4
1009550,15
1009556,11
1009557,4
1009562,6
1009563,6
1009573,3
1009578,1
1009580,4
1009587,-1
1009588,4
1009592,0
1049621,7
1049640,4
1049643,8
1049647,4
1049651,8
1049657,4
1049659,11
1049661,3
1049663,10
1049666,4
1049667,4
1049673,11
987558,3
987565,3
987580,3
950072,4
789975,4
789979,3
718215,3
882595,4
987605,3
987612,3
987633,4
1078046,4
1078057,14
1078084,4
1078086,3
950134,4
950146,3
950152,14
950154,4
718230,16
790036,4
790043,4
882633,4
1093544,-1
1093556,0
1078102,14
1078108,12
1078117,3
1078124,7
1078132,-1
1078137,4
790119,4
882691,4
882721,4
1093580,0
1093589,4
1093593,9
987747,4
1009615,17
1009616,17
1009623,4
790143,3
790167,4
790181,3
790182,3
987795,6
987796,14
987800,4
1093610,-1
1093611,1
1009645,14
1009650,4
1009651,4
1009686,4
1009688,3
1049680,4
1049685,3
1049697,4
1049701,12
1049705,12
1049709,4
1049715,0
1049723,13
1049731,0
1049733,3
1049736,3
1078155,0
1078164,14
1078168,6
1078173,13
1078175,11
1078190,1
987873,3
1120996,4
1121012,11
1121017,7
1121018,4
1121019,11
1121024,11
1121025,4
1049742,9
1049748,-1
1049756,12
1049765,0
1049767,9
1049768,7
1049769,3
1049770,10
1049774,13
1049779,6
1049783,4
1049784,11
1093647,10
882786,3
882792,4
882823,3
1093654,17
1093669,-1
1093670,4
1093687,6
1093689,3
1009698,4
1009701,3
1009713,4
1009724,4
1009726,4
1009730,14
1009736,1
1078203,3
1078224,12
1078229,1
1078239,3
1078243,4
1121062,17
1121068,0
1121087,4
1121090,17
1121092,13
882843,4
882878,4
882884,4
1093697,17
1093699,8
1093735,4
1078268,4
1078269,14
1078288,17
1078302,6
1009751,17
1009754,6
1009780,4
1009794,10
1009798,12
1009802,4
1121103,11
1121110,8
1121111,2
1121125,5
1121126,8
1121127,-1
1121129,6
1121140,7
1121143,14
1121149,10
1093742,4
1093765,1
1078307,3
1078308,9
1078309,12
1078332,4
1078333,-1
1078338,14
1078339,3
1078341,3
1078344,11
1078347,4
1078349,4
1009824,0
1009826,1
1009830,0
1009831,11
1009839,4
1009841,3
1009843,4
1009848,2
1121155,6
1121169,3
1121181,4
1121183,3
1121192,7
790283,3
790285,3
1093782,9
1093790,9
1093792,1
1093805,3
1093807,11
1093813,6
1093816,3
1093826,11
1093829,4
1093836,0
1049815,13
1049821,3
1049827,7
1049836,9
1049841,2
1049851,4
1049855,15
1009858,4
1009859,8
1009860,4
1009863,16
1009876,3
1009890,-1
1009894,14
882920,4
882933,3
1121213,8
1121214,5
1121224,6
1121240,10
1078364,12
1078372,0
1078374,16
1078379,3
1078386,0
1078398,0
1078402,17
950179,4
950188,3
1049863,3
1049882,4
1049889,5
1049902,3
1049904,3
1049910,5
1049916,7
1049921,11
1049922,3
1009920,4
1009955,9
1009958,10
1078418,17
1078419,14
1078420,9
1078427,0
1078428,15
1078430,9
1078439,3
1078448,0
1078455,7
883035,-1
1121268,14
1121274,4
1121277,5
1121281,10
1121296,3
1121302,3
1093842,12
1093843,13
1093868,4
1093870,4
1093878,4
1093883,4
950233,4
883055,4
883088,3
1009964,7
1009982,4
1009984,5
1009987,10
1009993,10
1121358,4
950277,3
950283,3
950308,13
950314,3
1078457,4
1078468,6
1078472,0
1078477,14
1078489,3
1078492,6
1078495,4
1078500,6
1078508,-1
1078509,-1
1049933,4
1049934,4
1049937,14
1049941,4
1049943,-1
1049948,11
1049953,4
1049955,4
1049963,7
1049964,11
1049965,-1
1049967,4
1049969,14
1049971,4
1121387,11
1121419,3
1009997,13
1009998,11
1010006,4
1010016,0
1010018,8
1010025,9
1010036,3
1010043,-1
1010047,4
1010055,5
883096,4
883143,3
883146,4
1078511,7
1078515,16
1078523,4
1078534,1
1121442,10
1121451,3
1121460,2
1121462,7
1121477,4
1121497,9
1078538,4
1078539,7
1078548,4
1078549,12
1078564,0
1078575,8
1078576,15
1078591,4
950366,4
950375,4
950387,4
1049991,15
1049993,3
1050000,4
1050006,14
1050010,12
1050012,8
1050013,17
1050016,3
790344,16
790348,3
790349,4
790417,3
790450,4
1093896,5
1093901,6
1093909,4
1093914,4
950427,12
950428,3
1121503,15
1121508,6
1121514,15
1121516,6
1121519,14
883183,4
1093964,9
1093979,4
1050043,5
1050045,11
1050047,14
1050054,13
950470,4
1010068,9
1010069,3
1010078,4
1010088,0
1010097,3
1010098,4
1010106,13
1010108,4
790477,16
790497,4
790517,4
1010120,4
1010125,0
1010128,14
1010129,14
1010138,5
1010139,3
1010140,3
1010143,16
1010148,11
1010163,4
1093984,3
1093988,7
1093990,3
1093993,14
1093998,13
1094018,3
1094022,4
1094024,11
1094031,11
1094032,17
1094039,9
1078625,17
1078626,10
1078633,3
1078644,11
1078649,6
1078653,2
1078656,5
1078665,4
1078669,15
1078673,12
1078689,4
1078694,6
883260,14
1078697,11
1078704,4
1078706,4
1078713,4
1078718,12
1078719,4
1078733,4
1078737,-1
1078740,9
883324,4
883326,3
1121560,7
1121562,-1
1121580,8
1121588,14
1121634,0
1121649,4
1121667,8
1121672,-1
1010170,0
1010201,9
1010202,17
1094051,11
1094052,4
1094075,12
1094081,10
1094083,-1
1094084,-1
883351,4
883355,4
883361,4
1121682,7
1121685,14
1121721,6
1078754,9
1078755,3
1078758,4
1078764,4
1078767,3
1078773,3
1078775,4
1078781,6
1078784,4
1078785,14
1078790,12
1078791,4
950510,5
950516,15
950525,4
950531,3
1010221,0
1010229,4
1010236,4
1010239,14
1010254,14
1010263,9
1010264,-1
1050080,14
1050083,9
1050090,16
1050131,4
883404,4
883424,4
883428,3
1050133,14
1050138,13
1050143,4
1050148,4
1050165,15
1050168,7
1050175,3
1050178,8
1050180,4
1050182,11
1050189,7
950554,14
950582,9
950584,4
1094100,4
1094102,1
1094113,4
1094118,9
1094137,4
1121736,3
1121739,-1
1121746,-1
1121747,16
1121757,6
1121766,4
1121771,3
1078800,4
1078805,4
1078808,14
1078815,4
1078816,9
1078836,3
950650,3
1010272,5
1010274,4
1010279,6
1010294,3
1010295,2
1010300,4
1010305,11
1010307,0
1010308,5
1010309,9
1010310,-1
1010314,2
1121780,8
1121783,3
1121787,4
1121805,6
1121814,5
1121825,11
1121840,4
1094147,4
1094149,1
1094152,15
1094153,13
1094155,4
1094160,4
1094169,5
1094170,10
1094175,12
1094178,8
1094180,17
1094182,2
1078847,-1
1078856,17
1078857,6
1078867,10
883449,3
883488,3
883495,3
1010318,13
1010338,8
1010344,13
1010354,4
1010370,4
1010374,-1
1010378,6
1010379,4
1010385,10
1010388,14
1010389,14
950673,4
950680,9
950684,4
950686,4
950691,-1
950693,3
1078872,3
1078883,3
1078889,14
1078895,13
1094190,3
1094194,8
1094196,-1
1094197,3
1094208,12
1094211,14
1094214,14
1094218,7
1094219,11
1094221,4
1094230,3
883522,3
1121849,4
1121871,6
1121878,12
1121880,12
1121883,4
1121884,12
1121885,4
1121889,0
1121890,9
950725,4
950749,4
1050199,7
1050228,-1
1050230,12
1050231,4
1050240,4
1094253,11
1094258,11
1094272,11
883555,3
883608,3
950770,4
950789,3
950797,4
950816,4
950817,4
790531,3
1078930,4
1078932,4
1078937,3
1078940,3
1078942,7
1078957,9
1078961,8
1078968,13
1078971,4
1121899,8
1121921,4
1121923,15
1121933,3
1121935,4
1121937,7
1121949,2
1121956,7
1094292,3
1094300,17
1094302,3
790596,4
1010392,4
1010398,-1
1010403,-1
1010409,9
1010410,4
1010412,11
1010413,1
1010415,4
1010416,2
1010419,15
1010420,0
1010422,4
1010424,0
950832,4
950872,4
790617,3
883627,3
883632,16
883645,4
1094356,6
1094357,1
1094359,3
1094363,10
1094370,4
1094377,5
1094379,12
1094380,4
1121969,4
1121970,11
1121978,4
1121979,10
1121984,4
1121986,4
1121993,11
1122002,4
1122004,14
1122023,3
1122024,13
950888,3
950906,6
950913,4
790670,3
790696,4
1010435,12
1010445,9
1010447,14
1010450,3
1010472,8
1010484,6
1094399,4
1094401,0
1094420,0
1094422,6
1094424,-1
1094426,2
1050254,10
1050268,4
1050277,9
1050282,3
1050291,2
1050313,4
1122034,10
1122074,12
1122082,0
790720,4
790760,4
950976,3
950981,4
950987,4
790769,4
790786,11
1078978,4
1078979,10
1078987,3
1078989,4
1078995,4
1079003,16
1079006,-1
1010489,4
1010495,4
1010506,7
1010513,4
1010515,0
1010518,4
1010519,2
1010534,10
1010535,7
1122099,4
1122129,8
1122131,6
1122132,10
950992,4
951003,4
951017,3
951021,3
951031,4
951033,3
1094440,14
1094457,8
1094462,10
1094466,14
1094478,0
1094486,4
1094487,4
1094494,8
1079011,8
1079013,17
1079016,14
1079020,9
1079043,-1
1079056,-1
1079057,7
1079066,-1
1079069,9
1010539,4
1010547,10
1010552,4
1010553,4
1010564,3
1010568,0
1010572,14
1010577,-1
1010580,6
1010581,4
1010590,4
1010596,4
1010598,1
1050321,4
1050327,4
1050335,14
1050340,14
1050358,5
1050364,9
951067,4
951079,4
951082,4
1122154,10
1122156,13
1122161,3
1122166,2
1122178,0
1122181,3
883679,3
883690,3
883694,4
883715,3
1094499,7
1094501,11
1094503,2
1094508,3
1094509,-1
1094510,3
1094512,4
1094520,3
1094527,9
1094532,4
1094534,4
1094545,3
790876,3
790902,4
790903,4
1050368,4
1050369,12
1050376,0
1050381,13
1050383,10
1050384,4
1050386,9
1050389,11
1050393,3
1050399,0
1050405,12
1050409,3
1050415,10
1010603,11
1010605,4
1010610,7
1010614,9
1010616,4
1010622,0
1010626,4
1010632,4
1010636,7
1010643,17
1010648,3
1010656,3
1079074,-1
1079084,4
1079086,11
1122193,3
1122194,4
1122199,2
1122217,4
1122218,12
1122245,7
951117,4
951122,3
951131,3
790971,3
1050417,14
1050418,2
1050421,4
1050424,8
1050439,6
1050449,3
1050455,9
1050464,0
1050473,14
1094549,11
1094550,11
1094552,6
1094555,2
1094566,4
1094574,10
1094575,11
1094576,6
1094598,9
1094602,15
1079146,14
1079149,12
1079150,2
1079153,10
1079171,0
1122251,11
1122266,4
1122274,2
1122276,7
1122281,9
1122283,4
1122292,13
1122301,-1
1122310,6
951148,4
951174,1
951191,16
791017,4
791036,4
1050479,11
1050484,14
1050485,8
1050504,14
1094617,8
1094631,16
1094647,14
1094651,8
1122325,4
1122336,4
1122344,3
1122359,4
1122369,14
883809,4
1050528,4
1050530,9
1050531,14
1050538,7
1050553,13
1079189,4
1079198,3
1079209,4
1079212,4
1010668,3
1010673,6
1010680,2
1010688,3
883872,15
1079217,0
1079222,6
1079230,17
1079233,9
1079240,14
1079241,9
1079243,3
1079253,0
1079257,8
1010693,4
1010704,4
1010705,3
1010708,14
1010713,3
1010715,4
1010726,10
1010736,4
1122375,6
1122387,10
1122395,-1
1122402,4
1122406,0
1122413,4
883878,3
883910,3
883918,-1
883919,3
1050568,4
1050584,9
1050589,10
1050602,4
1050605,16
1050608,14
1050614,9
1050619,10
951275,4
951291,3
951301,4
951306,14
1094669,4
1094674,14
1094691,14
1094704,4
1094706,4
1094721,13
883965,4
883972,4
951312,4
951345,3
1010741,8
1010750,9
1010752,5
1010753,12
1010761,10
1010767,9
1010769,3
1010771,4
1010785,11
1010788,4
1010797,4
1122442,8
1122444,3
1122445,9
1122446,4
1122470,16
1122475,4
1122489,14
1122490,3
1122493,4
1050620,11
1050622,4
1050624,9
1050628,14
1050630,3
1050631,-1
1050632,9
1050637,3
1050641,-1
1050646,11
1050648,9
1050663,5
1050666,14
951377,6
951409,4
1122501,5
1122504,0
1122507,-1
1122510,9
1122518,2
1122529,11
1122530,10
1122533,4
1122539,0
1094738,14
1094749,3
1094770,4
1094773,0
1094777,0
1094780,12
1010805,11
1010811,4
1010821,-1
1010822,2
1010823,3
1010824,6
1010829,10
1010832,8
1010848,-1
1010859,4
1010860,11
1010862,6
1010863,4
1010865,5
1010872,7
1010892,3
1010895,7
1010901,-1
1010903,9
1010908,7
1122569,-1
1122570,8
1122572,0
1122617,10
1050677,5
1050678,4
1050687,12
1050689,-1
1050690,4
1050701,4
1050711,8
884077,4
884092,3
884108,3
951422,3
951493,16
951500,7
951504,-1
1010914,4
1010919,11
1010920,0
1010922,4
1010945,4
1010954,8
1010964,7
1010973,6
1010975,4
1010984,12
1011002,12
1011003,4
1011006,10
1011013,4
1011016,4
1011019,13
1011023,10
1011027,3
1079275,17
1079277,3
1079286,4
1122633,11
1122636,7
1122637,13
1122651,6
1122678,4
1122682,14
1094809,1
1094822,6
1094829,16
1094852,9
1094853,4
1094854,11
1094875,13
1094877,4
1094879,7
1094882,4
1094892,-1
1094896,3
1094897,9
1094902,6
1094905,14
1094906,8
951536,3
951568,4
1050730,13
1050734,4
1050750,4
1050751,14
1050760,9
1050774,4
1122684,7
1122687,11
1122698,9
1122702,6
1122704,4
1122716,0
1122722,14
1122729,9
1122733,4
1122736,3
1122756,8
1122768,7
1122771,4
1122772,3
1122773,8
1122777,-1
1050790,0
1050802,4
1050804,4
1050813,7
1050822,5
1050823,14
1094910,10
1094912,9
1094920,5
1094924,14
1094957,0
1122789,9
1122791,0
1122793,7
1122797,13
1122815,4
1122822,3
884133,3
884162,3
884173,4
884196,3
884213,3
951587,8
1122839,3
1122842,-1
1122856,4
1122865,6
1122867,9
1122874,0
1079340,4
1079341,9
1079346,10
1079376,12
1079382,16
1011041,14
1011042,7
1011043,0
1011065,9
1011071,4
1011078,10
1050846,4
1050857,9
1050858,3
1050869,3
1050879,4
1050881,14
1122884,4
1122893,6
1122895,14
1122929,-1
1122931,6
1122932,11
1122933,6
1079389,9
1079398,4
1079414,3
1079421,4
1079423,4
1079430,6
1079437,10
1079444,10
1079446,0
884270,3
1050890,8
1050893,3
1050899,1
1050902,4
1050904,14
1050910,8
1050916,4
1050925,6
1050932,1
1094989,-1
1095020,0
1095021,2
951646,1
1122944,-1
1122959,2
1122965,9
884292,4
1095030,6
1095059,9
1095075,-1
1011085,5
1011095,11
1011111,4
1011117,9
1011120,9
1011121,9
1011134,9
1011140,12
1050960,2
1050966,3
1050969,16
1050977,14
1050985,8
1050994,4
1050997,4
1051000,13
1123002,7
1123010,4
1123023,4
1123039,-1
1123051,17
884355,4
884372,4
884382,4
884388,3
1095084,4
1095095,4
1095103,16
1095106,11
1095122,6
1079449,11
1079452,10
1079469,2
1079474,14
1079478,2
1079479,4
1079481,11
1079485,4
1079488,4
884408,4
884409,0
884444,4
884460,3
951703,3
951714,4
951738,4
1123062,8
1123063,3
1123074,4
1123094,14
1123106,6
1123111,11
1095131,9
1095133,1
1095138,11
1095141,4
1095153,6
1095172,3
1011158,0
1011161,15
1011163,4
1011164,4
1011168,10
1011172,10
1011173,5
1011174,7
1011183,3
1011187,4
1011192,-1
884513,4
1123120,17
1123125,9
1123127,0
1123132,14
1123139,9
1123154,4
1123157,4
1123160,2
951748,8
951772,14
951778,4
951786,3
951789,4
1095175,4
1095176,5
1095183,4
1095185,4
1095187,0
1095188,8
1095190,3
1095204,17
1095218,13
1095222,13
884532,3
884561,3
884562,1
1051009,3
1051010,6
1051011,2
1051013,11
1051016,3
1051024,10
1051036,11
1051038,3
1051039,3
1051041,4
1051042,8
1123171,4
1123175,3
1123178,3
1123180,4
1123212,-1
951833,15
1095232,14
1095238,12
1095246,2
1095263,11
1095268,8
1095274,4
884587,3
884610,3
884626,4
884634,3
1123246,4
1123250,7
1123256,6
1123258,3
951887,4
951893,4
1011196,12
1011200,7
1011203,6
1011211,4
1011219,4
1011220,12
1011224,-1
1011229,14
1079490,4
1079498,5
1079504,0
1079520,3
1079524,9
1079525,4
1079528,9
1079534,9
1079535,14
1079548,6
1051054,10
1051057,6
1051064,3
1051065,13
1051066,14
1051070,8
1051071,-1
1051082,14
1095286,17
1095311,0
1095316,4
1095325,11
1095327,10
1095330,4
1123275,1
1123296,3
1079553,12
1079564,10
1079565,1
1079568,9
1079581,7
1079586,4
1079595,14
951924,4
951961,9
951965,4
951971,17
1123356,13
1123366,4
1123370,9
1123374,1
1123379,4
1011238,16
1011250,11
1011266,4
1011271,17
1011275,1
1011277,14
1011282,0
1011286,6
1095340,10
1095392,4
1079617,2
1079620,11
1079623,0
1079630,4
1079636,2
1079640,3
1079641,10
1079642,14
952006,4
952026,3
884707,4
884713,4
884723,10
884739,4
1095398,5
1095419,7
1095425,11
1095435,3
1011297,1
1011309,9
1011314,4
1011317,14
1011319,4
1011321,11
1011323,4
1011324,12
1011325,8
1011327,13
1011331,17
1011333,1
1011340,14
1011341,4
1011345,14
1011348,4
952061,8
1079659,11
1079663,3
1079665,14
1079666,1
1079687,4
884797,3
1095462,5
1095472,15
1095475,0
1095477,4
1095493,10
1095503,5
952105,3
952126,-1
952128,3
1123450,8
1079699,6
1079700,8
1079703,4
1079704,7
1079731,3
1051105,7
1051115,12
1051152,3
1051164,0
884851,4
884854,3
884864,3
1123461,-1
1123489,8
1123490,16
1123493,14
1123504,11
1123507,4
1123518,4
1123521,4
1123526,8
1123528,9
1123533,10
1123549,16
1123552,4
1123555,5
1095518,14
1095523,-1
1095527,10
1095530,13
1095554,8
1095558,4
1095559,3
1095564,4
1095566,-1
1095567,0
1095569,-1
1079743,4
1079756,4
1079761,9
1079772,7
1079777,14
1051170,10
1051172,14
1051191,3
1051200,13
1051201,17
1051203,4
1051211,1
952196,15
884917,3
884926,4
884928,7
1123567,6
1123589,14
1011364,5
1011375,8
1011376,3
1011390,14
1011404,17
1095575,9
1095587,8
1095598,14
1095601,10
1095604,8
1095611,6
1095615,3
1095619,6
1095622,10
1095630,13
1095631,10
1051230,9
1051234,3
1051249,6
1051254,4
1051260,9
1051267,7
952297,3
952306,4
884987,4
885001,4
885017,4
885021,4
1011439,4
1095638,10
1095647,0
1095648,3
1095661,13
1095666,0
1095671,6
1123681,3
1123698,3
1123701,9
1079793,12
1079799,7
1079804,1
1079805,8
1079807,17
1079823,11
1079824,4
1079832,14
1079833,4
1079845,4
1079847,2
1011445,3
1011453,4
1011472,14
1011487,-1
1011488,7
1011491,4
1095678,14
1095689,4
1095695,1
1123711,3
1123712,4
1123722,4
1123726,4
1123737,3
1123740,3
1123744,3
1123749,4
1123757,3
1123758,17
1051279,3
1051287,4
1051289,9
1051296,11
1051300,4
885074,4
885092,4
885093,14
952348,3
952370,4
952386,3
952389,4
885110,4
952421,4
952437,3
952442,4
952458,4
1051303,8
1051307,4
1051320,12
1051329,9
1051331,7
1051332,0
1051334,3
1051342,3
1011514,4
1011515,2
1011519,4
1011534,4
1011538,14
1123771,3
1123780,-1
1123787,11
1123795,0
1123806,4
1123809,0
1079860,12
1079866,14
1079867,4
1079874,14
1079875,10
1079880,3
1079886,0
1079887,-1
1079904,1
1095719,14
1095725,7
1095727,14
1095736,3
1095737,3
1095744,3
1095748,11
1095769,0
1095770,4
1051350,14
1051352,14
1051353,4
1051354,4
1051358,17
1051361,9
1051363,-1
1051373,12
1051394,6
1051396,11
1011543,4
1011549,7
1011550,7
1011558,3
1011564,8
1011566,3
1011569,3
1011571,11
1011572,14
1011575,17
1011582,3
1011587,6
1011590,5
1011592,14
1011597,4
1011600,4
952486,4
952497,4
885218,3
885222,14
885224,3
1095793,13
1095814,7
1095826,10
1095827,7
885260,3
885293,4
1123831,6
1123840,10
1123846,3
1123847,13
1123850,-1
1123851,5
1123860,13
1123863,3
1123870,9
1123871,14
1123876,14
1123883,4
1123889,8
952513,4
952522,4
952536,3
1079908,2
1079942,4
1079943,4
1079954,4
1079955,2
1095842,4
1095844,4
1095853,4
1095861,3
1095865,8
1095878,4
1095884,10
1095885,3
952550,4
952589,3
885346,3
1051401,13
1051421,2
1051427,9
952593,4
952595,4
952601,4
952604,4
952629,3
1123891,3
1123894,9
1123896,6
1123904,1
1123905,4
1123907,4
1123924,4
1123925,10
1123931,-1
1123933,4
1123944,8
1095887,-1
1095892,4
1095921,6
1095923,9
1095926,2
1095931,9
1095937,12
885392,4
885415,4
1051461,7
1051467,11
1051474,14
1051484,7
1051485,-1
1051486,12
1051487,4
952649,3
952651,4
1123947,14
1123951,9
1123961,3
1123963,7
1123998,4
885438,9
885456,3
885462,3
885465,3
885468,-1
1079968,12
1079969,13
1079971,4
1079979,-1
1079981,4
1079988,3
952721,1
952723,4
952726,3
1051505,3
1051513,6
1051521,4
1051526,1
1051534,9
885493,3
885503,4
952782,3
1124005,4
1124007,4
1124020,8
1080021,13
1080052,4
1080055,-1
1124031,4
1124048,17
1124056,4
1124065,17
1095961,3
1095965,0
1095969,12
1095971,13
1095982,3
1095983,0
1095995,2
885585,15
1124091,17
1124095,3
1124103,8
1124104,2
1124110,3
1080057,4
1080071,0
1080081,2
1080085,7
1080088,3
1080091,3
1080094,7
1080098,4
1080104,4
1051539,-1
1051542,4
1051545,7
1051547,4
1051549,16
1051561,3
1051567,3
1051580,-1
1051583,6
1051591,4
1124135,4
1124153,4
1124155,11
1124160,3
1124169,0
1124171,3
1011605,4
1011608,8
1011618,17
1011628,4
1011629,4
1011630,9
1011645,14
952994,4
1051602,6
1051615,-1
1051617,3
1051621,12
1051628,4
953026,3
953039,4
885661,4
1080141,13
1080145,14
1080150,6
1080156,9
1080157,7
1080168,14
1080169,14
1080170,0
1080171,11
1080176,6
1051646,4
1051651,0
1051666,9
1051668,4
1051670,3
1051672,4
1051685,2
1051686,7
1051689,-1
1051691,4
1051693,11
1051695,8
1011654,4
1011655,4
1011668,9
1011678,5
1011681,15
1011682,-1
953121,4
953160,9
1124189,3
1124197,14
1124198,5
1124201,9
1124202,13
1124212,14
1124219,4
1124235,0
1011683,4
1011688,17
1011690,4
1011694,5
1011696,4
1011705,9
1011712,3
1011728,4
1011736,3
1011741,6
1051711,8
1051718,-1
1051724,4
1051726,-1
1051730,7
1051742,0
1051747,0
885777,3
885791,8
885816,-1
1080179,3
1080185,4
1080205,9
1080211,7
1080229,13
1124242,4
1124243,6
1124249,4
1124267,14
953211,3
1051758,0
1051779,12
1051783,9
1051786,12
1051793,11
1011779,9
1011787,4
1011798,17
1011801,4
1051822,4
1051837,14
1051840,10
1051844,12
1051847,4
1051848,9
1051854,3
1051855,7
1051861,10
885868,4
885878,4
1011819,4
1011827,0
1011828,3
1011832,11
1011840,0
1011858,3
953267,4
953268,3
953269,4
953284,9
1080249,3
1080253,14
1080260,7
1080261,11
1080263,4
1080266,9
1080275,3
1080288,4
1080293,7
1124304,4
1124306,9
1124318,5
1124355,4
1124357,10
1124369,13
1124389,4
1124398,6
1124400,6
1124402,4
1051872,9
1051878,4
1051888,3
1051892,12
1051898,9
1051908,4
1051912,17
1011861,4
1011866,5
1011868,15
1011872,9
1011876,5
1011877,8
1011880,4
1011882,3
1011883,6
1011893,0
1011905,10
1011913,1
1096023,-1
1096033,2
1096038,4
1096039,13
1096053,10
1096063,4
1096073,7
1096074,14
1096076,14
1080305,16
1080309,3
1080313,-1
1080322,9
1080331,4
1080332,4
1080338,14
1080341,4
885944,3
885952,16
885959,10
885990,4
1124426,3
1124442,6
1124446,4
1124448,7
1124472,14
886049,2
953323,7
953356,3
1096087,17
1096091,1
1096100,7
1096109,14
1096116,3
1096122,3
1096123,6
1096125,4
1096129,6
1096130,3
1096132,13
1096133,13
1096134,9
1096135,14
1096141,3
1080345,4
1080348,2
1080352,10
1080357,4
1080361,14
1080364,7
1080376,3
1080387,0
953392,4
953430,4
886077,3
886085,4
886106,-1
1011926,8
1011937,5
1011951,-1
1011954,-1
1011959,3
1096144,5
1096155,4
1096157,9
1096175,7
1096182,11
1096188,8
1096190,4
1096193,12
1096196,14
1051927,10
1051929,9
1051930,11
1051934,-1
1051940,4
1051946,7
1051952,11
1051959,4
1051960,2
1051963,6
1051971,10
1051976,7
1051978,11
1051980,12
1051981,9
1051982,5
1051995,4
1051996,8
1051997,1
1052007,4
1052008,2
1124493,7
1124497,1
1124500,13
1124510,7
1124513,4
1124515,14
1124521,8
1124529,4
953474,12
886130,3
1080404,8
1080407,-1
1080414,4
1080417,3
1080418,14
1080421,14
1080422,-1
1080425,12
1080430,1
1080435,9
1124533,2
1124545,4
1124546,9
1124556,5
1124561,9
1124571,1
1124578,14
953507,2
953529,3
1052023,14
1052026,10
1052055,9
1052062,3
1052065,4
1052066,4
953565,4
953575,4
1096235,4
1096238,0
1096240,-1
1096246,8
1011985,3
1011987,7
1011991,4
1011993,4
1011999,0
1012000,14
1012007,14
1012008,14
1012010,9
1012012,4
1012014,3
1012026,4
1012032,11
1012033,9
1012041,4
1012043,13
1012045,13
1012050,-1
1012053,8
1012054,4
1012058,3
1012063,4
1012081,3
1124598,4
1124621,4
1124625,13
1124643,0
1052069,4
1052083,3
1052090,11
1052097,2
1052100,4
1052101,6
1080463,0
1080465,7
1080488,4
1080489,3
1080495,6
1080501,7
1080504,4
1080509,4
1080516,1
1080525,11
1080542,4
1080547,4
1096253,14
1096261,0
1096268,4
1096271,1
1096274,14
1124657,7
1124663,17
1124695,0
1124707,12
953674,5
953675,4
953676,4
953679,16
953687,4
886340,4
1080555,11
1080558,10
1080575,17
1080585,-1
1080588,4
1080589,17
1052124,5
1052136,3
1052147,7
1052150,4
1052153,4
1052165,-1
1052171,-1
1052176,12
1012083,2
1012087,11
1012089,4
1012092,4
1012095,1
886422,3
1124735,7
1124742,17
1124744,11
1124751,3
1124762,3
1124768,4
1124769,11
1080591,-1
1080597,3
1080609,0
1080619,17
1080620,3
1080621,4
1080630,2
1080634,7
953769,3
953782,4
953784,4
1012115,4
1012129,9
1012150,4
1012152,2
1012156,4
1012162,3
1012168,3
1052186,10
1052201,8
1052203,14
1052205,14
886490,4
886495,4
1124779,2
1124795,9
1080645,0
1080651,4
1080663,14
1080664,16
1080666,4
1080670,4
1080678,13
1080679,3
1080685,14
1124803,3
1124815,11
1124817,4
1124831,4
1124842,13
1124851,14
1124864,13
1052224,4
1052230,4
1052252,3
1052253,3
886527,3
886530,3
1096306,12
1096307,0
1096327,11
1096333,-1
1096340,4
1096341,4
1052254,7
1052272,14
1052289,4
1052293,9
1052297,2
1012175,11
1012183,4
1012191,4
1012194,10
1012203,10
886607,14
886610,4
953837,4
1124871,4
1124880,4
1124896,4
1124918,9
1096352,13
1096358,4
1096365,4
1096367,-1
1096382,14
1096387,3
1096397,9
1096402,3
1096405,5
953874,4
953890,4
953900,4
886651,4
886655,4
886668,14
886671,14
1124928,11
1124941,4
1124942,2
1124944,13
1124951,6
1124969,11
1052347,3
1052356,11
1052358,14
1052365,14
1052368,1
1052370,13
1052375,13
1012219,11
1012221,3
1012238,2
1012239,10
1012252,4
1012264,6
1012266,2
1012273,6
1080698,14
1080700,3
1080701,17
1080704,4
1080705,15
1080708,4
1080709,0
1080712,14
1080714,14
1080718,9
1080737,4
1080748,12
886675,3
886685,10
886689,3
886704,1
1124979,17
1124986,6
1124996,11
1124997,8
953927,4
953938,3
953946,4
953949,16
1096407,5
1096408,5
1096414,4
1096416,2
1096418,7
1096430,4
1096436,4
1096439,-1
1096447,-1
1096454,12
1052391,4
1052392,13
1052395,4
1052407,13
1052419,5
1052431,0
1052433,0
886750,4
953965,4
953997,3
1096462,4
1096463,3
1096466,14
1096467,4
1096486,1
1052445,6
1052453,10
1052465,7
1052473,4
1052483,4
1052503,9
1052509,4
886812,3
886838,4
954004,3
954010,4
1012280,5
1012288,8
1012292,4
1012293,14
1012295,4
1012297,0
1012298,-1
1012305,4
1012306,4
1012310,2
1012314,14
1012320,13
1012322,8
1012324,8
1012329,11
1012330,10
1096519,7
1096524,11
1096528,10
1096530,4
1096535,6
1096537,9
1096545,4
1096558,10
1096565,14
1080761,14
1080771,3
1080789,11
1080797,10
1080798,8
1080802,14
1080810,11
1080811,14
954066,6
954099,3
1096571,-1
1096572,7
1096575,9
1096576,-1
1096580,7
1096582,7
1096593,11
1096597,0
1096606,7
1012339,10
1012340,4
1012346,-1
1012349,4
1012351,3
1012372,0
954106,3
954108,3
954130,4
1052513,12
1052518,4
1052519,16
1052523,3
1052528,4
1052529,4
1052540,9
1052561,4
1052563,4
1052566,10
954137,4
954145,7
954173,4
954187,3
954190,3
954192,4
1012405,-1
1012407,3
1012416,6
1012420,9
886925,4
886945,3
1080831,8
1080838,10
1080850,3
1080851,10
1080856,8
1096626,4
1096643,9
1096651,11
1096654,16
1096660,4
1096662,4
1096674,10
1096690,4
1096691,13
1096699,4
1096700,16
1096710,4
1096715,5
1096716,14
1096720,4
1012428,2
1012439,10
1012452,4
1012455,3
1012458,10
1012460,4
1012467,4
1052572,9
1052575,9
1052577,4
1052594,11
1052608,11
1052610,3
1052612,5
1052615,1
1052618,4
887065,-1
887095,3
1080874,4
1080881,0
1080883,4
1080884,9
1080890,-1
1080891,9
1080897,5
1080903,-1
1080911,16
1080917,2
1080922,13
1096728,2
1096741,5
1096743,3
1096744,4
1096752,4
1096760,0
1096771,4
1096775,0
1052631,17
1052634,4
1052635,-1
1052636,4
1052648,-1
1052664,3
1052665,7
1052676,14
1052677,11
1052679,15
887152,4
887172,0
1012483,4
1012487,5
1012489,4
1012495,16
1012501,17
1012507,4
1012523,11
1012526,3
1012529,2
1012536,4
1012537,4
1012542,4
887187,3
887190,4
887193,3
887225,4
1080930,6
1080935,8
1080937,3
1080943,3
1080944,12
1080947,1
1080958,5
1080970,-1
1080972,0
1096781,4
1096785,14
1096793,11
1096794,15
1096797,3
1096802,8
1096803,-1
1012550,4
1012554,-1
1012564,1
1012573,3
1012585,14
1012589,12
1012594,3
1012596,14
1012599,9
1080976,3
1080978,4
1080989,4
1080997,4
1080999,0
1081014,14
1081023,4
1081024,4
887255,3
1096821,2
1096832,10
1096842,16
1096846,13
1096850,11
1096851,17
1096866,0
1096872,5
1052697,2
1052701,3
1052706,3
1052710,13
1052713,5
1052714,14
1052717,13
1052718,9
1052723,4
1052728,1
1052733,1
1052735,15
1052739,11
1052744,3
1081032,7
1081041,11
1081045,0
1081049,-1
1081053,2
1081082,4
1081083,4
1081088,4
1081089,-1
1012611,4
1012614,9
1012616,4
1012623,8
1012629,15
1012651,1
1012654,3
1012657,3
1012660,14
887338,4
1096877,7
1096884,3
1096906,1
1096920,1
954257,4
1052748,8
1052751,4
1052754,5
1052763,4
1052766,8
1052768,5
1052778,5
1052788,3
1081094,4
1081115,14
1081116,7
1081123,16
1081127,16
1081136,4
887390,4
1096938,4
1096945,3
1096947,4
1096952,8
1096954,0
1096964,3
1096974,9
1052806,4
1052810,-1
1052839,9
1052845,14
887437,4
887472,9
954302,4
954326,4
1081162,11
1081182,4
1081187,4
1081199,-1
1081201,-1
1096982,4
1096989,4
1096995,6
1097003,11
1097006,10
1097008,6
1097011,8
1097015,14
1097018,4
1097023,0
887481,4
887490,3
954357,3
887520,4
887568,4
1081210,-1
1081233,4
1081238,11
1081253,3
1097029,12
1097037,11
1097053,4
1097057,10
1097061,4
1097072,4
1097076,9
1097079,14
1097081,7
1012663,4
1012665,4
1012666,4
1012668,10
1012689,4
887578,3
887619,4
1052876,3
1081263,6
1081264,5
1081267,9
1081277,4
1081279,8
1081311,6
887632,4
887642,15
1012716,-1
1012724,4
1012741,4
1012755,8
1012760,7
1012767,0
954460,3
954480,5
954500,4
887690,4
1081321,3
1081330,-1
1081335,4
1081346,4
1081357,4
1081363,4
1081364,0
1012774,4
1012777,14
1012784,13
1012802,11
1012813,9
1097099,9
1097102,6
1097114,12
1097120,8
1097124,8
1097131,4
1097139,12
887752,4
887774,4
887790,4
1012829,14
1012856,14
1012859,3
1012867,10
1081384,12
1081388,4
1081389,2
1081393,9
1081406,2
1081415,0
1081422,4
1052904,13
1052914,17
1052917,13
1052936,5
1081437,8
1081441,14
1081448,7
1081469,1
1052952,4
1052957,4
1052961,4
1052968,3
1052970,3
1052973,4
1052984,4
1012872,4
1012876,4
1012878,4
1012881,17
1012882,4
1012889,13
1012891,4
1097155,8
1097161,10
1097168,4
1097172,10
1097178,8
1097180,0
1097187,4
887799,3
887826,4
1052989,4
1052999,4
1053000,13
1053017,14
1053018,3
1053023,15
1053027,-1
1053037,1
1053039,4
1053041,10
1053044,10
1097215,7
887931,3
887940,3
887949,4
887954,4
1097248,7
1097259,8
1097276,4
1012899,9
1012908,5
1012915,17
1012922,8
1012936,5
1012944,9
1012948,4
1081487,14
1081493,4
1081506,0
1081507,4
1081515,15
1081518,11
1097285,4
1097299,13
1097307,4
1097313,10
1097323,11
1097326,3
1097327,7
1097329,10
1097333,2
1053049,5
1053053,11
1053055,4
1053056,14
1053068,7
1053069,2
1053072,11
1053081,13
1053082,10
1053083,11
1053084,11
1053085,4
1053086,9
1053088,14
888082,9
1081540,6
1081548,8
1081556,4
1081559,7
1081561,1
1081563,-1
1081566,4
1081576,4
1081577,4
1053093,3
1053101,3
1053102,9
1053114,11
1053126,14
1053131,9
1081584,14
1081587,-1
1081596,14
1081610,1
1081615,17
1053134,6
1053139,9
1053148,4
1053157,-1
1053163,4
1053170,9
1053175,6
1053179,10
1053185,3
1053194,7
1053200,4
1081618,4
1081631,12
1081632,14
1081657,7
1081660,8
888215,3
888233,3
888234,3
1053227,7
1053235,4
1053248,13
1053254,7
1053257,3
1053268,3
1097340,1
1097341,2
1097351,8
1097352,12
1097355,4
1097360,16
1097366,-1
1097373,7
1097379,3
1097383,3
1097390,8
1081684,4
1081689,12
1081690,11
1081697,0
1081700,2
1081701,14
1081712,5
1081724,9
888271,4
888273,4
888301,4
1053271,14
1053275,13
1053278,-1
1053289,4
1053291,4
1053293,12
1053304,9
1053308,9
1053309,3
1053313,4
1097400,4
1097401,3
1097408,3
1097409,4
1097410,14
1097426,4
1097432,-1
1053318,5
1053324,11
1053327,9
1053329,5
1053332,-1
1053333,11
1053334,14
1053342,4
1053350,14
1053354,15
1053355,4
1053357,4
1053360,3
1053368,3
1081728,0
1081742,4
1081750,4
1081754,16
888366,3
888397,12
1097469,7
1097473,4
1097474,4
1097515,13
1081759,4
1081765,4
1081766,-1
1081770,7
1081815,-1
1012957,6
1012959,4
1012970,10
1012975,16
1012984,3
1012989,8
1012991,1
1012995,3
1013010,8
888469,13
1097523,4
1097528,13
1097529,5
1097537,-1
1097544,11
1081821,0
1081831,7
1081837,17
1081839,14
1081848,3
888487,4
888508,4
888518,4
888534,3
1081850,8
1081859,10
1081867,1
1081877,9
1081879,14
1081883,4
1081890,17
1081891,11
1081893,4
1081895,4
1081900,4
1013027,10
1013029,3
1013030,16
1013034,4
1013037,3
1013046,10
1013047,3
1013048,14
888545,4
1053371,4
1053377,12
1053380,13
1053386,4
1053404,4
1053420,7
1081910,3
1081916,4
1081918,14
1081921,4
1081931,11
1081932,11
1081937,10
1081938,8
1081942,1
1081943,4
1081947,1
1081954,11
1081963,2
1097575,17
1097581,2
1097596,11
1097598,8
1097605,14
1097615,0
1097638,2
1097639,4
1097646,13
1097656,10
888588,4
888609,3
888627,3
1013069,14
1013071,3
1013085,4
1013088,1
1013102,7
1053445,13
1053451,3
1053457,12
1097664,14
1097668,-1
1097674,3
1097682,11
1097693,5
1053465,3
1053469,12
1053475,4
1053487,4
1053497,6
1053505,-1
1053508,14
1053517,12
1053522,4
1013109,4
1013116,3
1013124,4
1013126,1
1013130,4
1013140,2
1013143,14
1013154,7
1081966,0
1081970,8
1081977,3
1081984,3
1081985,5
1081999,4
1097736,10
1097750,4
1097755,4
1097763,16
1097764,0
1053531,4
1053536,10
1053538,6
1053545,11
1053549,8
1053551,5
1053554,-1
1053559,4
1053565,14
1053568,4
1053572,-1
1053573,4
1053575,10
1053579,0
1082026,4
1082039,14
1082042,3
1082052,14
1082060,3
1082067,8
1097771,10
1097776,14
1097778,3
1097788,17
1097789,8
1097794,7
1097826,6
1097827,4
1097830,14
1053583,16
1053584,8
1053588,3
1053595,11
1053600,8
1053609,0
1053611,4
1053615,14
1053619,4
1053630,0
1053639,4
1053640,9
1013199,4
1013200,11
1013210,14
1013213,15
1013222,3
888770,3
888797,3
1053653,13
1053654,3
1053661,8
1053668,8
1053669,7
1053681,3
1097835,14
1097863,1
1097873,5
1097879,4
1097881,4
1097882,13
1097883,9
1097884,3
1097885,3
888826,4
888831,3
888847,3
888866,4
888870,15
1053712,4
1053718,-1
1053721,-1
1053734,2
1053748,14
888917,3
888920,3
888933,4
1013233,4
1013234,14
1013236,9
1013238,3
1013241,3
1013258,11
1013259,2
1013262,10
1013268,2
1013280,16
1013282,6
1053761,6
1053774,4
1053790,-1
1053792,0
888936,4
1097917,11
1097930,4
1097937,17
889010,11
1097941,0
1097944,12
1097950,17
1097951,14
1097952,11
1097958,17
1097975,6
1097979,4
1082094,-1
1053797,4
1053812,9
1053817,17
1053818,10
1053819,8
1053828,10
1053834,4
1053835,14
1053837,4
1082102,5
1082109,4
1082115,8
1082116,5
1082117,8
1082121,3
1082134,14
1082137,-1
1082145,17
1082151,10
1082152,7
1098004,3
1098009,10
1098015,4
1098017,4
1098024,17
1098032,4
1098045,9
1053847,4
1053848,3
1053853,4
1053855,14
1053856,14
1053857,3
1053880,0
1053897,7
1053898,4
889119,3
889129,4
889162,3
1082156,14
1082157,4
1082177,17
1082182,4
1082188,3
1098051,4
1098058,4
1098059,-1
1098070,4
1098072,9
1098082,7
1082194,4
1082200,9
1082204,11
1082206,14
1082211,7
1082218,0
1082225,10
1082227,11
1082240,0
889184,2
889213,3
1098094,10
1098097,3
1098128,9
1098139,14
1098143,4
1098153,4
1053905,1
1053908,11
1053911,13
1053912,14
1053915,17
1053918,4
1053925,5
1053932,-1
889229,4
889261,3
889284,3
1098160,-1
1098170,3
1098171,11
1098173,7
1098178,4
1098191,4
1098196,10
1098199,14
1098208,7
1098212,0
1098215,4
1098218,-1
1053964,12
1053969,9
1053982,4
1053984,11
1053987,-1
1053989,3
1053992,13
1053994,14
1053995,0
1054009,4
889298,3
889304,4
889321,3
1082245,4
1082247,-1
1082248,-1
1082256,1
1082260,12
1082261,-1
1082265,13
1082273,11
1082276,4
1082288,3
1082304,13
1082308,10
1082313,10
1082320,3
1082336,12
1082341,4
1082342,7
1082343,11
1013301,-1
1013303,0
889346,4
1013321,3
1013322,2
1013329,0
1013332,4
1013339,0
1013349,13
1082358,2
1082359,11
1082362,9
1082363,17
1082365,3
1082368,4
1082371,14
1082376,4
1082386,12
889386,4
1098224,9
1098225,4
1098228,14
1098231,14
1098234,8
1098248,4
1098269,-1
1098279,4
1013375,12
1013385,13
1013387,2
1013399,4
1013404,13
1013414,8
1013418,9
1082398,11
1082407,12
1082414,4
1082416,3
1082422,8
1082431,4
1082433,0
1082436,11
1082437,0
1082440,15
1082442,4
1082450,4
1082451,10
889478,3
889511,4
1126779,3
1098283,4
1098289,10
1098302,14
1098327,7
1098338,4
1054019,-1
1054020,14
1054034,14
1054036,10
1054038,17
1054043,10
1054046,10
1054054,10
1054058,10
1054066,3
1054069,9
1013421,10
1013423,3
1013441,11
1013445,4
1013452,4
1013455,3
1013462,3
1013465,2
1013468,4
1013476,3
889542,3
889545,9
889546,4
889547,4
1082463,4
1082469,4
1082480,8
1082481,4
1082490,17
1082497,3
1082498,15
1082501,5
1098340,0
1098348,4
1098356,4
1098359,12
1098360,4
1098362,9
889572,4
889588,4
1054074,-1
1054086,4
1054089,3
1054117,4
1054123,4
1013486,7
1013492,4
1013495,9
1013508,4
1013510,3
1013511,8
1013513,3
1013521,4
1013522,3
1013524,1
1013533,0
889620,3
889657,3
1098410,1
1098417,0
1098429,13
1054127,6
1054141,9
1054146,15
1054159,17
1054165,3
1054168,13
1054169,4
1013539,3
1013540,4
1013541,3
1013545,3
1013549,11
1013552,5
1013573,11
1013578,8
1013580,3
1013589,0
1082522,3
1082526,3
1082546,5
1054184,1
1054192,4
1054202,4
1054207,10
1054217,11
1054218,4
1054225,3
1013601,6
1013611,4
1013614,14
1013617,4
1013618,7
1013621,13
1013626,3
1013628,17
1013640,1
1013643,3
1013649,9
1013655,9
889690,3
889708,3
1082562,11
1082563,4
1082564,4
1082567,-1
1082573,7
1082574,17
1082576,3
1082579,4
1082588,4
1082598,8
1082601,13
1082609,1
1082613,4
1054230,2
1054234,3
1054238,3
1054240,10
1054248,4
1054252,6
1054253,10
1054258,-1
1054268,-1
1054269,0
1054270,4
1054281,8
889732,3
889779,4
1082621,16
1082627,5
1082642,-1
1054286,14
1054312,10
1054316,14
1054322,11
1054327,4
1054333,11
1082657,4
1082662,13
1082663,4
1082667,0
1082678,16
1082680,3
1082689,1
1082697,1
1013674,4
1013681,3
1013685,13
1013695,-1
1098439,17
1098462,2
1098483,-1
1098489,0
1082721,3
1082737,9
1082742,6
1082745,-1
1082759,4
1082760,17
889848,4
889851,4
1013710,4
1013721,12
1013724,9
1013734,14
1013741,3
1013744,4
1013748,11
1082773,6
1082774,3
1082775,7
1082781,13
1082783,9
1082790,0
1082797,11
1082810,4
1082820,17
1054355,8
1054374,8
1054384,5
1054393,12
1054395,4
1013754,4
1013760,14
1013764,9
1013766,4
1013774,9
1013777,3
1013781,11
1013790,6
1013791,4
1013799,-1
1013800,3
1013802,4
1013808,3
889974,4
1098503,4
1098508,9
1098509,4
1098515,10
1098519,14
1098522,11
1098527,4
1098555,13
1082837,12
1082839,4
1082844,4
1082848,14
1082849,9
1082850,10
1082860,3
1082865,1
1082873,14
1082875,7
1054415,9
1054431,0
1054434,2
1054447,14
889982,4
890017,3
890025,4
1054454,3
1054455,7
1054461,11
1054463,8
1054470,8
1054473,9
1054486,4
1054494,14
1054497,4
1054498,7
1054501,4
1054502,9
1054510,4
890080,4
890103,5
1098564,1
1098576,4
1098608,4
1082891,4
1082900,4
1082901,-1
1082903,14
1082906,9
1082910,3
1082916,5
1082921,17
1082927,4
1013813,13
1013845,14
1013853,13
1013860,4
1013861,0
1013864,0
1013865,4
1013869,12
1013882,11
1013885,10
1013891,5
1013892,10
1013895,3
1013897,14
1013898,10
890127,4
890133,4
890149,3
1098616,5
1098618,7
1098619,14
1098631,11
1098659,0
1082930,4
1082935,2
1082946,4
1082962,13
1082965,4
890184,16
890216,-1
1013915,6
1013921,4
1013923,3
1013938,4
1013952,4
1082982,4
1083007,9
1083022,10
1083026,5
890262,7
1098674,4
1098682,4
1098690,9
1098691,6
1098693,3
1098696,3
1098701,13
1098707,6
1098713,4
1098717,2
1098731,4
1013966,9
1013972,9
1013973,13
1013991,4
1013995,4
1014008,3
1083033,1
1083044,17
1083051,2
1083059,4
1083060,3
1083066,1
1083067,-1
1083070,3
1083076,4
1083077,4
1054518,10
1054519,4
1054528,9
1054531,4
1054537,3
1054539,8
1014010,3
1014019,0
1014026,4
1098734,4
1098735,13
1098744,10
1098754,12
1054552,8
1054562,8
1054565,13
1054568,9
1054575,3
1054578,10
1054581,3
1054582,15
1054583,13
1054588,9
1054592,13
1054593,-1
1054601,9
1098768,2
1098779,12
1098780,14
1098785,6
1098787,9
1098788,4
1098790,3
1098791,2
1098797,0
1098805,0
1098811,11
1098815,4
890400,4
890444,15
1083090,0
1083095,15
1083101,0
1083111,3
1083112,14
1083116,8
1083119,3
1054612,3
1054614,13
1054625,4
1054630,4
1054633,4
1054635,3
1054638,6
1054651,4
890470,4
1098822,12
1098831,2
1098860,11
1098866,3
1098871,11
1083153,4
1083157,2
890514,4
890523,4
890541,4
1098887,4
1098888,13
1098890,10
1098894,1
1098908,12
1098919,4
1014065,6
1014069,10
1014070,-1
1014072,11
1014074,11
1014081,13
1014083,14
1014086,14
1014090,7
1014096,14
1014097,8
1014099,11
1054685,3
1054688,7
1054697,14
1054698,-1
1054703,4
1054704,8
1054706,8
1054707,14
1014106,12
1014118,14
1014128,6
1014130,4
1014133,12
1014139,15
1014149,4
1014159,11
1014161,4
1098931,12
1098932,4
1098935,6
1098937,4
1098942,14
1098943,4
1098953,6
1098962,4
1083176,4
1083184,6
1083202,14
1083224,1
1083237,8
1083240,4
1083256,4
1083258,0
1083278,4
1083280,16
1083284,8
1098992,4
1099006,13
1054724,9
1054734,4
1054739,8
1054746,3
1054752,4
1054760,3
1054761,7
1054762,7
1054767,12
1054775,9
1054783,11
890656,4
1083287,4
1083295,6
1083300,8
1083301,13
1083307,4
1083312,9
1083322,2
1083332,2
1083333,10
1099015,4
1099055,8
890730,3
890737,4
1054785,9
1054796,8
1054798,11
1054801,15
1054805,11
1054811,2
1054818,5
1054834,4
1083355,14
1083359,4
1083362,4
1083365,9
1083367,3
1083372,13
1083382,9
1083384,4
1083388,11
890747,13
890755,4
1099098,2
1099103,7
1099104,3
1099114,7
1099125,12
1099126,12
1054836,4
1054839,4
1054847,4
1054855,12
1054880,4
1054882,4
1083393,14
1083396,2
1083410,3
1083416,4
1083419,4
1083422,14
1083431,6
1014164,7
1014189,3
1014195,4
1014207,3
1014216,9
890811,15
890821,3
890826,4
890843,4
1083441,4
1083473,7
1054885,4
1054891,4
1054901,11
1054910,4
1054914,5
1054915,14
1054928,3
1054943,14
1054944,6
1014221,6
1014223,4
1014234,12
890872,3
890883,4
890888,3
890908,4
890909,3
1083479,6
1083491,14
1083492,10
1083493,3
1083494,11
1083496,7
1083503,14
1083515,4
1014251,3
1014260,4
1014263,3
890913,4
890915,4
890920,4
890930,14
890936,3
1014281,4
1014287,4
1014289,0
1014291,0
1014297,14
1014300,4
1014302,0
1014323,3
1014330,4
1014333,14
1014336,8
1014342,4
1014343,2
1014345,10
1083524,11
1083540,12
1083556,4
1083563,4
1083577,4
1083578,4
1099140,-1
1099143,9
1099151,4
1099152,5
1099158,4
1099164,11
1099165,4
1099171,4
1099172,1
1099176,4
1099180,1
1099183,4
1099189,5
890985,3
1014347,4
1014352,4
1014354,14
1014359,0
1014365,7
1014374,12
1014396,8
1083590,9
1083601,2
1083621,5
1083623,4
1083629,14
1083630,11
1083642,11
891040,9
891056,4
1014405,4
1014407,14
1014417,15
1014419,6
1014422,15
1014425,12
1014436,0
1014438,4
1014440,3
1099227,16
1099238,12
1054952,9
1054964,4
1054967,4
1054971,3
1054979,11
1054984,0
1054996,3
1224517,3
1014457,0
1014458,10
1014465,13
1099285,14
1099287,2
1099288,17
1055017,9
1055019,3
1055033,14
1055038,5
891247,4
1083656,1
1083663,-1
1083666,15
1083670,2
1083671,0
1083675,10
1083679,2
1083692,0
1014484,10
1014487,3
1014489,6
1014492,7
1014493,4
1014500,8
1014501,17
1014503,11
1014505,6
1014511,2
1014516,8
1014526,6
1014528,11
1014533,1
1014538,3
1014541,2
1014542,16
1099325,0
1099328,8
1099332,12
1099350,3
1099356,0
1099357,6
891258,3
1014549,14
1014558,4
1014561,17
1014563,3
1014572,3
1014579,8
1014585,14
1014592,3
1083696,0
1083699,14
1083701,0
1083714,13
1083718,4
1083730,3
891337,4
891345,3
1055080,13
1055095,8
1055103,2
1055106,8
1055114,4
1055115,8
1083766,4
1083771,3
1083773,-1
1083784,13
1083786,3
1083787,4
1083788,1
1083794,9
1083797,14
1014599,5
1014612,3
1014614,14
1014617,0
1014632,7
1014635,3
1014638,8
1014639,0
1014640,10
1014641,0
1014644,4
1014645,13
1014653,11
1099380,6
1099385,4
1099402,6
1099407,14
1099409,0
1099430,17
1055133,6
1055138,5
1055141,14
1055149,3
1055168,2
1055169,5
1055175,4
1055176,6
1055182,4
1055185,9
891449,10
891455,16
1099433,4
1099440,14
1099457,13
1099467,4
1099478,3
1099489,7
1014659,3
1014660,7
1014661,14
1014663,17
1014669,3
1014673,4
1014692,3
1014695,10
1014707,11
891499,3
1083811,14
1083813,9
1083828,14
1083835,0
1083839,8
1083846,-1
1083850,4
1083857,3
1083858,4
1083860,9
1099501,4
1099507,4
1099510,3
1099521,13
1099522,2
1099524,17
1099532,4
1099534,3
1099545,4
1099547,11
1099551,4
1099554,14
1014715,9
1014716,11
1014732,9
1014739,11
1014741,-1
1014758,10
1014760,4
1014768,4
1014775,7
1083866,4
1083868,-1
1083869,3
1083873,4
1083896,14
1055190,-1
1055221,14
1055224,4
1055225,4
1055233,14
1055239,13
1055240,14
1055242,2
1099565,4
1099567,12
1099577,10
1099578,3
1099580,14
1099584,3
1099593,4
1099603,3
1099617,8
1099618,4
1083908,4
1083910,14
1083916,1
1083929,0
1083932,4
1083935,13
1083936,9
1083937,4
1083938,5
1083940,5
1083942,8
1083943,7
1083947,4
891596,3
891617,7
891676,4
1055248,14
1055249,11
1055250,17
1055260,4
1055263,12
1055268,12
1055283,2
1055288,2
1055289,11
1055298,-1
1055301,4
1083964,-1
1083972,0
1083974,11
1083981,4
1083982,17
1084004,3
1084005,-1
1084006,10
1084017,4
1084019,-1
1099620,3
1099622,12
1099631,7
1099635,11
1099642,3
1099644,4
1099645,11
1099647,11
1099652,14
1099662,14
1099673,8
1014778,16
1014786,8
1014788,14
1014796,4
1014798,4
1014802,9
1014811,6
1014812,9
1014814,9
1014815,3
1014816,2
1014819,4
1014821,11
1014824,2
1014849,3
1014858,5
1014859,-1
1014865,11
1014871,4
1014874,14
1014877,-1
1014887,3
891721,4
1084024,14
1084029,14
1084044,1
1084046,13
1084048,10
1055309,9
1055319,17
1055332,3
1055334,3
1055335,5
1055336,8
1055339,15
1055345,4
1055347,11
1055359,10
1055361,10
1055363,4
1055370,1
1055385,13
891796,4
891813,3
891826,4
891833,4
891841,11
1099684,4
1099691,3
1084077,4
1084085,5
1084097,2
1084107,4
1055395,10
1055397,3
1055401,14
1055407,4
1055427,3
1099753,10
1099758,0
1099766,9
1099768,4
1099771,11
891857,3
1055432,14
1055433,10
1055437,9
1055439,8
1055447,4
1055454,7
1055459,-1
1055461,3
1055468,10
1055480,11
1099786,4
1099788,14
1099797,10
1099806,8
1099818,13
1099822,14
1099830,14
1099833,-1
1099843,11
1099845,4
1099846,4
891911,3
891940,13
1014890,3
1014891,9
1014899,4
1014910,2
1014917,1
1014921,6
1014931,13
1014940,3
1014941,3
1014945,4
1084113,3
1084115,4
1084117,14
1084120,3
1084130,4
1084134,14
1084146,9
1084148,-1
1084159,7
1055488,-1
1055498,14
1055504,2
1055506,14
1055512,3
1055518,5
1055521,9
1055522,13
1055529,0
1055538,3
1055540,7
1055546,11
1084167,4
1084171,14
1084177,0
1084180,16
1084183,9
1084186,7
1084188,4
1084196,14
1084203,4
1084204,3
1084205,11
1084207,-1
1084215,4
1084221,-1
892001,4
892017,0
1099868,10
1099869,10
1099870,7
1099874,4
1099884,7
1099886,4
1099888,12
1099891,0
1099903,4
892032,4
1084227,15
1084241,-1
1084245,5
1084261,14
1084262,6
1084268,4
1084269,1
1099905,4
1099909,4
1099915,14
1099931,14
1099940,2
1099950,4
1099952,14
1099959,11
1099965,14
892136,4
1084278,3
1084283,4
1084289,1
1084293,13
1084297,3
1084303,4
1084310,4
1084316,5
1084325,4
1084330,4
1055554,13
1055565,13
1055571,3
1055578,6
1055581,3
1055593,0
1055595,9
1055601,1
892139,4
1084334,4
1084339,0
1084343,4
1084357,4
1084360,-1
1084369,7
1084370,4
1084391,4
1099988,8
1100012,7
1100019,9
1100022,8
1100028,7
1100031,4
892275,2
1100044,7
1100062,-1
1014962,-1
1014975,-1
1014986,4
1014995,-1
1014997,4
1055605,-1
1055606,4
1055608,12
1055618,11
1055637,4
1055639,3
1055642,7
1084405,4
1084430,4
1084435,7
1084440,3
1084449,4
1084451,4
1084452,4
892303,3
892305,4
892338,4
1100090,6
1100098,7
1100107,5
1100110,9
1100112,2
1100118,4
1015010,3
1015012,6
1015017,4
1015030,10
1015035,10
1015043,7
1015052,4
1015061,11
1084454,11
1084461,1
1084463,14
1084464,2
1084466,4
1084470,4
1084481,14
1084490,14
892389,3
1100141,14
1100157,7
1100158,3
1100167,6
1100178,11
1100180,13
1100182,4
1100189,4
1100190,-1
1084502,3
1084506,10
1084519,15
1084524,3
1084528,6
1084543,8
1084549,3
1055649,10
1055653,10
1055665,4
1055683,4
1055693,9
1055697,4
1055704,10
1055709,4
1015071,4
1015073,5
1015079,4
1015080,-1
1015086,13
1015091,3
1015096,5
1015098,5
1015103,1
1015106,14
1015107,12
1015108,11
1015111,9
1015112,4
1015113,0
1015119,3
1015121,4
1100203,0
1100205,4
1100211,11
1100213,14
1100224,13
1100229,3
1100230,9
1100244,14
1100248,4
1100249,1
1100254,1
1084560,3
1084578,4
1084581,11
1084586,4
1084588,14
1084591,-1
1084598,0
1084601,1
1084602,7
892402,0
892416,3
1055726,4
1055734,2
1055736,4
1055737,4
1055747,3
1055751,7
1055755,4
1055764,4
1055773,4
1055778,11
1015132,9
1015134,12
1015153,4
1015155,4
1015158,0
1015171,5
1015172,4
1100264,9
1100269,4
1100273,5
1100303,4
1100315,6
1055784,4
1055792,0
1055800,4
892557,3
892562,4
1015177,4
1015182,10
1015194,4
1015195,1
1015204,14
1015213,3
1015219,3
1015221,4
1015225,2
1015229,14
1055808,4
1055810,13
1055811,4
1055817,-1
1055818,7
1055832,4
1055839,4
1055844,6
1055847,9
1055848,4
1055853,2
1055863,1
1084607,4
1084619,16
1084626,11
1084631,4
1084634,1
1084650,4
1084656,14
1015242,17
1015244,4
1015254,3
1015258,3
1015260,-1
1015261,-1
1015268,14
1015269,4
1015275,4
892609,3
1015303,3
1015310,9
1015318,6
1015331,9
1015332,10
892678,16
1084677,13
1084680,9
1084685,4
1084687,9
1084701,5
1084731,1
1084732,9
1084735,4
1055865,4
1055870,8
1055875,4
1055882,8
1055889,3
1100326,6
1100334,4
1100350,2
1100355,4
1100356,1
1100359,4
1100366,3
1100367,4
1100386,4
1100391,11
1100423,4
1100426,8
1100434,2
1100444,13
1055902,7
1055919,10
1055922,5
1055932,3
1055934,14
1055937,7
1055938,3
1055943,-1
1055945,3
1055948,10
892762,4
892789,4
892791,4
1015359,0
1015372,4
1015376,10
1055958,11
1055982,14
1055984,8
1055989,10
1055996,3
1055998,10
1015388,4
1015391,4
1015394,9
1015406,-1
1015408,4
1015410,13
1015413,12
1015420,9
1015424,4
1015426,4
1015428,11
1015433,14
1015439,3
1100465,9
1100473,6
1100484,13
892918,6
1015442,10
1015445,3
1015464,4
1015467,9
1015469,7
1015494,3
1015495,1
892962,3
892979,4
893012,3
1100507,8
1100520,10
1100532,4
1100543,4
1100546,4
1015512,3
1015516,8
1015521,9
1015523,4
1015534,15
1015535,0
1015542,4
1015545,11
1015548,4
1015554,7
1015555,4
1015559,0
1015563,3
893051,4
1056013,4
1056014,4
1056022,0
1056035,13
1056036,4
1056039,4
1056042,14
1100560,8
1100563,4
1100568,4
1100574,7
1100585,4
1100590,0
1100594,3
1100600,14
1100603,10
1056064,4
1056068,10
1056077,4
1056085,-1
1056087,9
1056099,0
1056107,5
1084744,8
1084747,17
1084770,8
1084777,4
1084788,10
1084789,7
1084791,1
893167,3
893172,3
893185,4
893187,4
893188,4
1056112,5
1056114,2
1056127,12
1056130,11
1056132,9
1056136,14
1056140,11
1056149,7
1056155,3
1056157,14
1056159,2
1056161,14
1100618,3
1100623,10
1100637,9
1100658,3
1100667,1
1100669,9
1084798,4
1084800,14
1084811,8
1084814,-1
1084823,7
1084824,4
1084838,2
1084840,-1
1084848,11
1084849,8
1056170,-1
1056181,4
1056182,0
1056192,11
1056195,7
1056197,0
1056198,3
893269,7
1100685,9
1100687,13
1100688,4
1100693,14
1100708,3
1100709,9
1100713,2
1100722,4
1100723,4
893361,3
1056232,4
1056235,0
1056245,0
1056254,1
1056258,-1
1056266,-1
1056269,-1
1084871,11
1084875,0
1084876,4
1084884,4
1084888,6
1084897,14
1084899,11
1084905,-1
1084906,14
1100743,4
1100745,4
1100748,8
1100751,0
1100754,4
1100761,9
1100768,8
1100770,7
1100772,5
1100775,4
1056278,6
1056286,9
1056293,3
1129649,3
1084916,9
1084918,4
1084931,7
1084938,12
1084943,15
1084951,14
1084963,7
1084967,7
1084968,7
1056311,14
1056313,-1
1056318,8
1056348,2
1056350,8
1056353,3
893386,3
893430,4
1015578,3
1015582,6
1015584,5
1015586,4
1015587,3
1015591,4
1015592,9
1015603,6
1100783,8
1100785,4
1100801,3
1100807,17
1100834,4
1100836,4
893472,4
893480,3
1056367,0
1056394,6
1056401,3
1056402,10
1015623,9
1015661,3
1015672,12
1015677,3
1100841,11
1100853,14
1100855,9
1100866,3
1100872,6
1100873,4
1100879,-1
893488,11
893496,1
893511,16
893513,11
1056419,2
1056447,4
1056460,14
1056468,4
1084977,11
1084984,13
1084986,3
1085007,14
1085017,14
1085021,1
893537,16
1100917,11
1100933,9
1100938,2
1056471,13
1056473,7
1056475,13
1056477,12
1056481,11
1056482,10
1056492,12
1056493,8
1056495,4
1056502,3
1056506,4
1056512,4
1056521,0
1056523,7
1056525,11
893605,4
893620,10
893641,4
893647,3
893662,4
893674,4
893686,4
1100944,4
1100950,0
1100959,12
1100963,4
1100974,3
1100979,4
1100986,4
1100991,-1
1100997,4
1085042,15
1085048,10
1085051,9
1085056,7
1085057,15
1085059,4
1085065,9
1085082,17
1085083,3
1085090,17
1085099,4
1085100,3
1085102,6
1085105,4
1085106,12
1085114,9
1085128,13
1085129,4
1101008,-1
1101011,14
1101015,3
1101027,4
1101033,9
1101037,14
1101044,0
1101051,2
1101058,6
1015680,2
1015683,17
1015685,9
1015688,4
1015694,11
1015705,3
1015730,7
1015732,4
1085140,4
1085147,9
1085175,3
1015737,4
1015755,10
1015775,14
1015783,11
1015784,4
1101066,10
1101069,7
1101074,7
1101077,7
1101081,4
1101082,12
1101088,-1
1101093,4
1101106,3
1101120,13
1056537,17
1056541,0
1056547,9
1056548,4
1056550,10
1056551,8
1056557,11
1056569,2
1056571,9
1056577,6
1056597,13
1056606,3
1056611,14
1056618,-1
1085189,14
1085200,14
1085203,7
1085211,9
1085225,16
1085231,2
1056642,10
1056643,7
1056658,0
1056660,8
1056663,4
1056665,-1
1056669,2
1015790,3
1015819,4
1015822,4
1015824,4
1015825,14
893879,4
893907,3
893919,4
1101129,11
1101146,3
1101147,8
1101153,1
1101163,8
1015834,14
1015835,-1
1015838,3
1015842,3
1015845,-1
1015851,3
1015862,14
1015863,15
1015884,16
893925,3
893935,3
1101180,10
1101191,-1
1101206,14
1101216,4
1101222,4
1101239,-1
1056683,14
1056688,3
1056694,3
1056711,8
1056713,4
1056715,11
1056729,7
1056734,11
1056742,13
1085243,-1
1085248,4
1085253,11
1085271,17
1085273,2
894079,16
1056750,3
1056753,14
1056758,3
1056760,15
1056764,-1
1056766,3
1056770,14
1056787,3
1056789,4
1056791,11
1056794,10
1056800,14
1056802,6
894095,12
894097,4
894098,3
894131,3
1085289,15
1085299,12
1085309,14
1085311,7
1085313,14
1085319,4
1085325,3
1085331,9
1085334,14
1085337,16
1101243,4
1101263,0
1101269,-1
1101289,8
1056814,3
1056819,13
1056823,1
1056825,3
1056826,1
1056829,3
1056830,4
1056834,9
1056848,9
1056862,9
1056866,9
1056867,14
1085358,0
1085367,11
1085368,2
1085373,3
1085378,11
1085380,14
1085383,4
1085388,6
1085392,4
1085395,3
1085401,9
1101300,3
1101315,3
1101316,7
1101317,12
1101319,4
1101332,4
1056871,15
1056878,14
1056890,4
1056891,4
1056892,9
1056894,3
1056901,1
1056909,-1
1056911,2
1056919,-1
1056921,4
1056931,3
1085412,4
1085414,3
1085416,6
1085417,3
1085420,10
1085424,7
1085429,14
1085438,-1
1085440,14
1085443,1
1085444,7
1085454,3
1085455,6
1101355,4
1101361,4
1101372,4
1101373,4
1101375,14
1101392,11
1101398,16
1015887,5
1015905,3
1015913,4
1015916,5
1015922,9
1015924,4
1015925,14
1015931,10
1015933,6
1015934,3
1015937,4
1015945,3
1085469,13
1085489,4
1085509,14
1085514,9
1085520,14
1085525,14
1101401,0
1101403,12
1101415,14
1101421,4
1101424,3
1101428,7
1101448,13
1101454,10
1101455,12
1056934,9
1056937,11
1056952,4
1056960,14
1056963,13
1056968,3
1056971,9
1015962,-1
1015970,12
1015978,10
1015995,9
1015999,10
1016001,4
1016004,6
1016005,11
1101459,4
1101464,2
1101476,14
1101481,-1
1101500,17
1101502,8
1101506,15
1101511,5
1101513,3
1101517,15
1101521,9
1056981,0
1056983,-1
1056997,4
1057007,10
1057014,2
1057021,4
1057023,0
1057024,13
1085528,11
1085534,17
1085541,4
1085543,14
1085544,4
1085548,4
1085551,4
1085552,15
1085553,2
1085568,10
1085571,10
1085574,8
1085577,4
1085581,17
1085587,4
894327,4
1101536,6
1101538,14
1101543,8
1101544,10
1101547,14
1101572,-1
1101575,12
1057053,11
1057054,5
1057070,11
1057071,11
1057074,12
1057079,9
1016008,3
1016016,8
1016020,13
1016049,9
1016050,3
1085588,13
1085591,6
1085598,4
1085605,0
1085610,16
1085620,4
1085627,10
1085634,14
1085635,4
1085637,4
1016066,4
1016068,3
1016082,13
1016095,14
1101593,2
1101595,12
1101597,4
1101608,4
1101619,5
1101625,7
1101631,2
1101633,2
1016108,11
1016110,4
1016119,4
1016133,9
1016153,2
1016157,0
1016160,3
1016162,-1
1085642,4
1085645,9
1085648,4
1085657,4
1085670,13
1057085,4
1057088,1
1057097,5
1057099,11
1057113,4
1057114,3
1057123,13
1057130,4
1057135,-1
1057136,8
894387,4
1101644,5
1101668,7
1101676,17
1085694,4
1085696,4
1085711,5
1085716,4
1085724,2
1085745,15
1016176,14
1016180,4
1016197,4
1016198,9
1016208,3
1016210,11
1016217,9
894469,3
894475,3
1101692,14
1101696,4
1101700,4
1101712,16
1101719,10
1057147,8
1057168,8
1057171,9
1057176,2
1057177,14
1057180,11
1016221,-1
1016268,14
1016273,2
1016275,10
894484,4
1085753,6
1085760,4
1085763,6
1085774,2
1085778,3
1085783,4
1085790,14
1085793,11
1085798,1
1057208,9
1057211,4
1057214,-1
1057216,9
1057227,14
1057230,3
1057234,3
1057244,-1
1057249,14
1101763,4
1101765,3
1101769,14
1101781,0
1101797,2
1101798,12
1101799,14
1085810,17
1085811,11
1085817,4
1085821,4
1085825,9
1085832,4
1085838,1
1085841,2
1085843,14
1085853,12
1085859,3
1085866,12
1057266,4
1057268,11
1057269,14
1057273,4
1057274,3
1057275,-1
1057277,3
1057280,4
1057282,1
1057284,4
1057298,8
1057301,-1
1016297,5
1016298,4
1016307,11
1016316,4
1016317,3
1016321,2
1016328,16
1101811,6
1101824,12
1101830,10
1101853,4
1101857,4
1101859,4
1101860,7
1101864,11
1101867,10
1101869,8
1057307,4
1057313,13
1057322,2
1057327,4
1057351,14
1057367,13
1016331,4
1016361,4
1016362,14
1016363,8
1016373,3
1016374,12
894725,5
1085871,7
1085879,14
1085880,11
1085888,7
1085895,4
1085896,16
1085897,-1
1085909,4
1085912,10
1085916,4
1085918,7
1085919,4
1085920,9
1085924,11
1016405,8
1016407,10
1016415,14
1016421,7
1016431,-1
1057375,2
1057382,9
1057388,-1
1057392,10
1057412,4
1057420,8
1057422,12
1101877,4
1101904,4
1101921,0
894846,4
894880,3
1016436,6
1016439,4
1016445,10
1016467,0
1057429,4
1057433,8
1057445,3
1057446,4
1057447,12
1057450,15
1057453,9
1057455,4
1057464,1
1057469,9
1057470,6
1057471,8
1016474,4
1016475,4
1016478,4
1016483,6
1016494,3
1016496,6
1016517,1
1016518,0
1016520,4
894890,3
894899,4
894900,3
1085959,5
1085969,-1
1085970,4
1085974,4
1085979,4
1085985,2
894947,4
894973,3
1086002,14
1086005,4
1086011,10
1086014,6
1086017,9
1086018,10
1086039,3
1016525,9
1016526,6
1016528,4
1016529,7
1016533,3
1016538,3
1016556,5
1016557,3
1016565,10
1016566,4
1016571,14
1016573,11
895009,3
895043,4
1057482,16
1057490,14
1057512,7
1057514,14
1057516,13
1057517,9
1057522,9
1057538,0
1057543,10
1057550,0
1057552,7
1057554,14
1101946,9
1101949,2
1101951,0
1101966,4
1101975,-1
1086048,13
1086049,4
1086056,14
1086058,7
1086061,3
1086062,4
1086065,12
1086067,7
1086071,0
1086072,-1
1086087,-1
1102007,4
1102008,4
1102020,3
1102028,3
1102038,0
1057575,4
1057592,13
1057595,11
1057605,4
1057607,3
1057617,12
1057628,-1
1086099,9
1086103,11
1086104,4
1086108,4
1086114,14
1086116,9
1086117,4
1086118,3
1086120,17
1086121,11
1086124,4
1086131,4
1086139,14
1086143,9
1102045,17
1102064,10
1102065,3
1102082,10
1102086,4
1102094,10
1102102,4
1016575,4
1016589,3
1016604,1
1016607,12
1016613,0
1016617,6
1016619,11
1016631,4
1016634,3
1016636,4
1086160,3
1086168,7
1086184,-1
1086185,3
1086188,9
1102107,15
1102110,7
1102115,5
1102127,10
1102149,2
1102153,-1
1102155,4
1102158,-1
1102160,4
1102164,4
1086205,-1
1086236,4
1086237,14
1086249,3
1086252,8
1086253,4
1086254,-1
1057638,17
1057676,4
1057681,10
1086260,7
1086269,11
1086273,11
1086278,1
1086293,4
1086296,14
1086303,11
1016637,7
1016640,7
1016649,4
1016653,4
1016654,6
1016669,7
1016670,-1
1016680,0
1016682,7
1016687,0
1016695,2
1016707,12
1016736,4
1102169,-1
1102170,9
1102171,4
1102177,9
1102179,5
1102186,3
1102198,13
1102212,10
1102214,14
1102217,9
1102219,4
1102225,-1
1102226,7
1102232,-1
1102241,-1
1102264,11
1102271,8
1102273,12
1102277,14
1102284,0
1102288,3
1057705,3
1057706,3
1057734,4
1057744,11
1086317,14
1086320,13
1086348,11
1086356,13
1086359,4
1086360,3
1086369,10
1057765,13
1057766,13
1057770,11
1057774,4
1057784,4
1057801,7
1057808,6
1057810,0
1057811,14
1016756,-1
1016757,11
1016758,11
1016763,9
1016784,0
1016789,3
1016790,4
1016797,4
1016798,0
1016801,17
1102290,4
1102296,7
1102309,11
1102310,2
1102318,4
1102322,-1
1102326,4
1102329,4
1102336,16
1102352,6
1102361,12
1102366,0
1102374,11
1102379,13
1102389,4
1102394,11
1102409,11
1057816,4
1057818,10
1057822,9
1057826,1
1057828,10
1057847,4
1057848,-1
1057849,3
1057851,8
1057859,7
1057860,15
1086376,14
1086379,11
1086384,17
1086389,5
1086394,14
1086407,4
1086412,0
1086429,3
1086433,4
1102412,12
1102413,4
1102414,-1
1102429,2
1102431,11
1102439,3
1102449,3
1102452,1
1102461,13
1086435,-1
1086448,9
1086453,7
1086454,0
1086467,3
1086470,9
1086471,3
1086476,7
1086487,3
1102478,3
1102490,-1
1102494,10
1102501,8
1102515,13
1102519,6
1102522,3
1102526,14
1102528,0
1102532,13
1102533,9
1057880,5
1057882,8
1057884,7
1057886,9
1057892,9
1057896,-1
1057905,4
1057909,3
1057916,6
1057918,0
1057924,3
1086498,11
1086509,17
1086516,14
1086518,7
1086519,4
1086520,2
1086521,11
1086523,14
1086541,-1
1016804,3
1016805,2
1016811,3
1016814,4
1016815,15
1016822,3
1016825,4
1016828,4
1057933,3
1057976,4
1102540,10
1102542,10
1102555,7
1102559,6
1102563,4
1102565,4
1102570,4
1102587,4
1102591,0
1102595,4
1086555,4
1086558,4
1086570,3
1086574,9
1086577,7
1086584,14
1086585,4
1086595,5
1016845,8
1016858,4
1016860,6
1016864,4
1016875,4
1016878,4
1016880,0
1016882,5
1086627,14
1086628,3
1086651,14
1086653,-1
1057998,13
1058018,3
1058029,3
1058030,11
1102599,5
1102601,13
1102610,7
1102612,8
1102621,3
1102637,3
1102639,8
1102644,4
1086660,4
1086687,14
1086702,3
1086704,4
1086705,4
1086708,13
1086711,1
1086712,-1
1102654,2
1102660,8
1102661,4
1102664,2
1102671,14
1102674,11
1058046,10
1058059,3
1058063,15
1058064,4
1058068,1
1016904,8
1016911,7
1016912,10
1016917,10
1016922,4
1016934,4
1016935,14
1016939,3
1016941,13
1016942,4
1058089,4
1058094,4
1058099,7
1058102,11
1058104,4
1058118,4
1058127,2
1058138,4
1058140,4
1102688,3
1102692,14
1102703,4
1102719,4
1102722,12
1102729,2
1102739,4
1086717,4
1086723,4
1086727,13
1086742,1
1086749,8
1086751,10
1086758,14
1086759,4
1086765,8
1086769,3
1058144,11
1058147,3
1058149,10
1058160,12
1058163,4
1058177,4
1058183,7
1058192,17
1058197,7
1058202,7
1086777,7
1086786,6
1086790,3
1086796,8
1086802,0
1086808,4
1086809,4
1086816,12
1086819,4
1086823,4
1086824,4
1086825,14
1016951,4
1016952,6
1016961,14
1016964,11
1016985,3
1102758,4
1102760,6
1102770,4
1102773,0
1102786,3
1058217,4
1058221,4
1058225,2
1058229,17
1058230,8
1016986,17
1017000,4
1017002,13
1017004,10
1017006,-1
1017008,6
1017014,11
1017017,17
1017026,4
1017028,12
1017030,11
1017032,10
1017033,4
1017034,14
1058259,6
1058278,2
1058282,4
1058284,17
1058289,14
1058292,6
1058295,5
1058296,3
1058303,-1
1102804,-1
1102811,3
1102812,4
1102817,16
1102821,4
1102826,5
1102835,14
1102842,6
1102847,7
1017048,-1
1017049,0
1017074,7
1017087,17
1017092,1
1017097,4
1058330,3
1058342,4
1058349,14
1058355,8
1058369,3
1058374,-1
1058375,17
1102854,-1
1102856,1
1102860,14
1102864,14
1102880,2
1102894,11
1102896,11
1102920,5
1102922,14
1102926,3
1102945,12
1102959,4
1017123,4
1017124,13
1017127,14
1017134,4
1017139,17
1017148,11
1017152,4
1086832,9
1086838,4
1086850,3
1086854,4
1086855,2
1086864,9
1102965,4
1102971,7
1102992,4
1102998,14
1086887,3
1086890,2
1086891,4
1086893,4
1086897,4
1086898,3
1086909,10
1086914,9
1086916,4
1086922,9
1086925,3
1086927,13
1086928,4
1086934,3
1058380,-1
1058385,10
1058386,7
1058391,3
1058398,5
1058425,4
1058428,12
1058430,4
1058432,7
1058440,4
1103010,9
1103023,10
1103031,4
1103035,8
1103046,6
1103050,0
1017173,4
1017178,7
1017184,14
1017189,3
1017190,13
1017191,3
1017192,4
1017196,4
1058445,4
1058460,4
1058463,-1
1058481,4
1058488,0
1058491,4
1058499,14
1017200,10
1017212,6
1017217,-1
1017220,6
1017225,4
1017245,14
1017249,10
1017252,7
1017253,-1
1017257,16
1017261,11
1017264,14
1058503,14
1058506,11
1058509,10
1058526,6
1058527,14
1058529,8
1058548,7
1017266,11
1017276,10
1017278,8
1017282,-1
1017287,8
1017289,4
1017292,1
1017300,3
1017310,14
1017311,9
1017312,4
1017315,9
1017316,3
1017317,10
1103058,0
1103064,13
1103066,3
1103070,8
1103074,3
1103075,0
1103081,12
1103082,4
1103084,4
1103106,4
1103134,4
1103141,13
1103142,4
1103143,11
1103147,0
1103151,11
1086955,0
1086956,0
1086962,-1
1086968,-1
1086970,8
1086974,7
1086976,4
1086981,8
1086982,4
1086986,4
1086992,13
1017319,0
1017322,3
1017327,4
1017330,5
1017338,11
1017344,0
1017352,0
1017354,4
1017357,4
1017362,14
1017371,7
1103161,3
1103162,1
1103175,17
1103207,9
1103211,17
1087007,4
1087010,3
1087012,4
1087018,6
1058589,17
1058594,3
1058596,10
1058602,3
1058617,1
1058622,14
1087060,11
1087062,4
1087077,-1
1017388,11
1017391,0
1017392,14
1017412,3
1017415,9
1058636,11
1058643,7
1058645,0
1058646,3
1058647,-1
1058649,4
1058654,3
1058662,2
1058665,-1
1087105,17
1087108,0
1087113,10
1087120,6
1087124,3
1087134,10
1087146,9
1087148,4
1087156,4
1087159,4
1087160,6
1058674,13
1058694,9
1058698,10
1058701,-1
1058711,6
1058720,10
1017442,11
1017443,9
1017450,-1
1087167,1
1087173,12
1087189,4
1087193,14
1087197,15
1087200,4
1087202,14
1087208,0
1087209,10
1017459,0
1017474,4
1017484,11
1017492,4
1017493,3
1017494,11
1017497,13
1017501,14
1017504,9
1087232,3
1087233,12
1087244,14
1103219,11
1103223,0
1103226,14
1103241,6
1103252,9
1087251,3
1087255,4
1087259,4
1087263,14
1087275,2
1087283,9
1087297,14
1087298,-1
1087299,6
1087309,5
1058723,10
1058725,9
1058732,3
1058733,14
1058734,6
1058736,1
1058737,9
1058746,9
1058749,3
1058753,9
1058758,11
1058767,7
1058768,-1
1058769,5
1058773,17
1058776,10
1058783,9
1058788,4
1017512,8
1017520,4
1017525,10
1017530,7
1017532,3
1017534,4
1103269,4
1103271,-1
1103273,14
1103274,0
1103284,2
1103286,10
1103293,6
1103297,4
1103301,4
1103310,8
1103322,4
1103329,3
1147146,14
1087315,3
1087329,4
1087334,-1
1087346,6
1087353,3
1058792,0
1058799,14
1058805,9
1058809,13
1058813,13
1058830,11
1058833,8
1103343,7
1103367,7
1103371,12
1103381,13
1103382,3
1103386,2
1017552,4
1017565,-1
1017583,14
1017591,17
1058849,13
1058854,14
1058857,16
1058858,6
1058859,12
1058860,11
1058862,14
1058868,6
1058872,4
1058875,4
1058884,4
1058885,4
1058887,4
1058888,6
1087369,4
1087376,4
1087396,14
1087399,10
1087401,4
1087405,14
1087415,15
1087417,11
1087419,14
1058930,14
1058932,8
1058935,4
1087433,4
1087443,2
1087449,17
1087468,5
1103405,4
1103409,3
1103442,4
1017597,3
1017600,12
1017609,3
1017615,1
1017616,3
1017618,4
1017624,14
1017633,4
1017634,0
1017643,11
1017644,4
1058960,4
1058967,4
1058971,8
1058974,-1
1058976,3
1087490,11
1087496,9
1087497,14
1087500,15
1087505,0
1087506,4
1087507,3
1087519,14
1103466,11
1103467,4
1103469,1
1103492,4
1017652,3
1017653,-1
1017655,2
1017656,8
1017662,4
1017665,3
1017666,3
1017670,13
1017672,-1
1017675,-1
1017682,4
1087550,3
1087551,-1
1087555,3
1087574,9
1087576,0
1087577,-1
1017713,4
1017717,12
1017720,7
1017733,4
1087582,7
1087583,0
1087604,1
1087605,13
1087607,-1
1087611,3
1087624,4
1087625,4
1087628,11
1087630,14
1087631,4
1087635,9
1087636,0
1017770,15
1017776,3
1017782,-1
1017787,8
1017789,-1
1103495,3
1103503,4
1103516,4
1103523,14
1103529,7
1103539,4
1103540,3
1103542,10
1103558,7
1059021,4
1059026,10
1059033,3
1059039,2
1059042,1
1087639,6
1087640,4
1087645,4
1087646,4
1087648,-1
1087653,3
1087658,0
1087666,9
1087671,4
1087681,1
1087683,2
1087684,14
1059056,2
1059065,14
1059069,0
1059085,10
1059093,4
1059102,3
1059107,0
1017813,0
1017827,5
1017848,6
1059112,0
1059120,7
1059122,2
1059127,4
1059133,-1
1059139,17
1059162,14
1059165,15
1059180,11
1059183,11
1059198,4
1059199,9
1059200,16
1059208,4
1017870,-1
1017871,8
1017873,9
1017883,14
1017884,3
1017891,4
1017905,4
1017910,9
1017911,4
1017913,3
1059209,6
1059212,4
1059216,14
1059222,17
1059224,3
1059227,3
1059228,9
1059230,5
1059237,15
1059241,10
1059242,4
1059248,4
1059257,4
1087695,7
1087700,14
1087710,4
1103578,7
1103590,13
1103599,4
1103608,14
1087758,1
1087759,4
1087766,4
1103631,4
1103637,10
1103644,3
1103646,1
1103656,6
1103663,4
1103665,2
1103669,14
1103677,13
1059268,4
1059272,4
1059279,4
1059280,4
1059286,7
1059288,6
1059292,14
1059305,0
1059310,10
1059315,3
1059322,4
1087778,9
1017926,4
1017930,3
1017931,-1
1017932,4
1017933,8
1017937,9
1017940,9
1017943,3
1017946,1
1017953,11
1017959,4
1017960,4
1017962,3
1103705,4
1103706,-1
1103715,4
1103717,4
1103722,4
1103727,4
1103739,-1
1103740,10
1017963,11
1017965,14
1017978,4
1017979,3
1017981,9
1017984,4
1017985,17
1017994,2
1017997,4
1018001,2
1018007,4
1018008,11
1018012,8
1018018,-1
1103758,0
1103774,4
1103779,9
1103796,14
1018024,4
1018027,6
1018032,6
1018052,9
1018068,5
1018072,17
1018077,13
1059352,3
1059358,6
1059359,3
1087810,7
1087822,4
1087827,4
1087830,11
1087834,9
1087835,9
1103811,9
1103831,8
1103836,10
1103842,14
1103861,1
1087839,4
1087858,3
1087866,4
1087878,7
1087883,7
1103882,7
1103894,4
1103896,12
1103900,-1
1103901,4
1103906,4
1103915,9
1087889,4
1087890,9
1087891,11
1087897,5
1087898,12
1087905,4
1087908,11
1087911,0
1087916,4
1087917,2
1087924,9
1087931,3
1087935,7
1018084,14
1018088,4
1018093,4
1018100,4
1018103,9
1059407,0
1059419,14
1059420,11
1059421,0
1059422,1
1059427,3
1059434,-1
1018118,14
1018135,0
1018138,13
1018139,4
1018145,9
1018146,5
1018148,14
1018153,3
1103942,6
1103947,4
1103954,1
1103963,1
1103979,4
1103983,0
1087951,2
1059445,14
1059451,3
1059460,8
1059461,17
1059474,14
1059497,8
1018162,0
1018172,11
1018187,6
1018188,3
1018190,4
1018198,6
1018210,0
1018213,4
1018222,5
1018226,3
1087982,3
1088005,-1
1088008,4
1088011,4
1088018,8
1059500,11
1059513,4
1059518,14
1059522,9
1059528,14
1059532,4
1059534,11
1059540,2
1059544,17
1088031,4
1103999,12
1104026,14
1104028,9
1104030,4
1104040,10
1104042,8
1104044,9
1088040,-1
1088056,13
1018229,3
1018230,3
1018235,4
1018242,5
1018262,12
1018277,4
1088060,4
1088067,3
1088070,4
1088071,4
1088079,17
1088087,4
1088097,4
1104047,2
1104056,8
1104059,10
1104062,10
1104067,1
1104068,3
1104069,17
1104071,12
1104075,0
1104084,0
1104092,9
1104094,2
1088121,13
1088124,4
1088127,9
1088128,5
1088141,4
1088146,2
1088149,10
1088150,-1
1088152,1
1088153,5
1088175,2
1018297,13
1018300,9
1018301,4
1018303,11
1018304,-1
1018306,4
1018307,11
1018308,14
1018310,4
1018313,10
1018319,12
1018321,6
1018325,3
1018327,3
1018338,2
1018341,5
1059566,7
1059575,3
1059578,3
1059603,4
1059610,9
1059617,9
1018343,4
1018352,8
1018353,14
1018354,4
1018356,4
1018361,3
1018373,3
1104106,10
1104110,10
1104111,-1
1104116,0
1104120,4
1104122,16
1104132,4
1018374,-1
1018381,3
1018388,14
1018389,4
1018390,4
1018402,3
1018419,1
1018420,17
1104144,2
1104153,4
1104156,0
1104158,-1
1104172,13
1104178,4
1104180,13
1104182,2
1104184,2
1104196,14
1018437,11
1018443,7
1018458,14
1018472,15
1018475,0
1059629,7
1059632,3
1059633,1
1059638,13
1059643,10
1059653,3
1059657,2
1104205,10
1104212,4
1104216,7
1104247,4
1104251,4
1104260,-1
1059664,4
1059665,10
1059669,5
1059674,-1
1059681,4
1059684,3
1059685,8
1059689,4
1059701,2
1059705,2
1088178,4
1088179,4
1088188,4
1088193,4
1088198,-1
1088206,16
1088220,17
1088222,4
1088227,16
1088230,9
1059716,6
1059722,4
1059725,3
1059731,4
1059732,9
1059737,3
1059738,4
1059745,3
1059746,8
1059757,4
1059758,14
1059760,1
1059764,5
1059771,3
1104272,9
1104277,-1
1104284,4
1104296,10
1104302,4
1104303,1
1104307,4
1104309,4
1104310,9
1088236,11
1088244,1
1088245,4
1088250,14
1088253,14
1018512,3
1018514,3
1018523,14
1018526,1
1018527,3
1018533,7
1018538,4
1059783,2
1059784,4
1059787,10
1059789,3
1059805,6
1059809,1
1059810,9
1059813,2
1088271,9
1088281,14
1088291,4
1104315,9
1104316,12
1104317,8
1104353,-1
1104359,-1
1088316,13
1088318,4
1059831,10
1059834,6
1059844,4
1059851,4
1059854,4
1059865,7
1059871,3
1088331,3
1088332,10
1088339,14
1088341,4
1018548,7
1018558,4
1018579,7
1018580,11
1018584,8
1018588,0
1018595,4
1088348,1
1088350,11
1088358,3
1059875,4
1059889,0
1059898,4
1059905,4
1059910,4
1088376,9
1104370,0
1104375,12
1104382,11
1104384,3
1104392,4
1104394,10
1104396,10
1104399,6
1104403,14
1088398,14
1088405,-1
1018603,14
1018608,5
1018621,-1
1018629,13
1018639,16
1018642,11
1018645,4
1088417,5
1088420,14
1088421,0
1088441,-1
1088447,4
1088455,4
1059931,14
1059934,11
1059936,2
1059950,8
1059969,10
1059975,3
1059986,-1
1059987,4
1059990,10
1018648,7
1018657,2
1018672,3
1018673,10
1018674,4
1018675,4
1018679,11
1018681,10
1018684,3
1018685,13
1018687,4
1018688,14
1018689,3
1018691,9
1018692,11
1018694,4
1088468,1
1088486,3
1088488,2
1088490,3
1088491,0
1088494,10
1088504,5
1104427,17
1104429,10
1104446,4
1104449,2
1104455,6
1104457,4
1104460,4
1104461,10
1104471,2
1018699,7
1018701,11
1018703,12
1018707,13
1018723,13
1018730,10
1018732,13
1018733,1
1018735,13
1018743,14
1018751,2
1088529,9
1088536,4
1088537,15
1088541,6
1088543,4
1088545,6
1088549,10
1018766,4
1018767,17
1018778,6
1018780,9
1018789,-1
1018790,4
1018794,10
1088569,10
1088596,11
1088611,0
1088621,4
1104472,4
1104479,6
1104493,3
1104504,7
1104509,10
1104511,7
1104513,11
1018805,-1
1018809,3
1018819,4
1018823,7
1018829,14
1018831,14
1018843,3
1018850,9
1088627,0
1088629,17
1088633,5
1059995,2
1059996,4
1059997,10
1060003,8
1060009,3
1060011,6
1060014,3
1060018,4
1060022,13
1060032,3
1060037,8
1060043,4
1060045,7
1018867,11
1018868,14
1018882,8
1018885,4
1018888,6
1088656,7
1088667,3
1018890,4
1018893,14
1018896,7
1104541,14
1104546,4
1104549,6
1104596,8
1088679,4
1088689,3
1088701,9
1018926,11
1018927,4
1018936,11
1018941,4
1018942,4
1018943,-1
1018944,12
1018948,4
1018956,3
1018959,4
1018963,4
1018975,13
1018981,14
1060054,4
1060060,11
1060066,0
1060072,4
1060079,4
1060085,9
1060089,13
1060091,-1
1060093,8
1104601,4
1104617,4
1104621,6
1104628,12
1104631,12
1104639,14
1104641,4
1104652,8
1104654,-1
1104657,4
1104665,4
1104668,17
1104669,16
1104677,10
1104678,14
1104688,13
1104690,4
1104691,10
1088719,6
1088721,4
1088726,3
1018994,8
1018997,16
1018998,-1
1018999,3
1019006,3
1019007,7
1019008,4
1019010,3
1019017,7
1019019,13
1088737,2
1088738,6
1088743,10
1088750,10
1088751,9
1088752,4
1088754,4
1088772,4
1060098,4
1060101,3
1060104,9
1060106,4
1060116,4
1060121,4
1060122,7
1060123,3
1060125,3
1060133,4
1060135,0
1060138,15
1060141,4
1060152,5
1060153,3
1060157,4
1060159,16
1060161,4
1060176,4
1060182,12
1060189,3
1060193,2
1060194,16
1060210,3
1019028,16
1019043,3
1019045,7
1019051,10
1019055,8
1019060,10
1019062,10
1019073,7
1019074,-1
1019075,3
1019077,11
1088776,9
1088784,3
1088800,7
1088806,11
1088807,14
1088808,2
1088809,3
1088814,0
1104725,4
1104737,-1
1104741,16
1104746,9
1104754,7
1019079,4
1019080,12
1019087,2
1060226,10
1060236,4
1060266,10
1088831,7
1088832,13
1088880,13
1060295,14
1060296,4
1060307,3
1060309,3
1019138,5
1019142,5
1019149,4
1019150,0
1019156,4
1019161,4
1019169,-1
1019170,14
1060325,4
1060326,5
1060330,5
1060337,4
1060353,9
1060354,4
1060357,4
1060359,4
1060368,3
1104776,11
1104777,10
1104785,6
1104789,9
1104793,6
1104797,-1
1104805,10
1104806,12
1104816,7
1019172,17
1019174,3
1019175,4
1019177,4
1019178,14
1019189,15
1019191,9
1019201,12
1019203,3
1019211,8
1019214,1
1019218,1
1019219,6
1019222,3
1019230,1
1060391,10
1060395,14
1060397,4
1060402,9
1060408,4
1088897,4
1088898,8
1088910,14
1088933,-1
1088944,4
1088946,4
1104824,10
1104837,11
1104839,11
1104843,4
1104844,9
1104849,12
1104850,5
1104855,2
1104862,4
1104864,-1
1104868,17
1104870,4
1104874,5
1149671,4
1060425,0
1060429,9
1060430,4
1060438,3
1060439,16
1060447,9
1060454,3
1019232,4
1019240,17
1019242,4
1019249,12
1019256,4
1019274,14
1019275,0
1060486,3
1060502,5
1060503,4
1060506,9
1060526,0
1019287,14
1019289,17
1019292,4
1019295,7
1019296,7
1019299,-1
1019301,6
1019309,14
1019329,-1
1060556,4
1060560,11
1060561,4
1060562,3
1060565,5
1060587,4
1060595,17
1019333,4
1019340,9
1019350,3
1019353,10
1019362,7
1019364,4
1019367,5
1019368,8
1019374,4
1019388,9
1088966,7
1088967,10
1088974,4
1088975,12
1088981,4
1088984,14
1088985,13
1088995,7
1088996,4
1089004,9
1089005,12
1104898,10
1104903,10
1104904,0
1104908,13
1104909,-1
1104910,15
1104925,10
1104927,7
1104931,4
1104932,1
1104938,4
1104945,1
1104965,9
1104969,8
1104975,4
1104989,13
1060597,10
1060602,8
1060604,12
1060612,11
1060617,-1
1060622,10
1060623,0
1060626,11
1060629,14
1060633,4
1060637,12
1060638,3
1089014,6
1089018,15
1089025,14
1089032,2
1089042,11
1089043,-1
1089057,15
1089079,4
1089089,7
1089095,11
1089102,3
1089108,0
1089116,4
1089132,3
1060681,3
1060684,14
1105025,11
1105030,-1
1105036,11
1105041,7
1105044,4
1105051,2
1105053,4
1089150,6
1089157,1
1089163,14
1089172,11
1089174,10
1019392,4
1019396,11
1019397,13
1019399,4
1019400,4
1019411,2
1019412,9
1019416,4
1019418,11
1019421,9
1019422,4
1019434,4
1019436,4
1019445,14
1019446,-1
1060698,4
1060708,14
1060739,4
1060742,6
1060744,14
1060747,11
1060754,4
1105071,4
1105081,0
1105101,-1
1105105,9
1105110,8
1105112,4
1105127,6
1089193,17
1089197,7
1089212,3
1089223,11
1089234,9
1089238,10
1019448,4
1019457,11
1019492,4
1019497,13
1019499,17
1060763,3
1060773,4
1060790,4
1060795,10
1060796,12
1060798,7
1060806,9
1060812,11
1060813,6
1105136,4
1105138,13
1105141,3
1105144,11
1105157,6
1105169,6
1105177,-1
1105181,12
1105182,8
1105186,4
1105190,8
1019501,3
1019504,-1
1060825,4
1060826,14
1060828,14
1060832,7
1060834,10
1060838,1
1060840,9
1060846,4
1019517,7
1019533,14
1105200,13
1105201,-1
1105203,14
1105221,4
1105228,-1
1105239,17
1105241,6
1105244,6
1105249,14
1019564,4
1019574,10
1060864,17
1060869,-1
1060880,9
1060892,3
1060894,9
1060921,14
1060922,8
1019585,6
1019590,3
1019612,16
1019618,9
1019620,4
1019635,13
1105253,8
1105258,14
1105269,9
1105275,16
1105283,3
1105294,5
1105296,4
1105303,4
1060931,14
1060936,4
1060937,11
1060940,3
1060949,3
1060966,11
1060968,14
1060979,3
1060982,4
1019640,9
1019643,17
1019655,4
1019660,-1
1019670,9
1019679,11
1019683,8
1019692,3
1105310,4
1105316,3
1105337,7
1105340,3
1105355,15
1060990,4
1061002,11
1061012,4
1061024,9
1061025,-1
1061031,7
1105359,4
1105361,0
1105376,9
1105391,4
1105395,10
1019713,3
1019722,3
1061049,3
1061056,14
1061063,13
1061081,0
1061096,6
1105416,6
1105436,-1
1105441,4
1105463,6
1019743,3
1019744,3
1019750,9
1019752,-1
1019754,4
1019756,11
1019764,3
1019766,4
1019774,10
1019777,14
1061101,4
1061103,17
1061105,3
1061111,8
1061123,9
1061128,4
1105476,9
1105492,12
1105494,4
1105505,11
1105522,9
1105528,17
1019781,3
1019801,4
1019802,-1
1019808,9
1019827,4
1089243,4
1089255,4
1089256,4
1089257,0
1089258,14
1089264,3
1089271,4
1089272,9
1089275,14
1089278,4
1089289,14
1089298,4
1019836,4
1019848,-1
1089300,6
1089313,4
1089317,14
1089321,8
1089328,4
1089345,9
1061146,10
1061152,7
1061156,2
1061167,9
1061176,12
1061188,2
1061200,4
1019868,4
1019881,3
1019883,4
1019889,4
1019910,14
1019913,2
1019932,13
1019933,8
1089352,11
1089358,3
1089361,1
1089365,3
1089369,14
1089373,4
1089374,8
1089379,13
1089382,12
1089396,0
1089398,0
1061211,4
1061232,3
1061243,2
1061247,4
1061249,0
1061253,7
1061256,-1
1061257,9
1061259,14
1019948,4
1019949,15
1019951,3
1019954,10
1019957,5
1019958,17
1019966,10
1019984,4
1019986,6
1019987,4
1019988,3
1089407,16
1089423,7
1089430,8
1089433,3
1089437,6
1089448,9
1105535,6
1105546,9
1105551,10
1105559,14
1105569,4
1105571,3
1105574,11
1105575,14
1105583,4
1089459,9
1089463,14
1089464,13
1089503,4
1089514,4
1019991,4
1019992,3
1020000,3
1020004,4
1020005,8
1020013,8
1020029,6
1020032,-1
1105599,4
1105602,14
1105611,13
1105615,14
1105618,7
1105623,1
1105631,3
1105636,13
1105646,1
1061268,11
1061270,9
1061276,14
1061277,7
1061278,2
1061279,2
1061290,4
1061299,14
1061304,12
1061305,4
1061307,4
1061310,3
1020039,3
1020042,3
1020043,3
1020056,4
1020057,3
1020060,9
1020061,2
1020063,13
1020065,17
1020072,8
1020075,4
1020079,13
1020080,4
1020081,4
1105656,13
1105661,12
1105669,4
1105675,17
1105677,9
1105680,4
1105683,7
1105697,3
1105701,11
1089527,12
1089539,10
1089561,14
1089563,11
1089574,11
1089576,11
1020084,8
1020085,4
1020105,3
1020109,3
1020116,3
1020121,10
1020128,2
1020129,4
1020139,0
1020140,3
1061314,14
1061316,8
1061325,4
1061330,9
1061340,3
1061348,3
1061351,4
1061360,4
1061372,14
1020167,14
1020192,4
1020199,10
1061383,3
1061391,4
1061396,11
1061400,4
1061402,0
1061405,6
1020213,12
1020233,3
1020255,11
1089578,-1
1089585,0
1089593,13
1089596,4
1089610,9
1089616,12
1089622,9
1089641,17
1089652,11
1089653,4
1089654,-1
1089657,2
1089658,9
1089659,13
1089662,4
1089663,0
1089667,8
1089668,4
1089671,4
1089678,4
1061417,11
1061426,3
1105752,5
1105754,3
1105756,4
1105763,9
1105765,8
1105767,4
1105773,7
1105778,3
1105779,4
1105781,7
1020260,14
1020264,13
1020265,16
1020266,14
1020281,12
1020287,2
1020296,4
1020297,6
1061444,4
1061450,13
1061455,4
1061456,8
1061457,-1
1061458,10
1061460,3
1061462,4
1061466,6
1061472,4
1061476,0
1061482,16
1061490,7
1061502,14
1061508,9
1061513,4
1061514,4
1061516,17
1061526,8
1061529,1
1105802,4
1105810,0
1105818,3
1061538,10
1061540,17
1061542,3
1061543,4
1061546,4
1061548,14
1061556,4
1061560,4
1061562,3
1061566,-1
1061567,13
1061568,3
1061572,4
1061593,4
1061594,4
1089694,-1
1089695,4
1089701,0
1089711,6
1089720,14
1089730,9
1089734,14
1089741,4
1089749,4
1089752,4
1089759,9
1089769,7
1089783,11
1089787,14
1089794,5
1061607,14
1061608,7
1105838,4
1105854,10
1105863,-1
1105864,6
1105873,4
1105885,13
1105886,3
1020301,11
1020303,4
1020304,4
1020308,4
1020310,0
1020313,14
1020318,5
1020320,8
1020328,13
1020332,17
1020336,9
1020340,8
1020342,10
1020344,9
1020345,4
1105894,10
1105896,4
1105899,3
1105901,14
1105930,4
1105940,14
1105954,5
1089802,6
1089811,3
1089820,14
1089823,4
1089824,4
1089827,3
1089831,14
1089838,4
1089852,9
1089854,11
1089855,9
1020353,14
1020355,4
1020360,4
1020362,0
1020364,4
1020365,3
1020366,10
1020369,3
1020371,3
1020373,10
1020374,9
1020378,11
1020385,7
1020390,10
1020392,2
1020400,8
1020403,13
1061637,3
1061639,17
1061645,3
1061687,7
1061691,3
1020408,3
1020427,3
1020428,14
1020444,4
1089871,4
1089874,3
1089881,14
1089888,3
1089889,3
1061703,17
1061716,4
1061732,9
1020460,10
1020465,3
1020473,14
1020477,3
1020482,4
1020489,14
1020494,0
1020495,14
1020497,4
1020500,3
1089921,4
1089941,3
1061769,1
1061775,3
1105958,8
1105959,13
1105964,7
1105982,14
1106000,-1
1106002,4
1106004,14
1106011,3
1106014,10
1089952,4
1089967,14
1089985,12
1089988,4
1089995,4
1090004,4
1090009,4
1020512,-1
1020513,3
1020517,0
1020519,11
1020522,11
1020528,10
1020545,4
1020550,7
1020553,4
1061791,7
1061802,10
1061810,8
1061817,0
1061818,3
1061819,0
1061820,4
1061828,16
1061830,1
1061837,8
1061845,3
1090021,4
1090028,4
1090038,4
1090041,8
1090044,4
1090050,3
1090055,9
1090056,16
1106021,3
1106043,4
1106046,4
1106066,4
1106069,14
1106075,7
1090067,12
1090073,14
1090074,4
1090078,3
1090085,14
1090086,7
1090087,5
1090093,6
1090097,10
1090104,17
1090105,1
1090110,4
1090113,4
1090117,7
1090124,0
1090126,7
1090127,3
1020564,11
1020565,3
1020587,11
1020588,4
1020596,11
1020599,5
1020601,12
1020603,9
1020604,12
1020609,6
1020612,-1
1061869,6
1061870,4
1061872,3
1061881,4
1061883,9
1061886,7
1061894,10
1106087,7
1106112,13
1106118,4
1106120,8
1106121,10
1090133,-1
1090137,11
1090158,1
1090165,5
1090170,6
1061911,11
1061917,7
1061929,3
1061933,3
1061943,6
1061946,2
1061949,4
1061951,0
1061957,12
1061963,9
1061966,5
1061967,7
1020624,4
1020630,4
1020644,7
1020647,14
1020650,6
1020652,4
1020653,3
1020656,3
1020665,14
1020666,7
1020673,8
1020677,3
1020679,4
1106145,14
1106153,4
1106168,4
1106174,3
1106186,6
1106195,3
1106196,7
1106199,3
1090178,-1
1090182,0
1090211,1
1090213,11
1090216,15
1061972,4
1061974,2
1061982,4
1061989,8
1061990,-1
1061993,7
1061996,3
1061998,4
1062002,4
1062003,8
1062007,17
1062009,15
1062013,9
1020689,12
1020707,9
1020709,4
1020716,8
1020718,4
1020720,4
1020721,3
1020727,13
1020728,13
1020733,10
1020736,-1
1020737,4
1020738,-1
1106228,9
1106229,8
1106231,4
1106236,4
1062022,2
1062031,6
1062032,13
1062034,11
1062041,11
1062056,14
1062059,14
1106260,17
1106262,4
1106273,3
1106278,2
1106281,7
1106288,2
1106289,6
1106294,4
1106299,4
1106309,13
1020750,16
1020754,12
1020757,11
1020761,5
1020767,2
1090230,10
1090243,7
1090245,4
1090247,14
1090258,15
1090260,7
1090265,5
1106322,-1
1106332,6
1106339,0
1106357,13
1106364,7
1106366,4
1106368,4
1106374,13
1020799,7
1020800,17
1020801,4
1020803,7
1020808,12
1020814,-1
1062078,2
1062090,11
1062091,4
1062098,0
1062099,4
1062103,14
1062118,4
1062141,5
1062156,9
1062171,12
1090274,3
1090279,5
1090285,4
1090287,3
1090288,14
1090299,4
1090303,7
1090309,11
1090313,16
1090320,7
1020830,4
1062187,4
1062192,3
1062198,11
1062199,4
1062219,4
1062223,4
1062226,9
1062232,10
1062237,13
1090325,7
1090337,17
1090342,8
1090366,5
1090367,9
1106376,11
1106390,10
1106396,2
1106399,6
1106401,4
1106410,11
1106414,4
1020856,4
1020864,4
1020867,14
1020868,2
1020870,3
1020882,7
1020890,6
1020891,14
1090370,4
1090386,3
1090388,-1
1090390,4
1090393,13
1090394,9
1090404,2
1090409,12
1090412,6
1090419,3
1090420,11
1106436,3
1106451,5
1106453,4
1106455,4
1106466,8
1106468,7
1020908,4
1020910,14
1020911,4
1020913,4
1020924,5
1020938,8
1020939,11
1020945,-1
1020947,10
1020950,15
1020956,2
1020960,13
1090424,0
1090425,0
1090431,4
1090443,2
1090454,14
1090463,7
1090465,-1
1090469,9
1090471,5
1090475,9
1090479,4
1106480,4
1106486,-1
1106494,-1
1106513,3
1106514,0
1106524,13
1106525,9
1106542,4
1106549,14
1106550,5
1106552,7
1106556,1
1106560,3
1062260,14
1062262,10
1062264,16
1062270,4
1062278,3
1062283,4
1062287,3
1062289,7
1062291,4
1062296,8
1062298,4
1106576,3
1106588,3
1106599,16
1106608,1
1106615,3
1106619,4
1062304,14
1062310,3
1062330,4
1020961,2
1020972,6
1020978,-1
1020990,3
1020993,3
1020996,4
1020999,14
1062360,3
1062362,4
1062370,4
1062375,12
1021003,6
1021023,11
1021025,10
1021029,4
1021033,9
1021035,11
1021044,5
1021055,10
1062389,0
1062393,-1
1062394,17
1062397,4
1062399,4
1106629,15
1106645,0
1106664,11
1106665,10
1106667,11
1106671,8
1106675,4
1062416,0
1062425,6
1062429,11
1062435,7
1062437,9
1062464,4
1062465,3
1090528,4
1090529,3
1090532,14
1090536,3
1090537,6
1090539,11
1090541,14
1090544,-1
1021063,4
1021065,14
1021066,11
1021073,4
1021078,3
1021083,11
1021091,11
1021099,3
1021105,14
1021112,4
1062471,4
1062486,3
1106694,17
1106710,-1
1106714,4
1106718,4
1106722,17
1106726,6
1106729,-1
1106733,3
1106741,10
1106742,11
1062496,9
1062506,15
1062513,9
1062518,7
1062541,11
1062548,4
1021122,9
1021123,6
1021132,-1
1021134,3
1021144,-1
1021157,6
1062550,3
1062556,2
1062560,10
1062571,6
1062574,7
1062585,17
1090547,9
1090549,4
1090565,4
1090579,4
1090580,17
1021177,17
1106746,4
1106748,10
1106755,3
1106759,4
1106774,16
1106781,4
1106784,4
1106787,4
1106790,3
1106792,8
1106799,0
1090604,4
1090605,0
1090610,14
1090628,6
1090629,4
1090642,4
1090646,11
1021185,3
1021187,7
1021191,4
1021205,11
1021207,3
1021211,4
1021215,14
1021217,3
1021226,3
1062616,6
1062619,8
1062628,16
1062642,4
1062650,0
1062656,4
1062657,12
1106804,2
1106806,10
1106816,4
1106826,11
1106839,6
1106842,2
1106843,11
1106853,4
1062669,4
1062677,3
1062678,3
1062679,4
1062682,-1
1062698,4
1062710,8
1062711,-1
1062721,4
1106862,4
1106874,-1
1106881,6
1106890,2
1106898,10
1106899,1
1106901,8
1106909,16
1106913,13
1106916,11
1106917,4
1090662,0
1090674,2
1090689,3
1090696,17
1090701,14
1090703,15
1090709,9
1090714,4
1021247,3
1021255,7
1021258,3
1021274,4
1021293,4
1062724,4
1062726,-1
1062728,16
1062732,5
1062740,2
1062750,4
1062772,13
1062779,1
1062780,13
1106928,12
1106932,11
1106962,8
1106981,12
1106983,17
1090735,7
1090748,5
1090749,8
1090752,3
1090756,8
1090760,16
1021300,-1
1021306,4
1021307,8
1021320,4
1021321,5
1021322,0
1021330,7
1062799,4
1062800,7
1062806,-1
1062819,3
1062824,4
1062838,11
1107016,0
1107017,6
1107028,4
1107050,4
1062852,4
1062855,8
1062863,4
1062864,2
1062866,3
1062871,14
1062874,7
1062878,5
1062884,4
1062886,4
1062888,6
1062890,0
1062892,4
1062896,-1
1062897,4
1107061,9
1107064,9
1107090,12
1107092,3
1107108,17
1090781,2
1090788,1
1090793,3
1090808,2
1090817,10
1090820,10
1090836,6
1062905,14
1062912,10
1062917,17
1062920,17
1062927,3
1062937,4
1062940,4
1062945,11
1062947,1
1062960,14
1062963,14
1107119,6
1107128,11
1107144,6
1107156,14
1107162,4
1107163,13
1107166,4
1021369,4
1021374,9
1021375,4
1021377,4
1021385,8
1021391,7
1021392,8
1021396,3
1021400,11
1021403,-1
1021405,10
1107169,12
1107184,6
1107185,-1
1107193,8
1107195,4
1107209,17
1107215,4
1107219,13
1107223,4
1021410,3
1021414,6
1021424,0
1021427,1
1021431,3
1021432,0
1021439,7
1021448,10
1021452,1
1021459,3
1062984,4
1062992,10
1062994,4
1063000,5
1063010,12
1063014,13
1063028,3
1063035,4
1063044,13
1063045,13
1063049,6
1063065,7
1090846,0
1090851,4
1090855,10
1090864,2
1090878,13
1090882,7
1090897,17
1090900,3
1063076,1
1063092,14
1063112,4
1090902,3
1090905,3
1090911,0
1090914,3
1090924,12
1090925,4
1090926,0
1090933,4
1090934,14
1090948,5
1063120,11
1063121,13
1063126,4
1063130,4
1063139,4
1063144,4
1063146,6
1063152,14
1063156,4
1063157,14
1063162,11
1063165,-1
1063168,9
1107233,10
1107237,3
1107238,11
1107248,14
1107264,4
1063185,9
1063192,4
1063204,4
1063212,4
1063213,0
1063226,1
1063228,2
1063233,4
1063235,7
1063255,9
1090960,11
1090961,-1
1090967,4
1090984,3
1090994,7
1090997,12
1091003,1
1091006,7
1091008,4
1091016,3
1063306,3
1063311,6
1021463,9
1021475,14
1021480,4
1021486,4
1021490,10
1021492,4
1021494,14
1021504,5
1021512,4
1107356,14
1107377,14
1107381,2
1107386,2
1107391,14
1107393,0
1063323,0
1063347,14
1063349,4
1063352,9
1063353,7
1063357,2
1063364,-1
1063367,6
1063376,2
1091030,9
1091045,3
1091049,13
1091057,11
1063401,4
1063408,3
1063427,8
1063434,4
1107420,14
1107437,4
1107439,17
1107442,4
1107462,13
1091073,-1
1091074,-1
1091078,4
1091081,3
1091083,3
1091088,4
1091097,-1
1091115,4
1091122,6
1021532,14
1021534,2
1021540,3
1021562,13
1063451,4
1063454,9
1063483,17
1063487,4
1063494,4
1063495,13
1063500,4
1063504,3
1021571,17
1021588,4
1021591,8
1021595,10
1021597,14
1021599,11
1021616,4
1091139,3
1091155,6
1091170,5
1063524,11
1063529,3
1063540,4
1063541,6
1063542,10
1063544,7
1063546,13
1063548,4
1063549,0
1063557,10
1063558,11
1063563,11
1063567,1
1091190,3
1091198,4
1021627,0
1021635,6
1021645,4
1021655,3
1021664,0
1021666,6
1021669,4
1091201,-1
1091222,3
1091226,14
1091239,8
1091247,7
1091249,3
1091252,13
1091259,3
1063570,4
1063594,17
1063596,12
1021676,7
1021680,-1
1021681,4
1021694,17
1021701,9
1021705,14
1107489,3
1107492,3
1107500,3
1107501,14
1107503,7
1107507,14
1107512,3
1107519,14
1107531,7
1107533,3
1021707,3
1021712,6
1021719,14
1021734,9
1021740,6
1021746,11
1021751,14
1063619,4
1063620,14
1063626,4
1063636,0
1063638,4
1063652,3
1063653,4
1063660,12
1063669,4
1063670,14
1107536,6
1107544,4
1107546,12
1107566,14
1107572,14
1107578,0
1107584,6
1107590,11
1107595,4
1021762,4
1021764,5
1021765,9
1021772,5
1021775,7
1021777,-1
1021780,4
1063675,14
1063688,4
1063691,4
1063695,10
1063697,4
1063698,8
1063701,4
1063711,4
1063715,12
1063720,3
1063721,14
1063730,14
1021792,4
1021796,14
1021798,-1
1021799,3
1021800,4
1021802,10
1021812,10
1021817,3
1021826,9
1021827,4
1021828,1
1021832,1
1021836,4
1021837,3
1107614,6
1107648,7
1107656,-1
1063745,4
1063768,4
1063773,9
1063784,10
1063791,3
1063795,4
1021851,11
1021854,15
1021860,3
1021864,12
1021867,11
1021874,11
1021877,0
1021878,4
1021912,4
1021937,-1
1091277,4
1091284,15
1091291,15
1091294,2
1091309,4
1091313,10
1091315,3
1091321,-1
1063809,7
1063820,4
1063822,4
1063825,11
1063837,14
1063839,1
1063846,11
1063850,0
1063857,3
1107670,3
1107674,3
1107685,3
1107690,9
1107692,4
1107694,4
1107695,14
1107708,7
1107710,3
1107715,7
1107725,10
1107726,15
1107727,1
1021963,4
1021967,4
1021970,4
1021982,3
1021983,7
1021990,9
1021991,4
1091330,10
1091332,13
1091339,0
1091351,0
1091357,11
1091358,9
1091359,3
1091370,13
1091373,5
1091375,-1
1091382,0
1063863,2
1063870,4
1063874,14
1063887,4
1063895,3
1063897,3
1063903,4
1063905,2
1063912,7
1022004,-1
1022007,3
1022009,13
1022010,4
1022031,3
1022038,12
1022043,8
1107739,4
1107741,4
1107743,6
1107746,-1
1107758,3
1107761,10
1107781,3
1107786,6
1091396,2
1091398,-1
1091403,11
1091413,1
1091425,9
1022056,3
1022073,9
1022081,2
1022102,11
1022113,7
1107820,13
1107821,13
1107837,13
1107841,4
1107850,6
1107852,9
1107868,9
1107883,-1
1022117,14
1022127,2
1022132,2
1022139,12
1022141,6
1022143,4
1022146,4
1022159,-1
1022167,4
1022169,4
1022170,4
1153874,17
1063927,3
1063934,-1
1063935,3
1063954,3
1063957,14
1063967,11
1063972,8
1107892,14
1107902,4
1107905,10
1107919,4
1107925,13
1107929,3
1107939,3
1107943,13
1107951,3
1107953,16
1107958,8
1107971,-1
1107974,10
1107988,2
1107993,9
1063974,7
1063978,3
1063983,9
1063984,6
1063985,2
1063992,3
1064000,7
1064008,4
1064014,-1
1064019,-1
1064021,4
1108016,17
1108031,4
1108034,5
1108052,4
1108061,8
1108073,4
1108074,12
1108079,1
1108080,3
1091439,-1
1091469,0
1091475,9
1091489,15
1091493,1
1022174,11
1022175,3
1022182,-1
1022184,4
1022185,0
1022191,3
1022194,12
1022202,4
1022210,8
1022212,14
1022233,4
1022243,4
1022249,3
1022251,4
1022255,3
1022265,10
1022267,6
1022273,4
1064032,4
1064034,3
1064040,8
1064043,4
1064046,10
1064053,0
1064056,3
1064057,6
1064058,14
1064064,4
1091495,14
1091501,5
1091506,13
1091510,4
1091511,4
1091516,8
1091519,0
1091527,4
1091534,3
1091539,4
1091549,9
1091553,10
1091557,4
1022276,4
1022279,13
1022283,8
1022297,4
1022308,11
1022310,4
1022316,14
1022319,11
1022320,10
1022322,8
1064073,3
1064075,11
1064078,4
1064080,10
1064096,4
1064097,4
1064099,3
1108083,3
1108110,2
1022324,1
1022328,4
1022337,9
1022339,4
1022342,16
1022347,7
1022352,4
1022362,7
1022369,1
1022370,4
1064126,10
1064135,17
1064140,2
1064145,14
1064149,8
1064150,11
1064151,4
1064174,4
1064176,0
1064177,2
1022373,11
1022375,10
1022378,7
1022386,12
1022399,5
1022402,9
1022408,3
1022410,9
1022412,4
1022414,4
1022424,4
1022430,3
1108157,4
1108161,4
1064187,8
1064194,-1
1064216,4
1064217,4
1064221,4
1064222,10
1064236,15
1022436,6
1022442,4
1022443,4
1022446,-1
1022452,4
1022453,5
1022461,4
1022466,9
1022469,0
1022472,14
1022474,4
1091567,9
1091575,7
1091583,4
1091585,5
1022480,1
1022481,4
1022482,3
1022491,4
1022494,10
1022497,4
1022523,9
1022530,14
1091592,7
1022536,11
1022542,8
1022551,2
1022560,13
1022568,1
1091622,10
1108192,0
1108193,3
1108197,4
1108212,7
1108224,-1
1108229,4
1022591,4
1022595,14
1022607,4
1022629,4
1091645,14
1108259,8
1108263,4
1108271,4
1108275,4
1108276,4
1091664,4
1108280,4
1108286,4
1108293,12
1108300,6
1108303,7
1108317,7
1108325,4
1108326,4
1108327,3
1108332,8
1108335,9
1108337,4
1108341,10
1091673,4
1022632,4
1022645,4
1091678,11
1091680,3
1091703,13
1091707,4
1064240,17
1064242,4
1064249,14
1064254,6
1064272,7
1064291,14
1064307,-1
1064322,4
1064342,6
1064357,8
1064358,14
1108350,-1
1108356,4
1108362,4
1108369,8
1108370,12
1108371,1
1108372,-1
1108375,4
1108384,3
1108393,15
1108398,0
1108401,5
1091733,4
1091735,3
1091738,9
1091742,-1
1091753,4
1091755,4
1091781,9
1091785,-1
1022677,9
1022680,9
1022685,-1
1022687,3
1022688,4
1022691,4
1022699,4
1022707,6
1022708,0
1022710,10
1022712,9
1022714,4
1022719,3
1022720,16
1108411,14
1108420,4
1108423,4
1108442,11
1108452,10
1108456,9
1108464,11
1091793,-1
1091798,6
1091802,4
1091808,9
1091814,4
1091823,4
1091832,9
1091833,14
1091835,7
1091837,7
1091843,4
1091848,11
1022725,2
1022738,1
1022750,0
1022755,9
1022759,11
1022764,12
1022765,4
1022772,10
1064365,4
1064377,9
1064387,3
1064389,8
1064391,4
1064392,3
1064399,9
1108475,3
1108479,0
1108493,17
1108497,3
1108512,0
1108514,5
1108516,6
1108523,4
1022787,4
1022794,6
1022797,0
1022824,9
1091853,4
1091879,-1
1108537,9
1108548,4
1108557,17
1108559,-1
1108561,13
1022844,3
1022855,1
1091885,10
1091897,7
1091905,3
1091910,4
1091918,9
1091924,6
1022874,14
1022905,0
1022907,-1
1022908,9
1064422,11
1064432,-1
1022916,13
1022917,4
1022920,4
1022923,3
1022932,1
1022943,7
1022948,6
1022950,13
1022959,10
1022961,7
1022962,4
1022966,3
1022971,1
1064443,14
1064458,3
1064464,4
1108587,-1
1108623,4
1091934,13
1091935,4
1091944,4
1091945,7
1091949,0
1091958,0
1091960,14
1091963,14
1064494,4
1064495,6
1064517,1
1064539,10
1064541,17
1091969,4
1091970,4
1091974,6
1091980,4
1091986,2
1091988,4
1091997,8
1092003,11
1092010,15
1092021,-1
1108637,4
1108638,4
1108672,4
1108673,4
1064559,10
1064567,11
1064572,3
1064582,-1
1064584,13
1092031,4
1092036,0
1092049,17
1092051,13
1092055,12
1092056,3
1092068,17
1092069,4
1092072,15
1092088,14
1064594,13
1064598,1
1064603,11
1064615,10
1064618,14
1064624,6
1108681,7
1108695,7
1108720,12
1108729,10
1108731,12
1108736,4
1064638,5
1064651,-1
1064652,4
1064654,4
1064657,17
1064662,13
1064677,4
1064685,4
1064728,4
1064731,4
1064733,8
1022977,14
1022984,10
1022995,13
1022999,9
1023002,4
1023006,5
1023014,8
1023018,4
1023020,4
1023024,10
1023034,0
1023037,9
1108742,2
1108745,11
1108751,4
1108761,3
1108767,4
1108773,14
1108801,4
1092091,-1
1092101,11
1092104,3
1092105,17
1092114,14
1092116,8
1092117,-1
1023038,10
1023040,0
1023045,6
1023058,8
1023062,10
1023065,17
1023066,0
1023068,13
1023074,14
1023077,1
1023083,3
1108804,8
1108826,10
1064740,14
1064742,9
1064747,0
1064749,3
1064750,3
1064763,4
1064767,4
1064777,3
1064778,4
1092131,4
1092155,4
1092167,2
1092170,3
1092173,3
1092174,11
1108861,4
1108865,4
1108869,-1
1108880,4
1064788,9
1064800,4
1064801,4
1064812,5
1064825,14
1092195,8
1092221,2
1092247,11
1092250,4
1092260,14
1092262,-1
1092263,4
1092274,4
1092276,10
1108908,7
1108909,4
1108911,6
1108924,3
1108942,0
1108944,6
1108964,14
1108965,-1
1092288,17
1092303,3
1023089,-1
1023091,4
1023094,9
1023101,4
1023104,11
1023112,4
1023113,-1
1023129,15
1023130,13
1023143,12
1023144,7
1092317,4
1092322,11
1092331,0
1092334,4
1092337,4
1092338,4
1092339,10
1092341,14
1092345,5
1092356,8
1092357,5
1092358,4
1092365,13
1092368,9
1092372,3
1023153,14
1023154,4
1023160,8
1023172,7
1023181,13
1023185,14
1023195,4
1108977,14
1108990,10
1108993,6
1108998,13
1109000,4
1109008,13
1109009,-1
1109021,8
1109052,4
1109054,13
1109058,6
1109064,4
1109079,2
1109112,8
1109114,3
1109123,4
1109129,7
1109130,9
1109131,9
1023204,3
1023205,2
1023214,14
1023218,3
1023223,4
1023233,4
1064867,2
1064880,3
1064887,3
1109140,3
1109143,9
1109148,12
1109150,4
1109162,4
1109163,4
1109166,7
1109193,8
1064896,7
1064914,4
1064919,15
1064951,1
1064952,12
1064955,11
1023243,14
1023244,4
1023264,7
1023268,5
1023275,11
1023277,7
1092373,7
1092389,7
1092390,4
1092402,3
1092427,10
1092433,2
1092434,2
1092437,11
1092438,3
1092444,4
1092480,13
1092485,4
1092486,14
1109204,17
1109214,4
1109215,0
1109219,8
1109227,3
1109230,14
1109245,17
1064960,4
1064967,13
1064968,14
1064970,10
1064999,8
1065006,3
1065007,2
1092491,3
1023284,0
1023287,5
1023295,15
1023298,11
1023302,10
1023313,4
1023318,5
1023319,4
1023323,4
1023324,6
1023335,4
1092537,3
1092539,13
1092562,5
1092573,1
1092576,4
1109260,0
1109264,4
1109268,12
1109270,4
1109272,2
1109277,5
1109284,4
1109297,4
1023348,4
1023356,3
1023362,3
1023363,4
1023380,2
1023393,11
1065034,14
1065053,11
1065070,3
1109321,8
1109335,-1
1109337,9
1109351,9
1109364,10
1023399,3
1023408,11
1023410,-1
1023415,9
1023416,10
1023430,4
1023439,10
1023442,4
1023447,14
1023448,3
1023456,17
1023458,7
1092627,-1
1092633,4
1023463,2
1023464,12
1023466,4
1023476,4
1023477,12
1023481,8
1023488,3
1023492,11
1023494,6
1023512,0
1023522,13
1109376,0
1109382,5
1109390,8
1023545,-1
1023553,2
1023571,5
1023573,14
1023576,4
1092638,4
1092645,6
1092660,5
1092667,4
1092673,4
1092682,5
1092685,4
1092692,13
1092698,14
1092702,13
1023594,11
1023601,11
1023637,4
1109444,2
1109446,-1
1109473,-1
1109481,0
1023655,7
1023657,4
1023659,17
1023660,14
1023670,4
1023675,10
1065072,4
1065093,13
1065096,4
1065100,12
1065116,11
1065128,3
1023685,0
1023692,13
1023694,3
1023704,5
1023710,3
1023713,6
1023720,3
1023731,4
1065141,4
1065145,4
1065150,-1
1065161,3
1065164,4
1065175,3
1023739,3
1023750,4
1023754,4
1023777,11
1023783,-1
1023788,14
1023790,9
1092715,4
1092748,4
1092751,9
1092755,1
1109506,4
1109508,-1
1109517,9
1109526,10
1109531,5
1109533,4
1109536,4
1109540,8
1109545,4
1109547,17
1109568,13
1109572,4
1109574,15
1109575,4
1065186,4
1065190,12
1065200,14
1065206,3
1065215,4
1065219,13
1065221,7
1065227,9
1023797,2
1023809,0
1023816,14
1023824,11
1023825,4
1023831,9
1023834,4
1109621,11
1109623,10
1109627,14
1109662,4
1023841,10
1023842,-1
1023851,3
1023859,12
1023861,4
1023867,-1
1023870,14
1023874,9
1023877,4
1023880,2
1023883,13
1023884,11
1023889,9
1065235,8
1065257,13
1065258,3
1065292,3
1092776,17
1092778,14
1092779,17
1092790,10
1109665,7
1109675,3
1109681,9
1109688,4
1109695,14
1109696,13
1109707,16
1109712,3
1092808,10
1023908,0
1023915,4
1023919,12
1023938,4
1023955,3
1092821,7
1092831,13
1065313,14
1065321,-1
1065331,2
1065332,4
1065336,14
1065354,14
1092854,9
1092859,7
1092862,7
1023966,4
1023970,0
1023976,4
1109731,8
1109739,4
1109753,9
1109763,2
1109766,3
1109768,-1
1092898,3
1092899,-1
1092912,3
1109775,14
1109779,14
1109786,14
1109790,4
1109792,13
1109795,7
1109797,1
1109800,9
1109803,6
1109811,-1
1092927,4
1092928,4
1092942,4
1092949,14
1092958,5
1092960,3
1092961,13
1065373,12
1065374,2
1065386,3
1065410,2
1065411,14
1065414,6
1024003,4
1024018,3
1024031,4
1024035,4
1024042,4
1024044,6
1109856,-1
1109871,14
1109873,10
1092976,6
1092979,0
1092982,4
1092993,2
1092995,1
1093002,-1
1093004,4
1093006,4
1093010,3
1093016,0
1093017,8
1093018,4
1093024,4
1093027,2
1065448,14
1065455,14
1065467,10
1109891,-1
1109896,4
1109898,4
1109904,2
1109928,-1
1109932,1
1109943,11
1065470,4
1065482,4
1065497,2
1065498,5
1065501,17
1065513,11
1065519,4
1109950,3
1109960,11
1109977,4
1109998,8
1109999,4
1065527,2
1065533,7
1065544,8
1065551,6
1065561,9
1065566,3
1093033,7
1093042,4
1093061,4
1093070,6
1093074,4
1093075,13
1093080,3
1110022,10
1110024,5
1110030,14
1110037,4
1110042,3
1110043,11
1065578,9
1065591,4
1065595,3
1065606,6
1065619,4
1065622,-1
1093086,9
1093087,-1
1093105,5
1093118,6
1093131,9
1093137,7
1093143,2
1110065,-1
1110074,4
1110085,14
1110086,4
1110088,4
1110105,3
1110110,2
1110112,1
1110119,10
1110123,-1
1110125,12
1024046,9
1024047,-1
1024049,5
1024065,14
1024069,13
1024074,14
1024087,9
1065637,8
1065640,5
1065643,14
1065658,11
1065667,-1
1065682,14
1065692,9
1110126,4
1110130,4
1110131,4
1110136,4
1110138,4
1110146,4
1110160,10
1110161,4
1110165,3
1110169,3
1110174,4
1024102,4
1024108,3
1024112,4
1024122,2
1024125,1
1024131,0
1024139,3
1024140,11
1024141,8
1024142,14
1024144,4
1024145,4
1065694,3
1065696,6
1065699,4
1065708,4
1065709,9
1065711,3
1065719,5
1093148,10
1093158,14
1093166,0
1093193,4
1093196,8
1093197,7
1093200,4
1093213,7
1093219,9
1093222,7
1093229,14
1093237,4
1093245,16
1065728,9
1065747,4
1065760,14
1065766,8
1065773,11
1065776,4
1065779,9
1065788,15
1065792,11
1024156,11
1024158,-1
1024161,9
1024166,4
1024172,10
1024174,0
1024175,-1
1024177,4
1024182,12
1024198,9
1024199,0
1024201,14
1024203,0
1110189,9
1110196,4
1110206,3
1110208,4
1110214,12
1110216,3
1110225,8
1110233,9
1110243,6
1065861,4
1065871,3
1024216,12
1024217,3
1024220,4
1024221,4
1024245,-1
1024246,2
1024249,4
1024252,12
1024258,4
1024268,9
1065915,4
1110250,2
1110253,4
1110255,3
1110256,10
1110264,2
1110277,7
1110278,7
1024277,14
1024281,14
1024288,14
1024294,4
1024295,1
1024301,4
1024312,11
1024313,11
1024316,8
1024323,8
1110301,1
1110306,13
1110313,12
1110314,12
1065936,6
1065943,3
1065950,4
1024329,12
1024330,8
1024335,7
1024344,3
1024347,8
1024363,4
1024364,4
1065960,4
1065969,7
1065979,3
1065981,4
1065996,8
1065998,13
1066002,12
1066004,3
1066016,6
1110334,7
1110347,3
1110366,3
1110372,4
1110377,9
1110384,13
1093272,13
1093282,14
1093283,11
1093286,4
1093312,-1
1066031,6
1066072,-1
1066090,3
1066107,4
1066110,16
1066112,14
1066123,11
1066128,4
1066129,6
1024374,4
1024416,17
1093322,4
1093335,5
1093356,3
1066138,17
1066149,3
1066151,11
1066156,3
1066158,-1
1066164,3
1066166,14
1066168,4
1066169,13
1066183,4
1066185,2
1066191,11
1066192,-1
1093376,4
1093382,4
1093384,9
1093388,4
1093394,13
1093399,4
1093407,11
1024431,13
1024438,7
1024440,2
1024445,0
1024448,14
1024456,2
1093417,14
1093422,0
1093425,4
1093438,3
1093449,4
1110387,7
1110409,9
1110411,6
1110428,8
1110433,4
1066197,6
1066214,6
1066222,8
1066226,13
1066232,7
1066252,7
1024482,12
1024488,3
1024498,5
1024512,8
1024520,11
1024526,4
1024527,0
1024532,7
1110462,14
1110495,4
1110504,4
1110506,7
1110508,15
1110510,4
1110512,3
1110513,4
1110516,14
1110524,3
1110527,3
1110528,13
1110529,4
1110535,14
1110539,5
1110548,3
1110556,9
1110560,3
1066267,4
1066271,11
1066272,11
1066277,10
1066279,10
1066285,3
1066287,9
1066291,8
1066295,4
1066296,7
1093461,3
1093462,-1
1093478,2
1093483,1
1066303,4
1066306,17
1066317,4
1066319,6
1066321,17
1066325,4
1066327,3
1066328,8
1066337,13
1093508,4
1093509,4
1093524,4
1066348,1
1066351,17
1066352,4
1066361,12
1066363,6
1066369,-1
1066390,7
1110566,14
1110568,3
1110570,1
1110581,14
1110592,3
1110593,10
1110602,7
1110606,6
1110618,10
1066413,4
1066415,14
1066430,4
1066432,4
1066433,4
1066435,6
1066451,13
1066453,14
1066457,13
1066458,4
1066464,8
1066470,8
1066472,14
1066477,0
1066479,13
1066481,9
1066487,14
1066489,3
1066497,9
1066500,4
1066501,7
1066503,6
1066505,4
1024534,9
1024535,4
1024543,9
1024570,1
1024573,4
1024576,10
1066519,3
1066526,17
1066529,4
1066556,11
1066559,-1
1066563,7
1024593,4
1024617,13
1024621,12
1024622,14
1024626,5
1024633,3
1024643,4
1066569,12
1066579,1
1066590,13
1066597,-1
1066598,3
1066602,14
1066603,3
1066620,8
1066627,10
1110628,2
1110629,4
1024644,11
1024663,11
1024676,13
1024689,17
1110658,4
1110660,4
1110670,4
1110685,14
1110695,5
1110697,1
1110708,4
1024705,4
1024713,9
1024714,7
1024718,7
1024731,3
1024741,11
1024745,6
1024748,4
1024750,10
1024754,-1
1110724,4
1110736,5
1110741,-1
1110744,4
1110758,17
1110789,6
1024766,11
1024768,17
1024772,15
1024777,4
1024778,5
1024782,10
1024790,8
1024807,13
1066628,0
1066635,9
1066649,2
1066650,4
1066652,4
1066656,14
1066657,4
1066662,11
1066663,0
1066669,14
1110794,4
1024824,-1
1024825,12
1024829,14
1024835,9
1024848,9
1024853,4
1024855,4
1024857,9
1024858,5
1024869,4
1024871,4
1024891,16
1024894,8
1024902,6
1024903,1
1024905,12
1024909,5
1024915,4
1024918,8
1024921,12
1024922,4
1024924,2
1110858,6
1110864,5
1110869,3
1110879,6
1110881,4
1110892,5
1110893,4
1110895,11
1066706,9
1066719,8
1066722,4
1110914,13
1110916,6
1110918,4
1110952,4
1110957,2
1024934,4
1024939,3
1024946,14
1024982,0
1024986,4
1024992,-1
1024997,14
1025000,4
1025001,2
1025010,14
1066729,4
1066741,4
1066752,10
1066757,-1
1066760,2
1066762,4
1066766,5
1066767,3
1025025,10
1025034,1
1025046,14
1025049,16
1025052,16
1025055,16
1025057,4
1025062,3
1025063,8
1025066,3
1025073,14
1066774,4
1066776,14
1066785,4
1066799,-1
1066814,10
1066818,10
1066830,-1
1066835,4
1066840,7
1025085,3
1025090,14
1025093,3
1025096,9
1025098,3
1025099,3
1025101,-1
1025102,15
1025118,0
1025124,6
1025125,7
1066860,3
1066868,8
1066892,4
1066896,4
1066899,3
1066905,7
1066907,4
1066909,7
1066916,-1
1066920,11
1066922,9
1066931,3
1066933,9
1066946,4
1066951,4
1066952,1
1066968,0
1066973,3
1066974,10
1066979,3
1066982,10
1066986,14
1066987,9
1066990,10
1066994,10
1066996,15
1067002,-1
1025148,4
1025164,7
1025185,4
1025188,17
1025195,4
1025197,17
1025200,3
1067008,4
1067009,9
1067019,4
1067032,3
1067034,-1
1067050,-1
1067059,6
1110970,13
1110972,10
1110979,11
1110983,6
1111005,2
1111011,4
1111019,13
1067065,9
1067066,4
1067069,14
1067074,11
1067078,7
1067080,11
1067088,14
1067092,14
1067094,15
1067096,14
1067098,14
1067104,14
1067109,4
1067112,8
1067116,10
1067136,15
1067139,4
1111031,14
1111036,4
1111043,4
1111044,12
1111045,3
1111066,11
1111070,2
1067160,4
1067169,10
1067176,4
1067178,6
1067182,8
1067190,4
1067197,4
1067200,6
1067204,3
1067208,14
1111088,3
1111094,4
1111097,9
1111107,4
1111120,4
1111121,0
1111123,2
1111126,17
1111132,1
1111133,4
1111145,9
1111147,5
1111161,4
1067213,10
1067217,9
1067221,3
1067226,3
1067232,2
1067233,12
1067236,3
1067239,-1
1067242,12
1067254,14
1111220,3
1067264,9
1067265,14
1067269,14
1067270,4
1067277,9
1067278,14
1067282,4
1067283,4
1067290,8
1067293,11
1067301,17
1067313,4
1067314,2
1111235,4
1111237,2
1111247,8
1111250,7
1111251,7
1111253,14
1111254,10
1111261,3
1111269,4
1111270,-1
1111271,14
1111283,4
1111284,14
1025203,14
1025208,15
1025235,12
1025238,4
1025248,6
1025278,2
1025287,4
1111288,11
1111294,9
1111313,4
1111320,15
1111322,-1
1111323,4
1111330,12
1111332,8
1111334,5
1111339,4
1111343,12
1111344,14
1111346,1
1025311,6
1025312,14
1025314,3
1025320,10
1025328,3
1025334,7
1025340,3
1025347,3
1025352,12
1025355,9
1025372,7
1025374,3
1025381,8
1025384,14
1025385,12
1025404,4
1025423,4
1025426,4
1025428,-1
1025442,11
1025445,4
1025446,10
1025449,14
1067332,7
1067334,4
1067335,9
1067346,10
1067354,11
1067371,4
1067377,3
1067387,2
1067394,11
1067399,4
1067421,6
1025457,4
1025462,4
1025469,10
1025474,14
1025477,14
1025481,13
1025483,7
1025486,10
1025491,2
1025496,0
1025497,10
1025499,13
1067440,14
1067443,2
1067448,9
1067455,17
1067467,14
1067471,11
1067472,2
1067477,7
1067480,10
1067482,14
1111347,11
1111350,3
1111355,-1
1111356,4
1111366,9
1111387,1
1111388,14
1111390,4
1111394,1
1111407,13
1111417,2
1025505,10
1025512,4
1025515,4
1025519,3
1025527,9
1025528,3
1025533,11
1025540,11
1025542,9
1025547,7
1111502,8
1111504,4
1111514,7
1025590,15
1025603,-1
1025607,13
1067499,6
1067510,3
1067513,13
1067514,3
1067537,4
1067542,4
1111526,16
1111530,6
1111533,4
1111542,1
1111543,0
1111554,13
1111558,10
1111563,3
1111568,-1
1111580,9
1111591,4
1111593,11
1111599,14
1111606,14
1111613,14
1111619,6
1111624,7
1111627,13
1111644,10
1111645,1
1111674,14
1111679,8
1111683,17
1111685,4
1111691,3
1111696,11
1025613,0
1025631,3
1111721,2
1111724,4
1111728,3
1111729,5
1111730,9
1111734,13
1111742,4
1111746,17
1111749,6
1111763,6
1111766,5
1111768,16
1111774,3
1067550,8
1067551,14
1067568,14
1067573,14
1067589,4
1067599,0
1067606,1
1025638,7
1025648,4
1025662,12
1025681,3
1067620,12
1067627,7
1067645,3
1067646,4
1067666,9
1111776,14
1025707,3
1025716,4
1025720,4
1111828,7
1025750,8
1025753,6
1025765,1
1025767,2
1025772,10
1025783,12
1111847,1
1111848,11
1111871,14
1025791,14
1025792,3
1025797,3
1025799,4
1025800,7
1025807,6
1025811,9
1025812,3
1025814,6
1025819,6
1025827,13
1025835,10
1111891,3
1111896,9
1111919,4
1111920,2
1111926,3
1111930,4
1111934,2
1111936,0
1067673,0
1067680,7
1067685,9
1067686,2
1067690,3
1067691,8
1067692,3
1067698,4
1067704,4
1067706,4
1067708,14
1067709,3
1067723,4
1067728,8
1111945,14
1111947,4
1111949,5
1111956,14
1111974,0
1111981,13
1111983,3
1111990,13
1025844,8
1025849,3
1025869,11
1025875,3
1025876,4
1025878,2
1025882,4
1067740,3
1067741,7
1067742,4
1067755,3
1067784,3
1067794,4
1025897,13
1025903,9
1025904,4
1025907,1
1025911,0
1025920,4
1025921,4
1025930,0
1025935,-1
1112007,6
1112009,2
1112022,14
1112024,9
1112030,4
1112034,3
1112040,7
1067799,6
1067821,-1
1067823,3
1067835,5
1067844,4
1112061,5
1112071,4
1112078,11
1112093,9
1112095,10
1112097,4
1025947,2
1025958,3
1025963,8
1025971,4
1025979,6
1112103,13
1112104,14
1112110,14
1112122,-1
1112129,9
1112153,3
1026014,4
1026021,3
1026022,0
1026045,6
1067861,11
1067865,15
1067871,4
1112157,3
1112160,-1
1112166,4
1112167,14
1112171,14
1112180,4
1112188,12
1112194,-1
1067879,7
1067882,3
1067887,10
1067908,4
1067913,4
1067915,4
1026061,13
1026067,13
1026069,0
1026083,10
1026087,9
1067944,13
1067952,14
1067970,4
1067975,8
1067985,4
1026120,13
1026127,4
1026150,9
1026158,10
1112218,3
1112248,14
1112255,9
1112270,14
1067989,4
1067991,17
1068008,11
1068032,7
1026169,9
1026171,9
1026188,14
1026213,15
1112284,14
1112290,6
1112292,12
1112299,11
1112303,4
1112306,9
1112309,9
1112312,11
1068041,10
1068042,6
1068043,13
1068051,3
1068060,-1
1068066,13
1068069,3
1068075,4
1068076,4
1068077,3
1068081,14
1068083,4
1112332,4
1112358,4
1112374,4
1026228,4
1026250,0
1026279,4
1068088,2
1068090,3
1068092,6
1068093,10
1068095,5
1068124,12
1026297,-1
1026299,6
1026301,10
1026311,-1
1026321,4
1112385,9
1112401,14
1112407,3
1112421,13
1112439,4
1026335,4
1026344,4
1026345,-1
1026346,11
1026348,7
1026361,14
1026367,3
1026377,5
1026381,-1
1026385,10
1068150,-1
1068159,13
1068162,8
1068168,13
1068171,4
1068177,13
1068181,4
1068198,-1
1112461,6
1112464,4
1112468,11
1112490,3
1112498,4
1112512,10
1026396,14
1026399,11
1026400,11
1026427,10
1026451,4
1068218,15
1068224,3
1068240,11
1068245,4
1068246,14
1068257,2
1068263,12
1026456,4
1026461,2
1026470,-1
1026499,4
1026500,6
1068284,15
1068285,3
1068292,3
1068297,6
1068301,3
1068307,16
1068310,3
1068313,4
1068314,4
1068321,-1
1068325,6
1112524,14
1112528,13
1112533,0
1112535,14
1112541,14
1112542,8
1112543,13
1112547,12
1112551,4
1112570,4
1026507,13
1026533,0
1026534,11
1026540,4
1026555,-1
1026559,2
1026561,11
1026563,4
1026575,9
1068329,11
1068336,-1
1068338,2
1068346,4
1068351,4
1068360,4
1068367,13
1068371,17
1068372,4
1068375,10
1068386,8
1068396,3
1068401,4
1068407,7
1068410,-1
1068419,17
1068423,4
1068431,9
1068439,0
1112581,14
1112588,7
1112595,2
1112598,3
1112599,6
1112614,0
1112621,4
1112631,4
1026601,0
1026604,17
1026608,14
1026619,4
1026631,17
1026632,10
1026645,14
1068451,4
1068452,-1
1026665,4
1026667,12
1026677,4
1026681,16
1026682,9
1026693,-1
1026694,4
1026695,-1
1026698,4
1026699,3
1026701,4
1068489,7
1068491,6
1068506,17
1068514,1
1068520,1
1112650,17
1112678,4
1112679,6
1112680,12
1112681,4
1026720,4
1026730,8
1026736,4
1026737,4
1026739,2
1026743,13
1026749,14
1112739,12
1112742,13
1112760,10
1068525,4
1068526,4
1068536,4
1068545,4
1068546,11
1068549,2
1068553,8
1068560,3
1068567,10
1068568,0
1068578,4
1068585,0
1068597,3
1068601,13
1068608,-1
1068615,9
1068617,14
1068620,4
1068621,1
1068623,12
1068632,3
1112762,4
1112767,4
1112783,7
1112784,11
1112804,0
1112805,8
1026795,16
1026796,4
1026801,1
1026802,-1
1026822,-1
1026835,14
1026842,2
1026844,2
1026853,11
1026863,2
1026870,4
1026883,4
1112809,10
1112811,0
1112813,3
1112837,7
1112841,14
1112864,4
1068638,14
1068640,-1
1068648,4
1068649,5
1068654,4
1068655,4
1068674,9
1068676,4
1068683,3
1112868,4
1112879,0
1112886,14
1112911,7
1112920,7
1068707,9
1068710,16
1068712,4
1068716,14
1068720,3
1068724,14
1068726,7
1068732,0
1068733,3
1068735,4
1112930,7
1112934,9
1112953,4
1112956,9
1112959,4
1112961,5
1112997,9
1113006,0
1113009,7
1113015,4
1113024,11
1068778,4
1068820,4
1068848,4
1068854,4
1068856,3
1068857,15
1068860,5
1113029,3
1113033,17
1113040,9
1113051,4
1113060,4
1113070,-1
1113074,4
1113081,10
1068880,10
1068890,4
1068892,13
1026890,4
1026895,4
1026909,4
1026913,11
1026915,11
1026918,4
1026922,16
1026923,14
1026924,9
1026934,4
1068908,8
1068910,7
1068919,7
1068922,-1
1068928,12
1068931,14
1113091,4
1113093,4
1113109,9
1113115,14
1113120,11
1113122,11
1113129,-1
1113133,4
1113134,12
1113146,7
1113147,13
1068943,9
1068963,10
1068965,4
1068966,16
1068968,3
1068973,0
1068977,5
1068981,9
1026952,10
1026954,10
1026961,-1
1026970,7
1026976,2
1026984,10
1026988,3
1068997,14
1068998,1
1069002,4
1069005,9
1069006,-1
1069012,13
1069017,8
1069034,3
1027000,6
1027003,14
1027008,13
1027009,3
1027018,3
1027042,3
1027044,16
1069048,14
1113154,4
1113163,0
1113173,14
1113176,-1
1113185,4
1113195,4
1113210,7
1027057,5
1027063,3
1027067,7
1027074,3
1027083,11
1027084,4
1027092,4
1027112,4
1027116,16
1027132,8
1027144,14
1069082,7
1069108,4
1069113,8
1113221,8
1113222,8
1113240,6
1113251,7
1113252,6
1113260,0
1113264,13
1113265,4
1113267,8
1113273,4
1027149,13
1027157,12
1027175,3
1027181,7
1027187,11
1027195,13
1027203,0
1027208,4
1027209,17
1069166,3
1069192,15
1069214,10
1069218,4
1069225,4
1069247,11
1069260,4
1069286,11
1069288,4
1069296,16
1069297,15
1069298,3
1069305,1
1069306,-1
1069314,9
1069316,11
1069320,9
1069329,4
1069341,4
1069347,11
1069353,10
1069354,9
1069374,6
1069376,11
1069378,11
1027213,4
1027216,16
1027219,1
1027234,4
1027237,9
1027240,17
1027254,4
1027256,15
1027263,4
1027268,10
1027282,3
1027288,4
1027291,3
1027294,5
1027295,-1
1027296,14
1069402,12
1069428,11
1069431,0
1069436,11
1069441,8
1027336,1
1027337,8
1027339,16
1027358,4
1027369,5
1027375,6
1027378,4
1027384,4
1113292,4
1113294,11
1113311,11
1113319,4
1113324,6
1027406,0
1027424,-1
1027427,14
1027441,3
1027444,14
1027447,13
1027448,7
1027452,8
1027460,11
1027462,4
1027484,4
1027485,1
1027490,14
1069461,11
1069462,5
1069473,13
1069474,4
1069479,4
1069487,3
1069510,9
1069518,8
1069521,8
1027521,8
1027522,4
1027524,14
1027533,7
1027535,12
1027538,10
1027564,4
1069532,9
1069539,13
1069543,4
1069552,11
1069569,7
1069570,17
1069576,3
1069590,4
1069600,4
1069601,8
1027567,4
1027580,-1
1027581,8
1027588,13
1027589,-1
1027600,0
1027603,13
1027612,4
1027613,17
1027615,3
1027619,0
1027622,10
1027626,10
1027630,-1
1069605,1
1069606,4
1069610,17
1069611,11
1069614,7
1069617,7
1069624,8
1069627,7
1069632,4
1069640,14
1069641,8
1069643,11
1069645,9
1113334,3
1113335,7
1113338,3
1113339,6
1113344,13
1113345,9
1113370,4
1113373,-1
1027658,2
1027660,5
1069661,5
1069662,3
1069664,3
1069667,-1
1069674,17
1069677,11
1069682,9
1113380,5
1113404,4
1113410,16
1113427,16
1113431,-1
1069692,8
1069693,11
1069701,8
1069715,4
1069716,10
1069725,3
1069727,10
1069743,4
1113437,4
1113440,0
1113459,14
1113471,14
1113489,6
1069751,1
1069769,3
1069770,9
1069776,-1
1069781,7
1069785,9
1069787,9
1069788,-1
1069790,9
1069793,3
1027689,14
1027701,3
1113496,13
1113498,11
1113500,4
1113526,11
1113527,9
1113532,4
1113541,9
1113547,9
1113552,13
1069807,4
1069811,9
1069819,9
1069822,11
1069825,3
1069836,4
1069837,10
1069838,4
1069843,7
1069859,4
1027714,7
1027716,8
1027724,-1
1027738,4
1027739,4
1027747,4
1027748,14
1027755,4
1027756,-1
1069863,17
1069864,4
1069875,-1
1069883,11
1027762,4
1027766,10
1027771,17
1027776,3
1027787,4
1027796,15
1027800,10
1027811,4
1069915,3
1069921,8
1069930,0
1069934,9
1069942,14
1069943,14
1069951,7
1069956,4
1069957,2
1113572,0
1113576,11
1113594,6
1113596,8
1113601,10
1027819,-1
1027821,2
1027842,2
1069964,2
1069969,14
1069973,14
1069975,7
1069976,3
1069978,-1
1069981,4
1069992,14
1070004,13
1070006,9
1070009,4
1070018,16
1070019,-1
1070021,4
1027872,14
1027874,14
1027881,10
1027885,4
1113635,10
1113639,13
1113642,13
1113655,11
1113661,7
1113671,0
1027915,4
1027921,6
1027930,7
1027931,1
1027935,4
1027936,7
1027938,10
1027942,9
1027946,11
1027947,12
1027956,8
1027958,4
1027969,14
1027970,8
1027973,6
1027977,3
1027979,-1
1070063,4
1070076,3
1070078,10
1070083,4
1070087,14
1070089,4
1070129,4
1070136,-1
1113677,14
1113682,4
1113686,-1
1113687,4
1113689,8
1113694,11
1113724,-1
1113725,12
1113731,11
1113733,4
1113737,10
1070145,4
1070146,10
1070149,3
1070151,4
1070159,9
1070164,1
1027988,4
1027991,7
1027994,3
1027995,1
1028001,4
1028010,14
1028012,3
1028023,9
1070175,-1
1070179,3
1070199,12
1070201,11
1070208,3
1070228,4
1070229,10
1070235,-1
1070240,16
1028042,10
1028043,5
1028062,11
1070262,14
1070264,1
1070275,14
1070280,3
1070281,3
1070285,8
1070289,3
1070295,3
1070296,7
1070297,6
1113750,4
1113768,14
1113773,2
1113782,14
1113792,4
1113800,9
1113811,6
1113816,3
1113820,12
1113824,4
1113846,8
1113849,4
1113859,8
1113867,9
1113868,0
1028094,4
1028102,4
1028113,14
1028126,4
1028133,9
1113876,8
1113879,4
1113881,3
1113884,6
1113886,4
1113894,12
1113919,3
1028137,-1
1028138,14
1028139,12
1028141,4
1028148,10
1028153,10
1028172,11
1070315,4
1070318,4
1070322,4
1070325,2
1070326,4
1070328,12
1070331,0
1070348,3
1070362,4
1070364,11
1113933,4
1113934,4
1113940,4
1113950,2
1113964,14
1113972,3
1113975,14
1113980,4
1070370,4
1070376,3
1070380,17
1070384,15
1070387,4
1028193,3
1028199,11
1028212,11
1028213,6
1028227,0
1028236,17
1070393,10
1070420,5
1070421,4
1070429,12
1070430,-1
1070437,4
1070442,9
1028241,14
1028246,6
1028249,4
1028250,4
1028263,14
1028268,2
1028272,-1
1028280,11
1070452,5
1070458,2
1070461,9
1070469,8
1070483,9
1070485,3
1028294,9
1028298,4
1028300,9
1028316,12
1028324,4
1028326,4
1028330,13
1028344,5
1028350,4
1028356,11
1028357,9
1070493,4
1070497,14
1028363,3
1028366,4
1028368,11
1028377,3
1028380,6
1028396,6
1114006,1
1114021,13
1114027,14
1114035,4
1114044,4
1070543,14
1070547,11
1070550,4
1028418,9
1028429,4
1028439,14
1070560,17
1070570,5
1070572,0
1070578,16
1070588,4
1070596,17
1070598,10
1070600,0
1070610,5
1070612,3
1028484,11
1028490,15
1028491,13
1028493,-1
1028495,4
1028510,3
1070620,9
1070628,3
1070632,11
1070633,14
1070636,7
1070647,15
1070657,16
1070659,4
1070662,0
1070665,13
1070669,5
1114056,3
1114068,-1
1114081,0
1114083,4
1114087,5
1114104,5
1114160,4
1114167,17
1114178,5
1070679,9
1070689,4
1070690,4
1070696,4
1070707,-1
1070713,4
1028516,4
1028519,8
1028527,6
1028534,7
1028542,4
1028552,5
1070720,9
1070729,14
1070732,4
1070749,3
1070751,7
1070757,5
1028597,14
1028605,12
1028613,17
1070775,17
1070780,14
1070793,10
1070794,3
1070806,4
1070808,4
1070815,3
1070822,4
1114181,14
1114182,2
1114191,3
1114196,4
1114197,-1
1114209,14
1114211,6
1114243,3
1070834,-1
1028626,4
1028628,17
1028639,4
1028640,12
1028667,13
1028673,4
1028681,-1
1028717,3
1028718,13
1028726,0
1070841,14
1070859,4
1070860,0
1070861,3
1070864,14
1070865,9
1070866,4
1070871,2
1347374,4
1070879,2
1070880,14
1070884,-1
1070896,-1
1070903,4
1070911,4
1070912,0
1070920,4
1070928,7
1070930,3
1070934,8
1070936,2
1070939,5
1070941,4
1070951,4
1070961,7
1070967,4
1070968,0
1114260,17
1114263,7
1114280,4
1114283,9
1114297,-1
1070974,4
1070984,-1
1070987,-1
1070990,8
1070991,4
1070997,3
1071000,6
1071001,3
1071004,8
1071005,3
1028737,14
1028748,4
1028750,2
1028757,3
1028770,3
1028773,13
1028777,4
1071013,9
1071016,4
1071022,9
1071026,5
1071032,4
1071036,6
1071061,4
1028779,7
1028785,11
1028788,-1
1028795,14
1028796,11
1028801,14
1028805,2
1028821,4
1028831,10
1028834,13
1071068,4
1071083,3
1071087,16
1071109,14
1071116,3
1071117,8
1028845,13
1028850,4
1028856,4
1028861,9
1028871,7
1028881,12
1114312,10
1114317,7
1114320,12
1114332,9
1114344,7
1114355,9
1114367,14
1114376,4
1071134,13
1071165,4
1071176,3
1071177,4
1028895,10
1028914,13
1028935,2
1071189,4
1071192,0
1071195,3
1071197,14
1071208,5
1071210,13
1071218,6
1071222,4
1071226,5
1071230,2
1071236,6
1028944,3
1028969,0
1071244,6
1071246,4
1071256,4
1071259,3
1071260,7
1071263,3
1071264,3
1071268,11
1029035,10
1029063,10
1029068,13
1029070,3
1029074,4
1029081,2
1029082,16
1029093,4
1029100,4
1029103,0
1029104,9
1029108,12
1029116,0
1029120,14
1029126,4
1071274,2
1071275,4
1071302,13
1071303,0
1071308,13
1071321,4
1071331,9
1071343,13
1071344,11
1071354,2
1071367,11
1071377,-1
1114380,4
1114395,3
1114407,5
1114412,7
1114413,4
1114418,4
1114435,4
1114453,3
1114458,14
1114476,10
1114480,-1
1114483,-1
1114484,13
1114492,-1
1071388,6
1071394,3
1071403,0
1071409,5
1071422,3
1071424,6
1029134,0
1029142,10
1029154,14
1029163,4
1029168,0
1029177,2
1029182,4
1029185,8
1071437,13
1071444,4
1071451,4
1071459,9
1071460,2
1071462,3
1071463,14
1071474,5
1071477,8
1114493,17
1114499,4
1114503,5
1114504,4
1114511,3
1114521,1
1114526,-1
1114551,3
1029199,4
1029214,13
1029215,4
1029222,4
1029224,9
1071489,4
1071497,4
1071506,12
1071515,10
1071517,12
1071522,3
1114559,3
1114563,13
1114571,4
1114572,10
1114582,14
1114583,7
1114600,-1
1114604,10
1114614,0
1029234,13
1029238,1
1029239,9
1029244,7
1029247,4
1029248,10
1029251,4
1029254,9
1029256,4
1029261,9
1029268,4
1029282,11
1029293,14
1114617,3
1114628,6
1114634,15
1114644,5
1071614,11
1071622,14
1071623,3
1114650,6
1114687,4
1114703,3
1029299,10
1029301,6
1029306,4
1029308,12
1029331,4
1071632,8
1071645,4
1071651,10
1071661,12
1071669,14
1071671,4
1071673,4
1071676,-1
1071678,14
1114713,13
1114736,10
1114749,1
1114756,6
1114760,8
1029371,3
1029383,11
1029396,14
1029401,3
1029419,13
1029421,0
1029424,0
1029426,14
1029430,4
1029441,3
1029446,10
1029449,9
1029454,4
1029459,2
1029465,2
1029487,7
1029488,17
1029498,17
1029503,7
1029507,4
1114787,7
1114791,14
1114809,4
1071690,-1
1071693,8
1071715,7
1071719,9
1071722,10
1114822,4
1114825,4
1114833,9
1114842,2
1114847,2
1114850,2
1114855,0
1071737,10
1071746,9
1071749,6
1071760,3
1071762,3
1071767,9
1071770,6
1071781,13
1071783,0
1029516,12
1029533,11
1029543,4
1114874,2
1114895,14
1114896,2
1114900,14
1114904,3
1114913,3
1114917,9
1071798,3
1071801,2
1071804,4
1071806,5
1071816,-1
1071819,3
1071821,6
1071831,4
1071835,5
1071836,9
1071842,14
1071844,4
1114922,0
1114932,7
1114933,9
1114942,17
1114953,14
1114954,3
1114968,5
1114970,4
1071854,9
1071871,12
1071875,8
1071878,6
1071897,4
1071903,10
1071907,3
1071922,4
1071923,9
1071924,8
1071932,0
1071948,4
1029559,10
1029563,14
1029567,14
1029569,4
1029570,3
1029581,4
1029589,4
1114974,9
1114978,4
1114984,11
1114986,11
1114997,11
1115003,12
1115019,-1
1115023,16
1115031,11
1071961,8
1071964,-1
1071973,11
1071974,4
1071981,3
1071987,17
1071989,10
1071990,4
1071992,11
1071995,3
1071996,8
1071998,0
1072009,7
1072020,4
1072023,3
1072029,6
1072030,3
1072034,3
1072039,0
1072062,4
1072071,4
1029595,4
1029602,4
1029606,4
1029609,17
1029614,7
1029619,8
1029632,4
1029633,9
1115054,13
1115055,-1
1115056,12
1115066,0
1115069,1
1115076,4
1115082,9
1115084,10
1115092,0
1029641,11
1029644,4
1029647,7
1029651,9
1029652,4
1029655,14
1029659,17
1029664,11
1029666,4
1029672,4
1029681,4
1029696,0
1072076,11
1072078,4
1072086,-1
1072097,0
1072098,8
1072099,7
1072102,4
1072106,8
1072114,3
1072125,4
1072129,17
1072130,17
1072132,3
1029722,6
1029730,4
1029733,2
1072150,3
1072155,3
1072166,14
1072168,0
1115115,14
1115122,4
1115123,10
1115130,3
1115140,1
1115142,9
1115149,4
1029737,3
1029742,4
1029744,4
1029750,3
1029758,13
1029762,11
1029784,0
1115169,6
1115186,10
1115190,3
1115191,1
1115209,14
1029819,3
1029826,6
1029828,14
1029831,8
1029838,4
1072190,14
1072194,7
1072207,-1
1072224,4
1072231,2
1115216,11
1115222,3
1115225,3
1115234,2
1115250,4
1115258,-1
1115260,11
1115273,9
1029857,6
1029870,16
1029881,7
1029883,4
1029888,13
1029890,4
1029892,-1
1029901,3
1029904,3
1029913,17
1029931,3
1029932,4
1029943,1
1029951,2
1072233,-1
1072238,1
1072246,10
1072248,6
1072256,3
1072257,13
1072258,4
1072271,9
1072277,4
1072285,4
1072293,3
1029963,5
1029968,4
1029972,1
1029980,1
1029985,6
1029994,4
1030000,6
1030002,14
1030003,0
1115279,-1
1115288,4
1115289,11
1115291,4
1115296,11
1115308,3
1115309,17
1115311,4
1115317,11
1072304,3
1072307,13
1072312,4
1072317,0
1072325,3
1072326,3
1072331,3
1072340,6
1072341,14
1072348,14
1072349,3
1072353,4
1072359,-1
1030038,5
1030041,4
1030047,3
1030057,3
1030058,5
1030061,-1
1030062,14
1030066,4
1030071,14
1030075,10
1030076,8
1115337,0
1115348,4
1115388,0
1115392,4
1072366,14
1072373,9
1072386,4
1072389,3
1072391,10
1072393,5
1072399,4
1072402,4
1072406,0
1072408,2
1072416,9
1030086,10
1030093,4
1030115,4
1030127,4
1030132,-1
1072445,13
1072460,10
1072468,3
1030139,4
1030152,1
1030161,14
1030180,4
1030184,1
1030189,14
1115414,4
1115420,3
1115436,4
1115440,0
1115442,4
1115447,4
1030195,9
1030209,4
1072480,-1
1072481,7
1072489,4
1072492,13
1072496,9
1030236,4
1030243,2
1030249,3
1030253,14
1030255,4
1030282,4
1030312,7
1072540,4
1072543,10
1072544,7
1072546,3
1072549,5
1072556,6
1072560,2
1072570,11
1115462,4
1115466,4
1115473,1
1115487,-1
1115488,4
1115514,4
1072583,4
1072589,3
1072592,-1
1072593,12
1072594,0
1072604,3
1072605,14
1072619,0
1072631,4
1030315,3
1030328,11
1030331,14
1030335,6
1030345,6
1030346,4
1030350,6
1030356,16
1030363,12
1072633,9
1072651,3
1072653,7
1072654,4
1072658,2
1072663,3
1072664,10
1072668,0
1030367,6
1030376,4
1030381,2
1030386,10
1030397,9
1030403,4
1030414,14
1030417,0
1030426,3
1030427,0
1030428,8
1115525,14
1115539,14
1115546,12
1115552,0
1115583,8
1115586,10
1115595,8
1115604,2
1115612,-1
1115633,11
1072675,0
1072677,14
1072684,3
1072690,9
1072699,4
1072700,6
1072711,7
1072712,7
1072724,4
1072725,15
1030446,3
1030471,1
1030477,-1
1030479,0
1115651,3
1115652,17
1115669,3
1115671,3
1115672,6
1115680,4
1115684,7
1115693,16
1115706,8
1115735,4
1115736,4
1030493,6
1030497,11
1030503,14
1030504,7
1030514,4
1030517,4
1030542,10
1115743,14
1115750,4
1115752,10
1115755,4
1072738,9
1072744,9
1072770,11
1072772,-1
1072773,17
1072785,2
1115807,5
1115819,14
1115830,9
1115839,11
1115843,4
1115849,1
1072788,2
1072796,4
1072805,16
1072810,0
1072813,14
1115860,7
1115883,3
1115895,14
1115908,5
1072829,6
1072831,11
1072841,8
1072843,5
1072848,3
1072850,5
1072851,3
1072855,3
1072859,5
1072865,1
1030558,4
1030580,14
1030582,4
1030590,0
1030592,-1
1030596,0
1115926,3
1115940,10
1115941,4
1115950,6
1115954,9
1115955,8
1115957,4
1115960,4
1030602,4
1030603,14
1030608,-1
1030610,5
1030616,8
1030617,6
1030622,3
1030623,14
1030629,4
1030630,4
1115974,11
1115977,11
1115978,7
1115980,4
1115984,6
1115985,4
1115998,4
1116015,4
1116023,4
1116024,12
1116025,6
1030656,-1
1030668,14
1030679,10
1072894,0
1072898,1
1072906,6
1072909,7
1072921,3
1072928,3
1072934,4
1030692,-1
1030696,2
1030697,5
1030715,3
1030724,11
1116037,10
1116046,16
1116061,0
1116066,4
1072938,3
1072949,-1
1072958,4
1072962,-1
1072964,4
1072966,4
1072975,4
1072979,4
1072980,14
1072996,4
1072997,3
1030758,4
1030789,3
1030794,4
1030803,1
1030815,4
1030819,17
1030828,9
1073005,11
1073009,4
1073033,3
1073035,1
1073037,4
1073041,12
1073042,2
1073046,4
1073049,3
1073067,8
1073086,7
1073092,8
1073098,3
1073100,7
1116083,6
1116084,4
1116090,4
1116106,17
1116110,4
1116112,12
1116127,12
1116155,16
1116163,4
1116187,6
1116191,1
1030864,1
1030874,4
1030876,3
1030878,6
1030887,6
1030901,14
1073108,14
1073126,6
1073135,7
1073137,4
1073145,6
1073147,9
1073161,10
1073163,10
1073165,4
1073170,1
1073173,6
1073177,4
1073181,-1
1073186,9
1073189,11
1073191,2
1073193,16
1073199,4
1073209,4
1030916,7
1030919,15
1030920,3
1030930,14
1030934,8
1030937,4
1030941,7
1073216,4
1073218,0
1073232,7
1073237,9
1073239,3
1073242,17
1030965,14
1030967,3
1030970,9
1030975,7
1030992,4
1030996,14
1030998,4
1031000,4
1031001,1
1031005,4
1073269,11
1073272,11
1073273,4
1073278,-1
1073287,14
1073288,9
1073297,3
1073323,6
1073324,4
1073326,3
1073331,4
1073339,11
1073353,9
1073354,6
1031011,6
1031012,14
1031026,9
1031036,1
1031037,3
1031041,4
1031049,4
1031050,3
1031053,14
1116212,3
1116223,3
1116224,4
1116232,9
1116233,12
1116236,7
1116242,14
1116249,4
1031062,8
1031068,3
1031074,10
1031075,2
1031078,14
1031079,9
1031090,4
1031091,14
1031098,9
1031104,4
1031111,7
1031113,4
1031127,12
1031138,7
1031157,6
1031165,10
1031177,4
1031178,6
1031181,6
1031182,9
1031183,3
1073364,14
1073371,3
1073372,3
1073382,17
1073384,3
1073386,13
1073387,4
1073388,14
1073390,4
1073391,4
1073399,4
1073406,12
1073416,9
1073417,3
1031204,4
1031213,4
1031214,3
1031215,16
1031220,1
1031230,7
1031238,10
1031239,8
1116265,14
1116271,10
1116275,6
1116325,13
1116332,9
1116347,3
1116350,2
1116357,-1
1031244,9
1031248,4
1031252,11
1031266,13
1031268,4
1031272,3
1031277,17
1031281,7
1031282,4
1031288,4
1031299,13
1031303,5
1031315,4
1031319,10
1031320,5
1031321,5
1031327,4
1073443,3
1073444,9
1073458,4
1073466,8
1073468,0
1073489,10
1073508,11
1073511,17
1073515,12
1073525,4
1116375,11
1116378,15
1116381,16
1116397,14
1116404,4
1116407,10
1116408,5
1116417,2
1116418,14
1116427,9
1116429,11
1031344,13
1031346,14
1031350,4
1031354,6
1031357,10
1031359,9
1031376,14
1031381,7
1031383,4
1031394,15
1073537,10
1073541,1
1073544,4
1073546,4
1073552,8
1073554,4
1073562,4
1073566,4
1073570,8
1073574,16
1116436,6
1116451,5
1116463,7
1116477,14
1116478,14
1073588,8
1073595,4
1073599,3
1073601,0
1073604,7
1073610,17
1073611,5
1073612,0
1073613,2
1031418,7
1031421,13
1031429,10
1031430,14
1031433,7
1031438,5
1031440,9
1073636,8
1073637,4
1073642,6
1073645,12
1073656,12
1073658,-1
1073659,4
1073661,6
1073668,-1
1031458,4
1031468,13
1031491,9
1031498,12
1031499,4
1116496,17
1116497,17
1116503,7
1073671,14
1073679,0
1073680,4
1073692,4
1073699,9
1073720,3
1073729,9
1031515,8
1031520,4
1031522,3
1031542,12
1031544,16
1031546,4
1031556,12
1031569,4
1116560,3
1116566,4
1116567,4
1116571,10
1116572,8
1116579,8
1031578,11
1031587,10
1031588,4
1031595,6
1031597,3
1031599,4
1031609,10
1031611,12
1031617,9
1031619,11
1116616,3
1116619,11
1116624,4
1116629,14
1116651,10
1073736,1
1073745,11
1073746,10
1073748,4
1073757,7
1073764,4
1116669,7
1116682,6
1116693,11
1116695,4
1116710,4
1116718,7
1116723,4
1073780,9
1073814,10
1073828,2
1073830,14
1073840,4
1031629,8
1031632,4
1031641,4
1031647,11
1031648,-1
1031652,4
1031653,9
1031655,6
1031658,17
1031660,-1
1031661,0
1031673,10
1031676,3
1031691,4
1116738,11
1116745,6
1116766,16
1116767,4
1116770,17
1116776,4
1116788,4
1031692,-1
1031697,4
1031715,2
1031717,3
1031719,9
1031726,-1
1031729,6
1031731,14
1031734,0
1031735,5
1031736,3
1073869,3
1073876,3
1073877,3
1073880,4
1031745,8
1031754,0
1031763,4
1031769,4
1031775,3
1031776,-1
1031777,10
1031779,13
1031786,8
1073893,3
1073907,8
1073909,3
1073921,8
1073923,14
1073924,13
1073926,7
1073930,7
1073932,13
1073933,4
1073935,-1
1073938,-1
1073939,-1
1116795,14
1116797,9
1116798,-1
1116801,3
1116812,4
1116814,14
1116816,4
1116818,14
1116826,11
1116827,3
1116828,10
1116834,7
1116837,8
1031794,7
1031795,6
1031798,13
1031800,4
1031811,3
1031816,6
1031833,-1
1073959,16
1073960,3
1073962,12
1073967,10
1073968,4
1073971,9
1073973,3
1073975,9
1073978,1
1073980,-1
1073991,9
1073992,11
1031848,2
1031863,8
1031867,4
1031911,8
1031913,1
1116845,9
1116852,16
1116861,12
1116865,0
1116880,13
1116887,4
1116888,11
1116890,14
1116893,3
1031938,4
1031946,0
1031953,8
1116902,8
1116911,7
1116926,4
1116929,4
1116930,9
1116939,4
1116942,10
1116949,14
1116950,14
1116952,4
1031987,4
1031996,8
1032042,4
1074012,4
1074035,3
1032049,2
1032054,4
1032073,6
1032092,8
1032093,14
1032094,9
1116964,6
1116970,10
1116980,4
1116994,12
1117019,7
1117022,12
1117058,4
1117060,13
1117075,3
1117085,4
1117100,13
1117102,4
1117128,8
1032097,3
1032100,6
1032103,0
1032108,10
1032109,4
1032114,13
1032117,9
1032118,4
1032120,4
1032125,4
1032130,11
1032131,-1
1032135,4
1032136,14
1032141,10
1032147,4
1032149,9
1117140,4
1117147,4
1117148,3
1117149,7
1117152,4
1117154,9
1117175,7
1117179,14
1117186,13
1117194,-1
1117196,4
1117198,3
1117209,2
1032160,11
1032164,3
1032171,4
1032176,4
1032182,11
1032188,13
1032195,8
1032208,17
1032215,4
1117236,5
1117252,4
1117257,4
1117278,11
1117280,4
1117282,-1
1032219,4
1032245,-1
1117289,14
1117290,11
1117292,16
1117302,15
1117303,4
1117310,10
1117312,4
1117319,8
1117322,14
1117331,-1
1117334,12
1117359,6
1117363,4
1117365,4
1117368,8
1117379,10
1117404,3
1032276,12
1032282,4
1032284,4
1032292,0
1032314,4
1032315,9
1032317,12
1032324,4
1032350,9
1032351,3
1032352,4
1032354,1
1117407,4
1117415,10
1117416,4
1117424,1
1117435,13
1117452,4
1032383,0
1032393,5
1032399,13
1032401,14
1032403,0
1032406,3
1032413,11
1032424,4
1032428,4
1032461,13
1032470,1
1032475,4
1032493,3
1032494,13
1032495,4
1032515,9
1117460,13
1117467,4
1117471,5
1117477,11
1117487,4
1117489,7
1117491,14
1117506,3
1032519,4
1032521,11
1032532,11
1032535,17
1032537,9
1032543,14
1032545,3
1032557,3
1032560,6
1032561,14
1032578,8
1032598,13
1032607,4
1032623,13
1032628,0
1032634,13
1032642,-1
1032651,5
1032670,10
1117530,11
1117534,3
1117560,8
1117572,9
1117574,14
1032685,14
1032709,8
1032731,6
1032741,2
1032742,4
1032743,9
1032749,11
1032752,10
1032758,12
1032762,5
1032765,4
1032767,13
1032774,14
1032775,1
1032780,4
1032787,3
1117595,4
1117602,7
1117617,4
1117625,-1
1117630,8
1117634,3
1032797,7
1032798,11
1032804,3
1032811,3
1032814,7
1032834,8
1117642,4
1117655,11
1117667,14
1117680,14
1117681,4
1117686,17
1117687,3
1032837,10
1032845,4
1032853,4
1032860,-1
1032862,4
1032864,3
1032868,5
1032874,4
1032876,3
1117714,9
1117721,14
1117732,14
1117738,8
1032888,11
1032890,3
1032895,4
1032899,17
1032902,3
1032904,7
1032905,11
1032906,0
1032913,6
1032922,10
1032931,6
1032936,4
1032942,2
1032959,4
1032968,3
1032971,0
1032972,0
1032982,9
1117745,0
1117748,1
1117757,11
1117761,5
1117766,14
1117769,6
1032996,5
1033003,11
1033006,3
1033009,3
1033014,2
1033038,4
1033040,3
1033042,-1
1117802,3
1117808,4
1117877,7
1117888,8
1117890,8
1117897,4
1033060,4
1033075,10
1033077,3
1033081,11
1033089,4
1033094,8
1117911,10
1117931,8
1117942,4
1117946,4
1117947,8
1117951,4
1117952,10
1033107,3
1033116,11
1033130,4
1033151,14
1033153,13
1117970,0
1118022,11
1118061,14
1118063,3
1033170,4
1033172,6
1033180,3
1033186,2
1033187,9
1033189,4
1033199,14
1033205,17
1033207,9
1033222,6
1033223,12
1033228,4
1118094,9
1118104,9
1118107,3
1118132,3
1033235,8
1033240,11
1033260,3
1033264,9
1033280,4
1118134,11
1118136,14
1118149,7
1118165,3
1118166,4
1118175,11
1118177,5
1118179,4
1118198,1
1118204,1
1118212,4
1118218,1
1118223,-1
1118236,3
1033292,0
1033307,10
1033308,13
1033311,7
1033314,14
1033341,3
1033347,10
1118247,4
1118249,14
1118253,2
1118259,12
1118296,3
1118300,9
1118302,4
1118304,16
1118322,10
1118325,2
1118327,3
1118328,4
1118337,6
1118338,-1
1033350,4
1033355,10
1033360,3
1033369,5
1033375,4
1033376,2
1033385,2
1033391,4
1033403,1
1033409,7
1033423,-1
1033424,6
1033438,9
1033444,15
1033460,14
1118365,4
1118377,4
1118384,-1
1118386,10
1118399,7
1118403,12
1118405,3
1118406,3
1033476,10
1033477,4
1033478,4
1033488,-1
1033492,3
1033496,0
1033498,17
1033501,9
1033513,4
1033519,0
1033520,4
1033521,9
1033523,15
1033527,11
1033532,14
1033534,4
1169853,12
1118414,13
1118427,6
1118449,14
1033550,15
1033557,4
1033562,10
1033572,17
1033577,4
1033588,13
1033596,4
1033600,5
1033605,3
1033606,4
1033614,11
1033615,3
1033616,13
1033621,3
1033645,2
1033648,11
1033653,9
1033661,15
1033665,2
1033681,11
1033699,9
1033708,4
1033723,-1
1033736,13
1033750,10
1033751,9
1033752,8
1033756,4
1033764,-1
1033769,10
1033772,12
1033774,5
1033779,8
1033781,2
1033784,6
1033793,4
1033798,4
1033814,4
1033817,10
1118473,14
1118481,6
1118499,4
1118513,6
1118519,9
1118527,11
1033824,4
1033837,10
1118528,7
1118544,-1
1118546,14
1118549,-1
1118587,8
1118628,9
1118632,6
1118671,4
1033883,3
1033884,10
1033887,14
1033906,13
1033909,3
1033916,14
1033932,13
1033941,6
1033944,4
1033948,15
1033951,4
1033954,-1
1033963,4
1033964,3
1033968,4
1033970,14
1033972,1
1033979,8
1033980,8
1033981,8
1033987,4
1033991,3
1118680,14
1118688,6
1118689,4
1118699,17
1118702,10
1118703,4
1118706,3
1118714,4
1118716,0
1118719,11
1118721,13
1118752,17
1118754,-1
1118766,17
1118767,15
1118779,9
1033995,8
1033996,7
1033998,12
1034002,4
1034009,17
1034014,7
1034018,1
1034022,3
1034033,0
1034060,-1
1034065,14
1034083,7
1034089,4
1034100,4
1118795,6
1118796,14
1118803,4
1118807,9
1118814,4
1118821,14
1118835,4
1118838,7
1118840,13
1118846,15
1118847,11
1118854,10
1118863,3
1118867,0
1118894,10
1118928,5
1118952,10
1118959,4
1118964,11
1118966,3
1118967,6
1034110,12
1034111,4
1119010,4
1119012,9
1119023,6
1119025,14
1034155,4
1034159,0
1034167,1
1034168,10
1034170,-1
1034172,4
1034177,4
1034188,11
1034191,3
1034197,6
1034199,4
1119034,9
1119040,9
1119047,7
1119076,1
1119081,5
1034207,7
1034209,4
1034211,9
1034219,6
1034225,7
1034229,-1
1034230,3
1034242,2
1034252,11
1034268,10
1034270,14
1034287,13
1119093,7
1119098,7
1119127,13
1119131,-1
1119144,14
1119161,8
1034302,11
1034331,17
1034344,2
1034348,4
1119177,10
1119178,4
1119179,4
1119183,3
1119184,4
1119185,3
1119190,4
1119193,10
1119197,4
1119201,6
1119202,4
1119207,13
1119209,4
1119210,4
1119220,4
1034354,1
1034355,3
1034379,14
1034383,7
1034390,4
1034394,0
1034405,14
1119250,0
1119261,12
1034411,14
1034434,4
1034445,0
1119295,14
1119297,14
1119313,6
1119320,12
1119332,8
1119337,15
1119354,4
1119358,4
1119359,0
1119361,7
1119371,7
1119374,12
1119381,13
1119387,5
1119398,7
1119408,10
1119418,6
1119432,4
1119436,4
1119438,2
1119443,1
1034478,11
1034491,3
1034493,17
1034495,3
1034499,14
1034503,9
1034520,3
1034537,9
1119466,4
1119479,3
1119481,0
1119487,8
1119491,-1
1119493,3
1119499,11
1119508,4
1034549,7
1034552,13
1034554,4
1034559,7
1034585,0
1034589,7
1119547,9
1119553,3
1119563,7
1119566,3
1119567,8
1119568,4
1119569,7
1119578,3
1119592,9
1034599,4
1034616,8
1034619,6
1034630,4
1034650,3
1034652,5
1034664,8
1034679,11
1034692,9
1034693,5
1034695,6
1119608,4
1119612,11
1119615,11
1119623,-1
1119628,13
1119642,4
1034697,13
1034700,2
1034702,3
1034703,14
1034708,0
1034711,2
1034718,9
1034730,14
1034732,9
1034734,2
1034744,11
1034753,7
1034757,9
1034760,5
1034761,9
1034762,4
1034767,8
1034768,4
1034771,17
1034780,4
1034782,3
1034786,8
1034798,7
1034799,4
1034813,6
1034814,4
1119669,7
1119671,4
1119679,4
1119680,9
1119694,4
1119699,10
1119704,12
1119710,1
1034815,4
1034837,16
1034839,4
1034863,11
1119724,4
1119730,4
1119754,11
1119768,4
1119773,15
1119774,3
1034868,8
1034874,0
1034876,4
1034880,1
1034886,0
1034894,4
1034900,3
1034908,3
1034910,4
1034911,3
1034918,4
1034927,3
1034953,-1
1034962,17
1034963,4
1034969,-1
1034975,9
1119801,16
1119821,7
1119822,13
1119857,12
1119859,0
1119865,8
1034996,13
1035010,12
1035012,3
1035015,3
1035030,4
1119874,3
1119885,14
1119888,4
1119892,11
1119895,7
1119901,5
1119905,2
1119911,12
1119914,4
1119916,14
1119917,9
1119920,16
1119929,14
1119955,10
1119978,7
1035064,3
1035081,17
1035086,4
1035090,3
1035101,3
1119982,4
1119989,11
1119991,12
1120001,6
1035104,9
1035105,4
1035108,16
1035109,14
1035120,3
1035142,16
1035149,3
1035152,16
1035153,9
1035155,9
1035157,15
1035159,-1
1035162,17
1035163,3
1120015,4
1120016,7
1120019,4
1120033,7
1120063,3
1120068,4
1120074,3
1035169,4
1035170,4
1035178,15
1035190,10
1035195,3
1035207,4
1035211,4
1035235,14
1035276,11
1035277,10
1035279,11
1120082,10
1120091,7
1120092,-1
1120101,4
1120104,11
1120107,11
1120108,7
1120111,14
1120119,8
1120124,3
1120135,13
1120179,14
1120189,4
1120199,6
1120204,14
1120233,13
1120251,3
1120257,10
1120258,3
1120262,9
1120273,4
1120283,10
1120290,10
1120296,17
1120305,16
1120307,17
1120311,11
1120313,8
1120327,12
1120328,3
1120338,9
1120360,11
1120362,9
1120383,3
1120403,7
1120412,4
1120433,4
1120440,4
1120443,4
1120449,12
1120461,13
1120462,10
1120466,10
1120467,14
1120468,4
1120474,4
1120489,9
1120501,7
1120508,10
1120514,2
1120518,5
1120520,10
1120523,0
1120531,14
1120542,3
1120564,10
1120578,3
1120583,0
1120596,2
1120599,11
1120600,9
1120603,10
1120606,4
1120622,0
1120626,10
1120631,11
1120637,0
1120656,4
1120668,4
1120672,9
1120684,4
1120687,14
1120702,4
1120704,8
1120708,3
1120718,11
1120719,4
1120720,13
1120738,6
1120740,6
1120741,8
1120754,14
1120757,10
1120764,7
1120772,9
1120788,10
1120801,13
1120809,4
1120812,4
1120820,9
1120821,16
1120824,0
1120838,0
1120846,13
1120850,4
1120856,-1
1120858,0
1120859,7
1120879,15
1120880,3
1120888,4
1120889,11
1120895,14
1120905,14
1120915,6
1175520,4
1177160,4
1273666,3
1191152,4
1295931,3
1296291,3
1296713,3
1211756,3
1591751,3
1600181,16
1323852,4
1035283,4
1035284,12
1035296,4
1035297,4
1035312,7
1120934,17
1120943,11
